;Generated by Cura LulzBot Edition GCodeWriter Version: 3.6.40
;FLAVOR:Marlin
;TIME:879
;Filament used: 0.383084m
;Layer height: 0.2
;Generated with Cura_SteamEngine 3.6.40-macos
M82 ;absolute extrusion mode
;This G-Code has been generated specifically for the LulzBot TAZ 5 with standard extruder
M75			 ; start GLCD timer
M140 S110.0    ; start bed heating up
G90                      ; absolute positioning
M107                     ; disable fans
M82                      ; set extruder to absolute mode
G28 X0 Y0                ; home X and Y
G28 Z0                   ; home Z
G1 Z15.0 F175 ; move extruder up
M117 Heating...                     ; progress indicator message on LCD
M109 R245  ; wait for extruder to reach printing temp
M190 R110.0    ; wait for bed to reach printing temp
G92 E0                   ; set extruder position to 0
G1 F200 E0               ; prime the nozzle with filament
G92 E0                   ; re-set extruder position to 0
G1 F175       ; set travel speed
M203 X192 Y208 Z3        ; set limits on travel speed
M117 TAZ 5 Printing...   ; progress indicator message on LCD

M221 S100 T0
G92 E0
G1 F600 E-1
;LAYER_COUNT:11
;LAYER:0
M107
;MESH:
G0 F2625 X193.978 Y50.898 Z0.2
;TYPE:WALL-INNER
G1 F600 E0
G1 F900 X192.921 Y53.459 E0.04343
G1 X192.088 Y56.099 E0.08682
G1 X191.487 Y58.805 E0.13028
G1 X191.125 Y61.551 E0.17369
G1 X191.007 Y64.319 E0.21712
G1 X191.125 Y67.087 E0.26055
G1 X191.487 Y69.832 E0.30395
G1 X192.088 Y72.538 E0.3474
G1 X192.921 Y75.178 E0.3908
G1 X193.978 Y77.736 E0.43418
G1 X195.26 Y80.194 E0.47764
G1 X196.747 Y82.531 E0.52106
G1 X198.434 Y84.729 E0.56449
G1 X200.304 Y86.771 E0.6079
G1 X202.346 Y88.641 E0.6513
G1 X204.544 Y90.328 E0.69473
G1 X206.882 Y91.816 E0.73818
G1 X209.336 Y93.097 E0.78157
G1 X211.897 Y94.155 E0.82501
G1 X214.539 Y94.988 E0.86843
G1 X217.243 Y95.588 E0.91185
G1 X219.988 Y95.951 E0.95525
G1 X222.757 Y96.069 E0.9987
G1 X225.525 Y95.951 E1.04212
G1 X228.27 Y95.588 E1.08553
G1 X230.974 Y94.988 E1.12895
G1 X233.616 Y94.155 E1.17237
G1 X236.174 Y93.097 E1.21576
G1 X238.632 Y91.816 E1.25921
G1 X240.969 Y90.328 E1.30264
G1 X243.167 Y88.641 E1.34607
G1 X245.209 Y86.771 E1.38948
G1 X247.079 Y84.729 E1.43288
G1 X248.766 Y82.531 E1.47631
G1 X250.253 Y80.194 E1.51973
G1 X251.535 Y77.736 E1.56319
G1 X252.592 Y75.178 E1.60658
G1 X253.425 Y72.538 E1.64997
G1 X254.026 Y69.832 E1.69342
G1 X254.388 Y67.088 E1.73681
G1 X254.507 Y64.319 E1.78025
G1 X254.388 Y61.55 E1.8237
G1 X254.026 Y58.805 E1.8671
G1 X253.425 Y56.099 E1.91055
G1 X252.592 Y53.459 E1.95395
G1 X251.535 Y50.898 E1.99738
G1 X250.253 Y48.444 E2.04078
G1 X248.766 Y46.107 E2.0842
G1 X247.079 Y43.908 E2.12764
G1 X245.209 Y41.867 E2.17103
G1 X243.167 Y39.997 E2.21444
G1 X240.969 Y38.309 E2.25788
G1 X238.632 Y36.822 E2.3013
G1 X236.174 Y35.541 E2.34475
G1 X233.616 Y34.483 E2.38814
G1 X230.974 Y33.65 E2.43157
G1 X228.27 Y33.05 E2.47498
G1 X225.525 Y32.687 E2.51839
G1 X222.757 Y32.569 E2.56182
G1 X219.988 Y32.687 E2.60526
G1 X217.243 Y33.05 E2.64867
G1 X214.539 Y33.65 E2.69208
G1 X211.897 Y34.483 E2.73551
G1 X209.336 Y35.541 E2.77894
G1 X206.882 Y36.822 E2.82234
G1 X204.544 Y38.309 E2.86577
G1 X202.346 Y39.997 E2.90921
G1 X200.304 Y41.867 E2.95262
G1 X198.434 Y43.908 E2.99601
G1 X196.747 Y46.107 E3.03945
G1 X195.26 Y48.444 E3.08287
G1 X193.978 Y50.898 E3.12627
G0 F2625 X199.17 Y44.527
G0 X200.984 Y42.547
G0 X202.965 Y40.733
G0 X205.096 Y39.097
G0 X207.363 Y37.654
G0 X209.744 Y36.413
G0 X211.15 Y35.832
G0 X225.75 Y30.203
G1 F900 X228.722 Y30.595 E3.17327
G1 X231.617 Y31.238 E3.21975
G1 X234.467 Y32.136 E3.26659
G1 X237.216 Y33.273 E3.31322
G1 X239.883 Y34.661 E3.36035
G1 X242.416 Y36.275 E3.40744
G1 X244.759 Y38.074 E3.45374
G1 X246.973 Y40.102 E3.5008
G1 X249.001 Y42.316 E3.54787
G1 X250.804 Y44.664 E3.59427
G1 X252.426 Y47.214 E3.64165
G1 X253.791 Y49.833 E3.68794
G1 X254.941 Y52.612 E3.73509
G1 X255.838 Y55.458 E3.78186
G1 X256.481 Y58.354 E3.82837
G1 X256.873 Y61.325 E3.87534
G1 X257.004 Y64.319 E3.92232
G1 X256.873 Y67.312 E3.96928
G1 X256.481 Y70.284 E4.01627
G1 X255.838 Y73.179 E4.06276
G1 X254.941 Y76.026 E4.10955
G1 X253.791 Y78.805 E4.15669
G1 X252.426 Y81.424 E4.20299
G1 X250.811 Y83.962 E4.25014
G1 X248.993 Y86.331 E4.29695
G1 X246.973 Y88.536 E4.34383
G1 X244.759 Y90.563 E4.39088
G1 X242.416 Y92.362 E4.43719
G1 X239.882 Y93.977 E4.48429
G1 X237.215 Y95.365 E4.53142
G1 X234.467 Y96.502 E4.57804
G1 X231.617 Y97.4 E4.62488
G1 X228.722 Y98.043 E4.67137
G1 X225.75 Y98.435 E4.71836
G1 X222.757 Y98.566 E4.76532
G1 X219.763 Y98.435 E4.8123
G1 X216.791 Y98.043 E4.85929
G1 X213.896 Y97.4 E4.90577
G1 X211.046 Y96.502 E4.95261
G1 X208.298 Y95.365 E4.99923
G1 X205.631 Y93.977 E5.04636
G1 X203.097 Y92.362 E5.09346
G1 X200.754 Y90.563 E5.13977
G1 X198.54 Y88.536 E5.18682
G1 X196.52 Y86.331 E5.2337
G1 X194.702 Y83.962 E5.28051
G1 X193.087 Y81.424 E5.32766
G1 X191.722 Y78.805 E5.37396
G1 X190.572 Y76.026 E5.4211
G1 X189.675 Y73.179 E5.46789
G1 X189.032 Y70.284 E5.51438
G1 X188.641 Y67.312 E5.56137
G1 X188.51 Y64.319 E5.60833
G1 X188.641 Y61.325 E5.65531
G1 X189.032 Y58.354 E5.70228
G1 X189.675 Y55.458 E5.74878
G1 X190.572 Y52.612 E5.79556
G1 X191.722 Y49.833 E5.8427
G1 X193.087 Y47.214 E5.889
G1 X194.709 Y44.664 E5.93637
G1 X196.512 Y42.316 E5.98278
G1 X198.54 Y40.102 E6.02984
G1 X200.754 Y38.074 E6.07691
G1 X203.097 Y36.275 E6.12321
G1 X205.631 Y34.661 E6.17031
G1 X208.298 Y33.273 E6.21744
G1 X211.046 Y32.136 E6.26405
G1 X213.896 Y31.238 E6.31089
G1 X216.791 Y30.595 E6.35738
G1 X219.763 Y30.203 E6.40437
G1 X222.757 Y30.072 E6.45135
G1 X225.75 Y30.203 E6.49831
G0 F2625 X225.791 Y29.704
G1 F900 X228.804 Y30.101 E6.54595
G1 X231.749 Y30.755 E6.59324
G1 X234.637 Y31.665 E6.6407
G1 X237.433 Y32.822 E6.68814
G1 X240.133 Y34.227 E6.73585
G1 X242.699 Y35.862 E6.78354
G1 X245.084 Y37.693 E6.83067
G1 X247.327 Y39.748 E6.87836
G1 X249.382 Y41.991 E6.92605
G1 X251.213 Y44.376 E6.97318
G1 X252.858 Y46.961 E7.02121
G1 X254.246 Y49.625 E7.0683
G1 X255.412 Y52.442 E7.11609
G1 X256.321 Y55.326 E7.16349
G1 X256.975 Y58.272 E7.21079
G1 X257.372 Y61.284 E7.25841
G1 X257.505 Y64.319 E7.30604
G1 X257.372 Y67.353 E7.35364
G1 X256.975 Y70.366 E7.40128
G1 X256.321 Y73.311 E7.44857
G1 X255.412 Y76.196 E7.49598
G1 X254.246 Y79.013 E7.54377
G1 X252.858 Y81.677 E7.59086
G1 X251.217 Y84.256 E7.63878
G1 X249.378 Y86.651 E7.68611
G1 X247.327 Y88.89 E7.73371
G1 X245.084 Y90.944 E7.78138
G1 X242.699 Y92.775 E7.82852
G1 X240.132 Y94.411 E7.87623
G1 X237.432 Y95.816 E7.92394
G1 X234.637 Y96.973 E7.97136
G1 X231.749 Y97.883 E8.01883
G1 X228.804 Y98.537 E8.06612
G1 X225.791 Y98.934 E8.11375
G1 X222.757 Y99.067 E8.16136
G1 X219.722 Y98.934 E8.20898
G1 X216.709 Y98.537 E8.25662
G1 X213.764 Y97.883 E8.30391
G1 X210.876 Y96.973 E8.35137
G1 X208.081 Y95.816 E8.39879
G1 X205.381 Y94.411 E8.4465
G1 X202.814 Y92.775 E8.49422
G1 X200.429 Y90.944 E8.54135
G1 X198.186 Y88.89 E8.58903
G1 X196.135 Y86.651 E8.63662
G1 X194.296 Y84.256 E8.68396
G1 X192.655 Y81.677 E8.73187
G1 X191.267 Y79.013 E8.77896
G1 X190.101 Y76.196 E8.82675
G1 X189.192 Y73.311 E8.87417
G1 X188.538 Y70.366 E8.92146
G1 X188.142 Y67.353 E8.96909
G1 X188.009 Y64.319 E9.0167
G1 X188.142 Y61.284 E9.06432
G1 X188.538 Y58.272 E9.11194
G1 X189.192 Y55.326 E9.15924
G1 X190.101 Y52.442 E9.20664
G1 X191.267 Y49.625 E9.25443
G1 X192.655 Y46.961 E9.30152
G1 X194.3 Y44.376 E9.34955
G1 X196.131 Y41.991 E9.39669
G1 X198.186 Y39.748 E9.44437
G1 X200.429 Y37.693 E9.49206
G1 X202.814 Y35.862 E9.53919
G1 X205.381 Y34.227 E9.5869
G1 X208.081 Y32.822 E9.63461
G1 X210.876 Y31.665 E9.68203
G1 X213.764 Y30.755 E9.72949
G1 X216.709 Y30.101 E9.77678
G1 X219.722 Y29.704 E9.82442
G1 X222.757 Y29.571 E9.87204
G1 X225.791 Y29.704 E9.91964
G0 F2625 X209.744 Y36.413
G0 X207.363 Y37.654
G0 X205.096 Y39.097
G0 X202.965 Y40.733
G0 X200.984 Y42.547
G0 X199.17 Y44.527
G0 X197.847 Y46.253
G0 X194.432 Y51.11
G1 F900 X193.391 Y53.63 E9.96238
G1 X192.571 Y56.229 E10.0051
G1 X191.98 Y58.892 E10.04786
G1 X191.624 Y61.594 E10.09059
G1 X191.507 Y64.319 E10.13334
G1 X191.624 Y67.044 E10.1761
G1 X191.98 Y69.745 E10.2188
G1 X192.571 Y72.408 E10.26156
G1 X193.391 Y75.007 E10.30428
G1 X194.432 Y77.525 E10.34699
G1 X195.693 Y79.944 E10.38975
G1 X197.157 Y82.244 E10.43249
G1 X198.817 Y84.407 E10.47523
G1 X200.658 Y86.417 E10.51796
G1 X202.668 Y88.258 E10.56068
G1 X204.831 Y89.918 E10.60342
G1 X207.132 Y91.383 E10.64618
G1 X209.548 Y92.643 E10.6889
G1 X212.068 Y93.685 E10.73164
G1 X214.669 Y94.505 E10.77439
G1 X217.33 Y95.095 E10.81712
G1 X220.032 Y95.452 E10.85984
G1 X222.757 Y95.569 E10.9026
G1 X225.481 Y95.452 E10.94534
G1 X228.183 Y95.095 E10.98806
G1 X230.844 Y94.505 E11.03078
G1 X233.445 Y93.685 E11.07353
G1 X235.963 Y92.643 E11.11625
G1 X238.382 Y91.383 E11.15901
G1 X240.682 Y89.918 E11.20175
G1 X242.845 Y88.258 E11.24449
G1 X244.855 Y86.417 E11.28722
G1 X246.696 Y84.407 E11.32994
G1 X248.356 Y82.244 E11.37268
G1 X249.82 Y79.944 E11.41542
G1 X251.081 Y77.525 E11.45818
G1 X252.122 Y75.007 E11.5009
G1 X252.942 Y72.408 E11.54362
G1 X253.533 Y69.745 E11.58638
G1 X253.889 Y67.044 E11.62908
G1 X254.007 Y64.319 E11.67184
G1 X253.889 Y61.594 E11.71459
G1 X253.533 Y58.892 E11.75731
G1 X252.942 Y56.229 E11.80007
G1 X252.122 Y53.63 E11.84279
G1 X251.081 Y51.11 E11.88553
G1 X249.82 Y48.694 E11.92825
G1 X248.356 Y46.394 E11.97099
G1 X246.696 Y44.23 E12.01374
G1 X244.855 Y42.221 E12.05646
G1 X242.845 Y40.38 E12.09918
G1 X240.682 Y38.719 E12.14193
G1 X238.382 Y37.255 E12.18467
G1 X235.963 Y35.995 E12.22743
G1 X233.445 Y34.953 E12.27014
G1 X230.844 Y34.133 E12.31289
G1 X228.183 Y33.543 E12.35562
G1 X225.481 Y33.186 E12.39834
G1 X222.757 Y33.069 E12.44108
G1 X220.032 Y33.186 E12.48384
G1 X217.33 Y33.543 E12.52656
G1 X214.669 Y34.133 E12.56929
G1 X212.068 Y34.953 E12.61204
G1 X209.548 Y35.995 E12.65478
G1 X207.132 Y37.255 E12.69749
G1 X204.831 Y38.719 E12.74024
G1 X202.668 Y40.38 E12.78299
G1 X200.658 Y42.221 E12.82572
G1 X198.817 Y44.23 E12.86844
G1 X197.157 Y46.394 E12.91119
G1 X195.693 Y48.694 E12.95393
G1 X194.432 Y51.11 E12.99665
G0 F2625 X194.886 Y51.322
G1 F900 X193.861 Y53.801 E13.0387
G1 X193.054 Y56.359 E13.08074
G1 X192.473 Y58.979 E13.12281
G1 X192.123 Y61.638 E13.16485
G1 X192.007 Y64.319 E13.20692
G1 X192.123 Y67 E13.24898
G1 X192.473 Y69.658 E13.29101
G1 X193.054 Y72.278 E13.33307
G1 X193.861 Y74.836 E13.37512
G1 X194.886 Y77.314 E13.41716
G1 X196.126 Y79.694 E13.45922
G1 X197.567 Y81.957 E13.50128
G1 X199.2 Y84.085 E13.54332
G1 X201.012 Y86.063 E13.58537
G1 X202.99 Y87.875 E13.62742
G1 X205.118 Y89.508 E13.66947
G1 X207.382 Y90.95 E13.71155
G1 X209.76 Y92.189 E13.75358
G1 X212.239 Y93.215 E13.79564
G1 X214.798 Y94.022 E13.8377
G1 X217.417 Y94.602 E13.87975
G1 X220.076 Y94.953 E13.92179
G1 X222.757 Y95.069 E13.96385
G1 X225.437 Y94.953 E14.0059
G1 X228.096 Y94.602 E14.04795
G1 X230.715 Y94.022 E14.08999
G1 X233.274 Y93.215 E14.13206
G1 X235.752 Y92.189 E14.1741
G1 X238.132 Y90.95 E14.21616
G1 X240.395 Y89.508 E14.25822
G1 X242.523 Y87.875 E14.30027
G1 X244.501 Y86.063 E14.34232
G1 X246.313 Y84.085 E14.38437
G1 X247.946 Y81.957 E14.42641
G1 X249.387 Y79.694 E14.46847
G1 X250.627 Y77.314 E14.51054
G1 X251.652 Y74.836 E14.55257
G1 X252.459 Y72.278 E14.59462
G1 X253.04 Y69.658 E14.63669
G1 X253.39 Y67 E14.67871
G1 X253.507 Y64.319 E14.72078
G1 X253.39 Y61.638 E14.76284
G1 X253.04 Y58.979 E14.80488
G1 X252.459 Y56.359 E14.84695
G1 X251.652 Y53.801 E14.889
G1 X250.627 Y51.322 E14.93105
G1 X249.387 Y48.944 E14.97309
G1 X247.946 Y46.681 E15.01514
G1 X246.313 Y44.552 E15.0572
G1 X244.501 Y42.575 E15.09924
G1 X242.523 Y40.763 E15.14129
G1 X240.395 Y39.129 E15.18335
G1 X238.132 Y37.688 E15.2254
G1 X235.752 Y36.449 E15.26746
G1 X233.274 Y35.423 E15.3095
G1 X230.715 Y34.616 E15.35156
G1 X228.096 Y34.036 E15.39361
G1 X225.437 Y33.685 E15.43565
G1 X222.757 Y33.569 E15.4777
G1 X220.076 Y33.685 E15.51977
G1 X217.417 Y34.036 E15.56181
G1 X214.798 Y34.616 E15.60386
G1 X212.239 Y35.423 E15.64592
G1 X209.76 Y36.449 E15.68798
G1 X207.382 Y37.688 E15.73001
G1 X205.118 Y39.129 E15.77208
G1 X202.99 Y40.763 E15.81413
G1 X201.012 Y42.575 E15.85618
G1 X199.2 Y44.552 E15.89822
G1 X197.567 Y46.681 E15.94028
G1 X196.126 Y48.944 E15.98234
G1 X194.886 Y51.322 E16.02438
G0 F2625 X194.796 Y51.28
G0 X196.092 Y48.924
G0 X197.535 Y46.659
G0 X199.17 Y44.527
G0 X200.984 Y42.547
G0 X202.965 Y40.733
G0 X205.096 Y39.097
G0 X207.363 Y37.654
G0 X209.29 Y36.65
G0 X225.824 Y29.304
G0 X225.832 Y29.205
G1 F900 X228.886 Y29.607 E16.07266
G1 X231.881 Y30.272 E16.12075
G1 X234.807 Y31.194 E16.16884
G1 X237.65 Y32.371 E16.21708
G1 X240.383 Y33.793 E16.26537
G1 X242.982 Y35.449 E16.31368
G1 X245.409 Y37.312 E16.36164
G1 X247.681 Y39.394 E16.40994
G1 X249.763 Y41.666 E16.45825
G1 X251.626 Y44.093 E16.50621
G1 X253.287 Y46.702 E16.55469
G1 X254.701 Y49.417 E16.60268
G1 X255.883 Y52.272 E16.65112
G1 X256.804 Y55.194 E16.69914
G1 X257.469 Y58.19 E16.74725
G1 X257.871 Y61.243 E16.79552
G1 X258.006 Y64.319 E16.84378
G1 X257.871 Y67.394 E16.89203
G1 X257.469 Y70.448 E16.94032
G1 X256.804 Y73.443 E16.98841
G1 X255.883 Y76.366 E17.03645
G1 X254.701 Y79.221 E17.08489
G1 X253.287 Y81.936 E17.13287
G1 X251.63 Y84.539 E17.18124
G1 X249.759 Y86.976 E17.2294
G1 X247.681 Y89.244 E17.27762
G1 X245.409 Y91.325 E17.32591
G1 X242.982 Y93.188 E17.37388
G1 X240.382 Y94.845 E17.4222
G1 X237.649 Y96.267 E17.4705
G1 X234.807 Y97.444 E17.51872
G1 X231.881 Y98.366 E17.56681
G1 X228.886 Y99.031 E17.6149
G1 X225.832 Y99.433 E17.66318
G1 X222.757 Y99.568 E17.71143
G1 X219.681 Y99.433 E17.7597
G1 X216.627 Y99.031 E17.80798
G1 X213.632 Y98.366 E17.85607
G1 X210.706 Y97.444 E17.90416
G1 X207.864 Y96.267 E17.95238
G1 X205.131 Y94.845 E18.00068
G1 X202.531 Y93.188 E18.049
G1 X200.104 Y91.325 E18.09696
G1 X197.832 Y89.244 E18.14526
G1 X195.754 Y86.976 E18.19348
G1 X193.883 Y84.539 E18.24164
G1 X192.226 Y81.936 E18.29001
G1 X190.812 Y79.221 E18.33799
G1 X189.63 Y76.366 E18.38643
G1 X188.709 Y73.443 E18.43447
G1 X188.044 Y70.448 E18.48256
G1 X187.643 Y67.394 E18.53085
G1 X187.508 Y64.319 E18.5791
G1 X187.643 Y61.243 E18.62736
G1 X188.044 Y58.19 E18.67563
G1 X188.709 Y55.194 E18.72373
G1 X189.63 Y52.272 E18.77176
G1 X190.812 Y49.417 E18.8202
G1 X192.226 Y46.702 E18.86818
G1 X193.887 Y44.093 E18.91666
G1 X195.75 Y41.666 E18.96462
G1 X197.832 Y39.394 E19.01293
G1 X200.104 Y37.312 E19.06124
G1 X202.531 Y35.449 E19.1092
G1 X205.131 Y33.793 E19.15752
G1 X207.864 Y32.371 E19.20581
G1 X210.706 Y31.194 E19.25403
G1 X213.632 Y30.272 E19.30212
G1 X216.627 Y29.607 E19.35021
G1 X219.681 Y29.205 E19.3985
G1 X222.757 Y29.07 E19.44676
G1 X225.832 Y29.205 E19.49501
G0 F2625 X225.873 Y28.706
;TYPE:WALL-OUTER
G1 F900 X228.968 Y29.113 E19.54394
G1 X232.013 Y29.789 E19.59284
G1 X234.977 Y30.723 E19.64155
G1 X237.867 Y31.92 E19.69059
G1 X240.633 Y33.359 E19.73946
G1 X243.265 Y35.036 E19.78838
G1 X245.734 Y36.931 E19.83717
G1 X248.035 Y39.04 E19.8861
G1 X250.144 Y41.341 E19.93503
G1 X252.039 Y43.81 E19.98381
G1 X253.716 Y46.443 E20.03275
G1 X255.156 Y49.209 E20.08163
G1 X256.354 Y52.102 E20.13071
G1 X257.287 Y55.062 E20.17936
G1 X257.963 Y58.108 E20.22827
G1 X258.37 Y61.202 E20.27719
G1 X258.507 Y64.319 E20.3261
G1 X258.37 Y67.435 E20.37499
G1 X257.963 Y70.53 E20.42392
G1 X257.287 Y73.575 E20.47282
G1 X256.354 Y76.536 E20.52148
G1 X255.156 Y79.429 E20.57057
G1 X253.716 Y82.195 E20.61945
G1 X252.039 Y84.828 E20.66838
G1 X250.144 Y87.296 E20.71716
G1 X248.035 Y89.598 E20.7661
G1 X245.734 Y91.706 E20.81501
G1 X243.265 Y93.601 E20.8638
G1 X240.632 Y95.279 E20.91274
G1 X237.867 Y96.718 E20.96161
G1 X234.977 Y97.915 E21.01064
G1 X232.013 Y98.849 E21.05935
G1 X228.968 Y99.525 E21.10825
G1 X225.873 Y99.932 E21.15718
G1 X222.757 Y100.069 E21.20607
G1 X219.64 Y99.932 E21.25498
G1 X216.545 Y99.525 E21.30391
G1 X213.5 Y98.849 E21.35281
G1 X210.536 Y97.915 E21.40152
G1 X207.646 Y96.718 E21.45056
G1 X204.881 Y95.279 E21.49942
G1 X202.248 Y93.601 E21.54836
G1 X199.779 Y91.706 E21.59715
G1 X197.478 Y89.598 E21.64607
G1 X195.369 Y87.296 E21.695
G1 X193.474 Y84.828 E21.74378
G1 X191.797 Y82.195 E21.79271
G1 X190.357 Y79.429 E21.8416
G1 X189.159 Y76.536 E21.89068
G1 X188.226 Y73.575 E21.93934
G1 X187.55 Y70.53 E21.98824
G1 X187.144 Y67.435 E22.03717
G1 X187.007 Y64.319 E22.08606
G1 X187.144 Y61.202 E22.13497
G1 X187.55 Y58.108 E22.18389
G1 X188.226 Y55.062 E22.23279
G1 X189.159 Y52.102 E22.28144
G1 X190.357 Y49.209 E22.33053
G1 X191.797 Y46.443 E22.37941
G1 X193.474 Y43.81 E22.42834
G1 X195.369 Y41.341 E22.47713
G1 X197.478 Y39.04 E22.52606
G1 X199.779 Y36.931 E22.57499
G1 X202.248 Y35.036 E22.62378
G1 X204.881 Y33.359 E22.67271
G1 X207.646 Y31.92 E22.72157
G1 X210.536 Y30.723 E22.77061
G1 X213.5 Y29.789 E22.81932
G1 X216.545 Y29.113 E22.86821
G1 X219.64 Y28.706 E22.91715
G1 X222.757 Y28.569 E22.96605
G1 X225.873 Y28.706 E23.01495
G0 F2625 X226.12 Y28.738
G0 X226.041 Y29.333
G0 X240.417 Y39.097
G0 X242.548 Y40.733
G0 X244.529 Y42.547
G0 X246.343 Y44.527
G0 X247.978 Y46.659
G0 X249.421 Y48.924
G0 X250.663 Y51.306
G0 X251.689 Y53.788
G0 X252.497 Y56.349
G0 X253.079 Y58.973
G0 X253.362 Y61.128
G0 X253.605 Y64.344
G0 X253.007 Y64.319
G1 F900 X252.891 Y61.682 E23.05632
G1 X252.547 Y59.066 E23.09768
G1 X251.976 Y56.489 E23.13906
G1 X251.182 Y53.972 E23.18043
G1 X250.173 Y51.534 E23.22179
G1 X248.954 Y49.194 E23.26315
G1 X247.536 Y46.968 E23.30452
G1 X245.93 Y44.874 E23.34589
G1 X244.147 Y42.929 E23.38725
G1 X242.201 Y41.146 E23.42862
G1 X240.108 Y39.539 E23.46999
G1 X237.882 Y38.121 E23.51136
G1 X235.541 Y36.903 E23.55272
G1 X233.103 Y35.893 E23.59409
G1 X230.586 Y35.099 E23.63546
G1 X228.009 Y34.529 E23.67683
G1 X225.393 Y34.184 E23.7182
G1 X222.757 Y34.069 E23.75956
G1 X220.12 Y34.184 E23.80093
G1 X217.504 Y34.529 E23.84229
G1 X214.927 Y35.099 E23.88367
G1 X212.41 Y35.893 E23.92504
G1 X209.972 Y36.903 E23.9664
G1 X207.632 Y38.121 E24.00776
G1 X205.405 Y39.539 E24.04914
G1 X203.312 Y41.146 E24.0905
G1 X201.366 Y42.929 E24.13188
G1 X199.583 Y44.874 E24.17324
G1 X197.977 Y46.968 E24.2146
G1 X196.559 Y49.194 E24.25598
G1 X195.34 Y51.534 E24.29734
G1 X194.331 Y53.972 E24.3387
G1 X193.537 Y56.489 E24.38007
G1 X192.966 Y59.066 E24.42144
G1 X192.622 Y61.682 E24.4628
G1 X192.507 Y64.319 E24.50418
G1 X192.622 Y66.956 E24.54555
G1 X192.966 Y69.571 E24.5869
G1 X193.537 Y72.148 E24.62827
G1 X194.331 Y74.665 E24.66965
G1 X195.34 Y77.103 E24.71101
G1 X196.559 Y79.444 E24.75238
G1 X197.977 Y81.67 E24.79375
G1 X199.583 Y83.763 E24.83511
G1 X201.366 Y85.709 E24.87648
G1 X203.312 Y87.492 E24.91785
G1 X205.405 Y89.098 E24.95921
G1 X207.632 Y90.517 E25.0006
G1 X209.972 Y91.735 E25.04195
G1 X212.41 Y92.745 E25.08332
G1 X214.927 Y93.539 E25.12469
G1 X217.504 Y94.109 E25.16606
G1 X220.12 Y94.454 E25.20742
G1 X222.757 Y94.569 E25.2488
G1 X225.393 Y94.454 E25.29016
G1 X228.009 Y94.109 E25.33152
G1 X230.586 Y93.539 E25.37289
G1 X233.103 Y92.745 E25.41427
G1 X235.541 Y91.735 E25.45563
G1 X237.882 Y90.517 E25.497
G1 X240.108 Y89.098 E25.53838
G1 X242.201 Y87.492 E25.57973
G1 X244.147 Y85.709 E25.6211
G1 X245.93 Y83.763 E25.66248
G1 X247.536 Y81.67 E25.70383
G1 X248.954 Y79.444 E25.7452
G1 X250.173 Y77.103 E25.78658
G1 X251.182 Y74.665 E25.82794
G1 X251.976 Y72.148 E25.86931
G1 X252.547 Y69.571 E25.91068
G1 X252.891 Y66.956 E25.95203
G1 X253.007 Y64.319 E25.99341
G0 F2625 X252.997 Y64.07
G0 X253.595 Y64.045
G0 X254.997 Y64.319
;TYPE:SKIN
G1 F900 X254.876 Y61.507 E26.03753
G1 X254.509 Y58.719 E26.08161
G1 X253.899 Y55.972 E26.12571
G1 X253.053 Y53.292 E26.16977
G1 X251.98 Y50.69 E26.21389
G1 X250.678 Y48.199 E26.25795
G1 X249.168 Y45.826 E26.30204
G1 X247.455 Y43.593 E26.34615
G1 X245.556 Y41.52 E26.39022
G1 X243.482 Y39.621 E26.4343
G1 X241.251 Y37.907 E26.4784
G1 X238.877 Y36.397 E26.52251
G1 X236.382 Y35.096 E26.56662
G1 X233.784 Y34.022 E26.61068
G1 X231.101 Y33.176 E26.65478
G1 X228.356 Y32.567 E26.69886
G1 X225.568 Y32.199 E26.74294
G1 X222.757 Y32.079 E26.78704
G1 X219.945 Y32.199 E26.83116
G1 X217.157 Y32.567 E26.87525
G1 X214.412 Y33.176 E26.91932
G1 X211.73 Y34.022 E26.9634
G1 X209.128 Y35.096 E27.00753
G1 X206.637 Y36.397 E27.05158
G1 X204.263 Y37.907 E27.09569
G1 X202.031 Y39.621 E27.1398
G1 X199.957 Y41.52 E27.18388
G1 X198.058 Y43.593 E27.22795
G1 X196.345 Y45.826 E27.27207
G1 X194.835 Y48.199 E27.31616
G1 X193.533 Y50.69 E27.36022
G1 X192.46 Y53.292 E27.40433
G1 X191.614 Y55.972 E27.44839
G1 X191.004 Y58.719 E27.4925
G1 X190.637 Y61.508 E27.53659
G1 X190.517 Y64.319 E27.5807
G1 X190.637 Y67.13 E27.6248
G1 X191.004 Y69.918 E27.66888
G1 X191.614 Y72.665 E27.71299
G1 X192.46 Y75.346 E27.75706
G1 X193.533 Y77.944 E27.80112
G1 X194.835 Y80.439 E27.84524
G1 X196.345 Y82.812 E27.88933
G1 X198.058 Y85.044 E27.93343
G1 X199.957 Y87.118 E27.97751
G1 X202.031 Y89.017 E28.02159
G1 X204.263 Y90.73 E28.0657
G1 X206.637 Y92.241 E28.10981
G1 X209.128 Y93.542 E28.15386
G1 X211.73 Y94.616 E28.19799
G1 X214.412 Y95.462 E28.24207
G1 X217.157 Y96.071 E28.28614
G1 X219.945 Y96.439 E28.33023
G1 X222.757 Y96.559 E28.37435
G1 X225.568 Y96.439 E28.41845
G1 X228.356 Y96.071 E28.46253
G1 X231.101 Y95.462 E28.50661
G1 X233.784 Y94.616 E28.55071
G1 X236.382 Y93.542 E28.59477
G1 X238.877 Y92.241 E28.63888
G1 X241.251 Y90.73 E28.68299
G1 X243.482 Y89.017 E28.72708
G1 X245.556 Y87.118 E28.77117
G1 X247.455 Y85.044 E28.81525
G1 X249.168 Y82.812 E28.85935
G1 X250.678 Y80.439 E28.90344
G1 X251.98 Y77.944 E28.94756
G1 X253.053 Y75.346 E28.99162
G1 X253.899 Y72.665 E29.03569
G1 X254.509 Y69.918 E29.07979
G1 X254.876 Y67.131 E29.12386
G1 X254.997 Y64.319 E29.16798
G0 F2625 X256.514 Y64.319
G1 F900 X256.383 Y67.273 E29.21433
G1 X255.997 Y70.206 E29.2607
G1 X255.364 Y73.052 E29.30641
G1 X254.485 Y75.845 E29.3523
G1 X253.346 Y78.596 E29.39898
G1 X251.995 Y81.189 E29.44481
G1 X250.407 Y83.685 E29.49118
G1 X248.622 Y86.011 E29.53714
G1 X246.626 Y88.189 E29.58345
G1 X244.439 Y90.192 E29.62994
G1 X242.139 Y91.958 E29.6754
G1 X239.643 Y93.549 E29.72179
G1 X237.011 Y94.918 E29.7683
G1 X234.29 Y96.044 E29.81446
G1 X231.49 Y96.926 E29.86048
G1 X228.644 Y97.559 E29.90618
G1 X225.711 Y97.945 E29.95255
G1 X222.757 Y98.076 E29.9989
G1 X219.802 Y97.945 E30.04527
G1 X216.869 Y97.559 E30.09164
G1 X214.023 Y96.926 E30.13735
G1 X211.223 Y96.044 E30.18336
G1 X208.502 Y94.918 E30.22952
G1 X205.87 Y93.549 E30.27603
G1 X203.374 Y91.958 E30.32243
G1 X201.074 Y90.192 E30.36788
G1 X198.887 Y88.189 E30.41437
G1 X196.891 Y86.011 E30.46068
G1 X195.106 Y83.685 E30.50664
G1 X193.518 Y81.189 E30.55301
G1 X192.167 Y78.596 E30.59885
G1 X191.028 Y75.845 E30.64552
G1 X190.149 Y73.052 E30.69142
G1 X189.516 Y70.206 E30.73712
G1 X189.131 Y67.273 E30.78349
G1 X189 Y64.319 E30.82984
G1 X189.131 Y61.364 E30.87621
G1 X189.516 Y58.432 E30.92256
G1 X190.149 Y55.585 E30.96828
G1 X191.028 Y52.793 E31.01416
G1 X192.167 Y50.042 E31.06084
G1 X193.522 Y47.441 E31.10681
G1 X195.113 Y44.941 E31.15326
G1 X196.883 Y42.636 E31.19882
G1 X198.887 Y40.449 E31.24532
G1 X201.074 Y38.445 E31.29181
G1 X203.374 Y36.679 E31.33727
G1 X205.87 Y35.089 E31.38366
G1 X208.502 Y33.72 E31.43017
G1 X211.223 Y32.594 E31.47633
G1 X214.023 Y31.712 E31.52234
G1 X216.869 Y31.079 E31.56805
G1 X219.802 Y30.693 E31.61442
G1 X222.757 Y30.562 E31.66078
G1 X225.711 Y30.693 E31.70714
G1 X228.644 Y31.079 E31.75351
G1 X231.49 Y31.712 E31.79921
G1 X234.29 Y32.594 E31.84523
G1 X237.012 Y33.72 E31.8914
G1 X239.644 Y35.089 E31.93791
G1 X242.139 Y36.679 E31.98429
G1 X244.439 Y38.445 E32.02974
G1 X246.626 Y40.449 E32.07624
G1 X248.63 Y42.636 E32.12274
G1 X250.4 Y44.941 E32.16829
G1 X251.991 Y47.441 E32.21474
G1 X253.346 Y50.042 E32.26072
G1 X254.485 Y52.793 E32.30739
G1 X255.364 Y55.585 E32.35327
G1 X255.997 Y58.432 E32.39899
G1 X256.383 Y61.364 E32.44535
G1 X256.514 Y64.319 E32.49172
G0 F2625 X247.447 Y41.678
G1 F900 X245.395 Y39.627 E32.53719
G1 X245.307 Y39.539
G0 F2625 X241.351 Y37.704
G1 F900 X238.28 Y34.633 E32.60527
G1 X238.192 Y34.545
G0 F2625 X237.829 Y35.597
G1 F900 X235.62 Y33.388 E32.65424
G1 X235.532 Y33.3
G0 F2625 X235.169 Y34.351
G1 F900 X233.353 Y32.534 E32.69451
G1 X233.265 Y32.446
G0 F2625 X232.916 Y33.512
G1 F900 X231.306 Y31.902 E32.7302
G0 F2625 X230.396 Y31.699
G1 F900 X231.884 Y33.187 E32.76319
G1 X231.972 Y33.275
G0 F2625 X230.886 Y32.896
G1 F900 X229.487 Y31.497 E32.7942
G0 F2625 X228.58 Y31.297
G1 F900 X229.977 Y32.695 E32.82518
G0 F2625 X229.07 Y32.494
G1 F900 X227.766 Y31.19 E32.85409
G0 F2625 X226.952 Y31.083
G1 F900 X228.186 Y32.318 E32.88146
G0 F2625 X227.372 Y32.21
G1 F900 X226.137 Y30.976 E32.90883
G0 F2625 X225.357 Y30.902
G1 F900 X226.557 Y32.102 E32.93543
G0 F2625 X225.742 Y31.995
G1 F900 X224.617 Y30.87 E32.96037
G0 F2625 X223.877 Y30.836
G1 F900 X224.989 Y31.949 E32.98503
G0 F2625 X224.25 Y31.917
G1 F900 X223.136 Y30.803 E33.00973
G0 F2625 X222.427 Y30.801
G1 F900 X223.512 Y31.886 E33.03378
G0 F2625 X222.773 Y31.855
G1 F900 X221.75 Y30.831 E33.05647
G0 F2625 X221.074 Y30.862
G1 F900 X222.093 Y31.882 E33.07907
G0 F2625 X221.415 Y31.911
G1 F900 X220.397 Y30.892 E33.10165
G0 F2625 X219.728 Y30.93
G1 F900 X220.737 Y31.94 E33.12403
G0 F2625 X220.058 Y31.968
G1 F900 X219.103 Y31.012 E33.14521
G0 F2625 X218.478 Y31.095
G1 F900 X219.423 Y32.04 E33.16616
G0 F2625 X218.799 Y32.123
G1 F900 X217.853 Y31.177 E33.18713
G0 F2625 X217.228 Y31.259
G1 F900 X218.174 Y32.205 E33.2081
G0 F2625 X217.549 Y32.287
G1 F900 X216.625 Y31.363 E33.22858
G0 F2625 X216.047 Y31.492
G1 F900 X216.938 Y32.384 E33.24835
G0 F2625 X216.359 Y32.512
G1 F900 X215.468 Y31.621 E33.2681
G0 F2625 X214.89 Y31.749
G1 F900 X215.78 Y32.64 E33.28784
G0 F2625 X215.202 Y32.768
G1 F900 X214.312 Y31.879 E33.30756
G0 F2625 X213.758 Y32.031
G1 F900 X214.623 Y32.896 E33.32673
G0 F2625 X214.067 Y33.048
G1 F900 X213.22 Y32.2 E33.34552
G0 F2625 X212.682 Y32.37
G1 F900 X213.529 Y33.217 E33.3643
G0 F2625 X212.992 Y33.387
G1 F900 X212.144 Y32.539 E33.3831
G0 F2625 X211.606 Y32.708
G1 F900 X212.455 Y33.557 E33.40192
G0 F2625 X211.917 Y33.726
G1 F900 X211.085 Y32.894 E33.42036
G0 F2625 X210.585 Y33.101
G1 F900 X211.398 Y33.914 E33.43839
G0 F2625 X210.898 Y34.121
G1 F900 X210.084 Y33.308 E33.45642
G0 F2625 X209.585 Y33.515
G1 F900 X210.397 Y34.327 E33.47442
G0 F2625 X209.896 Y34.534
G1 F900 X209.085 Y33.722 E33.49241
G0 F2625 X208.585 Y33.929
G1 F900 X209.396 Y34.74 E33.51039
G0 F2625 X208.905 Y34.957
G1 F900 X208.119 Y34.171 E33.52781
G0 F2625 X207.655 Y34.414
G1 F900 X208.44 Y35.199 E33.54522
G0 F2625 X207.976 Y35.442
G1 F900 X207.19 Y34.656 E33.56264
G0 F2625 X206.724 Y34.897
G1 F900 X207.512 Y35.685 E33.58011
G0 F2625 X207.047 Y35.928
G1 F900 X206.259 Y35.139 E33.59759
G0 F2625 X205.807 Y35.394
G1 F900 X206.583 Y36.17 E33.61479
G0 F2625 X206.147 Y36.441
G1 F900 X205.375 Y35.67 E33.63189
G0 F2625 X204.944 Y35.945
G1 F900 X205.714 Y36.715 E33.64896
G0 F2625 X205.282 Y36.99
G1 F900 X204.512 Y36.22 E33.66603
G0 F2625 X204.08 Y36.495
G1 F900 X204.85 Y37.265 E33.6831
G0 F2625 X204.418 Y37.541
G1 F900 X203.648 Y36.771 E33.70017
G0 F2625 X203.237 Y37.067
G1 F900 X203.996 Y37.826 E33.717
G0 F2625 X203.596 Y38.133
G1 F900 X202.837 Y37.374 E33.73383
G0 F2625 X202.437 Y37.681
G1 F900 X203.196 Y38.44 E33.75065
G0 F2625 X202.796 Y38.748
G1 F900 X202.038 Y37.989 E33.76747
G0 F2625 X201.637 Y38.296
G1 F900 X202.396 Y39.054 E33.78428
G0 F2625 X201.996 Y39.361
G1 F900 X201.237 Y38.603 E33.8011
G0 F2625 X200.867 Y38.939
G1 F900 X201.618 Y39.691 E33.81776
G0 F2625 X201.249 Y40.029
G1 F900 X200.498 Y39.277 E33.83441
G0 F2625 X200.128 Y39.615
G1 F900 X200.88 Y40.367 E33.85109
G0 F2625 X200.511 Y40.705
G1 F900 X199.759 Y39.953 E33.86776
G0 F2625 X199.39 Y40.291
G1 F900 X200.142 Y41.043 E33.88443
G0 F2625 X199.776 Y41.384
G1 F900 X199.022 Y40.631 E33.90113
G0 F2625 X198.684 Y41
G1 F900 X199.438 Y41.753 E33.91783
G0 F2625 X199.1 Y42.122
G1 F900 X198.346 Y41.369 E33.93454
G0 F2625 X198.008 Y41.738
G1 F900 X198.762 Y42.491 E33.95124
G0 F2625 X198.424 Y42.86
G1 F900 X197.67 Y42.107 E33.96795
G0 F2625 X197.332 Y42.476
G1 F900 X198.085 Y43.228 E33.98463
G0 F2625 X197.76 Y43.61
G1 F900 X197 Y42.851 E34.00147
G0 F2625 X196.693 Y43.25
G1 F900 X197.453 Y44.011 E34.01832
G0 F2625 X197.146 Y44.411
G1 F900 X196.386 Y43.651 E34.03517
G0 F2625 X196.079 Y44.051
G1 F900 X196.839 Y44.811 E34.05202
G0 F2625 X196.532 Y45.211
G1 F900 X195.771 Y44.45 E34.06889
G0 F2625 X195.464 Y44.851
G1 F900 X196.225 Y45.611 E34.08575
G0 F2625 X195.944 Y46.037
G1 F900 X195.172 Y45.265 E34.10286
G0 F2625 X194.897 Y45.697
G1 F900 X195.669 Y46.469 E34.11998
G0 F2625 X195.394 Y46.901
G1 F900 X194.621 Y46.129 E34.1371
G0 F2625 X194.346 Y46.561
G1 F900 X195.119 Y47.333 E34.15423
G0 F2625 X194.843 Y47.765
G1 F900 X194.071 Y46.992 E34.17135
G0 F2625 X193.796 Y47.424
G1 F900 X194.576 Y48.205 E34.18866
G0 F2625 X194.334 Y48.67
G1 F900 X193.545 Y47.881 E34.20615
G0 F2625 X193.303 Y48.346
G1 F900 X194.091 Y49.134 E34.22362
G0 F2625 X193.849 Y49.599
G1 F900 X193.06 Y48.81 E34.24111
G0 F2625 X192.818 Y49.276
G1 F900 X193.606 Y50.063 E34.25856
G0 F2625 X193.363 Y50.527
G1 F900 X192.576 Y49.74 E34.27601
G0 F2625 X192.339 Y50.21
G1 F900 X193.151 Y51.023 E34.29402
G0 F2625 X192.945 Y51.524
G1 F900 X192.132 Y50.71 E34.31206
G0 F2625 X191.925 Y51.21
G1 F900 X192.738 Y52.024 E34.33009
G0 F2625 X192.532 Y52.525
G1 F900 X191.717 Y51.71 E34.34816
G0 F2625 X191.51 Y52.21
G1 F900 X192.325 Y53.025 E34.36622
G0 F2625 X192.142 Y53.549
G1 F900 X191.303 Y52.71 E34.38482
G0 F2625 X191.121 Y53.235
G1 F900 X191.972 Y54.086 E34.40369
G0 F2625 X191.803 Y54.624
G1 F900 X190.952 Y53.774 E34.42254
G0 F2625 X190.783 Y54.312
G1 F900 X191.633 Y55.162 E34.44139
G0 F2625 X191.464 Y55.699
G1 F900 X190.614 Y54.85 E34.46022
G0 F2625 X190.445 Y55.388
G1 F900 X191.317 Y56.26 E34.47955
G0 F2625 X191.189 Y56.839
G1 F900 X190.297 Y55.947 E34.49932
G0 F2625 X190.169 Y56.526
G1 F900 X191.06 Y57.417 E34.51908
G0 F2625 X190.932 Y57.996
G1 F900 X190.04 Y57.104 E34.53885
G0 F2625 X189.911 Y57.682
G1 F900 X190.804 Y58.575 E34.55865
G0 F2625 X190.715 Y59.193
G1 F900 X189.783 Y58.261 E34.57931
G0 F2625 X189.684 Y58.869
G1 F900 X190.633 Y59.818 E34.60035
G0 F2625 X190.55 Y60.442
G1 F900 X189.602 Y59.494 E34.62136
G0 F2625 X189.52 Y60.119
G1 F900 X190.468 Y61.067 E34.64238
G0 F2625 X190.403 Y61.709
G1 F900 X189.438 Y60.745 E34.66376
G0 F2625 X189.356 Y61.37
G1 F900 X190.374 Y62.388 E34.68633
G0 F2625 X190.345 Y63.066
G1 F900 X189.325 Y62.045 E34.70895
G0 F2625 X189.295 Y62.723
G1 F900 X190.316 Y63.744 E34.73158
G0 F2625 X190.295 Y64.43
G1 F900 X189.264 Y63.399 E34.75444
G0 F2625 X189.234 Y64.076
G1 F900 X190.327 Y65.169 E34.77867
G0 F2625 X190.358 Y65.908
G1 F900 X189.245 Y64.794 E34.80335
G0 F2625 X189.278 Y65.534
G1 F900 X190.39 Y66.646 E34.828
G0 F2625 X190.446 Y67.409
G1 F900 X189.31 Y66.274 E34.85318
G0 F2625 X189.344 Y67.014
G1 F900 X190.553 Y68.224 E34.87999
G0 F2625 X190.661 Y69.039
G1 F900 X189.427 Y67.805 E34.90735
G0 F2625 X189.533 Y68.618
G1 F900 X190.768 Y69.853 E34.93472
G0 F2625 X190.957 Y70.748
G1 F900 X189.64 Y69.432 E34.96391
G0 F2625 X189.755 Y70.254
G1 F900 X191.158 Y71.657 E34.99501
G0 F2625 X191.36 Y72.566
G1 F900 X189.958 Y71.164 E35.02609
G0 F2625 X190.161 Y72.074
G1 F900 X191.666 Y73.579 E35.05945
G1 X191.754 Y73.667
G0 F2625 X190.686 Y74.013
G1 F900 X192.356 Y75.683 E35.09648
G1 X192.444 Y75.771
G0 F2625 X191.387 Y76.129
G1 F900 X193.361 Y78.102 E35.14023
G1 X193.449 Y78.19
G0 F2625 X192.398 Y78.553
G1 F900 X195.064 Y81.22 E35.19934
G1 X195.152 Y81.308
G0 F2625 X194.071 Y81.641
G1 F900 X205.437 Y93.007 E35.4513
G1 X205.525 Y93.095
G0 F2625 X205.854 Y92.01
G1 F900 X208.517 Y94.673 E35.51034
G1 X208.605 Y94.761
G0 F2625 X208.975 Y93.717
G1 F900 X210.943 Y95.684 E35.55396
G1 X211.031 Y95.772
G0 F2625 X211.393 Y94.72
G1 F900 X213.059 Y96.387 E35.5909
G1 X213.147 Y96.475
G0 F2625 X213.496 Y95.409
G1 F900 X214.999 Y96.912 E35.62422
G0 F2625 X214.09 Y96.71
G1 F900 X212.462 Y95.083 E35.6603
G1 X212.374 Y94.995
G0 F2625 X212.027 Y96.061
G1 F900 X210.189 Y94.224 E35.70103
G1 X210.101 Y94.136
G0 F2625 X209.737 Y95.185
G1 F900 X207.494 Y92.943 E35.75074
G1 X207.406 Y92.855
G0 F2625 X207.043 Y93.906
G1 F900 X203.781 Y90.644 E35.82306
G1 X203.693 Y90.556
G0 F2625 X203.474 Y91.752
G1 F900 X195.324 Y83.601 E36.00374
G1 X195.236 Y83.513
G0 F2625 X196.43 Y83.292
G1 F900 X193.167 Y80.03 E36.07607
G1 X193.079 Y79.942
G0 F2625 X194.132 Y79.581
G1 F900 X191.887 Y77.336 E36.12583
G1 X191.799 Y77.248
G0 F2625 X192.852 Y76.887
G1 F900 X191.01 Y75.044 E36.16668
G1 X190.922 Y74.956
G0 F2625 X191.992 Y74.613
G1 F900 X190.363 Y72.984 E36.20279
G1 X190.275 Y72.896
G0 F2625 X199.17 Y84.11
G0 X200.984 Y86.091
G0 X202.965 Y87.905
G0 X204.69 Y89.228
G0 X214.509 Y95.715
G1 F900 X215.908 Y97.114 E36.23381
G0 F2625 X216.818 Y97.317
G1 F900 X215.417 Y95.916 E36.26486
G0 F2625 X216.326 Y96.118
G1 F900 X217.641 Y97.433 E36.29402
G0 F2625 X218.455 Y97.54
G1 F900 X217.221 Y96.305 E36.32138
G0 F2625 X218.035 Y96.413
G1 F900 X219.269 Y97.647 E36.34874
G0 F2625 X220.06 Y97.73
G1 F900 X218.85 Y96.521 E36.37555
G0 F2625 X219.665 Y96.628
G1 F900 X220.8 Y97.763 E36.40071
G0 F2625 X221.54 Y97.796
G1 F900 X220.428 Y96.684 E36.42536
G0 F2625 X221.166 Y96.715
G1 F900 X222.28 Y97.829 E36.45006
G0 F2625 X222.998 Y97.84
G1 F900 X221.905 Y96.747 E36.47429
G0 F2625 X222.644 Y96.779
G1 F900 X223.674 Y97.809 E36.49712
G0 F2625 X224.351 Y97.779
G1 F900 X223.331 Y96.759 E36.51973
G0 F2625 X224.01 Y96.73
G1 F900 X225.028 Y97.749 E36.54231
G0 F2625 X225.704 Y97.717
G1 F900 X224.688 Y96.701 E36.56484
G0 F2625 X225.366 Y96.672
G1 F900 X226.329 Y97.635 E36.58618
G0 F2625 X226.954 Y97.553
G1 F900 X226.008 Y96.607 E36.60716
G0 F2625 X226.632 Y96.525
G1 F900 X227.578 Y97.471 E36.62813
G0 F2625 X228.203 Y97.389
G1 F900 X227.257 Y96.442 E36.64911
G0 F2625 X227.882 Y96.36
G1 F900 X228.812 Y97.29 E36.66973
G0 F2625 X229.39 Y97.161
G1 F900 X228.499 Y96.27 E36.68948
G0 F2625 X229.078 Y96.142
G1 F900 X229.968 Y97.032 E36.70921
G0 F2625 X230.547 Y96.904
G1 F900 X229.657 Y96.014 E36.72894
G0 F2625 X230.236 Y95.885
G1 F900 X231.125 Y96.775 E36.74866
G0 F2625 X231.684 Y96.627
G1 F900 X230.815 Y95.757 E36.76793
G0 F2625 X231.375 Y95.611
G1 F900 X232.223 Y96.458 E36.78672
G0 F2625 X232.76 Y96.288
G1 F900 X231.913 Y95.441 E36.8055
G0 F2625 X232.451 Y95.272
G1 F900 X233.298 Y96.119 E36.82427
G0 F2625 X233.836 Y95.95
G1 F900 X232.988 Y95.103 E36.84306
G0 F2625 X233.526 Y94.933
G1 F900 X234.362 Y95.769 E36.86159
G0 F2625 X234.862 Y95.562
G1 F900 X234.05 Y94.75 E36.8796
G0 F2625 X234.55 Y94.543
G1 F900 X235.362 Y95.355 E36.8976
G0 F2625 X235.863 Y95.148
G1 F900 X235.05 Y94.336 E36.91561
G0 F2625 X235.55 Y94.129
G1 F900 X236.363 Y94.941 E36.93362
G0 F2625 X236.863 Y94.734
G1 F900 X236.051 Y93.922 E36.95162
G0 F2625 X236.546 Y93.71
G1 F900 X237.331 Y94.496 E36.96903
G0 F2625 X237.797 Y94.254
G1 F900 X237.01 Y93.468 E36.98647
G0 F2625 X237.475 Y93.225
G1 F900 X238.262 Y94.012 E37.00392
G0 F2625 X238.727 Y93.77
G1 F900 X237.94 Y92.983 E37.02136
G0 F2625 X238.405 Y92.741
G1 F900 X239.193 Y93.529 E37.03883
G0 F2625 X239.649 Y93.277
G1 F900 X238.869 Y92.498 E37.05611
G0 F2625 X239.31 Y92.232
G1 F900 X240.08 Y93.002 E37.07318
G0 F2625 X240.512 Y92.727
G1 F900 X239.742 Y91.957 E37.09025
G0 F2625 X240.174 Y91.682
G1 F900 X240.943 Y92.451 E37.1073
G0 F2625 X241.375 Y92.176
G1 F900 X240.607 Y91.407 E37.12434
G0 F2625 X241.039 Y91.132
G1 F900 X241.807 Y91.9 E37.14136
G0 F2625 X242.222 Y91.608
G1 F900 X241.464 Y90.85 E37.15816
G0 F2625 X241.864 Y90.543
G1 F900 X242.622 Y91.301 E37.17497
G0 F2625 X243.021 Y90.994
G1 F900 X242.264 Y90.236 E37.19176
G0 F2625 X242.664 Y89.929
G1 F900 X243.422 Y90.687 E37.20856
G0 F2625 X243.822 Y90.38
G1 F900 X243.064 Y89.622 E37.22537
G0 F2625 X243.464 Y89.315
G1 F900 X244.221 Y90.072 E37.24215
G0 F2625 X244.596 Y89.74
G1 F900 X243.845 Y88.989 E37.2588
G0 F2625 X244.214 Y88.651
G1 F900 X244.965 Y89.402 E37.27545
G0 F2625 X245.334 Y89.064
G1 F900 X244.583 Y88.313 E37.29209
G0 F2625 X244.953 Y87.975
G1 F900 X245.704 Y88.727 E37.30875
G0 F2625 X246.073 Y88.389
G1 F900 X245.322 Y87.637 E37.32541
G0 F2625 X245.691 Y87.299
G1 F900 X246.442 Y88.051 E37.34207
G0 F2625 X246.783 Y87.684
G1 F900 X246.03 Y86.931 E37.35877
G0 F2625 X246.368 Y86.562
G1 F900 X247.121 Y87.315 E37.37546
G0 F2625 X247.459 Y86.946
G1 F900 X246.706 Y86.193 E37.39215
G0 F2625 X247.044 Y85.824
G1 F900 X247.797 Y86.577 E37.40885
G0 F2625 X248.135 Y86.208
G1 F900 X247.382 Y85.455 E37.42554
G0 F2625 X247.712 Y85.077
G1 F900 X248.471 Y85.837 E37.44237
G0 F2625 X248.778 Y85.436
G1 F900 X248.019 Y84.677 E37.4592
G0 F2625 X248.326 Y84.277
G1 F900 X249.086 Y85.037 E37.47605
G0 F2625 X249.393 Y84.637
G1 F900 X248.632 Y83.877 E37.49291
G0 F2625 X248.939 Y83.476
G1 F900 X249.7 Y84.237 E37.50978
G0 F2625 X250.007 Y83.837
G1 F900 X249.246 Y83.076 E37.52665
G0 F2625 X249.532 Y82.655
G1 F900 X250.304 Y83.427 E37.54376
G0 F2625 X250.579 Y82.995
G1 F900 X249.807 Y82.223 E37.56088
G0 F2625 X250.082 Y81.791
G1 F900 X250.854 Y82.563 E37.57799
G0 F2625 X251.129 Y82.131
G1 F900 X250.357 Y81.358 E37.59512
G0 F2625 X250.632 Y80.926
G1 F900 X251.404 Y81.698 E37.61223
G0 F2625 X251.679 Y81.266
G1 F900 X250.903 Y80.49 E37.62943
G0 F2625 X251.145 Y80.026
G1 F900 X251.935 Y80.815 E37.64693
G0 F2625 X252.177 Y80.35
G1 F900 X251.388 Y79.561 E37.66443
G0 F2625 X251.631 Y79.096
G1 F900 X252.419 Y79.885 E37.68191
G0 F2625 X252.661 Y79.42
G1 F900 X251.873 Y78.632 E37.69937
G0 F2625 X252.116 Y78.167
G1 F900 X252.903 Y78.955 E37.71683
G0 F2625 X253.145 Y78.49
G1 F900 X252.332 Y77.677 E37.73485
G0 F2625 X252.538 Y77.176
G1 F900 X253.352 Y77.99 E37.7529
G0 F2625 X253.56 Y77.49
G1 F900 X252.745 Y76.675 E37.77097
G0 F2625 X252.952 Y76.175
G1 F900 X253.767 Y76.99 E37.78903
G0 F2625 X253.974 Y76.49
G1 F900 X253.159 Y75.675 E37.8071
G0 F2625 X253.347 Y75.156
G1 F900 X254.181 Y75.99 E37.82559
G0 F2625 X254.368 Y75.47
G1 F900 X253.516 Y74.618 E37.84448
G0 F2625 X253.686 Y74.081
G1 F900 X254.537 Y74.932 E37.86334
G0 F2625 X254.706 Y74.393
G1 F900 X253.856 Y73.544 E37.88217
G0 F2625 X254.025 Y73.006
G1 F900 X254.875 Y73.855 E37.90101
G0 F2625 X255.044 Y73.317
G1 F900 X254.176 Y72.45 E37.92024
G0 F2625 X254.305 Y71.871
G1 F900 X255.196 Y72.763 E37.94
G0 F2625 X255.325 Y72.184
G1 F900 X254.433 Y71.293 E37.95976
G0 F2625 X254.561 Y70.714
G1 F900 X255.454 Y71.606 E37.97955
G0 F2625 X255.583 Y71.028
G1 F900 X254.69 Y70.135 E37.99935
G0 F2625 X254.786 Y69.524
G1 F900 X255.711 Y70.449 E38.01985
G0 F2625 X255.816 Y69.847
G1 F900 X254.868 Y68.899 E38.04087
G0 F2625 X254.95 Y68.274
G1 F900 X255.899 Y69.222 E38.06189
G0 F2625 X255.981 Y68.597
G1 F900 X255.032 Y67.649 E38.08292
G0 F2625 X255.105 Y67.014
G1 F900 X256.063 Y67.972 E38.10416
G0 F2625 X256.145 Y67.347
G1 F900 X255.134 Y66.336 E38.12657
G0 F2625 X255.163 Y65.658
G1 F900 X256.183 Y66.678 E38.14918
G0 F2625 X256.213 Y66.002
G1 F900 X255.192 Y64.98 E38.17183
G0 F2625 X255.22 Y64.301
G1 F900 X256.244 Y65.325 E38.19453
G0 F2625 X256.274 Y64.648
G1 F900 X255.188 Y63.562 E38.2186
G0 F2625 X255.156 Y62.823
G1 F900 X256.271 Y63.938 E38.24332
G0 F2625 X256.238 Y63.198
G1 F900 X255.124 Y62.084 E38.26802
G0 F2625 X255.078 Y61.331
G1 F900 X256.206 Y62.458 E38.29301
G0 F2625 X256.172 Y61.718
G1 F900 X254.971 Y60.517 E38.31964
G0 F2625 X254.863 Y59.701
G1 F900 X256.099 Y60.937 E38.34704
G0 F2625 X255.992 Y60.123
G1 F900 X254.755 Y58.887 E38.37445
G0 F2625 X254.58 Y58.004
G1 F900 X255.885 Y59.309 E38.40338
G0 F2625 X255.778 Y58.496
G1 F900 X254.378 Y57.096 E38.43441
G0 F2625 X254.177 Y56.187
G1 F900 X255.579 Y57.589 E38.46549
G0 F2625 X255.376 Y56.679
G1 F900 X253.886 Y55.189 E38.49852
G1 X253.798 Y55.101
G0 F2625 X254.866 Y54.755
G1 F900 X253.219 Y53.108 E38.53504
G1 X253.131 Y53.02
G0 F2625 X254.186 Y52.661
G1 F900 X252.227 Y50.702 E38.57846
G1 X252.139 Y50.614
G0 F2625 X253.186 Y50.247
G1 F900 X250.604 Y47.664 E38.63571
G1 X250.516 Y47.576
G0 F2625 X251.602 Y47.248
G1 F900 X245.713 Y41.36 E38.76625
G1 X239.825 Y35.471 E38.89679
G1 X239.737 Y35.383
G0 F2625 X239.408 Y36.469
G1 F900 X236.827 Y33.887 E38.95402
G1 X236.739 Y33.799
G0 F2625 X236.373 Y34.848
G1 F900 X234.414 Y32.888 E38.99746
G1 X234.326 Y32.8
G0 F2625 X233.964 Y33.853
G1 F900 X232.321 Y32.21 E39.03388
G1 X232.233 Y32.122
G0 F2625 X241.778 Y36.717
G1 F900 X250.361 Y45.3 E39.22415
G1 X250.449 Y45.388
G0 F2625 X249.364 Y45.717
M104 S240
G1 F900 X252.442 Y48.795 E39.29239
G1 X252.53 Y48.883
G0 F2625 X251.478 Y49.246
G1 F900 X253.686 Y51.454 E39.34134
G1 X253.774 Y51.542
G0 F2625 X252.723 Y51.905
G1 F900 X254.542 Y53.724 E39.38166
G1 X254.63 Y53.812
G0 F2625 X253.56 Y54.156
G1 F900 X255.173 Y55.769 E39.41742
G1 X255.261 Y55.857
;MESH:NONMESH
G0 F2625 X246.343 Y44.527
G0 X244.529 Y42.547
G0 X242.548 Y40.733
G0 X240.417 Y39.097
G0 X238.151 Y37.654
G0 X235.768 Y36.413
G0 X233.287 Y35.386
G0 X230.725 Y34.578
G0 X228.102 Y33.997
G0 X225.44 Y33.646
G0 X222.757 Y33.529
G0 X220.073 Y33.646
G0 X217.411 Y33.997
G0 X214.788 Y34.578
G0 X212.226 Y35.386
G0 X209.744 Y36.413
G0 X207.363 Y37.654
G0 X205.096 Y39.097
G0 X202.965 Y40.733
G0 X200.984 Y42.547
G0 X199.516 Y44.15
G0 X193.978 Y50.898
;TIME_ELAPSED:201.702901
;LAYER:1
M140 S110
M221 S100 T0
M106 S1.5
;MESH:
G0 F6562.5 X193.978 Y50.898 Z0.4
;TYPE:WALL-INNER
G1 F2250 X192.921 Y53.459 E39.46085
G1 X192.088 Y56.099 E39.50424
G1 X191.487 Y58.805 E39.54769
G1 X191.125 Y61.551 E39.59111
G1 X191.007 Y64.319 E39.63454
G1 X191.125 Y67.087 E39.67797
G1 X191.487 Y69.832 E39.72137
G1 X192.088 Y72.538 E39.76482
G1 X192.921 Y75.178 E39.80822
G1 X193.978 Y77.736 E39.8516
G1 X195.26 Y80.194 E39.89506
G1 X196.747 Y82.531 E39.93848
G1 X198.434 Y84.729 E39.98191
G1 X200.304 Y86.771 E40.02532
G1 X202.346 Y88.641 E40.06872
G1 X204.544 Y90.328 E40.11215
G1 X206.882 Y91.816 E40.15559
G1 X209.336 Y93.097 E40.19899
G1 X211.897 Y94.155 E40.24242
G1 X214.539 Y94.988 E40.28585
G1 X217.243 Y95.588 E40.32927
G1 X219.988 Y95.951 E40.37267
G1 X222.757 Y96.069 E40.41611
G1 X225.525 Y95.951 E40.45954
G1 X228.27 Y95.588 E40.50295
G1 X230.974 Y94.988 E40.54636
G1 X233.616 Y94.155 E40.58979
G1 X236.174 Y93.097 E40.63318
G1 X238.632 Y91.816 E40.67663
G1 X240.969 Y90.328 E40.72006
G1 X243.167 Y88.641 E40.76349
G1 X245.209 Y86.771 E40.80689
G1 X247.079 Y84.729 E40.8503
G1 X248.766 Y82.531 E40.89373
G1 X250.253 Y80.194 E40.93715
G1 X251.535 Y77.736 E40.98061
G1 X252.592 Y75.178 E41.02399
G1 X253.425 Y72.538 E41.06739
G1 X254.026 Y69.832 E41.11084
G1 X254.388 Y67.088 E41.15423
G1 X254.507 Y64.319 E41.19767
G1 X254.388 Y61.55 E41.24112
G1 X254.026 Y58.805 E41.28452
G1 X253.425 Y56.099 E41.32797
G1 X252.592 Y53.459 E41.37136
G1 X251.535 Y50.898 E41.41479
G1 X250.253 Y48.444 E41.45819
G1 X248.766 Y46.107 E41.50162
G1 X247.079 Y43.908 E41.54506
G1 X245.209 Y41.867 E41.58845
G1 X243.167 Y39.997 E41.63186
G1 X240.969 Y38.309 E41.6753
G1 X238.632 Y36.822 E41.71872
G1 X236.174 Y35.541 E41.76217
G1 X233.616 Y34.483 E41.80556
G1 X230.974 Y33.65 E41.84898
G1 X228.27 Y33.05 E41.8924
G1 X225.525 Y32.687 E41.93581
G1 X222.757 Y32.569 E41.97923
G1 X219.988 Y32.687 E42.02268
G1 X217.243 Y33.05 E42.06608
G1 X214.539 Y33.65 E42.1095
G1 X211.897 Y34.483 E42.15293
G1 X209.336 Y35.541 E42.19636
G1 X206.882 Y36.822 E42.23975
G1 X204.544 Y38.309 E42.28319
G1 X202.346 Y39.997 E42.32663
G1 X200.304 Y41.867 E42.37003
G1 X198.434 Y43.908 E42.41343
G1 X196.747 Y46.107 E42.45687
G1 X195.26 Y48.444 E42.50029
G1 X193.978 Y50.898 E42.54369
G0 F6562.5 X199.17 Y44.527
G0 X200.984 Y42.547
G0 X202.965 Y40.733
G0 X205.096 Y39.097
G0 X207.363 Y37.654
G0 X209.744 Y36.413
G0 X211.15 Y35.832
G0 X225.75 Y30.203
G1 F2250 X228.722 Y30.595 E42.59068
G1 X231.617 Y31.238 E42.63717
G1 X234.467 Y32.136 E42.68401
G1 X237.216 Y33.273 E42.73064
G1 X239.883 Y34.661 E42.77777
G1 X242.416 Y36.275 E42.82485
G1 X244.759 Y38.074 E42.87116
G1 X246.973 Y40.102 E42.91822
G1 X249.001 Y42.316 E42.96529
G1 X250.804 Y44.664 E43.01169
G1 X252.426 Y47.214 E43.05907
G1 X253.791 Y49.833 E43.10536
G1 X254.941 Y52.612 E43.15251
G1 X255.838 Y55.458 E43.19928
G1 X256.481 Y58.354 E43.24578
G1 X256.873 Y61.325 E43.29276
G1 X257.004 Y64.319 E43.33974
G1 X256.873 Y67.312 E43.3867
G1 X256.481 Y70.284 E43.43369
G1 X255.838 Y73.179 E43.48018
G1 X254.941 Y76.026 E43.52697
G1 X253.791 Y78.805 E43.57411
G1 X252.426 Y81.424 E43.62041
G1 X250.811 Y83.962 E43.66756
G1 X248.993 Y86.331 E43.71437
G1 X246.973 Y88.536 E43.76125
G1 X244.759 Y90.563 E43.8083
G1 X242.416 Y92.362 E43.85461
G1 X239.882 Y93.977 E43.90171
G1 X237.215 Y95.365 E43.94884
G1 X234.467 Y96.502 E43.99546
G1 X231.617 Y97.4 E44.0423
G1 X228.722 Y98.043 E44.08878
G1 X225.75 Y98.435 E44.13577
G1 X222.757 Y98.566 E44.18274
G1 X219.763 Y98.435 E44.22971
G1 X216.791 Y98.043 E44.2767
G1 X213.896 Y97.4 E44.32319
G1 X211.046 Y96.502 E44.37003
G1 X208.298 Y95.365 E44.41665
G1 X205.631 Y93.977 E44.46378
G1 X203.097 Y92.362 E44.51088
G1 X200.754 Y90.563 E44.55719
G1 X198.54 Y88.536 E44.60424
G1 X196.52 Y86.331 E44.65112
G1 X194.702 Y83.962 E44.69793
G1 X193.087 Y81.424 E44.74508
G1 X191.722 Y78.805 E44.79138
G1 X190.572 Y76.026 E44.83852
G1 X189.675 Y73.179 E44.88531
G1 X189.032 Y70.284 E44.9318
G1 X188.641 Y67.312 E44.97879
G1 X188.51 Y64.319 E45.02575
G1 X188.641 Y61.325 E45.07273
G1 X189.032 Y58.354 E45.1197
G1 X189.675 Y55.458 E45.1662
G1 X190.572 Y52.612 E45.21298
G1 X191.722 Y49.833 E45.26012
G1 X193.087 Y47.214 E45.30642
G1 X194.709 Y44.664 E45.35379
G1 X196.512 Y42.316 E45.4002
G1 X198.54 Y40.102 E45.44726
G1 X200.754 Y38.074 E45.49433
G1 X203.097 Y36.275 E45.54063
G1 X205.631 Y34.661 E45.58773
G1 X208.298 Y33.273 E45.63485
G1 X211.046 Y32.136 E45.68147
G1 X213.896 Y31.238 E45.72831
G1 X216.791 Y30.595 E45.7748
G1 X219.763 Y30.203 E45.82179
G1 X222.757 Y30.072 E45.86877
G1 X225.75 Y30.203 E45.91573
G0 F6562.5 X225.791 Y29.704
G1 F2250 X228.804 Y30.101 E45.96337
G1 X231.749 Y30.755 E46.01066
G1 X234.637 Y31.665 E46.05812
G1 X237.433 Y32.822 E46.10555
G1 X240.133 Y34.227 E46.15326
G1 X242.699 Y35.862 E46.20096
G1 X245.084 Y37.693 E46.24809
G1 X247.327 Y39.748 E46.29578
G1 X249.382 Y41.991 E46.34346
G1 X251.213 Y44.376 E46.3906
G1 X252.858 Y46.961 E46.43863
G1 X254.246 Y49.625 E46.48571
G1 X255.412 Y52.442 E46.5335
G1 X256.321 Y55.326 E46.58091
G1 X256.975 Y58.272 E46.62821
G1 X257.372 Y61.284 E46.67583
G1 X257.505 Y64.319 E46.72345
G1 X257.372 Y67.353 E46.77106
G1 X256.975 Y70.366 E46.8187
G1 X256.321 Y73.311 E46.86599
G1 X255.412 Y76.196 E46.9134
G1 X254.246 Y79.013 E46.96119
G1 X252.858 Y81.677 E47.00828
G1 X251.217 Y84.256 E47.0562
G1 X249.378 Y86.651 E47.10353
G1 X247.327 Y88.89 E47.15113
G1 X245.084 Y90.944 E47.1988
G1 X242.699 Y92.775 E47.24593
G1 X240.132 Y94.411 E47.29365
G1 X237.432 Y95.816 E47.34136
G1 X234.637 Y96.973 E47.38878
G1 X231.749 Y97.883 E47.43625
G1 X228.804 Y98.537 E47.48353
G1 X225.791 Y98.934 E47.53117
G1 X222.757 Y99.067 E47.57878
G1 X219.722 Y98.934 E47.6264
G1 X216.709 Y98.537 E47.67404
G1 X213.764 Y97.883 E47.72133
G1 X210.876 Y96.973 E47.76879
G1 X208.081 Y95.816 E47.81621
G1 X205.381 Y94.411 E47.86392
G1 X202.814 Y92.775 E47.91164
G1 X200.429 Y90.944 E47.95877
G1 X198.186 Y88.89 E48.00644
G1 X196.135 Y86.651 E48.05404
G1 X194.296 Y84.256 E48.10137
G1 X192.655 Y81.677 E48.14929
G1 X191.267 Y79.013 E48.19638
G1 X190.101 Y76.196 E48.24417
G1 X189.192 Y73.311 E48.29159
G1 X188.538 Y70.366 E48.33887
G1 X188.142 Y67.353 E48.38651
G1 X188.009 Y64.319 E48.43412
G1 X188.142 Y61.284 E48.48174
G1 X188.538 Y58.272 E48.52936
G1 X189.192 Y55.326 E48.57666
G1 X190.101 Y52.442 E48.62406
G1 X191.267 Y49.625 E48.67185
G1 X192.655 Y46.961 E48.71894
G1 X194.3 Y44.376 E48.76697
G1 X196.131 Y41.991 E48.8141
G1 X198.186 Y39.748 E48.86179
G1 X200.429 Y37.693 E48.90947
G1 X202.814 Y35.862 E48.95661
G1 X205.381 Y34.227 E49.00432
G1 X208.081 Y32.822 E49.05203
G1 X210.876 Y31.665 E49.09944
G1 X213.764 Y30.755 E49.14691
G1 X216.709 Y30.101 E49.1942
G1 X219.722 Y29.704 E49.24184
G1 X222.757 Y29.571 E49.28946
G1 X225.791 Y29.704 E49.33706
G0 F6562.5 X209.744 Y36.413
G0 X207.363 Y37.654
G0 X205.096 Y39.097
G0 X202.965 Y40.733
G0 X200.984 Y42.547
G0 X199.17 Y44.527
G0 X197.847 Y46.253
G0 X194.432 Y51.11
G1 F2250 X193.391 Y53.63 E49.3798
G1 X192.571 Y56.229 E49.42252
G1 X191.98 Y58.892 E49.46528
G1 X191.624 Y61.594 E49.508
G1 X191.507 Y64.319 E49.55076
G1 X191.624 Y67.044 E49.59351
G1 X191.98 Y69.745 E49.63622
G1 X192.571 Y72.408 E49.67898
G1 X193.391 Y75.007 E49.7217
G1 X194.432 Y77.525 E49.76441
G1 X195.693 Y79.944 E49.80717
G1 X197.157 Y82.244 E49.84991
G1 X198.817 Y84.407 E49.89265
G1 X200.658 Y86.417 E49.93538
G1 X202.668 Y88.258 E49.9781
G1 X204.831 Y89.918 E50.02084
G1 X207.132 Y91.383 E50.0636
G1 X209.548 Y92.643 E50.10631
G1 X212.068 Y93.685 E50.14906
G1 X214.669 Y94.505 E50.19181
G1 X217.33 Y95.095 E50.23454
G1 X220.032 Y95.452 E50.27726
G1 X222.757 Y95.569 E50.32001
G1 X225.481 Y95.452 E50.36275
G1 X228.183 Y95.095 E50.40548
G1 X230.844 Y94.505 E50.4482
G1 X233.445 Y93.685 E50.49095
G1 X235.963 Y92.643 E50.53367
G1 X238.382 Y91.383 E50.57642
G1 X240.682 Y89.918 E50.61917
G1 X242.845 Y88.258 E50.66191
G1 X244.855 Y86.417 E50.70464
G1 X246.696 Y84.407 E50.74736
G1 X248.356 Y82.244 E50.7901
G1 X249.82 Y79.944 E50.83284
G1 X251.081 Y77.525 E50.8756
G1 X252.122 Y75.007 E50.91831
G1 X252.942 Y72.408 E50.96103
G1 X253.533 Y69.745 E51.00379
G1 X253.889 Y67.044 E51.0465
G1 X254.007 Y64.319 E51.08925
G1 X253.889 Y61.594 E51.13201
G1 X253.533 Y58.892 E51.17473
G1 X252.942 Y56.229 E51.21749
G1 X252.122 Y53.63 E51.26021
G1 X251.081 Y51.11 E51.30295
G1 X249.82 Y48.694 E51.34567
G1 X248.356 Y46.394 E51.38841
G1 X246.696 Y44.23 E51.43116
G1 X244.855 Y42.221 E51.47388
G1 X242.845 Y40.38 E51.5166
G1 X240.682 Y38.719 E51.55935
G1 X238.382 Y37.255 E51.60209
G1 X235.963 Y35.995 E51.64484
G1 X233.445 Y34.953 E51.68756
G1 X230.844 Y34.133 E51.73031
G1 X228.183 Y33.543 E51.77304
G1 X225.481 Y33.186 E51.81576
G1 X222.757 Y33.069 E51.8585
G1 X220.032 Y33.186 E51.90125
G1 X217.33 Y33.543 E51.94398
G1 X214.669 Y34.133 E51.9867
G1 X212.068 Y34.953 E52.02945
G1 X209.548 Y35.995 E52.0722
G1 X207.132 Y37.255 E52.11491
G1 X204.831 Y38.719 E52.15766
G1 X202.668 Y40.38 E52.20041
G1 X200.658 Y42.221 E52.24314
G1 X198.817 Y44.23 E52.28585
G1 X197.157 Y46.394 E52.32861
G1 X195.693 Y48.694 E52.37134
G1 X194.432 Y51.11 E52.41406
G0 F6562.5 X194.886 Y51.322
G1 F2250 X193.861 Y53.801 E52.45611
G1 X193.054 Y56.359 E52.49816
G1 X192.473 Y58.979 E52.54023
G1 X192.123 Y61.638 E52.58227
G1 X192.007 Y64.319 E52.62433
G1 X192.123 Y67 E52.6664
G1 X192.473 Y69.658 E52.70842
G1 X193.054 Y72.278 E52.75049
G1 X193.861 Y74.836 E52.79254
G1 X194.886 Y77.314 E52.83457
G1 X196.126 Y79.694 E52.87664
G1 X197.567 Y81.957 E52.9187
G1 X199.2 Y84.085 E52.96074
G1 X201.012 Y86.063 E53.00279
G1 X202.99 Y87.875 E53.04484
G1 X205.118 Y89.508 E53.08689
G1 X207.382 Y90.95 E53.12897
G1 X209.76 Y92.189 E53.171
G1 X212.239 Y93.215 E53.21305
G1 X214.798 Y94.022 E53.25511
G1 X217.417 Y94.602 E53.29716
G1 X220.076 Y94.953 E53.33921
G1 X222.757 Y95.069 E53.38127
G1 X225.437 Y94.953 E53.42332
G1 X228.096 Y94.602 E53.46536
G1 X230.715 Y94.022 E53.50741
G1 X233.274 Y93.215 E53.54947
G1 X235.752 Y92.189 E53.59151
G1 X238.132 Y90.95 E53.63358
G1 X240.395 Y89.508 E53.67564
G1 X242.523 Y87.875 E53.71769
G1 X244.501 Y86.063 E53.75974
G1 X246.313 Y84.085 E53.80178
G1 X247.946 Y81.957 E53.84383
G1 X249.387 Y79.694 E53.88589
G1 X250.627 Y77.314 E53.92795
G1 X251.652 Y74.836 E53.96999
G1 X252.459 Y72.278 E54.01204
G1 X253.04 Y69.658 E54.0541
G1 X253.39 Y67 E54.09613
G1 X253.507 Y64.319 E54.13819
G1 X253.39 Y61.638 E54.18026
G1 X253.04 Y58.979 E54.2223
G1 X252.459 Y56.359 E54.26437
G1 X251.652 Y53.801 E54.30641
G1 X250.627 Y51.322 E54.34846
G1 X249.387 Y48.944 E54.3905
G1 X247.946 Y46.681 E54.43256
G1 X246.313 Y44.552 E54.47462
G1 X244.501 Y42.575 E54.51666
G1 X242.523 Y40.763 E54.55871
G1 X240.395 Y39.129 E54.60076
G1 X238.132 Y37.688 E54.64282
G1 X235.752 Y36.449 E54.68488
G1 X233.274 Y35.423 E54.72692
G1 X230.715 Y34.616 E54.76898
G1 X228.096 Y34.036 E54.81103
G1 X225.437 Y33.685 E54.85307
G1 X222.757 Y33.569 E54.89512
G1 X220.076 Y33.685 E54.93719
G1 X217.417 Y34.036 E54.97923
G1 X214.798 Y34.616 E55.02128
G1 X212.239 Y35.423 E55.06334
G1 X209.76 Y36.449 E55.1054
G1 X207.382 Y37.688 E55.14743
G1 X205.118 Y39.129 E55.1895
G1 X202.99 Y40.763 E55.23155
G1 X201.012 Y42.575 E55.2736
G1 X199.2 Y44.552 E55.31564
G1 X197.567 Y46.681 E55.3577
G1 X196.126 Y48.944 E55.39975
G1 X194.886 Y51.322 E55.44179
G0 F6562.5 X194.796 Y51.28
G0 X196.092 Y48.924
G0 X197.535 Y46.659
G0 X199.17 Y44.527
G0 X200.984 Y42.547
G0 X202.965 Y40.733
G0 X205.096 Y39.097
G0 X207.363 Y37.654
G0 X209.29 Y36.65
G0 X225.824 Y29.304
G0 X225.832 Y29.205
G1 F2250 X228.886 Y29.607 E55.49008
G1 X231.881 Y30.272 E55.53817
G1 X234.807 Y31.194 E55.58626
G1 X237.65 Y32.371 E55.63449
G1 X240.383 Y33.793 E55.68279
G1 X242.982 Y35.449 E55.7311
G1 X245.409 Y37.312 E55.77906
G1 X247.681 Y39.394 E55.82736
G1 X249.763 Y41.666 E55.87567
G1 X251.626 Y44.093 E55.92363
G1 X253.287 Y46.702 E55.97211
G1 X254.701 Y49.417 E56.0201
G1 X255.883 Y52.272 E56.06853
G1 X256.804 Y55.194 E56.11656
G1 X257.469 Y58.19 E56.16467
G1 X257.871 Y61.243 E56.21294
G1 X258.006 Y64.319 E56.2612
G1 X257.871 Y67.394 E56.30945
G1 X257.469 Y70.448 E56.35773
G1 X256.804 Y73.443 E56.40583
G1 X255.883 Y76.366 E56.45387
G1 X254.701 Y79.221 E56.5023
G1 X253.287 Y81.936 E56.55029
G1 X251.63 Y84.539 E56.59866
G1 X249.759 Y86.976 E56.64682
G1 X247.681 Y89.244 E56.69504
G1 X245.409 Y91.325 E56.74333
G1 X242.982 Y93.188 E56.79129
G1 X240.382 Y94.845 E56.83962
G1 X237.649 Y96.267 E56.88792
G1 X234.807 Y97.444 E56.93613
G1 X231.881 Y98.366 E56.98422
G1 X228.886 Y99.031 E57.03232
G1 X225.832 Y99.433 E57.0806
G1 X222.757 Y99.568 E57.12885
G1 X219.681 Y99.433 E57.17711
G1 X216.627 Y99.031 E57.2254
G1 X213.632 Y98.366 E57.27349
G1 X210.706 Y97.444 E57.32158
G1 X207.864 Y96.267 E57.3698
G1 X205.131 Y94.845 E57.41809
G1 X202.531 Y93.188 E57.46642
G1 X200.104 Y91.325 E57.51438
G1 X197.832 Y89.244 E57.56268
G1 X195.754 Y86.976 E57.6109
G1 X193.883 Y84.539 E57.65906
G1 X192.226 Y81.936 E57.70743
G1 X190.812 Y79.221 E57.75541
G1 X189.63 Y76.366 E57.80385
G1 X188.709 Y73.443 E57.85189
G1 X188.044 Y70.448 E57.89998
G1 X187.643 Y67.394 E57.94826
G1 X187.508 Y64.319 E57.99651
G1 X187.643 Y61.243 E58.04478
G1 X188.044 Y58.19 E58.09305
G1 X188.709 Y55.194 E58.14115
G1 X189.63 Y52.272 E58.18918
G1 X190.812 Y49.417 E58.23761
G1 X192.226 Y46.702 E58.2856
G1 X193.887 Y44.093 E58.33408
G1 X195.75 Y41.666 E58.38204
G1 X197.832 Y39.394 E58.43035
G1 X200.104 Y37.312 E58.47866
G1 X202.531 Y35.449 E58.52662
G1 X205.131 Y33.793 E58.57494
G1 X207.864 Y32.371 E58.62323
G1 X210.706 Y31.194 E58.67145
G1 X213.632 Y30.272 E58.71954
G1 X216.627 Y29.607 E58.76763
G1 X219.681 Y29.205 E58.81592
G1 X222.757 Y29.07 E58.86418
G1 X225.832 Y29.205 E58.91243
G0 F6562.5 X225.873 Y28.706
;TYPE:WALL-OUTER
G1 F1800 X228.968 Y29.113 E58.96136
G1 X232.013 Y29.789 E59.01026
G1 X234.977 Y30.723 E59.05897
G1 X237.867 Y31.92 E59.108
G1 X240.633 Y33.359 E59.15688
G1 X243.265 Y35.036 E59.2058
G1 X245.734 Y36.931 E59.25459
G1 X248.035 Y39.04 E59.30352
G1 X250.144 Y41.341 E59.35244
G1 X252.039 Y43.81 E59.40123
G1 X253.716 Y46.443 E59.45017
G1 X255.156 Y49.209 E59.49905
G1 X256.354 Y52.102 E59.54813
G1 X257.287 Y55.062 E59.59678
G1 X257.963 Y58.108 E59.64569
G1 X258.37 Y61.202 E59.69461
G1 X258.507 Y64.319 E59.74352
G1 X258.37 Y67.435 E59.79241
G1 X257.963 Y70.53 E59.84134
G1 X257.287 Y73.575 E59.89023
G1 X256.354 Y76.536 E59.9389
G1 X255.156 Y79.429 E59.98798
G1 X253.716 Y82.195 E60.03687
G1 X252.039 Y84.828 E60.0858
G1 X250.144 Y87.296 E60.13458
G1 X248.035 Y89.598 E60.18351
G1 X245.734 Y91.706 E60.23243
G1 X243.265 Y93.601 E60.28122
G1 X240.632 Y95.279 E60.33016
G1 X237.867 Y96.718 E60.37902
G1 X234.977 Y97.915 E60.42806
G1 X232.013 Y98.849 E60.47677
G1 X228.968 Y99.525 E60.52567
G1 X225.873 Y99.932 E60.5746
G1 X222.757 Y100.069 E60.62349
G1 X219.64 Y99.932 E60.6724
G1 X216.545 Y99.525 E60.72133
G1 X213.5 Y98.849 E60.77023
G1 X210.536 Y97.915 E60.81894
G1 X207.646 Y96.718 E60.86797
G1 X204.881 Y95.279 E60.91684
G1 X202.248 Y93.601 E60.96578
G1 X199.779 Y91.706 E61.01457
G1 X197.478 Y89.598 E61.06348
G1 X195.369 Y87.296 E61.11242
G1 X193.474 Y84.828 E61.1612
G1 X191.797 Y82.195 E61.21013
G1 X190.357 Y79.429 E61.25901
G1 X189.159 Y76.536 E61.3081
G1 X188.226 Y73.575 E61.35676
G1 X187.55 Y70.53 E61.40566
G1 X187.144 Y67.435 E61.45459
G1 X187.007 Y64.319 E61.50348
G1 X187.144 Y61.202 E61.55239
G1 X187.55 Y58.108 E61.6013
G1 X188.226 Y55.062 E61.65021
G1 X189.159 Y52.102 E61.69886
G1 X190.357 Y49.209 E61.74795
G1 X191.797 Y46.443 E61.79683
G1 X193.474 Y43.81 E61.84576
G1 X195.369 Y41.341 E61.89455
G1 X197.478 Y39.04 E61.94348
G1 X199.779 Y36.931 E61.99241
G1 X202.248 Y35.036 E62.04119
G1 X204.881 Y33.359 E62.09013
G1 X207.646 Y31.92 E62.13899
G1 X210.536 Y30.723 E62.18802
G1 X213.5 Y29.789 E62.23674
G1 X216.545 Y29.113 E62.28563
G1 X219.64 Y28.706 E62.33456
G1 X222.757 Y28.569 E62.38347
G1 X225.873 Y28.706 E62.43236
G0 F6562.5 X226.12 Y28.738
G0 X226.041 Y29.333
G0 X240.417 Y39.097
G0 X242.548 Y40.733
G0 X244.529 Y42.547
G0 X246.343 Y44.527
G0 X247.978 Y46.659
G0 X249.421 Y48.924
G0 X250.663 Y51.306
G0 X251.689 Y53.788
G0 X252.497 Y56.349
G0 X253.079 Y58.973
G0 X253.362 Y61.128
G0 X253.605 Y64.344
G0 X253.007 Y64.319
G1 F1800 X252.891 Y61.682 E62.47374
G1 X252.547 Y59.066 E62.5151
G1 X251.976 Y56.489 E62.55648
G1 X251.182 Y53.972 E62.59785
G1 X250.173 Y51.534 E62.63921
G1 X248.954 Y49.194 E62.68057
G1 X247.536 Y46.968 E62.72194
G1 X245.93 Y44.874 E62.76331
G1 X244.147 Y42.929 E62.80467
G1 X242.201 Y41.146 E62.84604
G1 X240.108 Y39.539 E62.8874
G1 X237.882 Y38.121 E62.92878
G1 X235.541 Y36.903 E62.97014
G1 X233.103 Y35.893 E63.01151
G1 X230.586 Y35.099 E63.05288
G1 X228.009 Y34.529 E63.09425
G1 X225.393 Y34.184 E63.13561
G1 X222.757 Y34.069 E63.17697
G1 X220.12 Y34.184 E63.21835
G1 X217.504 Y34.529 E63.25971
G1 X214.927 Y35.099 E63.30108
G1 X212.41 Y35.893 E63.34245
G1 X209.972 Y36.903 E63.38382
G1 X207.632 Y38.121 E63.42517
G1 X205.405 Y39.539 E63.46656
G1 X203.312 Y41.146 E63.50792
G1 X201.366 Y42.929 E63.5493
G1 X199.583 Y44.874 E63.59066
G1 X197.977 Y46.968 E63.63202
G1 X196.559 Y49.194 E63.67339
G1 X195.34 Y51.534 E63.71475
G1 X194.331 Y53.972 E63.75611
G1 X193.537 Y56.489 E63.79749
G1 X192.966 Y59.066 E63.83886
G1 X192.622 Y61.682 E63.88022
G1 X192.507 Y64.319 E63.9216
G1 X192.622 Y66.956 E63.96297
G1 X192.966 Y69.571 E64.00432
G1 X193.537 Y72.148 E64.04569
G1 X194.331 Y74.665 E64.08706
G1 X195.34 Y77.103 E64.12842
G1 X196.559 Y79.444 E64.1698
G1 X197.977 Y81.67 E64.21117
G1 X199.583 Y83.763 E64.25252
G1 X201.366 Y85.709 E64.2939
G1 X203.312 Y87.492 E64.33527
G1 X205.405 Y89.098 E64.37662
G1 X207.632 Y90.517 E64.41802
G1 X209.972 Y91.735 E64.45937
G1 X212.41 Y92.745 E64.50074
G1 X214.927 Y93.539 E64.54211
G1 X217.504 Y94.109 E64.58348
G1 X220.12 Y94.454 E64.62484
G1 X222.757 Y94.569 E64.66622
G1 X225.393 Y94.454 E64.70758
G1 X228.009 Y94.109 E64.74894
G1 X230.586 Y93.539 E64.79031
G1 X233.103 Y92.745 E64.83168
G1 X235.541 Y91.735 E64.87305
G1 X237.882 Y90.517 E64.91442
G1 X240.108 Y89.098 E64.9558
G1 X242.201 Y87.492 E64.99715
G1 X244.147 Y85.709 E65.03852
G1 X245.93 Y83.763 E65.0799
G1 X247.536 Y81.67 E65.12125
G1 X248.954 Y79.444 E65.16262
G1 X250.173 Y77.103 E65.20399
G1 X251.182 Y74.665 E65.24536
G1 X251.976 Y72.148 E65.28673
G1 X252.547 Y69.571 E65.3281
G1 X252.891 Y66.956 E65.36945
G1 X253.007 Y64.319 E65.41082
G0 F6562.5 X252.997 Y64.07
G0 X253.595 Y64.045
G0 X254.997 Y64.319
;TYPE:SKIN
G1 F1800 X254.876 Y61.507 E65.45494
G1 X254.509 Y58.719 E65.49902
G1 X253.899 Y55.972 E65.54313
G1 X253.053 Y53.292 E65.58719
G1 X251.98 Y50.69 E65.63131
G1 X250.678 Y48.199 E65.67537
G1 X249.168 Y45.826 E65.71946
G1 X247.455 Y43.593 E65.76357
G1 X245.556 Y41.52 E65.80764
G1 X243.482 Y39.621 E65.85172
G1 X241.251 Y37.907 E65.89582
G1 X238.877 Y36.397 E65.93993
G1 X236.382 Y35.096 E65.98403
G1 X233.784 Y34.022 E66.0281
G1 X231.101 Y33.176 E66.0722
G1 X228.356 Y32.567 E66.11628
G1 X225.568 Y32.199 E66.16036
G1 X222.757 Y32.079 E66.20446
G1 X219.945 Y32.199 E66.24858
G1 X217.157 Y32.567 E66.29266
G1 X214.412 Y33.176 E66.33674
G1 X211.73 Y34.022 E66.38082
G1 X209.128 Y35.096 E66.42495
G1 X206.637 Y36.397 E66.469
G1 X204.263 Y37.907 E66.5131
G1 X202.031 Y39.621 E66.55722
G1 X199.957 Y41.52 E66.6013
G1 X198.058 Y43.593 E66.64537
G1 X196.345 Y45.826 E66.68948
G1 X194.835 Y48.199 E66.73357
G1 X193.533 Y50.69 E66.77763
G1 X192.46 Y53.292 E66.82175
G1 X191.614 Y55.972 E66.86581
G1 X191.004 Y58.719 E66.90992
G1 X190.637 Y61.508 E66.95401
G1 X190.517 Y64.319 E66.99812
G1 X190.637 Y67.13 E67.04222
G1 X191.004 Y69.918 E67.0863
G1 X191.614 Y72.665 E67.13041
G1 X192.46 Y75.346 E67.17448
G1 X193.533 Y77.944 E67.21854
G1 X194.835 Y80.439 E67.26265
G1 X196.345 Y82.812 E67.30674
G1 X198.058 Y85.044 E67.35085
G1 X199.957 Y87.118 E67.39493
G1 X202.031 Y89.017 E67.43901
G1 X204.263 Y90.73 E67.48311
G1 X206.637 Y92.241 E67.52723
G1 X209.128 Y93.542 E67.57128
G1 X211.73 Y94.616 E67.6154
G1 X214.412 Y95.462 E67.65949
G1 X217.157 Y96.071 E67.70356
G1 X219.945 Y96.439 E67.74764
G1 X222.757 Y96.559 E67.79176
G1 X225.568 Y96.439 E67.83587
G1 X228.356 Y96.071 E67.87995
G1 X231.101 Y95.462 E67.92403
G1 X233.784 Y94.616 E67.96812
G1 X236.382 Y93.542 E68.01219
G1 X238.877 Y92.241 E68.0563
G1 X241.251 Y90.73 E68.10041
G1 X243.482 Y89.017 E68.1445
G1 X245.556 Y87.118 E68.18858
G1 X247.455 Y85.044 E68.23266
G1 X249.168 Y82.812 E68.27677
G1 X250.678 Y80.439 E68.32086
G1 X251.98 Y77.944 E68.36497
G1 X253.053 Y75.346 E68.40903
G1 X253.899 Y72.665 E68.4531
G1 X254.509 Y69.918 E68.49721
G1 X254.876 Y67.131 E68.54128
G1 X254.997 Y64.319 E68.5854
G0 F6562.5 X256.514 Y64.319
G1 F1800 X256.383 Y67.273 E68.63175
G1 X255.997 Y70.206 E68.67812
G1 X255.364 Y73.052 E68.72382
G1 X254.485 Y75.845 E68.76972
G1 X253.346 Y78.596 E68.8164
G1 X251.995 Y81.189 E68.86223
G1 X250.407 Y83.685 E68.9086
G1 X248.622 Y86.011 E68.95456
G1 X246.626 Y88.189 E69.00087
G1 X244.439 Y90.192 E69.04736
G1 X242.139 Y91.958 E69.09281
G1 X239.643 Y93.549 E69.13921
G1 X237.011 Y94.918 E69.18572
G1 X234.29 Y96.044 E69.23188
G1 X231.49 Y96.926 E69.2779
G1 X228.644 Y97.559 E69.3236
G1 X225.711 Y97.945 E69.36997
G1 X222.757 Y98.076 E69.41632
G1 X219.802 Y97.945 E69.46269
G1 X216.869 Y97.559 E69.50906
G1 X214.023 Y96.926 E69.55476
G1 X211.223 Y96.044 E69.60078
G1 X208.502 Y94.918 E69.64694
G1 X205.87 Y93.549 E69.69345
G1 X203.374 Y91.958 E69.73985
G1 X201.074 Y90.192 E69.7853
G1 X198.887 Y88.189 E69.83179
G1 X196.891 Y86.011 E69.8781
G1 X195.106 Y83.685 E69.92406
G1 X193.518 Y81.189 E69.97043
G1 X192.167 Y78.596 E70.01626
G1 X191.028 Y75.845 E70.06294
G1 X190.149 Y73.052 E70.10884
G1 X189.516 Y70.206 E70.15454
G1 X189.131 Y67.273 E70.20091
G1 X189 Y64.319 E70.24726
G1 X189.131 Y61.364 E70.29363
G1 X189.516 Y58.432 E70.33998
G1 X190.149 Y55.585 E70.3857
G1 X191.028 Y52.793 E70.43158
G1 X192.167 Y50.042 E70.47826
G1 X193.522 Y47.441 E70.52423
G1 X195.113 Y44.941 E70.57068
G1 X196.883 Y42.636 E70.61624
G1 X198.887 Y40.449 E70.66273
G1 X201.074 Y38.445 E70.70923
G1 X203.374 Y36.679 E70.75469
G1 X205.87 Y35.089 E70.80108
G1 X208.502 Y33.72 E70.84758
G1 X211.223 Y32.594 E70.89374
G1 X214.023 Y31.712 E70.93976
G1 X216.869 Y31.079 E70.98546
G1 X219.802 Y30.693 E71.03184
G1 X222.757 Y30.562 E71.0782
G1 X225.711 Y30.693 E71.12455
G1 X228.644 Y31.079 E71.17093
G1 X231.49 Y31.712 E71.21663
G1 X234.29 Y32.594 E71.26265
G1 X237.012 Y33.72 E71.30882
G1 X239.644 Y35.089 E71.35533
G1 X242.139 Y36.679 E71.4017
G1 X244.439 Y38.445 E71.44716
G1 X246.626 Y40.449 E71.49366
G1 X248.63 Y42.636 E71.54016
G1 X250.4 Y44.941 E71.58571
G1 X251.991 Y47.441 E71.63216
G1 X253.346 Y50.042 E71.67814
G1 X254.485 Y52.793 E71.72481
G1 X255.364 Y55.585 E71.77069
G1 X255.997 Y58.432 E71.81641
G1 X256.383 Y61.364 E71.86277
G1 X256.514 Y64.319 E71.90913
G0 F6562.5 X246.05 Y88.41
G1 F1800 X246.85 Y87.611 E71.92686
G1 X246.938 Y87.523
G0 F6562.5 X249.194 Y83.145
G1 F1800 X252.379 Y79.96 E71.99746
G1 X252.467 Y79.872
G0 F6562.5 X253.147 Y78.486
G1 F1800 X250.506 Y81.126 E72.056
G1 X250.418 Y81.214
G0 F6562.5 X251.498 Y81.548
G1 F1800 X239.98 Y93.067 E72.31135
G1 X239.892 Y93.155
G0 F6562.5 X239.56 Y92.072
G1 F1800 X236.923 Y94.709 E72.36981
G1 X236.835 Y94.797
G0 F6562.5 X236.469 Y93.748
G1 F1800 X234.509 Y95.709 E72.41327
G1 X234.421 Y95.797
G0 F6562.5 X234.059 Y94.745
G1 F1800 X232.401 Y96.402 E72.45001
G1 X232.313 Y96.49
G0 F6562.5 X233.433 Y96.078
G1 F1800 X235.265 Y94.246 E72.49062
G1 X235.353 Y94.158
G0 F6562.5 X235.715 Y95.21
G1 F1800 X237.946 Y92.979 E72.54008
G1 X238.034 Y92.891
G0 F6562.5 X238.396 Y93.944
G1 F1800 X241.574 Y90.765 E72.61054
G1 X241.662 Y90.677
G0 F6562.5 X241.933 Y91.82
G1 F1800 X250.264 Y83.49 E72.79522
G1 X250.352 Y83.402
G0 F6562.5 X251.416 Y79.509
G1 F1800 X253.646 Y77.278 E72.84466
G1 X253.734 Y77.19
G0 F6562.5 X252.683 Y76.827
G1 F1800 X254.516 Y74.995 E72.88529
G1 X254.604 Y74.907
G0 F6562.5 X253.535 Y74.561
G1 F1800 X255.156 Y72.94 E72.92122
G0 F6562.5 X255.359 Y72.03
G1 F1800 X253.862 Y73.527 E72.95441
G1 X253.774 Y73.615
G0 F6562.5 X254.161 Y72.521
G1 F1800 X255.561 Y71.121 E72.98545
G0 F6562.5 X255.764 Y70.212
G1 F1800 X254.363 Y71.612 E73.01649
G0 F6562.5 X254.565 Y70.703
G1 F1800 X255.875 Y69.393 E73.04553
G0 F6562.5 X255.982 Y68.579
G1 F1800 X254.748 Y69.813 E73.07289
G0 F6562.5 X254.856 Y68.998
G1 F1800 X256.089 Y67.765 E73.10022
G0 F6562.5 X256.169 Y66.978
G1 F1800 X254.962 Y68.184 E73.12697
G0 F6562.5 X255.07 Y67.37
G1 F1800 X256.202 Y66.238 E73.15206
G0 F6562.5 X256.235 Y65.497
G1 F1800 X255.122 Y66.61 E73.17674
G0 F6562.5 X255.154 Y65.871
G1 F1800 X256.268 Y64.757 E73.20143
G0 F6562.5 X256.276 Y64.043
G1 F1800 X255.186 Y65.133 E73.2256
G0 F6562.5 X255.218 Y64.394
G1 F1800 X256.245 Y63.366 E73.24837
G0 F6562.5 X256.215 Y62.689
G1 F1800 X255.195 Y63.709 E73.27099
G0 F6562.5 X255.165 Y63.032
G1 F1800 X256.184 Y62.013 E73.29358
G0 F6562.5 X256.15 Y61.34
G1 F1800 X255.136 Y62.354 E73.31605
G0 F6562.5 X255.107 Y61.675
G1 F1800 X256.068 Y60.715 E73.33735
G0 F6562.5 X255.986 Y60.089
G1 F1800 X255.04 Y61.036 E73.35833
G0 F6562.5 X254.957 Y60.411
G1 F1800 X255.904 Y59.464 E73.37932
G0 F6562.5 X255.822 Y58.839
G1 F1800 X254.875 Y59.787 E73.40033
G0 F6562.5 X254.793 Y59.162
G1 F1800 X255.722 Y58.233 E73.42092
G0 F6562.5 X255.592 Y57.655
G1 F1800 X254.701 Y58.547 E73.44069
G0 F6562.5 X254.573 Y57.967
G1 F1800 X255.464 Y57.076 E73.46044
G0 F6562.5 X255.335 Y56.498
G1 F1800 X254.444 Y57.389 E73.48019
G0 F6562.5 X254.316 Y56.81
G1 F1800 X255.206 Y55.92 E73.49992
G0 F6562.5 X255.056 Y55.362
G1 F1800 X254.187 Y56.231 E73.51918
G0 F6562.5 X254.04 Y55.672
G1 F1800 X254.887 Y54.824 E73.53797
G0 F6562.5 X254.718 Y54.286
G1 F1800 X253.87 Y55.135 E73.55678
G0 F6562.5 X253.7 Y54.597
G1 F1800 X254.549 Y53.748 E73.5756
G0 F6562.5 X254.38 Y53.211
G1 F1800 X253.531 Y54.06 E73.59442
G0 F6562.5 X253.361 Y53.523
G1 F1800 X254.196 Y52.687 E73.61295
G0 F6562.5 X253.989 Y52.187
G1 F1800 X253.176 Y53.001 E73.63098
G0 F6562.5 X252.969 Y52.5
G1 F1800 X253.782 Y51.687 E73.649
G0 F6562.5 X253.575 Y51.187
G1 F1800 X252.763 Y51.999 E73.667
G0 F6562.5 X252.556 Y51.499
G1 F1800 X253.368 Y50.687 E73.685
G0 F6562.5 X253.161 Y50.187
G1 F1800 X252.35 Y50.998 E73.70298
G0 F6562.5 X252.137 Y50.504
G1 F1800 X252.922 Y49.719 E73.72038
G0 F6562.5 X252.68 Y49.254
G1 F1800 X251.894 Y50.04 E73.73781
G0 F6562.5 X251.651 Y49.575
G1 F1800 X252.437 Y48.789 E73.75523
G0 F6562.5 X252.195 Y48.324
G1 F1800 X251.408 Y49.111 E73.77268
G0 F6562.5 X251.166 Y48.646
G1 F1800 X251.954 Y47.859 E73.79014
G0 F6562.5 X251.701 Y47.405
G1 F1800 X250.923 Y48.182 E73.80737
G0 F6562.5 X250.655 Y47.743
G1 F1800 X251.425 Y46.973 E73.82444
G0 F6562.5 X251.15 Y46.541
G1 F1800 X250.38 Y47.311 E73.84151
G0 F6562.5 X250.105 Y46.879
G1 F1800 X250.875 Y46.109 E73.85858
G0 F6562.5 X250.6 Y45.676
G1 F1800 X249.83 Y46.447 E73.87566
G0 F6562.5 X249.554 Y46.015
G1 F1800 X250.325 Y45.244 E73.89276
G0 F6562.5 X250.031 Y44.831
G1 F1800 X249.271 Y45.592 E73.90961
G0 F6562.5 X248.964 Y45.191
G1 F1800 X249.724 Y44.431 E73.92646
G0 F6562.5 X249.417 Y44.032
G1 F1800 X248.657 Y44.791 E73.9433
G0 F6562.5 X248.35 Y44.391
G1 F1800 X249.11 Y43.632 E73.96014
G0 F6562.5 X248.802 Y43.232
G1 F1800 X248.044 Y43.99 E73.97694
G0 F6562.5 X247.737 Y43.59
G1 F1800 X248.495 Y42.832 E73.99374
G0 F6562.5 X248.161 Y42.459
G1 F1800 X247.41 Y43.21 E74.01039
G0 F6562.5 X247.072 Y42.841
G1 F1800 X247.823 Y42.09 E74.02704
G0 F6562.5 X247.485 Y41.721
G1 F1800 X246.734 Y42.472 E74.04369
G0 F6562.5 X246.396 Y42.103
G1 F1800 X247.147 Y41.352 E74.06034
G0 F6562.5 X246.809 Y40.983
G1 F1800 X246.057 Y41.734 E74.077
G0 F6562.5 X245.719 Y41.365
G1 F1800 X246.471 Y40.614 E74.09366
G0 F6562.5 X246.103 Y40.274
G1 F1800 X245.35 Y41.027 E74.11035
G0 F6562.5 X244.981 Y40.689
G1 F1800 X245.734 Y39.936 E74.12704
G0 F6562.5 X245.365 Y39.598
G1 F1800 X244.612 Y40.351 E74.14374
G0 F6562.5 X244.243 Y40.013
G1 F1800 X244.996 Y39.26 E74.16043
G0 F6562.5 X244.627 Y38.922
G1 F1800 X243.874 Y39.675 E74.17712
G0 F6562.5 X243.495 Y39.347
G1 F1800 X244.254 Y38.588 E74.19395
G0 F6562.5 X243.854 Y38.28
G1 F1800 X243.094 Y39.04 E74.2108
G0 F6562.5 X242.695 Y38.733
G1 F1800 X243.454 Y37.973 E74.22763
G0 F6562.5 X243.055 Y37.666
G1 F1800 X242.295 Y38.426 E74.24448
G0 F6562.5 X241.894 Y38.119
G1 F1800 X242.655 Y37.359 E74.26134
G0 F6562.5 X242.254 Y37.052
G1 F1800 X241.495 Y37.811 E74.27817
G0 F6562.5 X241.072 Y37.527
G1 F1800 X241.842 Y36.757 E74.29524
G0 F6562.5 X241.41 Y36.482
G1 F1800 X240.639 Y37.253 E74.31233
G0 F6562.5 X240.207 Y36.978
G1 F1800 X240.979 Y36.206 E74.32944
G0 F6562.5 X240.547 Y35.931
G1 F1800 X239.775 Y36.703 E74.34656
G0 F6562.5 X239.343 Y36.428
G1 F1800 X240.115 Y35.655 E74.36368
G0 F6562.5 X239.683 Y35.38
G1 F1800 X238.905 Y36.159 E74.38094
G0 F6562.5 X238.44 Y35.916
G1 F1800 X239.23 Y35.126 E74.39845
G0 F6562.5 X238.765 Y34.885
G1 F1800 X237.976 Y35.674 E74.41594
G0 F6562.5 X237.511 Y35.431
G1 F1800 X238.299 Y34.643 E74.43341
G0 F6562.5 X237.835 Y34.4
G1 F1800 X237.046 Y35.189 E74.4509
G0 F6562.5 X236.582 Y34.946
G1 F1800 X237.37 Y34.158 E74.46837
G0 F6562.5 X236.903 Y33.918
G1 F1800 X236.09 Y34.731 E74.48639
G0 F6562.5 X235.589 Y34.525
G1 F1800 X236.403 Y33.711 E74.50444
G0 F6562.5 X235.903 Y33.504
G1 F1800 X235.088 Y34.318 E74.5225
G0 F6562.5 X234.588 Y34.112
G1 F1800 X235.402 Y33.297 E74.54055
G0 F6562.5 X234.902 Y33.09
G1 F1800 X234.088 Y33.905 E74.55861
G0 F6562.5 X233.567 Y33.719
G1 F1800 X234.403 Y32.883 E74.57714
G0 F6562.5 X233.879 Y32.699
G1 F1800 X233.029 Y33.549 E74.59598
G0 F6562.5 X232.492 Y33.379
G1 F1800 X233.341 Y32.53 E74.6148
G0 F6562.5 X232.803 Y32.361
G1 F1800 X231.955 Y33.209 E74.6336
G0 F6562.5 X231.416 Y33.04
G1 F1800 X232.266 Y32.191 E74.65244
G0 F6562.5 X231.728 Y32.022
G1 F1800 X230.859 Y32.891 E74.6717
G0 F6562.5 X230.28 Y32.763
G1 F1800 X231.171 Y31.872 E74.69145
G0 F6562.5 X230.593 Y31.742
G1 F1800 X229.701 Y32.635 E74.71124
G0 F6562.5 X229.123 Y32.506
G1 F1800 X230.015 Y31.614 E74.73101
G0 F6562.5 X229.437 Y31.485
G1 F1800 X228.543 Y32.378 E74.75082
G0 F6562.5 X227.93 Y32.285
G1 F1800 X228.858 Y31.356 E74.7714
G0 F6562.5 X228.254 Y31.254
G1 F1800 X227.305 Y32.202 E74.79243
G0 F6562.5 X226.68 Y32.12
G1 F1800 X227.628 Y31.172 E74.81344
G0 F6562.5 X227.004 Y31.089
G1 F1800 X226.056 Y32.037 E74.83446
G0 F6562.5 X225.419 Y31.967
G1 F1800 X226.379 Y31.007 E74.85574
G0 F6562.5 X225.754 Y30.925
G1 F1800 X224.74 Y31.939 E74.87822
G0 F6562.5 X224.062 Y31.91
G1 F1800 X225.082 Y30.889 E74.90084
G0 F6562.5 X224.405 Y30.859
G1 F1800 X223.384 Y31.881 E74.92349
G0 F6562.5 X222.701 Y31.857
G1 F1800 X223.728 Y30.829 E74.94627
G0 F6562.5 X223.051 Y30.799
G1 F1800 X221.962 Y31.888 E74.97041
G0 F6562.5 X221.224 Y31.919
G1 F1800 X222.339 Y30.805 E74.99512
G0 F6562.5 X221.598 Y30.838
G1 F1800 X220.485 Y31.951 E75.01979
G0 F6562.5 X219.729 Y32
G1 F1800 X220.858 Y30.871 E75.04482
G0 F6562.5 X220.118 Y30.904
G1 F1800 X218.914 Y32.108 E75.07151
G0 F6562.5 X218.099 Y32.216
G1 F1800 X219.333 Y30.981 E75.09887
G0 F6562.5 X218.52 Y31.088
G1 F1800 X217.284 Y32.323 E75.12626
G0 F6562.5 X216.397 Y32.504
G1 F1800 X217.705 Y31.196 E75.15526
G0 F6562.5 X216.89 Y31.304
G1 F1800 X215.488 Y32.705 E75.18633
G0 F6562.5 X214.58 Y32.906
G1 F1800 X215.98 Y31.506 E75.21737
G0 F6562.5 X215.07 Y31.709
G1 F1800 X213.576 Y33.203 E75.25048
G1 X213.488 Y33.291
G0 F6562.5 X213.14 Y32.225
G1 F1800 X211.486 Y33.879 E75.28715
G1 X211.398 Y33.967
G0 F6562.5 X211.038 Y32.913
G1 F1800 X209.079 Y34.872 E75.33058
G1 X208.991 Y34.96
G0 F6562.5 X208.626 Y33.911
G1 F1800 X206.006 Y36.531 E75.38866
G1 X205.918 Y36.619
G0 F6562.5 X207.159 Y34.67
G1 F1800 X204.024 Y37.806 E75.45817
G1 X203.936 Y37.894
G0 F6562.5 X203.64 Y36.775
G1 F1800 X195.212 Y45.203 E75.64501
G1 X195.124 Y45.291
G0 F6562.5 X196.246 Y45.583
G1 F1800 X193.106 Y48.723 E75.71461
G1 X193.018 Y48.811
G0 F6562.5 X194.069 Y49.175
G1 F1800 X191.849 Y51.395 E75.76383
G1 X191.761 Y51.483
G0 F6562.5 X192.811 Y51.847
G1 F1800 X190.985 Y53.673 E75.80431
G1 X190.897 Y53.761
G0 F6562.5 X191.349 Y52.602
G1 F1800 X193.306 Y50.645 E75.84769
G1 X193.394 Y50.557
G0 F6562.5 X192.349 Y50.188
G1 F1800 X194.967 Y47.57 E75.90573
G1 X195.055 Y47.482
G0 F6562.5 X193.969 Y47.153
G1 F1800 X205.591 Y35.532 E76.16336
G1 X205.679 Y35.444
G0 F6562.5 X207.609 Y35.635
G1 F1800 X209.831 Y33.412 E76.21263
G1 X209.919 Y33.324
G0 F6562.5 X210.282 Y34.375
G1 F1800 X212.108 Y32.55 E76.2531
G1 X212.196 Y32.462
G0 F6562.5 X212.543 Y33.529
G1 F1800 X214.161 Y31.911 E76.28897
G1 X214.249 Y31.823
G0 F6562.5 X199.714 Y39.994
G1 F1800 X198.432 Y41.276 E76.31739
G1 X198.344 Y41.364
G0 F6562.5 X192.314 Y53.051
G1 F1800 X190.661 Y54.704 E76.35403
G1 X190.573 Y54.792
G0 F6562.5 X190.348 Y55.724
G1 F1800 X191.965 Y54.107 E76.38988
G1 X192.053 Y54.019
G0 F6562.5 X191.639 Y55.14
G1 F1800 X190.145 Y56.634 E76.423
G0 F6562.5 X189.943 Y57.543
G1 F1800 X191.343 Y56.144 E76.45402
G0 F6562.5 X191.141 Y57.052
G1 F1800 X189.74 Y58.453 E76.48508
G0 F6562.5 X189.632 Y59.268
G1 F1800 X190.94 Y57.961 E76.51406
G0 F6562.5 X190.759 Y58.848
G1 F1800 X189.525 Y60.082 E76.54142
G0 F6562.5 X189.419 Y60.896
G1 F1800 X190.652 Y59.663 E76.56875
G0 F6562.5 X190.545 Y60.477
G1 F1800 X189.342 Y61.68 E76.59542
G0 F6562.5 X189.309 Y62.42
G1 F1800 X190.437 Y61.292 E76.62043
G0 F6562.5 X190.387 Y62.049
G1 F1800 X189.276 Y63.16 E76.64506
G0 F6562.5 X189.242 Y63.901
G1 F1800 X190.356 Y62.787 E76.66975
G0 F6562.5 X190.324 Y63.526
G1 F1800 X189.237 Y64.614 E76.69386
G0 F6562.5 X189.267 Y65.29
G1 F1800 X190.293 Y64.265 E76.7166
G0 F6562.5 X190.317 Y64.948
G1 F1800 X189.298 Y65.967 E76.73919
G0 F6562.5 X189.328 Y66.644
G1 F1800 X190.346 Y65.626 E76.76175
G0 F6562.5 X190.375 Y66.304
G1 F1800 X189.363 Y67.315 E76.78418
G0 F6562.5 X189.445 Y67.94
G1 F1800 X190.404 Y66.982 E76.80542
G0 F6562.5 X190.473 Y67.62
G1 F1800 X189.527 Y68.566 E76.8264
G0 F6562.5 X189.609 Y69.191
G1 F1800 X190.556 Y68.244 E76.84739
G0 F6562.5 X190.638 Y68.87
G1 F1800 X189.691 Y69.816 E76.86837
G0 F6562.5 X189.793 Y70.421
G1 F1800 X190.72 Y69.494 E76.88892
G0 F6562.5 X190.814 Y70.108
G1 F1800 X189.922 Y70.999 E76.90869
G0 F6562.5 X190.051 Y71.578
G1 F1800 X190.942 Y70.686 E76.92845
G0 F6562.5 X191.07 Y71.265
G1 F1800 X190.18 Y72.156 E76.94819
G0 F6562.5 X190.309 Y72.734
G1 F1800 X191.198 Y71.844 E76.96791
G0 F6562.5 X191.327 Y72.423
G1 F1800 X190.459 Y73.29 E76.98714
G0 F6562.5 X190.628 Y73.829
G1 F1800 X191.476 Y72.981 E77.00594
G0 F6562.5 X191.646 Y73.518
G1 F1800 X190.797 Y74.367 E77.02476
G0 F6562.5 X190.966 Y74.905
G1 F1800 X191.816 Y74.056 E77.04359
G0 F6562.5 X191.985 Y74.593
G1 F1800 X191.135 Y75.443 E77.06243
G0 F6562.5 X191.32 Y75.965
G1 F1800 X192.155 Y75.13 E77.08095
G0 F6562.5 X192.342 Y75.651
G1 F1800 X191.527 Y76.465 E77.099
G0 F6562.5 X191.734 Y76.965
G1 F1800 X192.548 Y76.151 E77.11705
G0 F6562.5 X192.755 Y76.652
G1 F1800 X191.942 Y77.465 E77.13507
G0 F6562.5 X192.149 Y77.965
G1 F1800 X192.961 Y77.153 E77.15307
G0 F6562.5 X193.168 Y77.653
G1 F1800 X192.356 Y78.465 E77.17107
G0 F6562.5 X192.596 Y78.932
G1 F1800 X193.383 Y78.145 E77.18852
G0 F6562.5 X193.625 Y78.61
G1 F1800 X192.838 Y79.397 E77.20596
G0 F6562.5 X193.08 Y79.862
G1 F1800 X193.868 Y79.075 E77.22342
G0 F6562.5 X194.11 Y79.539
G1 F1800 X193.322 Y80.327 E77.24089
G0 F6562.5 X193.564 Y80.792
G1 F1800 X194.352 Y80.004 E77.25836
G0 F6562.5 X194.595 Y80.469
G1 F1800 X193.819 Y81.245 E77.27556
G0 F6562.5 X194.094 Y81.677
G1 F1800 X194.864 Y80.907 E77.29263
G0 F6562.5 X195.139 Y81.339
G1 F1800 X194.369 Y82.109 E77.3097
G0 F6562.5 X194.644 Y82.541
G1 F1800 X195.414 Y81.771 E77.32677
G0 F6562.5 X195.689 Y82.203
G1 F1800 X194.919 Y82.973 E77.34384
G0 F6562.5 X195.194 Y83.405
G1 F1800 X195.964 Y82.635 E77.36091
G0 F6562.5 X196.249 Y83.058
G1 F1800 X195.49 Y83.816 E77.37773
G0 F6562.5 X195.797 Y84.217
G1 F1800 X196.555 Y83.458 E77.39454
G0 F6562.5 X196.862 Y83.858
G1 F1800 X196.104 Y84.617 E77.41135
G0 F6562.5 X196.411 Y85.016
G1 F1800 X197.17 Y84.258 E77.42817
G0 F6562.5 X197.477 Y84.658
G1 F1800 X196.718 Y85.417 E77.445
G0 F6562.5 X197.025 Y85.817
G1 F1800 X197.784 Y85.058 E77.46182
G0 F6562.5 X198.112 Y85.437
G1 F1800 X197.359 Y86.189 E77.4785
G0 F6562.5 X197.697 Y86.559
G1 F1800 X198.449 Y85.807 E77.49517
G0 F6562.5 X198.787 Y86.176
G1 F1800 X198.036 Y86.927 E77.51182
G0 F6562.5 X198.374 Y87.296
G1 F1800 X199.125 Y86.545 E77.52847
G0 F6562.5 X199.463 Y86.914
G1 F1800 X198.712 Y87.665 E77.54512
G0 F6562.5 X199.05 Y88.034
G1 F1800 X199.802 Y87.282 E77.56179
G0 F6562.5 X200.172 Y87.62
G1 F1800 X199.419 Y88.372 E77.57847
G0 F6562.5 X199.788 Y88.71
G1 F1800 X200.541 Y87.958 E77.59515
G0 F6562.5 X200.91 Y88.296
G1 F1800 X200.157 Y89.048 E77.61184
G0 F6562.5 X200.526 Y89.386
G1 F1800 X201.279 Y88.634 E77.62852
G0 F6562.5 X201.648 Y88.972
G1 F1800 X200.896 Y89.724 E77.64519
G0 F6562.5 X201.269 Y90.058
G1 F1800 X202.028 Y89.299 E77.66201
G0 F6562.5 X202.429 Y89.605
G1 F1800 X201.668 Y90.366 E77.67888
G0 F6562.5 X202.069 Y90.673
G1 F1800 X202.829 Y89.912 E77.69574
G0 F6562.5 X203.229 Y90.219
G1 F1800 X202.468 Y90.98 E77.71261
G0 F6562.5 X202.868 Y91.287
G1 F1800 X203.629 Y90.527 E77.72947
G0 F6562.5 X204.029 Y90.834
G1 F1800 X203.269 Y91.594 E77.74632
G0 F6562.5 X203.682 Y91.888
G1 F1800 X204.452 Y91.117 E77.7634
G0 F6562.5 X204.884 Y91.392
G1 F1800 X204.114 Y92.163 E77.78048
G0 F6562.5 X204.545 Y92.439
G1 F1800 X205.317 Y91.667 E77.7976
G0 F6562.5 X205.749 Y91.942
G1 F1800 X204.977 Y92.714 E77.81471
G0 F6562.5 X205.408 Y92.99
G1 F1800 X206.181 Y92.217 E77.83185
G0 F6562.5 X206.62 Y92.486
G1 F1800 X205.84 Y93.265 E77.84913
G0 F6562.5 X206.295 Y93.517
G1 F1800 X207.084 Y92.728 E77.86662
G0 F6562.5 X207.549 Y92.971
G1 F1800 X206.76 Y93.76 E77.88411
G0 F6562.5 X207.225 Y94.002
G1 F1800 X208.013 Y93.213 E77.90159
G0 F6562.5 X208.478 Y93.456
G1 F1800 X207.69 Y94.243 E77.91905
G0 F6562.5 X208.155 Y94.485
G1 F1800 X208.942 Y93.699 E77.93648
G0 F6562.5 X209.436 Y93.912
G1 F1800 X208.623 Y94.725 E77.9545
G0 F6562.5 X209.123 Y94.932
G1 F1800 X209.937 Y94.118 E77.97255
G0 F6562.5 X210.437 Y94.325
G1 F1800 X209.623 Y95.139 E77.99059
G0 F6562.5 X210.123 Y95.346
G1 F1800 X210.937 Y94.532 E78.00864
G0 F6562.5 X211.438 Y94.738
G1 F1800 X210.623 Y95.553 E78.02671
G0 F6562.5 X211.123 Y95.76
G1 F1800 X211.96 Y94.924 E78.04525
G0 F6562.5 X212.497 Y95.093
G1 F1800 X211.648 Y95.943 E78.06408
G0 F6562.5 X212.185 Y96.112
G1 F1800 X213.035 Y95.263 E78.08292
G0 F6562.5 X213.572 Y95.433
G1 F1800 X212.723 Y96.281 E78.10173
G0 F6562.5 X213.261 Y96.451
G1 F1800 X214.109 Y95.602 E78.12053
G0 F6562.5 X214.669 Y95.75
G1 F1800 X213.799 Y96.62 E78.13982
G0 F6562.5 X214.356 Y96.77
G1 F1800 X215.248 Y95.878 E78.1596
G0 F6562.5 X215.827 Y96.006
G1 F1800 X214.935 Y96.899 E78.17938
G0 F6562.5 X215.513 Y97.027
G1 F1800 X216.405 Y96.135 E78.19916
G0 F6562.5 X216.984 Y96.263
G1 F1800 X216.091 Y97.156 E78.21895
G0 F6562.5 X216.67 Y97.285
G1 F1800 X217.6 Y96.355 E78.23957
G0 F6562.5 X218.224 Y96.438
G1 F1800 X217.276 Y97.386 E78.26058
G0 F6562.5 X217.901 Y97.468
G1 F1800 X218.849 Y96.52 E78.2816
G0 F6562.5 X219.473 Y96.602
G1 F1800 X218.526 Y97.55 E78.3026
G0 F6562.5 X219.151 Y97.632
G1 F1800 X220.113 Y96.67 E78.32393
G0 F6562.5 X220.791 Y96.699
G1 F1800 X219.776 Y97.714 E78.34643
G0 F6562.5 X220.449 Y97.748
G1 F1800 X221.469 Y96.728 E78.36904
G0 F6562.5 X222.147 Y96.757
G1 F1800 X221.126 Y97.778 E78.39168
G0 F6562.5 X221.803 Y97.809
G1 F1800 X222.831 Y96.78 E78.41448
G0 F6562.5 X223.57 Y96.748
G1 F1800 X222.479 Y97.839 E78.43866
G0 F6562.5 X223.194 Y97.832
G1 F1800 X224.309 Y96.717 E78.46338
G0 F6562.5 X225.048 Y96.685
G1 F1800 X223.934 Y97.799 E78.48808
G0 F6562.5 X224.674 Y97.765
G1 F1800 X225.807 Y96.633 E78.51318
G0 F6562.5 X226.622 Y96.525
G1 F1800 X225.415 Y97.732 E78.53994
G0 F6562.5 X226.202 Y97.652
G1 F1800 X227.436 Y96.418 E78.5673
G0 F6562.5 X228.251 Y96.31
G1 F1800 X227.015 Y97.546 E78.5947
G0 F6562.5 X227.829 Y97.439
G1 F1800 X229.141 Y96.127 E78.62378
G0 F6562.5 X230.049 Y95.926
G1 F1800 X228.648 Y97.327 E78.65484
G0 F6562.5 X229.557 Y97.125
G1 F1800 X230.958 Y95.725 E78.68589
G1 X231.046 Y95.637
G0 F6562.5 X231.965 Y95.424
G1 F1800 X230.468 Y96.922 E78.71908
G0 F6562.5 X231.378 Y96.719
G1 F1800 X232.998 Y95.099 E78.755
G1 X233.086 Y95.011
G0 F6562.5 X242.548 Y87.905
G0 X244.151 Y86.437
G0 X252.186 Y78.032
G1 F1800 X254.146 Y76.071 E78.79846
G1 X254.234 Y75.983
G0 F6562.5 X253.18 Y75.623
G1 F1800 X254.84 Y73.964 E78.83525
G1 X254.928 Y73.876
;MESH:NONMESH
G0 F6562.5 X253.079 Y58.973
G0 X252.497 Y56.349
G0 X251.689 Y53.788
G0 X250.663 Y51.306
G0 X249.421 Y48.924
G0 X247.978 Y46.659
G0 X246.343 Y44.527
G0 X244.529 Y42.547
G0 X242.548 Y40.733
G0 X240.417 Y39.097
G0 X238.151 Y37.654
G0 X235.768 Y36.413
G0 X233.287 Y35.386
G0 X230.725 Y34.578
G0 X228.102 Y33.997
G0 X225.44 Y33.646
G0 X222.757 Y33.529
G0 X220.073 Y33.646
G0 X217.411 Y33.997
G0 X214.788 Y34.578
G0 X212.226 Y35.386
G0 X209.744 Y36.413
G0 X207.363 Y37.654
G0 X205.096 Y39.097
G0 X202.965 Y40.733
G0 X200.984 Y42.547
G0 X199.516 Y44.15
G0 X193.978 Y50.898
;TIME_ELAPSED:300.380467
;LAYER:2
M106 S3.1
;MESH:
G0 F10500 X193.978 Y50.898 Z0.6
;TYPE:WALL-INNER
G1 F3600 X192.921 Y53.459 E78.87868
G1 X192.088 Y56.099 E78.92207
G1 X191.487 Y58.805 E78.96552
G1 X191.125 Y61.551 E79.00894
G1 X191.007 Y64.319 E79.05237
G1 X191.125 Y67.087 E79.0958
G1 X191.487 Y69.832 E79.1392
G1 X192.088 Y72.538 E79.18265
G1 X192.921 Y75.178 E79.22604
G1 X193.978 Y77.736 E79.26943
G1 X195.26 Y80.194 E79.31289
G1 X196.747 Y82.531 E79.35631
G1 X198.434 Y84.729 E79.39974
G1 X200.304 Y86.771 E79.44314
G1 X202.346 Y88.641 E79.48655
G1 X204.544 Y90.328 E79.52998
G1 X206.882 Y91.816 E79.57342
G1 X209.336 Y93.097 E79.61682
G1 X211.897 Y94.155 E79.66025
G1 X214.539 Y94.988 E79.70368
G1 X217.243 Y95.588 E79.74709
G1 X219.988 Y95.951 E79.7905
G1 X222.757 Y96.069 E79.83394
G1 X225.525 Y95.951 E79.87737
G1 X228.27 Y95.588 E79.92077
G1 X230.974 Y94.988 E79.96419
G1 X233.616 Y94.155 E80.00762
G1 X236.174 Y93.097 E80.05101
G1 X238.632 Y91.816 E80.09446
G1 X240.969 Y90.328 E80.13789
G1 X243.167 Y88.641 E80.18132
G1 X245.209 Y86.771 E80.22472
G1 X247.079 Y84.729 E80.26813
G1 X248.766 Y82.531 E80.31156
G1 X250.253 Y80.194 E80.35498
G1 X251.535 Y77.736 E80.39844
G1 X252.592 Y75.178 E80.44182
G1 X253.425 Y72.538 E80.48522
G1 X254.026 Y69.832 E80.52867
G1 X254.388 Y67.088 E80.57205
G1 X254.507 Y64.319 E80.6155
G1 X254.388 Y61.55 E80.65894
G1 X254.026 Y58.805 E80.70235
G1 X253.425 Y56.099 E80.7458
G1 X252.592 Y53.459 E80.78919
G1 X251.535 Y50.898 E80.83262
G1 X250.253 Y48.444 E80.87602
G1 X248.766 Y46.107 E80.91944
G1 X247.079 Y43.908 E80.96289
G1 X245.209 Y41.867 E81.00628
G1 X243.167 Y39.997 E81.04968
G1 X240.969 Y38.309 E81.09313
G1 X238.632 Y36.822 E81.13655
G1 X236.174 Y35.541 E81.18
G1 X233.616 Y34.483 E81.22339
G1 X230.974 Y33.65 E81.26681
G1 X228.27 Y33.05 E81.31023
G1 X225.525 Y32.687 E81.35363
G1 X222.757 Y32.569 E81.39706
G1 X219.988 Y32.687 E81.44051
G1 X217.243 Y33.05 E81.48391
G1 X214.539 Y33.65 E81.52733
G1 X211.897 Y34.483 E81.57075
G1 X209.336 Y35.541 E81.61419
G1 X206.882 Y36.822 E81.65758
G1 X204.544 Y38.309 E81.70102
G1 X202.346 Y39.997 E81.74446
G1 X200.304 Y41.867 E81.78786
G1 X198.434 Y43.908 E81.83125
G1 X196.747 Y46.107 E81.8747
G1 X195.26 Y48.444 E81.91812
G1 X193.978 Y50.898 E81.96152
G0 F10500 X199.17 Y44.527
G0 X200.984 Y42.547
G0 X202.965 Y40.733
G0 X205.096 Y39.097
G0 X207.363 Y37.654
G0 X209.744 Y36.413
G0 X211.15 Y35.832
G0 X225.75 Y30.203
G1 F3600 X228.722 Y30.595 E82.00851
G1 X231.617 Y31.238 E82.055
G1 X234.467 Y32.136 E82.10184
G1 X237.216 Y33.273 E82.14847
G1 X239.883 Y34.661 E82.1956
G1 X242.416 Y36.275 E82.24268
G1 X244.759 Y38.074 E82.28899
G1 X246.973 Y40.102 E82.33605
G1 X249.001 Y42.316 E82.38312
G1 X250.804 Y44.664 E82.42952
G1 X252.426 Y47.214 E82.47689
G1 X253.791 Y49.833 E82.52319
G1 X254.941 Y52.612 E82.57033
G1 X255.838 Y55.458 E82.61711
G1 X256.481 Y58.354 E82.66361
G1 X256.873 Y61.325 E82.71059
G1 X257.004 Y64.319 E82.75756
G1 X256.873 Y67.312 E82.80453
G1 X256.481 Y70.284 E82.85152
G1 X255.838 Y73.179 E82.898
G1 X254.941 Y76.026 E82.94479
G1 X253.791 Y78.805 E82.99194
G1 X252.426 Y81.424 E83.03823
G1 X250.811 Y83.962 E83.08539
G1 X248.993 Y86.331 E83.1322
G1 X246.973 Y88.536 E83.17908
G1 X244.759 Y90.563 E83.22613
G1 X242.416 Y92.362 E83.27243
G1 X239.882 Y93.977 E83.31954
G1 X237.215 Y95.365 E83.36667
G1 X234.467 Y96.502 E83.41328
G1 X231.617 Y97.4 E83.46012
G1 X228.722 Y98.043 E83.50661
G1 X225.75 Y98.435 E83.5536
G1 X222.757 Y98.566 E83.60056
G1 X219.763 Y98.435 E83.64754
G1 X216.791 Y98.043 E83.69453
G1 X213.896 Y97.4 E83.74102
G1 X211.046 Y96.502 E83.78786
G1 X208.298 Y95.365 E83.83448
G1 X205.631 Y93.977 E83.88161
G1 X203.097 Y92.362 E83.92871
G1 X200.754 Y90.563 E83.97501
G1 X198.54 Y88.536 E84.02207
G1 X196.52 Y86.331 E84.06894
G1 X194.702 Y83.962 E84.11575
G1 X193.087 Y81.424 E84.16291
G1 X191.722 Y78.805 E84.2092
G1 X190.572 Y76.026 E84.25635
G1 X189.675 Y73.179 E84.30314
G1 X189.032 Y70.284 E84.34963
G1 X188.641 Y67.312 E84.39662
G1 X188.51 Y64.319 E84.44358
G1 X188.641 Y61.325 E84.49055
G1 X189.032 Y58.354 E84.53753
G1 X189.675 Y55.458 E84.58403
G1 X190.572 Y52.612 E84.63081
G1 X191.722 Y49.833 E84.67795
G1 X193.087 Y47.214 E84.72425
G1 X194.709 Y44.664 E84.77162
G1 X196.512 Y42.316 E84.81802
G1 X198.54 Y40.102 E84.86509
G1 X200.754 Y38.074 E84.91215
G1 X203.097 Y36.275 E84.95846
G1 X205.631 Y34.661 E85.00555
G1 X208.298 Y33.273 E85.05268
G1 X211.046 Y32.136 E85.0993
G1 X213.896 Y31.238 E85.14614
G1 X216.791 Y30.595 E85.19263
G1 X219.763 Y30.203 E85.23962
G1 X222.757 Y30.072 E85.28659
G1 X225.75 Y30.203 E85.33356
G0 F10500 X225.791 Y29.704
G1 F3600 X228.804 Y30.101 E85.38119
G1 X231.749 Y30.755 E85.42848
G1 X234.637 Y31.665 E85.47595
G1 X237.433 Y32.822 E85.52338
G1 X240.133 Y34.227 E85.57109
G1 X242.699 Y35.862 E85.61879
G1 X245.084 Y37.693 E85.66592
G1 X247.327 Y39.748 E85.71361
G1 X249.382 Y41.991 E85.76129
G1 X251.213 Y44.376 E85.80842
G1 X252.858 Y46.961 E85.85645
G1 X254.246 Y49.625 E85.90354
G1 X255.412 Y52.442 E85.95133
G1 X256.321 Y55.326 E85.99873
G1 X256.975 Y58.272 E86.04604
G1 X257.372 Y61.284 E86.09366
G1 X257.505 Y64.319 E86.14128
G1 X257.372 Y67.353 E86.18889
G1 X256.975 Y70.366 E86.23652
G1 X256.321 Y73.311 E86.28381
G1 X255.412 Y76.196 E86.33123
G1 X254.246 Y79.013 E86.37902
G1 X252.858 Y81.677 E86.42611
G1 X251.217 Y84.256 E86.47402
G1 X249.378 Y86.651 E86.52136
G1 X247.327 Y88.89 E86.56895
G1 X245.084 Y90.944 E86.61663
G1 X242.699 Y92.775 E86.66376
G1 X240.132 Y94.411 E86.71148
G1 X237.432 Y95.816 E86.75919
G1 X234.637 Y96.973 E86.80661
G1 X231.749 Y97.883 E86.85407
G1 X228.804 Y98.537 E86.90136
G1 X225.791 Y98.934 E86.949
G1 X222.757 Y99.067 E86.99661
G1 X219.722 Y98.934 E87.04423
G1 X216.709 Y98.537 E87.09186
G1 X213.764 Y97.883 E87.13915
G1 X210.876 Y96.973 E87.18662
G1 X208.081 Y95.816 E87.23404
G1 X205.381 Y94.411 E87.28175
G1 X202.814 Y92.775 E87.32946
G1 X200.429 Y90.944 E87.3766
G1 X198.186 Y88.89 E87.42427
G1 X196.135 Y86.651 E87.47187
G1 X194.296 Y84.256 E87.5192
G1 X192.655 Y81.677 E87.56712
G1 X191.267 Y79.013 E87.61421
G1 X190.101 Y76.196 E87.662
G1 X189.192 Y73.311 E87.70941
G1 X188.538 Y70.366 E87.7567
G1 X188.142 Y67.353 E87.80434
G1 X188.009 Y64.319 E87.85194
G1 X188.142 Y61.284 E87.89956
G1 X188.538 Y58.272 E87.94719
G1 X189.192 Y55.326 E87.99449
G1 X190.101 Y52.442 E88.04189
G1 X191.267 Y49.625 E88.08968
G1 X192.655 Y46.961 E88.13677
G1 X194.3 Y44.376 E88.1848
G1 X196.131 Y41.991 E88.23193
G1 X198.186 Y39.748 E88.27962
G1 X200.429 Y37.693 E88.3273
G1 X202.814 Y35.862 E88.37444
G1 X205.381 Y34.227 E88.42214
G1 X208.081 Y32.822 E88.46985
G1 X210.876 Y31.665 E88.51727
G1 X213.764 Y30.755 E88.56474
G1 X216.709 Y30.101 E88.61203
G1 X219.722 Y29.704 E88.65966
G1 X222.757 Y29.571 E88.70729
G1 X225.791 Y29.704 E88.75489
G0 F10500 X209.744 Y36.413
G0 X207.363 Y37.654
G0 X205.096 Y39.097
G0 X202.965 Y40.733
G0 X200.984 Y42.547
G0 X199.17 Y44.527
G0 X197.847 Y46.253
G0 X194.432 Y51.11
G1 F3600 X193.391 Y53.63 E88.79763
G1 X192.571 Y56.229 E88.84035
G1 X191.98 Y58.892 E88.88311
G1 X191.624 Y61.594 E88.92583
G1 X191.507 Y64.319 E88.96859
G1 X191.624 Y67.044 E89.01134
G1 X191.98 Y69.745 E89.05405
G1 X192.571 Y72.408 E89.09681
G1 X193.391 Y75.007 E89.13953
G1 X194.432 Y77.525 E89.18224
G1 X195.693 Y79.944 E89.225
G1 X197.157 Y82.244 E89.26774
G1 X198.817 Y84.407 E89.31048
G1 X200.658 Y86.417 E89.3532
G1 X202.668 Y88.258 E89.39593
G1 X204.831 Y89.918 E89.43867
G1 X207.132 Y91.383 E89.48143
G1 X209.548 Y92.643 E89.52414
G1 X212.068 Y93.685 E89.56689
G1 X214.669 Y94.505 E89.60964
G1 X217.33 Y95.095 E89.65236
G1 X220.032 Y95.452 E89.69509
G1 X222.757 Y95.569 E89.73784
G1 X225.481 Y95.452 E89.78058
G1 X228.183 Y95.095 E89.8233
G1 X230.844 Y94.505 E89.86603
G1 X233.445 Y93.685 E89.90878
G1 X235.963 Y92.643 E89.9515
G1 X238.382 Y91.383 E89.99425
G1 X240.682 Y89.918 E90.037
G1 X242.845 Y88.258 E90.07974
G1 X244.855 Y86.417 E90.12246
G1 X246.696 Y84.407 E90.16519
G1 X248.356 Y82.244 E90.20793
G1 X249.82 Y79.944 E90.25067
G1 X251.081 Y77.525 E90.29343
G1 X252.122 Y75.007 E90.33614
G1 X252.942 Y72.408 E90.37886
G1 X253.533 Y69.745 E90.42162
G1 X253.889 Y67.044 E90.46433
G1 X254.007 Y64.319 E90.50708
G1 X253.889 Y61.594 E90.54984
G1 X253.533 Y58.892 E90.59256
G1 X252.942 Y56.229 E90.63532
G1 X252.122 Y53.63 E90.67804
G1 X251.081 Y51.11 E90.72078
G1 X249.82 Y48.694 E90.7635
G1 X248.356 Y46.394 E90.80624
G1 X246.696 Y44.23 E90.84899
G1 X244.855 Y42.221 E90.8917
G1 X242.845 Y40.38 E90.93443
G1 X240.682 Y38.719 E90.97718
G1 X238.382 Y37.255 E91.01992
G1 X235.963 Y35.995 E91.06267
G1 X233.445 Y34.953 E91.10539
G1 X230.844 Y34.133 E91.14814
G1 X228.183 Y33.543 E91.19086
G1 X225.481 Y33.186 E91.23359
G1 X222.757 Y33.069 E91.27633
G1 X220.032 Y33.186 E91.31908
G1 X217.33 Y33.543 E91.36181
G1 X214.669 Y34.133 E91.40453
G1 X212.068 Y34.953 E91.44728
G1 X209.548 Y35.995 E91.49003
G1 X207.132 Y37.255 E91.53274
G1 X204.831 Y38.719 E91.57549
G1 X202.668 Y40.38 E91.61824
G1 X200.658 Y42.221 E91.66097
G1 X198.817 Y44.23 E91.70368
G1 X197.157 Y46.394 E91.74643
G1 X195.693 Y48.694 E91.78917
G1 X194.432 Y51.11 E91.83189
G0 F10500 X194.886 Y51.322
G1 F3600 X193.861 Y53.801 E91.87394
G1 X193.054 Y56.359 E91.91599
G1 X192.473 Y58.979 E91.95806
G1 X192.123 Y61.638 E92.0001
G1 X192.007 Y64.319 E92.04216
G1 X192.123 Y67 E92.08423
G1 X192.473 Y69.658 E92.12625
G1 X193.054 Y72.278 E92.16832
G1 X193.861 Y74.836 E92.21037
G1 X194.886 Y77.314 E92.2524
G1 X196.126 Y79.694 E92.29447
G1 X197.567 Y81.957 E92.33652
G1 X199.2 Y84.085 E92.37857
G1 X201.012 Y86.063 E92.42062
G1 X202.99 Y87.875 E92.46267
G1 X205.118 Y89.508 E92.50472
G1 X207.382 Y90.95 E92.54679
G1 X209.76 Y92.189 E92.58883
G1 X212.239 Y93.215 E92.63088
G1 X214.798 Y94.022 E92.67294
G1 X217.417 Y94.602 E92.71499
G1 X220.076 Y94.953 E92.75703
G1 X222.757 Y95.069 E92.7991
G1 X225.437 Y94.953 E92.84115
G1 X228.096 Y94.602 E92.88319
G1 X230.715 Y94.022 E92.92524
G1 X233.274 Y93.215 E92.9673
G1 X235.752 Y92.189 E93.00934
G1 X238.132 Y90.95 E93.0514
G1 X240.395 Y89.508 E93.09347
G1 X242.523 Y87.875 E93.13551
G1 X244.501 Y86.063 E93.17756
G1 X246.313 Y84.085 E93.21961
G1 X247.946 Y81.957 E93.26166
G1 X249.387 Y79.694 E93.30371
G1 X250.627 Y77.314 E93.34578
G1 X251.652 Y74.836 E93.38782
G1 X252.459 Y72.278 E93.42986
G1 X253.04 Y69.658 E93.47193
G1 X253.39 Y67 E93.51396
G1 X253.507 Y64.319 E93.55602
G1 X253.39 Y61.638 E93.59809
G1 X253.04 Y58.979 E93.64013
G1 X252.459 Y56.359 E93.6822
G1 X251.652 Y53.801 E93.72424
G1 X250.627 Y51.322 E93.76629
G1 X249.387 Y48.944 E93.80833
G1 X247.946 Y46.681 E93.85039
G1 X246.313 Y44.552 E93.89245
G1 X244.501 Y42.575 E93.93448
G1 X242.523 Y40.763 E93.97653
G1 X240.395 Y39.129 E94.01859
G1 X238.132 Y37.688 E94.06065
G1 X235.752 Y36.449 E94.10271
G1 X233.274 Y35.423 E94.14475
G1 X230.715 Y34.616 E94.18681
G1 X228.096 Y34.036 E94.22886
G1 X225.437 Y33.685 E94.2709
G1 X222.757 Y33.569 E94.31295
G1 X220.076 Y33.685 E94.35501
G1 X217.417 Y34.036 E94.39706
G1 X214.798 Y34.616 E94.43911
G1 X212.239 Y35.423 E94.48117
G1 X209.76 Y36.449 E94.52322
G1 X207.382 Y37.688 E94.56526
G1 X205.118 Y39.129 E94.60732
G1 X202.99 Y40.763 E94.64938
G1 X201.012 Y42.575 E94.69143
G1 X199.2 Y44.552 E94.73347
G1 X197.567 Y46.681 E94.77553
G1 X196.126 Y48.944 E94.81758
G1 X194.886 Y51.322 E94.85962
G0 F10500 X194.796 Y51.28
G0 X196.092 Y48.924
G0 X197.535 Y46.659
G0 X199.17 Y44.527
G0 X200.984 Y42.547
G0 X202.965 Y40.733
G0 X205.096 Y39.097
G0 X207.363 Y37.654
G0 X209.29 Y36.65
G0 X225.824 Y29.304
G0 X225.832 Y29.205
G1 F3600 X228.886 Y29.607 E94.90791
G1 X231.881 Y30.272 E94.956
G1 X234.807 Y31.194 E95.00409
G1 X237.65 Y32.371 E95.05232
G1 X240.383 Y33.793 E95.10062
G1 X242.982 Y35.449 E95.14892
G1 X245.409 Y37.312 E95.19688
G1 X247.681 Y39.394 E95.24519
G1 X249.763 Y41.666 E95.2935
G1 X251.626 Y44.093 E95.34146
G1 X253.287 Y46.702 E95.38994
G1 X254.701 Y49.417 E95.43792
G1 X255.883 Y52.272 E95.48636
G1 X256.804 Y55.194 E95.53439
G1 X257.469 Y58.19 E95.58249
G1 X257.871 Y61.243 E95.63076
G1 X258.006 Y64.319 E95.67903
G1 X257.871 Y67.394 E95.72728
G1 X257.469 Y70.448 E95.77556
G1 X256.804 Y73.443 E95.82365
G1 X255.883 Y76.366 E95.87169
G1 X254.701 Y79.221 E95.92013
G1 X253.287 Y81.936 E95.96812
G1 X251.63 Y84.539 E96.01649
G1 X249.759 Y86.976 E96.06465
G1 X247.681 Y89.244 E96.11286
G1 X245.409 Y91.325 E96.16116
G1 X242.982 Y93.188 E96.20912
G1 X240.382 Y94.845 E96.25745
G1 X237.649 Y96.267 E96.30574
G1 X234.807 Y97.444 E96.35396
G1 X231.881 Y98.366 E96.40205
G1 X228.886 Y99.031 E96.45014
G1 X225.832 Y99.433 E96.49843
G1 X222.757 Y99.568 E96.54668
G1 X219.681 Y99.433 E96.59494
G1 X216.627 Y99.031 E96.64323
G1 X213.632 Y98.366 E96.69132
G1 X210.706 Y97.444 E96.73941
G1 X207.864 Y96.267 E96.78763
G1 X205.131 Y94.845 E96.83592
G1 X202.531 Y93.188 E96.88425
G1 X200.104 Y91.325 E96.93221
G1 X197.832 Y89.244 E96.98051
G1 X195.754 Y86.976 E97.02873
G1 X193.883 Y84.539 E97.07689
G1 X192.226 Y81.936 E97.12526
G1 X190.812 Y79.221 E97.17324
G1 X189.63 Y76.366 E97.22168
G1 X188.709 Y73.443 E97.26972
G1 X188.044 Y70.448 E97.31781
G1 X187.643 Y67.394 E97.36609
G1 X187.508 Y64.319 E97.41434
G1 X187.643 Y61.243 E97.46261
G1 X188.044 Y58.19 E97.51087
G1 X188.709 Y55.194 E97.55898
G1 X189.63 Y52.272 E97.60701
G1 X190.812 Y49.417 E97.65544
G1 X192.226 Y46.702 E97.70343
G1 X193.887 Y44.093 E97.75191
G1 X195.75 Y41.666 E97.79987
G1 X197.832 Y39.394 E97.84818
G1 X200.104 Y37.312 E97.89648
G1 X202.531 Y35.449 E97.94444
G1 X205.131 Y33.793 E97.99276
G1 X207.864 Y32.371 E98.04106
G1 X210.706 Y31.194 E98.08928
G1 X213.632 Y30.272 E98.13737
G1 X216.627 Y29.607 E98.18546
G1 X219.681 Y29.205 E98.23374
G1 X222.757 Y29.07 E98.28201
G1 X225.832 Y29.205 E98.33026
G0 F10500 X225.873 Y28.706
;TYPE:WALL-OUTER
G1 F2700 X228.968 Y29.113 E98.37919
G1 X232.013 Y29.789 E98.42808
G1 X234.977 Y30.723 E98.4768
G1 X237.867 Y31.92 E98.52583
G1 X240.633 Y33.359 E98.57471
G1 X243.265 Y35.036 E98.62363
G1 X245.734 Y36.931 E98.67242
G1 X248.035 Y39.04 E98.72134
G1 X250.144 Y41.341 E98.77027
G1 X252.039 Y43.81 E98.81906
G1 X253.716 Y46.443 E98.86799
G1 X255.156 Y49.209 E98.91688
G1 X256.354 Y52.102 E98.96596
G1 X257.287 Y55.062 E99.01461
G1 X257.963 Y58.108 E99.06352
G1 X258.37 Y61.202 E99.11244
G1 X258.507 Y64.319 E99.16134
G1 X258.37 Y67.435 E99.21024
G1 X257.963 Y70.53 E99.25917
G1 X257.287 Y73.575 E99.30806
G1 X256.354 Y76.536 E99.35673
G1 X255.156 Y79.429 E99.40581
G1 X253.716 Y82.195 E99.45469
G1 X252.039 Y84.828 E99.50363
G1 X250.144 Y87.296 E99.5524
G1 X248.035 Y89.598 E99.60134
G1 X245.734 Y91.706 E99.65026
G1 X243.265 Y93.601 E99.69905
G1 X240.632 Y95.279 E99.74799
G1 X237.867 Y96.718 E99.79685
G1 X234.977 Y97.915 E99.84589
G1 X232.013 Y98.849 E99.8946
G1 X228.968 Y99.525 E99.94349
G1 X225.873 Y99.932 E99.99243
G1 X222.757 Y100.069 E100.04132
G1 X219.64 Y99.932 E100.09023
G1 X216.545 Y99.525 E100.13916
G1 X213.5 Y98.849 E100.18805
G1 X210.536 Y97.915 E100.23677
G1 X207.646 Y96.718 E100.2858
G1 X204.881 Y95.279 E100.33466
G1 X202.248 Y93.601 E100.38361
G1 X199.779 Y91.706 E100.43239
G1 X197.478 Y89.598 E100.48131
G1 X195.369 Y87.296 E100.53025
G1 X193.474 Y84.828 E100.57903
G1 X191.797 Y82.195 E100.62796
G1 X190.357 Y79.429 E100.67684
G1 X189.159 Y76.536 E100.72593
G1 X188.226 Y73.575 E100.77459
G1 X187.55 Y70.53 E100.82348
G1 X187.144 Y67.435 E100.87242
G1 X187.007 Y64.319 E100.92131
G1 X187.144 Y61.202 E100.97022
G1 X187.55 Y58.108 E101.01913
G1 X188.226 Y55.062 E101.06804
G1 X189.159 Y52.102 E101.11669
G1 X190.357 Y49.209 E101.16577
G1 X191.797 Y46.443 E101.21466
G1 X193.474 Y43.81 E101.26359
G1 X195.369 Y41.341 E101.31238
G1 X197.478 Y39.04 E101.36131
G1 X199.779 Y36.931 E101.41023
G1 X202.248 Y35.036 E101.45902
G1 X204.881 Y33.359 E101.50796
G1 X207.646 Y31.92 E101.55682
G1 X210.536 Y30.723 E101.60585
G1 X213.5 Y29.789 E101.65457
G1 X216.545 Y29.113 E101.70346
G1 X219.64 Y28.706 E101.75239
G1 X222.757 Y28.569 E101.8013
G1 X225.873 Y28.706 E101.85019
G0 F10500 X226.12 Y28.738
G0 X226.041 Y29.333
G0 X240.417 Y39.097
G0 X242.548 Y40.733
G0 X244.529 Y42.547
G0 X246.343 Y44.527
G0 X247.978 Y46.659
G0 X249.421 Y48.924
G0 X250.663 Y51.306
G0 X251.689 Y53.788
G0 X252.497 Y56.349
G0 X253.079 Y58.973
G0 X253.362 Y61.128
G0 X253.605 Y64.344
G0 X253.007 Y64.319
G1 F2700 X252.891 Y61.682 E101.89157
G1 X252.547 Y59.066 E101.93293
G1 X251.976 Y56.489 E101.9743
G1 X251.182 Y53.972 E102.01568
G1 X250.173 Y51.534 E102.05704
G1 X248.954 Y49.194 E102.0984
G1 X247.536 Y46.968 E102.13977
G1 X245.93 Y44.874 E102.18113
G1 X244.147 Y42.929 E102.2225
G1 X242.201 Y41.146 E102.26387
G1 X240.108 Y39.539 E102.30523
G1 X237.882 Y38.121 E102.3466
G1 X235.541 Y36.903 E102.38797
G1 X233.103 Y35.893 E102.42934
G1 X230.586 Y35.099 E102.47071
G1 X228.009 Y34.529 E102.51208
G1 X225.393 Y34.184 E102.55344
G1 X222.757 Y34.069 E102.5948
G1 X220.12 Y34.184 E102.63618
G1 X217.504 Y34.529 E102.67754
G1 X214.927 Y35.099 E102.71891
G1 X212.41 Y35.893 E102.76028
G1 X209.972 Y36.903 E102.80165
G1 X207.632 Y38.121 E102.843
G1 X205.405 Y39.539 E102.88439
G1 X203.312 Y41.146 E102.92575
G1 X201.366 Y42.929 E102.96712
G1 X199.583 Y44.874 E103.00848
G1 X197.977 Y46.968 E103.04985
G1 X196.559 Y49.194 E103.09122
G1 X195.34 Y51.534 E103.13258
G1 X194.331 Y53.972 E103.17394
G1 X193.537 Y56.489 E103.21531
G1 X192.966 Y59.066 E103.25669
G1 X192.622 Y61.682 E103.29805
G1 X192.507 Y64.319 E103.33943
G1 X192.622 Y66.956 E103.3808
G1 X192.966 Y69.571 E103.42215
G1 X193.537 Y72.148 E103.46352
G1 X194.331 Y74.665 E103.50489
G1 X195.34 Y77.103 E103.54625
G1 X196.559 Y79.444 E103.58763
G1 X197.977 Y81.67 E103.629
G1 X199.583 Y83.763 E103.67035
G1 X201.366 Y85.709 E103.71172
G1 X203.312 Y87.492 E103.7531
G1 X205.405 Y89.098 E103.79445
G1 X207.632 Y90.517 E103.83585
G1 X209.972 Y91.735 E103.8772
G1 X212.41 Y92.745 E103.91856
G1 X214.927 Y93.539 E103.95994
G1 X217.504 Y94.109 E104.00131
G1 X220.12 Y94.454 E104.04267
G1 X222.757 Y94.569 E104.08405
G1 X225.393 Y94.454 E104.12541
G1 X228.009 Y94.109 E104.16677
G1 X230.586 Y93.539 E104.20814
G1 X233.103 Y92.745 E104.24951
G1 X235.541 Y91.735 E104.29088
G1 X237.882 Y90.517 E104.33224
G1 X240.108 Y89.098 E104.37362
G1 X242.201 Y87.492 E104.41498
G1 X244.147 Y85.709 E104.45635
G1 X245.93 Y83.763 E104.49772
G1 X247.536 Y81.67 E104.53908
G1 X248.954 Y79.444 E104.58045
G1 X250.173 Y77.103 E104.62182
G1 X251.182 Y74.665 E104.66318
G1 X251.976 Y72.148 E104.70455
G1 X252.547 Y69.571 E104.74593
G1 X252.891 Y66.956 E104.78727
G1 X253.007 Y64.319 E104.82865
G0 F10500 X252.997 Y64.07
G0 X253.595 Y64.045
G0 X254.997 Y64.319
;TYPE:SKIN
G1 F2700 X254.876 Y61.507 E104.87277
G1 X254.509 Y58.719 E104.91685
G1 X253.899 Y55.972 E104.96096
G1 X253.053 Y53.292 E105.00501
G1 X251.98 Y50.69 E105.04913
G1 X250.678 Y48.199 E105.09319
G1 X249.168 Y45.826 E105.13728
G1 X247.455 Y43.593 E105.1814
G1 X245.556 Y41.52 E105.22547
G1 X243.482 Y39.621 E105.26955
G1 X241.251 Y37.907 E105.31365
G1 X238.877 Y36.397 E105.35775
G1 X236.382 Y35.096 E105.40186
G1 X233.784 Y34.022 E105.44593
G1 X231.101 Y33.176 E105.49003
G1 X228.356 Y32.567 E105.5341
G1 X225.568 Y32.199 E105.57819
G1 X222.757 Y32.079 E105.62229
G1 X219.945 Y32.199 E105.66641
G1 X217.157 Y32.567 E105.71049
G1 X214.412 Y33.176 E105.75457
G1 X211.73 Y34.022 E105.79865
G1 X209.128 Y35.096 E105.84278
G1 X206.637 Y36.397 E105.88683
G1 X204.263 Y37.907 E105.93093
G1 X202.031 Y39.621 E105.97505
G1 X199.957 Y41.52 E106.01913
G1 X198.058 Y43.593 E106.06319
G1 X196.345 Y45.826 E106.10731
G1 X194.835 Y48.199 E106.1514
G1 X193.533 Y50.69 E106.19546
G1 X192.46 Y53.292 E106.23958
G1 X191.614 Y55.972 E106.28363
G1 X191.004 Y58.719 E106.32774
G1 X190.637 Y61.508 E106.37184
G1 X190.517 Y64.319 E106.41594
G1 X190.637 Y67.13 E106.46005
G1 X191.004 Y69.918 E106.50413
G1 X191.614 Y72.665 E106.54824
G1 X192.46 Y75.346 E106.59231
G1 X193.533 Y77.944 E106.63637
G1 X194.835 Y80.439 E106.68048
G1 X196.345 Y82.812 E106.72457
G1 X198.058 Y85.044 E106.76868
G1 X199.957 Y87.118 E106.81276
G1 X202.031 Y89.017 E106.85684
G1 X204.263 Y90.73 E106.90094
G1 X206.637 Y92.241 E106.94505
G1 X209.128 Y93.542 E106.98911
G1 X211.73 Y94.616 E107.03323
G1 X214.412 Y95.462 E107.07731
G1 X217.157 Y96.071 E107.12139
G1 X219.945 Y96.439 E107.16547
G1 X222.757 Y96.559 E107.20959
G1 X225.568 Y96.439 E107.2537
G1 X228.356 Y96.071 E107.29778
G1 X231.101 Y95.462 E107.34185
G1 X233.784 Y94.616 E107.38595
G1 X236.382 Y93.542 E107.43002
G1 X238.877 Y92.241 E107.47413
G1 X241.251 Y90.73 E107.51824
G1 X243.482 Y89.017 E107.56233
G1 X245.556 Y87.118 E107.60641
G1 X247.455 Y85.044 E107.65049
G1 X249.168 Y82.812 E107.6946
G1 X250.678 Y80.439 E107.73869
G1 X251.98 Y77.944 E107.7828
G1 X253.053 Y75.346 E107.82686
G1 X253.899 Y72.665 E107.87093
G1 X254.509 Y69.918 E107.91504
G1 X254.876 Y67.131 E107.95911
G1 X254.997 Y64.319 E108.00323
G0 F10500 X256.514 Y64.319
G1 F2700 X256.383 Y67.273 E108.04958
G1 X255.997 Y70.206 E108.09595
G1 X255.364 Y73.052 E108.14165
G1 X254.485 Y75.845 E108.18755
G1 X253.346 Y78.596 E108.23422
G1 X251.995 Y81.189 E108.28006
G1 X250.407 Y83.685 E108.32643
G1 X248.622 Y86.011 E108.37239
G1 X246.626 Y88.189 E108.4187
G1 X244.439 Y90.192 E108.46519
G1 X242.139 Y91.958 E108.51064
G1 X239.643 Y93.549 E108.55704
G1 X237.011 Y94.918 E108.60355
G1 X234.29 Y96.044 E108.64971
G1 X231.49 Y96.926 E108.69572
G1 X228.644 Y97.559 E108.74143
G1 X225.711 Y97.945 E108.7878
G1 X222.757 Y98.076 E108.83415
G1 X219.802 Y97.945 E108.88052
G1 X216.869 Y97.559 E108.92689
G1 X214.023 Y96.926 E108.97259
G1 X211.223 Y96.044 E109.01861
G1 X208.502 Y94.918 E109.06477
G1 X205.87 Y93.549 E109.11127
G1 X203.374 Y91.958 E109.15767
G1 X201.074 Y90.192 E109.20313
G1 X198.887 Y88.189 E109.24962
G1 X196.891 Y86.011 E109.29593
G1 X195.106 Y83.685 E109.34189
G1 X193.518 Y81.189 E109.38826
G1 X192.167 Y78.596 E109.43409
G1 X191.028 Y75.845 E109.48077
G1 X190.149 Y73.052 E109.52666
G1 X189.516 Y70.206 E109.57237
G1 X189.131 Y67.273 E109.61874
G1 X189 Y64.319 E109.66509
G1 X189.131 Y61.364 E109.71145
G1 X189.516 Y58.432 E109.75781
G1 X190.149 Y55.585 E109.80353
G1 X191.028 Y52.793 E109.84941
G1 X192.167 Y50.042 E109.89608
G1 X193.522 Y47.441 E109.94206
G1 X195.113 Y44.941 E109.98851
G1 X196.883 Y42.636 E110.03406
G1 X198.887 Y40.449 E110.08056
G1 X201.074 Y38.445 E110.12706
G1 X203.374 Y36.679 E110.17252
G1 X205.87 Y35.089 E110.21891
G1 X208.502 Y33.72 E110.26541
G1 X211.223 Y32.594 E110.31157
G1 X214.023 Y31.712 E110.35759
G1 X216.869 Y31.079 E110.40329
G1 X219.802 Y30.693 E110.44966
G1 X222.757 Y30.562 E110.49603
G1 X225.711 Y30.693 E110.54238
G1 X228.644 Y31.079 E110.58875
G1 X231.49 Y31.712 E110.63446
G1 X234.29 Y32.594 E110.68047
G1 X237.012 Y33.72 E110.72665
G1 X239.644 Y35.089 E110.77315
G1 X242.139 Y36.679 E110.81953
G1 X244.439 Y38.445 E110.86499
G1 X246.626 Y40.449 E110.91149
G1 X248.63 Y42.636 E110.95798
G1 X250.4 Y44.941 E111.00354
G1 X251.991 Y47.441 E111.04999
G1 X253.346 Y50.042 E111.09596
G1 X254.485 Y52.793 E111.14264
G1 X255.364 Y55.585 E111.18852
G1 X255.997 Y58.432 E111.23424
G1 X256.383 Y61.364 E111.2806
G1 X256.514 Y64.319 E111.32696
G0 F10500 X247.447 Y41.678
G1 F2700 X245.395 Y39.627 E111.37244
G1 X245.307 Y39.539
G0 F10500 X241.351 Y37.704
G1 F2700 X238.28 Y34.633 E111.44052
G1 X238.192 Y34.545
G0 F10500 X237.829 Y35.597
G1 F2700 X235.62 Y33.388 E111.48949
G1 X235.532 Y33.3
G0 F10500 X235.169 Y34.351
G1 F2700 X233.353 Y32.534 E111.52976
G1 X233.265 Y32.446
G0 F10500 X232.916 Y33.512
G1 F2700 X231.306 Y31.902 E111.56545
G0 F10500 X230.396 Y31.699
G1 F2700 X231.884 Y33.187 E111.59844
G1 X231.972 Y33.275
G0 F10500 X230.886 Y32.896
G1 F2700 X229.487 Y31.497 E111.62945
G0 F10500 X228.58 Y31.297
G1 F2700 X229.977 Y32.695 E111.66043
G0 F10500 X229.07 Y32.494
G1 F2700 X227.766 Y31.19 E111.68934
G0 F10500 X226.952 Y31.083
G1 F2700 X228.186 Y32.318 E111.71671
G0 F10500 X227.372 Y32.21
G1 F2700 X226.137 Y30.976 E111.74407
G0 F10500 X225.357 Y30.902
G1 F2700 X226.557 Y32.102 E111.77067
G0 F10500 X225.742 Y31.995
G1 F2700 X224.617 Y30.87 E111.79561
G0 F10500 X223.877 Y30.836
G1 F2700 X224.989 Y31.949 E111.82028
G0 F10500 X224.25 Y31.917
G1 F2700 X223.136 Y30.803 E111.84497
G0 F10500 X222.427 Y30.801
G1 F2700 X223.512 Y31.886 E111.86902
G0 F10500 X222.773 Y31.855
G1 F2700 X221.75 Y30.831 E111.89171
G0 F10500 X221.074 Y30.862
G1 F2700 X222.093 Y31.882 E111.91431
G0 F10500 X221.415 Y31.911
G1 F2700 X220.397 Y30.892 E111.93689
G0 F10500 X219.728 Y30.93
G1 F2700 X220.737 Y31.94 E111.95927
G0 F10500 X220.058 Y31.968
G1 F2700 X219.103 Y31.012 E111.98045
G0 F10500 X218.478 Y31.095
G1 F2700 X219.423 Y32.04 E112.0014
G0 F10500 X218.799 Y32.123
G1 F2700 X217.853 Y31.177 E112.02237
G0 F10500 X217.228 Y31.259
G1 F2700 X218.174 Y32.205 E112.04335
G0 F10500 X217.549 Y32.287
G1 F2700 X216.625 Y31.363 E112.06383
G0 F10500 X216.047 Y31.492
G1 F2700 X216.938 Y32.384 E112.08359
G0 F10500 X216.359 Y32.512
G1 F2700 X215.468 Y31.621 E112.10335
G0 F10500 X214.89 Y31.749
G1 F2700 X215.78 Y32.64 E112.12309
G0 F10500 X215.202 Y32.768
G1 F2700 X214.312 Y31.879 E112.14281
G0 F10500 X213.758 Y32.031
G1 F2700 X214.623 Y32.896 E112.16198
G0 F10500 X214.067 Y33.048
G1 F2700 X213.22 Y32.2 E112.18077
G0 F10500 X212.682 Y32.37
G1 F2700 X213.529 Y33.217 E112.19955
G0 F10500 X212.992 Y33.387
G1 F2700 X212.144 Y32.539 E112.21834
G0 F10500 X211.606 Y32.708
G1 F2700 X212.455 Y33.557 E112.23717
G0 F10500 X211.917 Y33.726
G1 F2700 X211.085 Y32.894 E112.25561
G0 F10500 X210.585 Y33.101
G1 F2700 X211.398 Y33.914 E112.27363
G0 F10500 X210.898 Y34.121
G1 F2700 X210.084 Y33.308 E112.29167
G0 F10500 X209.585 Y33.515
G1 F2700 X210.397 Y34.327 E112.30967
G0 F10500 X209.896 Y34.534
G1 F2700 X209.085 Y33.722 E112.32766
G0 F10500 X208.585 Y33.929
G1 F2700 X209.396 Y34.74 E112.34564
G0 F10500 X208.905 Y34.957
G1 F2700 X208.119 Y34.171 E112.36306
G0 F10500 X207.655 Y34.414
G1 F2700 X208.44 Y35.199 E112.38046
G0 F10500 X207.976 Y35.442
G1 F2700 X207.19 Y34.656 E112.39789
G0 F10500 X206.724 Y34.897
G1 F2700 X207.512 Y35.685 E112.41536
G0 F10500 X207.047 Y35.928
G1 F2700 X206.259 Y35.139 E112.43283
G0 F10500 X205.807 Y35.394
G1 F2700 X206.583 Y36.17 E112.45004
G0 F10500 X206.147 Y36.441
G1 F2700 X205.375 Y35.67 E112.46714
G0 F10500 X204.944 Y35.945
G1 F2700 X205.714 Y36.715 E112.48421
G0 F10500 X205.282 Y36.99
G1 F2700 X204.512 Y36.22 E112.50128
G0 F10500 X204.08 Y36.495
G1 F2700 X204.85 Y37.265 E112.51835
G0 F10500 X204.418 Y37.541
G1 F2700 X203.648 Y36.771 E112.53542
G0 F10500 X203.237 Y37.067
G1 F2700 X203.996 Y37.826 E112.55225
G0 F10500 X203.596 Y38.133
G1 F2700 X202.837 Y37.374 E112.56907
G0 F10500 X202.437 Y37.681
G1 F2700 X203.196 Y38.44 E112.5859
G0 F10500 X202.796 Y38.748
G1 F2700 X202.038 Y37.989 E112.60271
G0 F10500 X201.637 Y38.296
G1 F2700 X202.396 Y39.054 E112.61953
G0 F10500 X201.996 Y39.361
G1 F2700 X201.237 Y38.603 E112.63634
G0 F10500 X200.867 Y38.939
G1 F2700 X201.618 Y39.691 E112.653
G0 F10500 X201.249 Y40.029
G1 F2700 X200.498 Y39.277 E112.66966
G0 F10500 X200.128 Y39.615
G1 F2700 X200.88 Y40.367 E112.68633
G0 F10500 X200.511 Y40.705
G1 F2700 X199.759 Y39.953 E112.703
G0 F10500 X199.39 Y40.291
G1 F2700 X200.142 Y41.043 E112.71967
G0 F10500 X199.776 Y41.384
G1 F2700 X199.022 Y40.631 E112.73638
G0 F10500 X198.684 Y41
G1 F2700 X199.438 Y41.753 E112.75308
G0 F10500 X199.1 Y42.122
G1 F2700 X198.346 Y41.369 E112.76978
G0 F10500 X198.008 Y41.738
G1 F2700 X198.762 Y42.491 E112.78649
G0 F10500 X198.424 Y42.86
G1 F2700 X197.67 Y42.107 E112.80319
G0 F10500 X197.332 Y42.476
G1 F2700 X198.085 Y43.228 E112.81987
G0 F10500 X197.76 Y43.61
G1 F2700 X197 Y42.851 E112.83671
G0 F10500 X196.693 Y43.25
G1 F2700 X197.453 Y44.011 E112.85357
G0 F10500 X197.146 Y44.411
G1 F2700 X196.386 Y43.651 E112.87042
G0 F10500 X196.079 Y44.051
G1 F2700 X196.839 Y44.811 E112.88727
G0 F10500 X196.532 Y45.211
G1 F2700 X195.771 Y44.45 E112.90414
G0 F10500 X195.464 Y44.851
G1 F2700 X196.225 Y45.611 E112.921
G0 F10500 X195.944 Y46.037
G1 F2700 X195.172 Y45.265 E112.93811
G0 F10500 X194.897 Y45.697
G1 F2700 X195.669 Y46.469 E112.95522
G0 F10500 X195.394 Y46.901
G1 F2700 X194.621 Y46.129 E112.97235
G0 F10500 X194.346 Y46.561
G1 F2700 X195.119 Y47.333 E112.98947
G0 F10500 X194.843 Y47.765
G1 F2700 X194.071 Y46.992 E113.0066
G0 F10500 X193.796 Y47.424
G1 F2700 X194.576 Y48.205 E113.0239
G0 F10500 X194.334 Y48.67
G1 F2700 X193.545 Y47.881 E113.04139
G0 F10500 X193.303 Y48.346
G1 F2700 X194.091 Y49.134 E113.05886
G0 F10500 X193.849 Y49.599
G1 F2700 X193.06 Y48.81 E113.07635
G0 F10500 X192.818 Y49.276
G1 F2700 X193.606 Y50.063 E113.09381
G0 F10500 X193.363 Y50.527
G1 F2700 X192.576 Y49.74 E113.11126
G0 F10500 X192.339 Y50.21
G1 F2700 X193.151 Y51.023 E113.12927
G0 F10500 X192.945 Y51.524
G1 F2700 X192.132 Y50.71 E113.1473
G0 F10500 X191.925 Y51.21
G1 F2700 X192.738 Y52.024 E113.16534
G0 F10500 X192.532 Y52.525
G1 F2700 X191.717 Y51.71 E113.1834
G0 F10500 X191.51 Y52.21
G1 F2700 X192.325 Y53.025 E113.20147
G0 F10500 X192.142 Y53.549
G1 F2700 X191.303 Y52.71 E113.22007
G0 F10500 X191.121 Y53.235
G1 F2700 X191.972 Y54.086 E113.23894
G0 F10500 X191.803 Y54.624
G1 F2700 X190.952 Y53.774 E113.25779
G0 F10500 X190.783 Y54.312
G1 F2700 X191.633 Y55.162 E113.27663
G0 F10500 X191.464 Y55.699
G1 F2700 X190.614 Y54.85 E113.29546
G0 F10500 X190.445 Y55.388
G1 F2700 X191.317 Y56.26 E113.3148
G0 F10500 X191.189 Y56.839
G1 F2700 X190.297 Y55.947 E113.33457
G0 F10500 X190.169 Y56.526
G1 F2700 X191.06 Y57.417 E113.35432
G0 F10500 X190.932 Y57.996
G1 F2700 X190.04 Y57.104 E113.3741
G0 F10500 X189.911 Y57.682
G1 F2700 X190.804 Y58.575 E113.39389
G0 F10500 X190.715 Y59.193
G1 F2700 X189.783 Y58.261 E113.41455
G0 F10500 X189.684 Y58.869
G1 F2700 X190.633 Y59.818 E113.43559
G0 F10500 X190.55 Y60.442
G1 F2700 X189.602 Y59.494 E113.45661
G0 F10500 X189.52 Y60.119
G1 F2700 X190.468 Y61.067 E113.47762
G0 F10500 X190.403 Y61.709
G1 F2700 X189.438 Y60.745 E113.499
G0 F10500 X189.356 Y61.37
G1 F2700 X190.374 Y62.388 E113.52157
G0 F10500 X190.345 Y63.066
G1 F2700 X189.325 Y62.045 E113.5442
G0 F10500 X189.295 Y62.723
G1 F2700 X190.316 Y63.744 E113.56683
G0 F10500 X190.295 Y64.43
G1 F2700 X189.264 Y63.399 E113.58968
G0 F10500 X189.234 Y64.076
G1 F2700 X190.327 Y65.169 E113.61391
G0 F10500 X190.358 Y65.908
G1 F2700 X189.245 Y64.794 E113.6386
G0 F10500 X189.278 Y65.534
G1 F2700 X190.39 Y66.646 E113.66325
G0 F10500 X190.446 Y67.409
G1 F2700 X189.31 Y66.274 E113.68842
G0 F10500 X189.344 Y67.014
G1 F2700 X190.553 Y68.224 E113.71524
G0 F10500 X190.661 Y69.039
G1 F2700 X189.427 Y67.805 E113.74259
G0 F10500 X189.533 Y68.618
G1 F2700 X190.768 Y69.853 E113.76997
G0 F10500 X190.957 Y70.748
G1 F2700 X189.64 Y69.432 E113.79915
G0 F10500 X189.755 Y70.254
G1 F2700 X191.158 Y71.657 E113.83026
G0 F10500 X191.36 Y72.566
G1 F2700 X189.958 Y71.164 E113.86134
G0 F10500 X190.161 Y72.074
G1 F2700 X191.666 Y73.579 E113.8947
G1 X191.754 Y73.667
G0 F10500 X190.686 Y74.013
G1 F2700 X192.356 Y75.683 E113.93172
G1 X192.444 Y75.771
G0 F10500 X191.387 Y76.129
G1 F2700 X193.361 Y78.102 E113.97547
G1 X193.449 Y78.19
G0 F10500 X192.398 Y78.553
G1 F2700 X195.064 Y81.22 E114.03458
G1 X195.152 Y81.308
G0 F10500 X194.071 Y81.641
G1 F2700 X205.437 Y93.007 E114.28655
G1 X205.525 Y93.095
G0 F10500 X205.854 Y92.01
G1 F2700 X208.517 Y94.673 E114.34558
G1 X208.605 Y94.761
G0 F10500 X208.975 Y93.717
G1 F2700 X210.943 Y95.684 E114.3892
G1 X211.031 Y95.772
G0 F10500 X211.393 Y94.72
G1 F2700 X213.059 Y96.387 E114.42614
G1 X213.147 Y96.475
G0 F10500 X213.496 Y95.409
G1 F2700 X214.999 Y96.912 E114.45946
G0 F10500 X214.09 Y96.71
G1 F2700 X212.462 Y95.083 E114.49554
G1 X212.374 Y94.995
G0 F10500 X212.027 Y96.061
G1 F2700 X210.189 Y94.224 E114.53628
G1 X210.101 Y94.136
G0 F10500 X209.737 Y95.185
G1 F2700 X207.494 Y92.943 E114.58599
G1 X207.406 Y92.855
G0 F10500 X207.043 Y93.906
G1 F2700 X203.781 Y90.644 E114.6583
G1 X203.693 Y90.556
G0 F10500 X203.474 Y91.752
G1 F2700 X195.324 Y83.601 E114.83899
G1 X195.236 Y83.513
G0 F10500 X196.43 Y83.292
G1 F2700 X193.167 Y80.03 E114.91131
G1 X193.079 Y79.942
G0 F10500 X194.132 Y79.581
G1 F2700 X191.887 Y77.336 E114.96108
G1 X191.799 Y77.248
G0 F10500 X192.852 Y76.887
G1 F2700 X191.01 Y75.044 E115.00193
G1 X190.922 Y74.956
G0 F10500 X191.992 Y74.613
G1 F2700 X190.363 Y72.984 E115.03804
G1 X190.275 Y72.896
G0 F10500 X199.17 Y84.11
G0 X200.984 Y86.091
G0 X202.965 Y87.905
G0 X204.69 Y89.228
G0 X214.509 Y95.715
G1 F2700 X215.908 Y97.114 E115.06905
G0 F10500 X216.818 Y97.317
G1 F2700 X215.417 Y95.916 E115.10011
G0 F10500 X216.326 Y96.118
G1 F2700 X217.641 Y97.433 E115.12926
G0 F10500 X218.455 Y97.54
G1 F2700 X217.221 Y96.305 E115.15663
G0 F10500 X218.035 Y96.413
G1 F2700 X219.269 Y97.647 E115.18398
G0 F10500 X220.06 Y97.73
G1 F2700 X218.85 Y96.521 E115.2108
G0 F10500 X219.665 Y96.628
G1 F2700 X220.8 Y97.763 E115.23596
G0 F10500 X221.54 Y97.796
G1 F2700 X220.428 Y96.684 E115.26061
G0 F10500 X221.166 Y96.715
G1 F2700 X222.28 Y97.829 E115.28531
G0 F10500 X222.998 Y97.84
G1 F2700 X221.905 Y96.747 E115.30954
G0 F10500 X222.644 Y96.779
G1 F2700 X223.674 Y97.809 E115.33237
G0 F10500 X224.351 Y97.779
G1 F2700 X223.331 Y96.759 E115.35498
G0 F10500 X224.01 Y96.73
G1 F2700 X225.028 Y97.749 E115.37756
G0 F10500 X225.704 Y97.717
G1 F2700 X224.688 Y96.701 E115.40008
G0 F10500 X225.366 Y96.672
G1 F2700 X226.329 Y97.635 E115.42143
G0 F10500 X226.954 Y97.553
G1 F2700 X226.008 Y96.607 E115.4424
G0 F10500 X226.632 Y96.525
G1 F2700 X227.578 Y97.471 E115.46337
G0 F10500 X228.203 Y97.389
G1 F2700 X227.257 Y96.442 E115.48436
G0 F10500 X227.882 Y96.36
G1 F2700 X228.812 Y97.29 E115.50497
G0 F10500 X229.39 Y97.161
G1 F2700 X228.499 Y96.27 E115.52472
G0 F10500 X229.078 Y96.142
G1 F2700 X229.968 Y97.032 E115.54445
G0 F10500 X230.547 Y96.904
G1 F2700 X229.657 Y96.014 E115.56418
G0 F10500 X230.236 Y95.885
G1 F2700 X231.125 Y96.775 E115.5839
G0 F10500 X231.684 Y96.627
G1 F2700 X230.815 Y95.757 E115.60318
G0 F10500 X231.375 Y95.611
G1 F2700 X232.223 Y96.458 E115.62197
G0 F10500 X232.76 Y96.288
G1 F2700 X231.913 Y95.441 E115.64074
G0 F10500 X232.451 Y95.272
G1 F2700 X233.298 Y96.119 E115.65952
G0 F10500 X233.836 Y95.95
G1 F2700 X232.988 Y95.103 E115.67831
G0 F10500 X233.526 Y94.933
G1 F2700 X234.362 Y95.769 E115.69684
G0 F10500 X234.862 Y95.562
G1 F2700 X234.05 Y94.75 E115.71484
G0 F10500 X234.55 Y94.543
G1 F2700 X235.362 Y95.355 E115.73284
G0 F10500 X235.863 Y95.148
G1 F2700 X235.05 Y94.336 E115.75085
G0 F10500 X235.55 Y94.129
G1 F2700 X236.363 Y94.941 E115.76887
G0 F10500 X236.863 Y94.734
G1 F2700 X236.051 Y93.922 E115.78687
G0 F10500 X236.546 Y93.71
G1 F2700 X237.331 Y94.496 E115.80428
G0 F10500 X237.797 Y94.254
G1 F2700 X237.01 Y93.468 E115.82172
G0 F10500 X237.475 Y93.225
G1 F2700 X238.262 Y94.012 E115.83916
G0 F10500 X238.727 Y93.77
G1 F2700 X237.94 Y92.983 E115.85661
G0 F10500 X238.405 Y92.741
G1 F2700 X239.193 Y93.529 E115.87408
G0 F10500 X239.649 Y93.277
G1 F2700 X238.869 Y92.498 E115.89136
G0 F10500 X239.31 Y92.232
G1 F2700 X240.08 Y93.002 E115.90843
G0 F10500 X240.512 Y92.727
G1 F2700 X239.742 Y91.957 E115.9255
G0 F10500 X240.174 Y91.682
G1 F2700 X240.943 Y92.451 E115.94254
G0 F10500 X241.375 Y92.176
G1 F2700 X240.607 Y91.407 E115.95958
G0 F10500 X241.039 Y91.132
G1 F2700 X241.807 Y91.9 E115.97661
G0 F10500 X242.222 Y91.608
G1 F2700 X241.464 Y90.85 E115.99341
G0 F10500 X241.864 Y90.543
G1 F2700 X242.622 Y91.301 E116.01021
G0 F10500 X243.021 Y90.994
G1 F2700 X242.264 Y90.236 E116.02701
G0 F10500 X242.664 Y89.929
G1 F2700 X243.422 Y90.687 E116.04381
G0 F10500 X243.822 Y90.38
G1 F2700 X243.064 Y89.622 E116.06061
G0 F10500 X243.464 Y89.315
G1 F2700 X244.221 Y90.072 E116.0774
G0 F10500 X244.596 Y89.74
G1 F2700 X243.845 Y88.989 E116.09404
G0 F10500 X244.214 Y88.651
G1 F2700 X244.965 Y89.402 E116.11069
G0 F10500 X245.334 Y89.064
G1 F2700 X244.583 Y88.313 E116.12734
G0 F10500 X244.953 Y87.975
G1 F2700 X245.704 Y88.727 E116.144
G0 F10500 X246.073 Y88.389
G1 F2700 X245.322 Y87.637 E116.16066
G0 F10500 X245.691 Y87.299
G1 F2700 X246.442 Y88.051 E116.17732
G0 F10500 X246.783 Y87.684
G1 F2700 X246.03 Y86.931 E116.19401
G0 F10500 X246.368 Y86.562
G1 F2700 X247.121 Y87.315 E116.21071
G0 F10500 X247.459 Y86.946
G1 F2700 X246.706 Y86.193 E116.2274
G0 F10500 X247.044 Y85.824
G1 F2700 X247.797 Y86.577 E116.24409
G0 F10500 X248.135 Y86.208
G1 F2700 X247.382 Y85.455 E116.26078
G0 F10500 X247.712 Y85.077
G1 F2700 X248.471 Y85.837 E116.27762
G0 F10500 X248.778 Y85.436
G1 F2700 X248.019 Y84.677 E116.29445
G0 F10500 X248.326 Y84.277
G1 F2700 X249.086 Y85.037 E116.31129
G0 F10500 X249.393 Y84.637
G1 F2700 X248.632 Y83.877 E116.32815
G0 F10500 X248.939 Y83.476
G1 F2700 X249.7 Y84.237 E116.34502
G0 F10500 X250.007 Y83.837
G1 F2700 X249.246 Y83.076 E116.36189
G0 F10500 X249.532 Y82.655
G1 F2700 X250.304 Y83.427 E116.37901
G0 F10500 X250.579 Y82.995
G1 F2700 X249.807 Y82.223 E116.39612
G0 F10500 X250.082 Y81.791
G1 F2700 X250.854 Y82.563 E116.41324
G0 F10500 X251.129 Y82.131
G1 F2700 X250.357 Y81.358 E116.43036
G0 F10500 X250.632 Y80.926
G1 F2700 X251.404 Y81.698 E116.44748
G0 F10500 X251.679 Y81.266
G1 F2700 X250.903 Y80.49 E116.46468
G0 F10500 X251.145 Y80.026
G1 F2700 X251.935 Y80.815 E116.48218
G0 F10500 X252.177 Y80.35
G1 F2700 X251.388 Y79.561 E116.49967
G0 F10500 X251.631 Y79.096
G1 F2700 X252.419 Y79.885 E116.51715
G0 F10500 X252.661 Y79.42
G1 F2700 X251.873 Y78.632 E116.53462
G0 F10500 X252.116 Y78.167
G1 F2700 X252.903 Y78.955 E116.55208
G0 F10500 X253.145 Y78.49
G1 F2700 X252.332 Y77.677 E116.5701
G0 F10500 X252.538 Y77.176
G1 F2700 X253.352 Y77.99 E116.58815
G0 F10500 X253.56 Y77.49
G1 F2700 X252.745 Y76.675 E116.60621
G0 F10500 X252.952 Y76.175
G1 F2700 X253.767 Y76.99 E116.62428
G0 F10500 X253.974 Y76.49
G1 F2700 X253.159 Y75.675 E116.64235
G0 F10500 X253.347 Y75.156
G1 F2700 X254.181 Y75.99 E116.66084
G0 F10500 X254.368 Y75.47
G1 F2700 X253.516 Y74.618 E116.67972
G0 F10500 X253.686 Y74.081
G1 F2700 X254.537 Y74.932 E116.69859
G0 F10500 X254.706 Y74.393
G1 F2700 X253.856 Y73.544 E116.71742
G0 F10500 X254.025 Y73.006
G1 F2700 X254.875 Y73.855 E116.73625
G0 F10500 X255.044 Y73.317
G1 F2700 X254.176 Y72.45 E116.75548
G0 F10500 X254.305 Y71.871
G1 F2700 X255.196 Y72.763 E116.77525
G0 F10500 X255.325 Y72.184
G1 F2700 X254.433 Y71.293 E116.79501
G0 F10500 X254.561 Y70.714
G1 F2700 X255.454 Y71.606 E116.8148
G0 F10500 X255.583 Y71.028
G1 F2700 X254.69 Y70.135 E116.83459
G0 F10500 X254.786 Y69.524
G1 F2700 X255.711 Y70.449 E116.8551
G0 F10500 X255.816 Y69.847
G1 F2700 X254.868 Y68.899 E116.87611
G0 F10500 X254.95 Y68.274
G1 F2700 X255.899 Y69.222 E116.89714
G0 F10500 X255.981 Y68.597
G1 F2700 X255.032 Y67.649 E116.91817
G0 F10500 X255.105 Y67.014
G1 F2700 X256.063 Y67.972 E116.9394
G0 F10500 X256.145 Y67.347
G1 F2700 X255.134 Y66.336 E116.96182
G0 F10500 X255.163 Y65.658
G1 F2700 X256.183 Y66.678 E116.98443
G0 F10500 X256.213 Y66.002
G1 F2700 X255.192 Y64.98 E117.00707
G0 F10500 X255.22 Y64.301
G1 F2700 X256.244 Y65.325 E117.02977
G0 F10500 X256.274 Y64.648
G1 F2700 X255.188 Y63.562 E117.05385
G0 F10500 X255.156 Y62.823
G1 F2700 X256.271 Y63.938 E117.07857
G0 F10500 X256.238 Y63.198
G1 F2700 X255.124 Y62.084 E117.10326
G0 F10500 X255.078 Y61.331
G1 F2700 X256.206 Y62.458 E117.12826
G0 F10500 X256.172 Y61.718
G1 F2700 X254.971 Y60.517 E117.15488
G0 F10500 X254.863 Y59.701
G1 F2700 X256.099 Y60.937 E117.18228
G0 F10500 X255.992 Y60.123
G1 F2700 X254.755 Y58.887 E117.20969
G0 F10500 X254.58 Y58.004
G1 F2700 X255.885 Y59.309 E117.23862
G0 F10500 X255.778 Y58.496
G1 F2700 X254.378 Y57.096 E117.26966
G0 F10500 X254.177 Y56.187
G1 F2700 X255.579 Y57.589 E117.30074
G0 F10500 X255.376 Y56.679
G1 F2700 X253.886 Y55.189 E117.33377
G1 X253.798 Y55.101
G0 F10500 X254.866 Y54.755
G1 F2700 X253.219 Y53.108 E117.37028
G1 X253.131 Y53.02
G0 F10500 X254.186 Y52.661
G1 F2700 X252.227 Y50.702 E117.41371
G1 X252.139 Y50.614
G0 F10500 X253.186 Y50.247
G1 F2700 X250.604 Y47.664 E117.47096
G1 X250.516 Y47.576
G0 F10500 X251.602 Y47.248
G1 F2700 X245.713 Y41.36 E117.6015
G1 X239.825 Y35.471 E117.73204
G1 X239.737 Y35.383
G0 F10500 X239.408 Y36.469
G1 F2700 X236.827 Y33.887 E117.78927
G1 X236.739 Y33.799
G0 F10500 X236.373 Y34.848
G1 F2700 X234.414 Y32.888 E117.8327
G1 X234.326 Y32.8
G0 F10500 X233.964 Y33.853
G1 F2700 X232.321 Y32.21 E117.86913
G1 X232.233 Y32.122
G0 F10500 X241.778 Y36.717
G1 F2700 X250.361 Y45.3 E118.0594
G1 X250.449 Y45.388
G0 F10500 X249.364 Y45.717
G1 F2700 X252.442 Y48.795 E118.12763
G1 X252.53 Y48.883
G0 F10500 X251.478 Y49.246
G1 F2700 X253.686 Y51.454 E118.17658
G1 X253.774 Y51.542
G0 F10500 X252.723 Y51.905
G1 F2700 X254.542 Y53.724 E118.21691
G1 X254.63 Y53.812
G0 F10500 X253.56 Y54.156
G1 F2700 X255.173 Y55.769 E118.25266
G1 X255.261 Y55.857
;MESH:NONMESH
G0 F10500 X246.343 Y44.527
G0 X244.529 Y42.547
G0 X242.548 Y40.733
G0 X240.417 Y39.097
G0 X238.151 Y37.654
G0 X235.768 Y36.413
G0 X233.287 Y35.386
G0 X230.725 Y34.578
G0 X228.102 Y33.997
G0 X225.44 Y33.646
G0 X222.757 Y33.529
G0 X220.073 Y33.646
G0 X217.411 Y33.997
G0 X214.788 Y34.578
G0 X212.226 Y35.386
G0 X209.744 Y36.413
G0 X207.363 Y37.654
G0 X205.096 Y39.097
G0 X202.965 Y40.733
G0 X200.984 Y42.547
G0 X199.516 Y44.15
G0 X193.978 Y50.898
;TIME_ELAPSED:376.422487
;LAYER:3
M106 S4.6
;MESH:
G0 X193.978 Y50.898 Z0.8
;TYPE:WALL-INNER
G1 F3600 X192.921 Y53.459 E118.29609
G1 X192.088 Y56.099 E118.33949
G1 X191.487 Y58.805 E118.38294
G1 X191.125 Y61.551 E118.42636
G1 X191.007 Y64.319 E118.46979
G1 X191.125 Y67.087 E118.51321
G1 X191.487 Y69.832 E118.55662
G1 X192.088 Y72.538 E118.60007
G1 X192.921 Y75.178 E118.64346
G1 X193.978 Y77.736 E118.68685
G1 X195.26 Y80.194 E118.7303
G1 X196.747 Y82.531 E118.77373
G1 X198.434 Y84.729 E118.81716
G1 X200.304 Y86.771 E118.86056
G1 X202.346 Y88.641 E118.90397
G1 X204.544 Y90.328 E118.9474
G1 X206.882 Y91.816 E118.99084
G1 X209.336 Y93.097 E119.03423
G1 X211.897 Y94.155 E119.07767
G1 X214.539 Y94.988 E119.12109
G1 X217.243 Y95.588 E119.16451
G1 X219.988 Y95.951 E119.20791
G1 X222.757 Y96.069 E119.25136
G1 X225.525 Y95.951 E119.29479
G1 X228.27 Y95.588 E119.33819
G1 X230.974 Y94.988 E119.38161
G1 X233.616 Y94.155 E119.42503
G1 X236.174 Y93.097 E119.46843
G1 X238.632 Y91.816 E119.51188
G1 X240.969 Y90.328 E119.5553
G1 X243.167 Y88.641 E119.59874
G1 X245.209 Y86.771 E119.64214
G1 X247.079 Y84.729 E119.68554
G1 X248.766 Y82.531 E119.72898
G1 X250.253 Y80.194 E119.7724
G1 X251.535 Y77.736 E119.81585
G1 X252.592 Y75.178 E119.85924
G1 X253.425 Y72.538 E119.90263
G1 X254.026 Y69.832 E119.94609
G1 X254.388 Y67.088 E119.98947
G1 X254.507 Y64.319 E120.03292
G1 X254.388 Y61.55 E120.07636
G1 X254.026 Y58.805 E120.11976
G1 X253.425 Y56.099 E120.16322
G1 X252.592 Y53.459 E120.20661
G1 X251.535 Y50.898 E120.25004
G1 X250.253 Y48.444 E120.29344
G1 X248.766 Y46.107 E120.33686
G1 X247.079 Y43.908 E120.38031
G1 X245.209 Y41.867 E120.4237
G1 X243.167 Y39.997 E120.4671
G1 X240.969 Y38.309 E120.51054
G1 X238.632 Y36.822 E120.55397
G1 X236.174 Y35.541 E120.59741
G1 X233.616 Y34.483 E120.64081
G1 X230.974 Y33.65 E120.68423
G1 X228.27 Y33.05 E120.72765
G1 X225.525 Y32.687 E120.77105
G1 X222.757 Y32.569 E120.81448
G1 X219.988 Y32.687 E120.85793
G1 X217.243 Y33.05 E120.90133
G1 X214.539 Y33.65 E120.94475
G1 X211.897 Y34.483 E120.98817
G1 X209.336 Y35.541 E121.03161
G1 X206.882 Y36.822 E121.075
G1 X204.544 Y38.309 E121.11843
G1 X202.346 Y39.997 E121.16188
G1 X200.304 Y41.867 E121.20528
G1 X198.434 Y43.908 E121.24867
G1 X196.747 Y46.107 E121.29212
G1 X195.26 Y48.444 E121.33554
G1 X193.978 Y50.898 E121.37894
G0 F10500 X199.17 Y44.527
G0 X200.984 Y42.547
G0 X202.965 Y40.733
G0 X205.096 Y39.097
G0 X207.363 Y37.654
G0 X209.744 Y36.413
G0 X211.15 Y35.832
G0 X225.75 Y30.203
G1 F3600 X228.722 Y30.595 E121.42593
G1 X231.617 Y31.238 E121.47242
G1 X234.467 Y32.136 E121.51926
G1 X237.216 Y33.273 E121.56589
G1 X239.883 Y34.661 E121.61302
G1 X242.416 Y36.275 E121.6601
G1 X244.759 Y38.074 E121.7064
G1 X246.973 Y40.102 E121.75347
G1 X249.001 Y42.316 E121.80053
G1 X250.804 Y44.664 E121.84694
G1 X252.426 Y47.214 E121.89431
G1 X253.791 Y49.833 E121.94061
G1 X254.941 Y52.612 E121.98775
G1 X255.838 Y55.458 E122.03453
G1 X256.481 Y58.354 E122.08103
G1 X256.873 Y61.325 E122.128
G1 X257.004 Y64.319 E122.17498
G1 X256.873 Y67.312 E122.22194
G1 X256.481 Y70.284 E122.26893
G1 X255.838 Y73.179 E122.31542
G1 X254.941 Y76.026 E122.36221
G1 X253.791 Y78.805 E122.40936
G1 X252.426 Y81.424 E122.45565
G1 X250.811 Y83.962 E122.50281
G1 X248.993 Y86.331 E122.54962
G1 X246.973 Y88.536 E122.59649
G1 X244.759 Y90.563 E122.64355
G1 X242.416 Y92.362 E122.68985
G1 X239.882 Y93.977 E122.73696
G1 X237.215 Y95.365 E122.78408
G1 X234.467 Y96.502 E122.8307
G1 X231.617 Y97.4 E122.87754
G1 X228.722 Y98.043 E122.92403
G1 X225.75 Y98.435 E122.97102
G1 X222.757 Y98.566 E123.01798
G1 X219.763 Y98.435 E123.06496
G1 X216.791 Y98.043 E123.11195
G1 X213.896 Y97.4 E123.15844
G1 X211.046 Y96.502 E123.20528
G1 X208.298 Y95.365 E123.25189
G1 X205.631 Y93.977 E123.29902
G1 X203.097 Y92.362 E123.34613
G1 X200.754 Y90.563 E123.39243
G1 X198.54 Y88.536 E123.43949
G1 X196.52 Y86.331 E123.48636
G1 X194.702 Y83.962 E123.53317
G1 X193.087 Y81.424 E123.58033
G1 X191.722 Y78.805 E123.62662
G1 X190.572 Y76.026 E123.67377
G1 X189.675 Y73.179 E123.72056
G1 X189.032 Y70.284 E123.76704
G1 X188.641 Y67.312 E123.81403
G1 X188.51 Y64.319 E123.86099
G1 X188.641 Y61.325 E123.90797
G1 X189.032 Y58.354 E123.95495
G1 X189.675 Y55.458 E124.00145
G1 X190.572 Y52.612 E124.04822
G1 X191.722 Y49.833 E124.09537
G1 X193.087 Y47.214 E124.14166
G1 X194.709 Y44.664 E124.18904
G1 X196.512 Y42.316 E124.23544
G1 X198.54 Y40.102 E124.28251
G1 X200.754 Y38.074 E124.32957
G1 X203.097 Y36.275 E124.37588
G1 X205.631 Y34.661 E124.42297
G1 X208.298 Y33.273 E124.4701
G1 X211.046 Y32.136 E124.51672
G1 X213.896 Y31.238 E124.56356
G1 X216.791 Y30.595 E124.61004
G1 X219.763 Y30.203 E124.65704
G1 X222.757 Y30.072 E124.70401
G1 X225.75 Y30.203 E124.75097
G0 F10500 X225.791 Y29.704
G1 F3600 X228.804 Y30.101 E124.79861
G1 X231.749 Y30.755 E124.8459
G1 X234.637 Y31.665 E124.89337
G1 X237.433 Y32.822 E124.9408
G1 X240.133 Y34.227 E124.98851
G1 X242.699 Y35.862 E125.03621
G1 X245.084 Y37.693 E125.08334
G1 X247.327 Y39.748 E125.13102
G1 X249.382 Y41.991 E125.17871
G1 X251.213 Y44.376 E125.22584
G1 X252.858 Y46.961 E125.27387
G1 X254.246 Y49.625 E125.32096
G1 X255.412 Y52.442 E125.36875
G1 X256.321 Y55.326 E125.41615
G1 X256.975 Y58.272 E125.46346
G1 X257.372 Y61.284 E125.51108
G1 X257.505 Y64.319 E125.5587
G1 X257.372 Y67.353 E125.6063
G1 X256.975 Y70.366 E125.65394
G1 X256.321 Y73.311 E125.70123
G1 X255.412 Y76.196 E125.74865
G1 X254.246 Y79.013 E125.79644
G1 X252.858 Y81.677 E125.84353
G1 X251.217 Y84.256 E125.89144
G1 X249.378 Y86.651 E125.93878
G1 X247.327 Y88.89 E125.98637
G1 X245.084 Y90.944 E126.03405
G1 X242.699 Y92.775 E126.08118
G1 X240.132 Y94.411 E126.1289
G1 X237.432 Y95.816 E126.17661
G1 X234.637 Y96.973 E126.22403
G1 X231.749 Y97.883 E126.27149
G1 X228.804 Y98.537 E126.31878
G1 X225.791 Y98.934 E126.36642
G1 X222.757 Y99.067 E126.41402
G1 X219.722 Y98.934 E126.46164
G1 X216.709 Y98.537 E126.50928
G1 X213.764 Y97.883 E126.55657
G1 X210.876 Y96.973 E126.60404
G1 X208.081 Y95.816 E126.65145
G1 X205.381 Y94.411 E126.69917
G1 X202.814 Y92.775 E126.74688
G1 X200.429 Y90.944 E126.79401
G1 X198.186 Y88.89 E126.84169
G1 X196.135 Y86.651 E126.88929
G1 X194.296 Y84.256 E126.93662
G1 X192.655 Y81.677 E126.98454
G1 X191.267 Y79.013 E127.03163
G1 X190.101 Y76.196 E127.07942
G1 X189.192 Y73.311 E127.12683
G1 X188.538 Y70.366 E127.17412
G1 X188.142 Y67.353 E127.22176
G1 X188.009 Y64.319 E127.26936
G1 X188.142 Y61.284 E127.31698
G1 X188.538 Y58.272 E127.3646
G1 X189.192 Y55.326 E127.41191
G1 X190.101 Y52.442 E127.45931
G1 X191.267 Y49.625 E127.5071
G1 X192.655 Y46.961 E127.55419
G1 X194.3 Y44.376 E127.60222
G1 X196.131 Y41.991 E127.64935
G1 X198.186 Y39.748 E127.69703
G1 X200.429 Y37.693 E127.74472
G1 X202.814 Y35.862 E127.79185
G1 X205.381 Y34.227 E127.83956
G1 X208.081 Y32.822 E127.88727
G1 X210.876 Y31.665 E127.93469
G1 X213.764 Y30.755 E127.98216
G1 X216.709 Y30.101 E128.02944
G1 X219.722 Y29.704 E128.07708
G1 X222.757 Y29.571 E128.1247
G1 X225.791 Y29.704 E128.17231
G0 F10500 X209.744 Y36.413
G0 X207.363 Y37.654
G0 X205.096 Y39.097
G0 X202.965 Y40.733
G0 X200.984 Y42.547
G0 X199.17 Y44.527
G0 X197.847 Y46.253
G0 X194.432 Y51.11
G1 F3600 X193.391 Y53.63 E128.21505
G1 X192.571 Y56.229 E128.25777
G1 X191.98 Y58.892 E128.30053
G1 X191.624 Y61.594 E128.34325
G1 X191.507 Y64.319 E128.386
G1 X191.624 Y67.044 E128.42876
G1 X191.98 Y69.745 E128.47146
G1 X192.571 Y72.408 E128.51422
G1 X193.391 Y75.007 E128.55694
G1 X194.432 Y77.525 E128.59966
G1 X195.693 Y79.944 E128.64242
G1 X197.157 Y82.244 E128.68515
G1 X198.817 Y84.407 E128.72789
G1 X200.658 Y86.417 E128.77062
G1 X202.668 Y88.258 E128.81335
G1 X204.831 Y89.918 E128.85609
G1 X207.132 Y91.383 E128.89885
G1 X209.548 Y92.643 E128.94156
G1 X212.068 Y93.685 E128.98431
G1 X214.669 Y94.505 E129.02706
G1 X217.33 Y95.095 E129.06978
G1 X220.032 Y95.452 E129.1125
G1 X222.757 Y95.569 E129.15526
G1 X225.481 Y95.452 E129.198
G1 X228.183 Y95.095 E129.24072
G1 X230.844 Y94.505 E129.28345
G1 X233.445 Y93.685 E129.3262
G1 X235.963 Y92.643 E129.36891
G1 X238.382 Y91.383 E129.41167
G1 X240.682 Y89.918 E129.45442
G1 X242.845 Y88.258 E129.49716
G1 X244.855 Y86.417 E129.53988
G1 X246.696 Y84.407 E129.58261
G1 X248.356 Y82.244 E129.62535
G1 X249.82 Y79.944 E129.66809
G1 X251.081 Y77.525 E129.71085
G1 X252.122 Y75.007 E129.75356
G1 X252.942 Y72.408 E129.79628
G1 X253.533 Y69.745 E129.83904
G1 X253.889 Y67.044 E129.88174
G1 X254.007 Y64.319 E129.9245
G1 X253.889 Y61.594 E129.96726
G1 X253.533 Y58.892 E130.00998
G1 X252.942 Y56.229 E130.05274
G1 X252.122 Y53.63 E130.09546
G1 X251.081 Y51.11 E130.1382
G1 X249.82 Y48.694 E130.18092
G1 X248.356 Y46.394 E130.22365
G1 X246.696 Y44.23 E130.26641
G1 X244.855 Y42.221 E130.30912
G1 X242.845 Y40.38 E130.35185
G1 X240.682 Y38.719 E130.3946
G1 X238.382 Y37.255 E130.43734
G1 X235.963 Y35.995 E130.48009
G1 X233.445 Y34.953 E130.52281
G1 X230.844 Y34.133 E130.56556
G1 X228.183 Y33.543 E130.60828
G1 X225.481 Y33.186 E130.65101
G1 X222.757 Y33.069 E130.69375
G1 X220.032 Y33.186 E130.7365
G1 X217.33 Y33.543 E130.77922
G1 X214.669 Y34.133 E130.82195
G1 X212.068 Y34.953 E130.8647
G1 X209.548 Y35.995 E130.90744
G1 X207.132 Y37.255 E130.95016
G1 X204.831 Y38.719 E130.99291
G1 X202.668 Y40.38 E131.03566
G1 X200.658 Y42.221 E131.07838
G1 X198.817 Y44.23 E131.1211
G1 X197.157 Y46.394 E131.16385
G1 X195.693 Y48.694 E131.20659
G1 X194.432 Y51.11 E131.24931
G0 F10500 X194.886 Y51.322
G1 F3600 X193.861 Y53.801 E131.29136
G1 X193.054 Y56.359 E131.33341
G1 X192.473 Y58.979 E131.37547
G1 X192.123 Y61.638 E131.41751
G1 X192.007 Y64.319 E131.45958
G1 X192.123 Y67 E131.50164
G1 X192.473 Y69.658 E131.54367
G1 X193.054 Y72.278 E131.58574
G1 X193.861 Y74.836 E131.62778
G1 X194.886 Y77.314 E131.66982
G1 X196.126 Y79.694 E131.71189
G1 X197.567 Y81.957 E131.75394
G1 X199.2 Y84.085 E131.79599
G1 X201.012 Y86.063 E131.83804
G1 X202.99 Y87.875 E131.88009
G1 X205.118 Y89.508 E131.92213
G1 X207.382 Y90.95 E131.96421
G1 X209.76 Y92.189 E132.00624
G1 X212.239 Y93.215 E132.0483
G1 X214.798 Y94.022 E132.09036
G1 X217.417 Y94.602 E132.13241
G1 X220.076 Y94.953 E132.17445
G1 X222.757 Y95.069 E132.21652
G1 X225.437 Y94.953 E132.25857
G1 X228.096 Y94.602 E132.30061
G1 X230.715 Y94.022 E132.34266
G1 X233.274 Y93.215 E132.38472
G1 X235.752 Y92.189 E132.42676
G1 X238.132 Y90.95 E132.46882
G1 X240.395 Y89.508 E132.51088
G1 X242.523 Y87.875 E132.55293
G1 X244.501 Y86.063 E132.59498
G1 X246.313 Y84.085 E132.63703
G1 X247.946 Y81.957 E132.67908
G1 X249.387 Y79.694 E132.72113
G1 X250.627 Y77.314 E132.7632
G1 X251.652 Y74.836 E132.80524
G1 X252.459 Y72.278 E132.84728
G1 X253.04 Y69.658 E132.88935
G1 X253.39 Y67 E132.93137
G1 X253.507 Y64.319 E132.97344
G1 X253.39 Y61.638 E133.01551
G1 X253.04 Y58.979 E133.05755
G1 X252.459 Y56.359 E133.09961
G1 X251.652 Y53.801 E133.14166
G1 X250.627 Y51.322 E133.18371
G1 X249.387 Y48.944 E133.22575
G1 X247.946 Y46.681 E133.2678
G1 X246.313 Y44.552 E133.30986
G1 X244.501 Y42.575 E133.3519
G1 X242.523 Y40.763 E133.39395
G1 X240.395 Y39.129 E133.43601
G1 X238.132 Y37.688 E133.47806
G1 X235.752 Y36.449 E133.52012
G1 X233.274 Y35.423 E133.56217
G1 X230.715 Y34.616 E133.60423
G1 X228.096 Y34.036 E133.64628
G1 X225.437 Y33.685 E133.68832
G1 X222.757 Y33.569 E133.73037
G1 X220.076 Y33.685 E133.77243
G1 X217.417 Y34.036 E133.81448
G1 X214.798 Y34.616 E133.85652
G1 X212.239 Y35.423 E133.89859
G1 X209.76 Y36.449 E133.94064
G1 X207.382 Y37.688 E133.98267
G1 X205.118 Y39.129 E134.02474
G1 X202.99 Y40.763 E134.0668
G1 X201.012 Y42.575 E134.10885
G1 X199.2 Y44.552 E134.15089
G1 X197.567 Y46.681 E134.19295
G1 X196.126 Y48.944 E134.235
G1 X194.886 Y51.322 E134.27704
G0 F10500 X194.796 Y51.28
G0 X196.092 Y48.924
G0 X197.535 Y46.659
G0 X199.17 Y44.527
G0 X200.984 Y42.547
G0 X202.965 Y40.733
G0 X205.096 Y39.097
G0 X207.363 Y37.654
G0 X209.29 Y36.65
G0 X225.824 Y29.304
G0 X225.832 Y29.205
G1 F3600 X228.886 Y29.607 E134.32533
G1 X231.881 Y30.272 E134.37342
G1 X234.807 Y31.194 E134.42151
G1 X237.65 Y32.371 E134.46974
G1 X240.383 Y33.793 E134.51803
G1 X242.982 Y35.449 E134.56634
G1 X245.409 Y37.312 E134.6143
G1 X247.681 Y39.394 E134.66261
G1 X249.763 Y41.666 E134.71092
G1 X251.626 Y44.093 E134.75888
G1 X253.287 Y46.702 E134.80736
G1 X254.701 Y49.417 E134.85534
G1 X255.883 Y52.272 E134.90378
G1 X256.804 Y55.194 E134.95181
G1 X257.469 Y58.19 E134.99991
G1 X257.871 Y61.243 E135.04818
G1 X258.006 Y64.319 E135.09645
G1 X257.871 Y67.394 E135.14469
G1 X257.469 Y70.448 E135.19298
G1 X256.804 Y73.443 E135.24107
G1 X255.883 Y76.366 E135.28911
G1 X254.701 Y79.221 E135.33755
G1 X253.287 Y81.936 E135.38553
G1 X251.63 Y84.539 E135.4339
G1 X249.759 Y86.976 E135.48206
G1 X247.681 Y89.244 E135.53028
G1 X245.409 Y91.325 E135.57858
G1 X242.982 Y93.188 E135.62654
G1 X240.382 Y94.845 E135.67487
G1 X237.649 Y96.267 E135.72316
G1 X234.807 Y97.444 E135.77138
G1 X231.881 Y98.366 E135.81947
G1 X228.886 Y99.031 E135.86756
G1 X225.832 Y99.433 E135.91585
G1 X222.757 Y99.568 E135.9641
G1 X219.681 Y99.433 E136.01236
G1 X216.627 Y99.031 E136.06065
G1 X213.632 Y98.366 E136.10874
G1 X210.706 Y97.444 E136.15683
G1 X207.864 Y96.267 E136.20505
G1 X205.131 Y94.845 E136.25334
G1 X202.531 Y93.188 E136.30167
G1 X200.104 Y91.325 E136.34963
G1 X197.832 Y89.244 E136.39792
G1 X195.754 Y86.976 E136.44614
G1 X193.883 Y84.539 E136.4943
G1 X192.226 Y81.936 E136.54267
G1 X190.812 Y79.221 E136.59066
G1 X189.63 Y76.366 E136.6391
G1 X188.709 Y73.443 E136.68714
G1 X188.044 Y70.448 E136.73523
G1 X187.643 Y67.394 E136.78351
G1 X187.508 Y64.319 E136.83176
G1 X187.643 Y61.243 E136.88002
G1 X188.044 Y58.19 E136.92829
G1 X188.709 Y55.194 E136.9764
G1 X189.63 Y52.272 E137.02442
G1 X190.812 Y49.417 E137.07286
G1 X192.226 Y46.702 E137.12085
G1 X193.887 Y44.093 E137.16933
G1 X195.75 Y41.666 E137.21729
G1 X197.832 Y39.394 E137.26559
G1 X200.104 Y37.312 E137.3139
G1 X202.531 Y35.449 E137.36186
G1 X205.131 Y33.793 E137.41018
G1 X207.864 Y32.371 E137.45848
G1 X210.706 Y31.194 E137.50669
G1 X213.632 Y30.272 E137.55478
G1 X216.627 Y29.607 E137.60288
G1 X219.681 Y29.205 E137.65116
G1 X222.757 Y29.07 E137.69943
G1 X225.832 Y29.205 E137.74767
G0 F10500 X225.873 Y28.706
;TYPE:WALL-OUTER
G1 F2700 X228.968 Y29.113 E137.79661
G1 X232.013 Y29.789 E137.8455
G1 X234.977 Y30.723 E137.89422
G1 X237.867 Y31.92 E137.94325
G1 X240.633 Y33.359 E137.99212
G1 X243.265 Y35.036 E138.04105
G1 X245.734 Y36.931 E138.08983
G1 X248.035 Y39.04 E138.13876
G1 X250.144 Y41.341 E138.18769
G1 X252.039 Y43.81 E138.23648
G1 X253.716 Y46.443 E138.28541
G1 X255.156 Y49.209 E138.33429
G1 X256.354 Y52.102 E138.38338
G1 X257.287 Y55.062 E138.43203
G1 X257.963 Y58.108 E138.48094
G1 X258.37 Y61.202 E138.52985
G1 X258.507 Y64.319 E138.57876
G1 X258.37 Y67.435 E138.62765
G1 X257.963 Y70.53 E138.67659
G1 X257.287 Y73.575 E138.72548
G1 X256.354 Y76.536 E138.77415
G1 X255.156 Y79.429 E138.82323
G1 X253.716 Y82.195 E138.87211
G1 X252.039 Y84.828 E138.92105
G1 X250.144 Y87.296 E138.96982
G1 X248.035 Y89.598 E139.01876
G1 X245.734 Y91.706 E139.06768
G1 X243.265 Y93.601 E139.11647
G1 X240.632 Y95.279 E139.16541
G1 X237.867 Y96.718 E139.21427
G1 X234.977 Y97.915 E139.2633
G1 X232.013 Y98.849 E139.31202
G1 X228.968 Y99.525 E139.36091
G1 X225.873 Y99.932 E139.40985
G1 X222.757 Y100.069 E139.45874
G1 X219.64 Y99.932 E139.50764
G1 X216.545 Y99.525 E139.55658
G1 X213.5 Y98.849 E139.60547
G1 X210.536 Y97.915 E139.65419
G1 X207.646 Y96.718 E139.70322
G1 X204.881 Y95.279 E139.75208
G1 X202.248 Y93.601 E139.80102
G1 X199.779 Y91.706 E139.84981
G1 X197.478 Y89.598 E139.89873
G1 X195.369 Y87.296 E139.94767
G1 X193.474 Y84.828 E139.99644
G1 X191.797 Y82.195 E140.04538
G1 X190.357 Y79.429 E140.09426
G1 X189.159 Y76.536 E140.14334
G1 X188.226 Y73.575 E140.19201
G1 X187.55 Y70.53 E140.2409
G1 X187.144 Y67.435 E140.28983
G1 X187.007 Y64.319 E140.33873
G1 X187.144 Y61.202 E140.38763
G1 X187.55 Y58.108 E140.43655
G1 X188.226 Y55.062 E140.48546
G1 X189.159 Y52.102 E140.53411
G1 X190.357 Y49.209 E140.58319
G1 X191.797 Y46.443 E140.63207
G1 X193.474 Y43.81 E140.68101
G1 X195.369 Y41.341 E140.7298
G1 X197.478 Y39.04 E140.77872
G1 X199.779 Y36.931 E140.82765
G1 X202.248 Y35.036 E140.87644
G1 X204.881 Y33.359 E140.92537
G1 X207.646 Y31.92 E140.97424
G1 X210.536 Y30.723 E141.02327
G1 X213.5 Y29.789 E141.07198
G1 X216.545 Y29.113 E141.12088
G1 X219.64 Y28.706 E141.16981
G1 X222.757 Y28.569 E141.21872
G1 X225.873 Y28.706 E141.26761
G0 F10500 X226.12 Y28.738
G0 X226.041 Y29.333
G0 X240.417 Y39.097
G0 X242.548 Y40.733
G0 X244.529 Y42.547
G0 X246.343 Y44.527
G0 X247.978 Y46.659
G0 X249.421 Y48.924
G0 X250.663 Y51.306
G0 X251.689 Y53.788
G0 X252.497 Y56.349
G0 X253.079 Y58.973
G0 X253.362 Y61.128
G0 X253.605 Y64.344
G0 X253.007 Y64.319
G1 F2700 X252.891 Y61.682 E141.30899
G1 X252.547 Y59.066 E141.35035
G1 X251.976 Y56.489 E141.39172
G1 X251.182 Y53.972 E141.43309
G1 X250.173 Y51.534 E141.47445
G1 X248.954 Y49.194 E141.51581
G1 X247.536 Y46.968 E141.55719
G1 X245.93 Y44.874 E141.59855
G1 X244.147 Y42.929 E141.63991
G1 X242.201 Y41.146 E141.68129
G1 X240.108 Y39.539 E141.72265
G1 X237.882 Y38.121 E141.76402
G1 X235.541 Y36.903 E141.80539
G1 X233.103 Y35.893 E141.84675
G1 X230.586 Y35.099 E141.88813
G1 X228.009 Y34.529 E141.9295
G1 X225.393 Y34.184 E141.97086
G1 X222.757 Y34.069 E142.01222
G1 X220.12 Y34.184 E142.05359
G1 X217.504 Y34.529 E142.09496
G1 X214.927 Y35.099 E142.13633
G1 X212.41 Y35.893 E142.1777
G1 X209.972 Y36.903 E142.21907
G1 X207.632 Y38.121 E142.26042
G1 X205.405 Y39.539 E142.3018
G1 X203.312 Y41.146 E142.34317
G1 X201.366 Y42.929 E142.38454
G1 X199.583 Y44.874 E142.4259
G1 X197.977 Y46.968 E142.46727
G1 X196.559 Y49.194 E142.50864
G1 X195.34 Y51.534 E142.55
G1 X194.331 Y53.972 E142.59136
G1 X193.537 Y56.489 E142.63273
G1 X192.966 Y59.066 E142.67411
G1 X192.622 Y61.682 E142.71547
G1 X192.507 Y64.319 E142.75684
G1 X192.622 Y66.956 E142.79822
G1 X192.966 Y69.571 E142.83956
G1 X193.537 Y72.148 E142.88094
G1 X194.331 Y74.665 E142.92231
G1 X195.34 Y77.103 E142.96367
G1 X196.559 Y79.444 E143.00504
G1 X197.977 Y81.67 E143.04642
G1 X199.583 Y83.763 E143.08777
G1 X201.366 Y85.709 E143.12914
G1 X203.312 Y87.492 E143.17052
G1 X205.405 Y89.098 E143.21187
G1 X207.632 Y90.517 E143.25326
G1 X209.972 Y91.735 E143.29462
G1 X212.41 Y92.745 E143.33598
G1 X214.927 Y93.539 E143.37735
G1 X217.504 Y94.109 E143.41873
G1 X220.12 Y94.454 E143.46009
G1 X222.757 Y94.569 E143.50146
G1 X225.393 Y94.454 E143.54282
G1 X228.009 Y94.109 E143.58419
G1 X230.586 Y93.539 E143.62556
G1 X233.103 Y92.745 E143.66693
G1 X235.541 Y91.735 E143.7083
G1 X237.882 Y90.517 E143.74966
G1 X240.108 Y89.098 E143.79104
G1 X242.201 Y87.492 E143.8324
G1 X244.147 Y85.709 E143.87377
G1 X245.93 Y83.763 E143.91514
G1 X247.536 Y81.67 E143.9565
G1 X248.954 Y79.444 E143.99787
G1 X250.173 Y77.103 E144.03924
G1 X251.182 Y74.665 E144.0806
G1 X251.976 Y72.148 E144.12197
G1 X252.547 Y69.571 E144.16335
G1 X252.891 Y66.956 E144.20469
G1 X253.007 Y64.319 E144.24607
G0 F10500 X252.997 Y64.07
G0 X253.595 Y64.045
G0 X254.997 Y64.319
;TYPE:SKIN
G1 F2700 X254.876 Y61.507 E144.29019
G1 X254.509 Y58.719 E144.33427
G1 X253.899 Y55.972 E144.37838
G1 X253.053 Y53.292 E144.42243
G1 X251.98 Y50.69 E144.46655
G1 X250.678 Y48.199 E144.51061
G1 X249.168 Y45.826 E144.5547
G1 X247.455 Y43.593 E144.59882
G1 X245.556 Y41.52 E144.64289
G1 X243.482 Y39.621 E144.68697
G1 X241.251 Y37.907 E144.73107
G1 X238.877 Y36.397 E144.77517
G1 X236.382 Y35.096 E144.81928
G1 X233.784 Y34.022 E144.86335
G1 X231.101 Y33.176 E144.90745
G1 X228.356 Y32.567 E144.95152
G1 X225.568 Y32.199 E144.9956
G1 X222.757 Y32.079 E145.03971
G1 X219.945 Y32.199 E145.08383
G1 X217.157 Y32.567 E145.12791
G1 X214.412 Y33.176 E145.17198
G1 X211.73 Y34.022 E145.21607
G1 X209.128 Y35.096 E145.26019
G1 X206.637 Y36.397 E145.30425
G1 X204.263 Y37.907 E145.34835
G1 X202.031 Y39.621 E145.39246
G1 X199.957 Y41.52 E145.43654
G1 X198.058 Y43.593 E145.48061
G1 X196.345 Y45.826 E145.52473
G1 X194.835 Y48.199 E145.56882
G1 X193.533 Y50.69 E145.61288
G1 X192.46 Y53.292 E145.657
G1 X191.614 Y55.972 E145.70105
G1 X191.004 Y58.719 E145.74516
G1 X190.637 Y61.508 E145.78926
G1 X190.517 Y64.319 E145.83336
G1 X190.637 Y67.13 E145.87747
G1 X191.004 Y69.918 E145.92155
G1 X191.614 Y72.665 E145.96565
G1 X192.46 Y75.346 E146.00972
G1 X193.533 Y77.944 E146.05378
G1 X194.835 Y80.439 E146.0979
G1 X196.345 Y82.812 E146.14199
G1 X198.058 Y85.044 E146.18609
G1 X199.957 Y87.118 E146.23017
G1 X202.031 Y89.017 E146.27426
G1 X204.263 Y90.73 E146.31836
G1 X206.637 Y92.241 E146.36247
G1 X209.128 Y93.542 E146.40652
G1 X211.73 Y94.616 E146.45065
G1 X214.412 Y95.462 E146.49473
G1 X217.157 Y96.071 E146.53881
G1 X219.945 Y96.439 E146.58289
G1 X222.757 Y96.559 E146.62701
G1 X225.568 Y96.439 E146.67111
G1 X228.356 Y96.071 E146.7152
G1 X231.101 Y95.462 E146.75927
G1 X233.784 Y94.616 E146.80337
G1 X236.382 Y93.542 E146.84744
G1 X238.877 Y92.241 E146.89155
G1 X241.251 Y90.73 E146.93566
G1 X243.482 Y89.017 E146.97975
G1 X245.556 Y87.118 E147.02383
G1 X247.455 Y85.044 E147.06791
G1 X249.168 Y82.812 E147.11201
G1 X250.678 Y80.439 E147.1561
G1 X251.98 Y77.944 E147.20022
G1 X253.053 Y75.346 E147.24428
G1 X253.899 Y72.665 E147.28835
G1 X254.509 Y69.918 E147.33246
G1 X254.876 Y67.131 E147.37652
G1 X254.997 Y64.319 E147.42064
G0 F10500 X256.514 Y64.319
G1 F2700 X256.383 Y67.273 E147.46699
G1 X255.997 Y70.206 E147.51337
G1 X255.364 Y73.052 E147.55907
G1 X254.485 Y75.845 E147.60497
G1 X253.346 Y78.596 E147.65164
G1 X251.995 Y81.189 E147.69747
G1 X250.407 Y83.685 E147.74385
G1 X248.622 Y86.011 E147.78981
G1 X246.626 Y88.189 E147.83612
G1 X244.439 Y90.192 E147.8826
G1 X242.139 Y91.958 E147.92806
G1 X239.643 Y93.549 E147.97446
G1 X237.011 Y94.918 E148.02096
G1 X234.29 Y96.044 E148.06712
G1 X231.49 Y96.926 E148.11314
G1 X228.644 Y97.559 E148.15884
G1 X225.711 Y97.945 E148.20522
G1 X222.757 Y98.076 E148.25157
G1 X219.802 Y97.945 E148.29793
G1 X216.869 Y97.559 E148.34431
G1 X214.023 Y96.926 E148.39001
G1 X211.223 Y96.044 E148.43603
G1 X208.502 Y94.918 E148.48219
G1 X205.87 Y93.549 E148.52869
G1 X203.374 Y91.958 E148.57509
G1 X201.074 Y90.192 E148.62055
G1 X198.887 Y88.189 E148.66703
G1 X196.891 Y86.011 E148.71334
G1 X195.106 Y83.685 E148.7593
G1 X193.518 Y81.189 E148.80568
G1 X192.167 Y78.596 E148.85151
G1 X191.028 Y75.845 E148.89818
G1 X190.149 Y73.052 E148.94408
G1 X189.516 Y70.206 E148.98978
G1 X189.131 Y67.273 E149.03615
G1 X189 Y64.319 E149.08251
G1 X189.131 Y61.364 E149.12887
G1 X189.516 Y58.432 E149.17523
G1 X190.149 Y55.585 E149.22094
G1 X191.028 Y52.793 E149.26683
G1 X192.167 Y50.042 E149.3135
G1 X193.522 Y47.441 E149.35947
G1 X195.113 Y44.941 E149.40593
G1 X196.883 Y42.636 E149.45148
G1 X198.887 Y40.449 E149.49798
G1 X201.074 Y38.445 E149.54448
G1 X203.374 Y36.679 E149.58993
G1 X205.87 Y35.089 E149.63632
G1 X208.502 Y33.72 E149.68283
G1 X211.223 Y32.594 E149.72899
G1 X214.023 Y31.712 E149.77501
G1 X216.869 Y31.079 E149.82071
G1 X219.802 Y30.693 E149.86708
G1 X222.757 Y30.562 E149.91345
G1 X225.711 Y30.693 E149.9598
G1 X228.644 Y31.079 E150.00617
G1 X231.49 Y31.712 E150.05187
G1 X234.29 Y32.594 E150.09789
G1 X237.012 Y33.72 E150.14407
G1 X239.644 Y35.089 E150.19057
G1 X242.139 Y36.679 E150.23695
G1 X244.439 Y38.445 E150.2824
G1 X246.626 Y40.449 E150.3289
G1 X248.63 Y42.636 E150.3754
G1 X250.4 Y44.941 E150.42096
G1 X251.991 Y47.441 E150.46741
G1 X253.346 Y50.042 E150.51338
G1 X254.485 Y52.793 E150.56005
G1 X255.364 Y55.585 E150.60594
G1 X255.997 Y58.432 E150.65166
G1 X256.383 Y61.364 E150.69801
G1 X256.514 Y64.319 E150.74438
G0 F10500 X246.05 Y88.41
G1 F2700 X246.85 Y87.611 E150.7621
G1 X246.938 Y87.523
G0 F10500 X249.194 Y83.145
G1 F2700 X252.379 Y79.96 E150.83271
G1 X252.467 Y79.872
G0 F10500 X253.147 Y78.486
G1 F2700 X250.506 Y81.126 E150.89125
G1 X250.418 Y81.214
G0 F10500 X251.498 Y81.548
G1 F2700 X239.98 Y93.067 E151.14659
G1 X239.892 Y93.155
G0 F10500 X239.56 Y92.072
G1 F2700 X236.923 Y94.709 E151.20505
G1 X236.835 Y94.797
G0 F10500 X236.469 Y93.748
G1 F2700 X234.509 Y95.709 E151.24851
G1 X234.421 Y95.797
G0 F10500 X234.059 Y94.745
G1 F2700 X232.401 Y96.402 E151.28526
G1 X232.313 Y96.49
G0 F10500 X233.433 Y96.078
G1 F2700 X235.265 Y94.246 E151.32587
G1 X235.353 Y94.158
G0 F10500 X235.715 Y95.21
G1 F2700 X237.946 Y92.979 E151.37533
G1 X238.034 Y92.891
G0 F10500 X238.396 Y93.944
G1 F2700 X241.574 Y90.765 E151.44579
G1 X241.662 Y90.677
G0 F10500 X241.933 Y91.82
G1 F2700 X250.264 Y83.49 E151.63046
G1 X250.352 Y83.402
G0 F10500 X251.416 Y79.509
G1 F2700 X253.646 Y77.278 E151.67991
G1 X253.734 Y77.19
G0 F10500 X252.683 Y76.827
G1 F2700 X254.516 Y74.995 E151.72053
G1 X254.604 Y74.907
G0 F10500 X253.535 Y74.561
G1 F2700 X255.156 Y72.94 E151.75647
G0 F10500 X255.359 Y72.03
G1 F2700 X253.862 Y73.527 E151.78966
G1 X253.774 Y73.615
G0 F10500 X254.161 Y72.521
G1 F2700 X255.561 Y71.121 E151.82069
G0 F10500 X255.764 Y70.212
G1 F2700 X254.363 Y71.612 E151.85174
G0 F10500 X254.565 Y70.703
G1 F2700 X255.875 Y69.393 E151.88078
G0 F10500 X255.982 Y68.579
G1 F2700 X254.748 Y69.813 E151.90813
G0 F10500 X254.856 Y68.998
G1 F2700 X256.089 Y67.765 E151.93547
G0 F10500 X256.169 Y66.978
G1 F2700 X254.962 Y68.184 E151.96221
G0 F10500 X255.07 Y67.37
G1 F2700 X256.202 Y66.238 E151.98731
G0 F10500 X256.235 Y65.497
G1 F2700 X255.122 Y66.61 E152.01198
G0 F10500 X255.154 Y65.871
G1 F2700 X256.268 Y64.757 E152.03668
G0 F10500 X256.276 Y64.043
G1 F2700 X255.186 Y65.133 E152.06084
G0 F10500 X255.218 Y64.394
G1 F2700 X256.245 Y63.366 E152.08362
G0 F10500 X256.215 Y62.689
G1 F2700 X255.195 Y63.709 E152.10623
G0 F10500 X255.165 Y63.032
G1 F2700 X256.184 Y62.013 E152.12882
G0 F10500 X256.15 Y61.34
G1 F2700 X255.136 Y62.354 E152.1513
G0 F10500 X255.107 Y61.675
G1 F2700 X256.068 Y60.715 E152.17259
G0 F10500 X255.986 Y60.089
G1 F2700 X255.04 Y61.036 E152.19358
G0 F10500 X254.957 Y60.411
G1 F2700 X255.904 Y59.464 E152.21457
G0 F10500 X255.822 Y58.839
G1 F2700 X254.875 Y59.787 E152.23557
G0 F10500 X254.793 Y59.162
G1 F2700 X255.722 Y58.233 E152.25617
G0 F10500 X255.592 Y57.655
G1 F2700 X254.701 Y58.547 E152.27593
G0 F10500 X254.573 Y57.967
G1 F2700 X255.464 Y57.076 E152.29568
G0 F10500 X255.335 Y56.498
G1 F2700 X254.444 Y57.389 E152.31544
G0 F10500 X254.316 Y56.81
G1 F2700 X255.206 Y55.92 E152.33517
G0 F10500 X255.056 Y55.362
G1 F2700 X254.187 Y56.231 E152.35443
G0 F10500 X254.04 Y55.672
G1 F2700 X254.887 Y54.824 E152.37322
G0 F10500 X254.718 Y54.286
G1 F2700 X253.87 Y55.135 E152.39203
G0 F10500 X253.7 Y54.597
G1 F2700 X254.549 Y53.748 E152.41085
G0 F10500 X254.38 Y53.211
G1 F2700 X253.531 Y54.06 E152.42967
G0 F10500 X253.361 Y53.523
G1 F2700 X254.196 Y52.687 E152.44819
G0 F10500 X253.989 Y52.187
G1 F2700 X253.176 Y53.001 E152.46623
G0 F10500 X252.969 Y52.5
G1 F2700 X253.782 Y51.687 E152.48425
G0 F10500 X253.575 Y51.187
G1 F2700 X252.763 Y51.999 E152.50225
G0 F10500 X252.556 Y51.499
G1 F2700 X253.368 Y50.687 E152.52025
G0 F10500 X253.161 Y50.187
G1 F2700 X252.35 Y50.998 E152.53823
G0 F10500 X252.137 Y50.504
G1 F2700 X252.922 Y49.719 E152.55563
G0 F10500 X252.68 Y49.254
G1 F2700 X251.894 Y50.04 E152.57306
G0 F10500 X251.651 Y49.575
G1 F2700 X252.437 Y48.789 E152.59048
G0 F10500 X252.195 Y48.324
G1 F2700 X251.408 Y49.111 E152.60793
G0 F10500 X251.166 Y48.646
G1 F2700 X251.954 Y47.859 E152.62538
G0 F10500 X251.701 Y47.405
G1 F2700 X250.923 Y48.182 E152.64262
G0 F10500 X250.655 Y47.743
G1 F2700 X251.425 Y46.973 E152.65969
G0 F10500 X251.15 Y46.541
G1 F2700 X250.38 Y47.311 E152.67676
G0 F10500 X250.105 Y46.879
G1 F2700 X250.875 Y46.109 E152.69383
G0 F10500 X250.6 Y45.676
G1 F2700 X249.83 Y46.447 E152.71091
G0 F10500 X249.554 Y46.015
G1 F2700 X250.325 Y45.244 E152.728
G0 F10500 X250.031 Y44.831
G1 F2700 X249.271 Y45.592 E152.74486
G0 F10500 X248.964 Y45.191
G1 F2700 X249.724 Y44.431 E152.76171
G0 F10500 X249.417 Y44.032
G1 F2700 X248.657 Y44.791 E152.77855
G0 F10500 X248.35 Y44.391
G1 F2700 X249.11 Y43.632 E152.79538
G0 F10500 X248.802 Y43.232
G1 F2700 X248.044 Y43.99 E152.81219
G0 F10500 X247.737 Y43.59
G1 F2700 X248.495 Y42.832 E152.82899
G0 F10500 X248.161 Y42.459
G1 F2700 X247.41 Y43.21 E152.84564
G0 F10500 X247.072 Y42.841
G1 F2700 X247.823 Y42.09 E152.86229
G0 F10500 X247.485 Y41.721
G1 F2700 X246.734 Y42.472 E152.87894
G0 F10500 X246.396 Y42.103
G1 F2700 X247.147 Y41.352 E152.89558
G0 F10500 X246.809 Y40.983
G1 F2700 X246.057 Y41.734 E152.91224
G0 F10500 X245.719 Y41.365
G1 F2700 X246.471 Y40.614 E152.9289
G0 F10500 X246.103 Y40.274
G1 F2700 X245.35 Y41.027 E152.9456
G0 F10500 X244.981 Y40.689
G1 F2700 X245.734 Y39.936 E152.96229
G0 F10500 X245.365 Y39.598
G1 F2700 X244.612 Y40.351 E152.97898
G0 F10500 X244.243 Y40.013
G1 F2700 X244.996 Y39.26 E152.99567
G0 F10500 X244.627 Y38.922
G1 F2700 X243.874 Y39.675 E153.01237
G0 F10500 X243.495 Y39.347
G1 F2700 X244.254 Y38.588 E153.02919
G0 F10500 X243.854 Y38.28
G1 F2700 X243.094 Y39.04 E153.04604
G0 F10500 X242.695 Y38.733
G1 F2700 X243.454 Y37.973 E153.06288
G0 F10500 X243.055 Y37.666
G1 F2700 X242.295 Y38.426 E153.07973
G0 F10500 X241.894 Y38.119
G1 F2700 X242.655 Y37.359 E153.09659
G0 F10500 X242.254 Y37.052
G1 F2700 X241.495 Y37.811 E153.11341
G0 F10500 X241.072 Y37.527
G1 F2700 X241.842 Y36.757 E153.13048
G0 F10500 X241.41 Y36.482
G1 F2700 X240.639 Y37.253 E153.14757
G0 F10500 X240.207 Y36.978
G1 F2700 X240.979 Y36.206 E153.16469
G0 F10500 X240.547 Y35.931
G1 F2700 X239.775 Y36.703 E153.1818
G0 F10500 X239.343 Y36.428
G1 F2700 X240.115 Y35.655 E153.19893
G0 F10500 X239.683 Y35.38
G1 F2700 X238.905 Y36.159 E153.21618
G0 F10500 X238.44 Y35.916
G1 F2700 X239.23 Y35.126 E153.2337
G0 F10500 X238.765 Y34.885
G1 F2700 X237.976 Y35.674 E153.25119
G0 F10500 X237.511 Y35.431
G1 F2700 X238.299 Y34.643 E153.26866
G0 F10500 X237.835 Y34.4
G1 F2700 X237.046 Y35.189 E153.28615
G0 F10500 X236.582 Y34.946
G1 F2700 X237.37 Y34.158 E153.30362
G0 F10500 X236.903 Y33.918
G1 F2700 X236.09 Y34.731 E153.32164
G0 F10500 X235.589 Y34.525
G1 F2700 X236.403 Y33.711 E153.33968
G0 F10500 X235.903 Y33.504
G1 F2700 X235.088 Y34.318 E153.35774
G0 F10500 X234.588 Y34.112
G1 F2700 X235.402 Y33.297 E153.3758
G0 F10500 X234.902 Y33.09
G1 F2700 X234.088 Y33.905 E153.39385
G0 F10500 X233.567 Y33.719
G1 F2700 X234.403 Y32.883 E153.41239
G0 F10500 X233.879 Y32.699
G1 F2700 X233.029 Y33.549 E153.43123
G0 F10500 X232.492 Y33.379
G1 F2700 X233.341 Y32.53 E153.45005
G0 F10500 X232.803 Y32.361
G1 F2700 X231.955 Y33.209 E153.46885
G0 F10500 X231.416 Y33.04
G1 F2700 X232.266 Y32.191 E153.48768
G0 F10500 X231.728 Y32.022
G1 F2700 X230.859 Y32.891 E153.50695
G0 F10500 X230.28 Y32.763
G1 F2700 X231.171 Y31.872 E153.5267
G0 F10500 X230.593 Y31.742
G1 F2700 X229.701 Y32.635 E153.54648
G0 F10500 X229.123 Y32.506
G1 F2700 X230.015 Y31.614 E153.56626
G0 F10500 X229.437 Y31.485
G1 F2700 X228.543 Y32.378 E153.58606
G0 F10500 X227.93 Y32.285
G1 F2700 X228.858 Y31.356 E153.60665
G0 F10500 X228.254 Y31.254
G1 F2700 X227.305 Y32.202 E153.62768
G0 F10500 X226.68 Y32.12
G1 F2700 X227.628 Y31.172 E153.64869
G0 F10500 X227.004 Y31.089
G1 F2700 X226.056 Y32.037 E153.66971
G0 F10500 X225.419 Y31.967
G1 F2700 X226.379 Y31.007 E153.69099
G0 F10500 X225.754 Y30.925
G1 F2700 X224.74 Y31.939 E153.71347
G0 F10500 X224.062 Y31.91
G1 F2700 X225.082 Y30.889 E153.73609
G0 F10500 X224.405 Y30.859
G1 F2700 X223.384 Y31.881 E153.75874
G0 F10500 X222.701 Y31.857
G1 F2700 X223.728 Y30.829 E153.78151
G0 F10500 X223.051 Y30.799
G1 F2700 X221.962 Y31.888 E153.80565
G0 F10500 X221.224 Y31.919
G1 F2700 X222.339 Y30.805 E153.83036
G0 F10500 X221.598 Y30.838
G1 F2700 X220.485 Y31.951 E153.85503
G0 F10500 X219.729 Y32
G1 F2700 X220.858 Y30.871 E153.88006
G0 F10500 X220.118 Y30.904
G1 F2700 X218.914 Y32.108 E153.90675
G0 F10500 X218.099 Y32.216
G1 F2700 X219.333 Y30.981 E153.93412
G0 F10500 X218.52 Y31.088
G1 F2700 X217.284 Y32.323 E153.96151
G0 F10500 X216.397 Y32.504
G1 F2700 X217.705 Y31.196 E153.99051
G0 F10500 X216.89 Y31.304
G1 F2700 X215.488 Y32.705 E154.02158
G0 F10500 X214.58 Y32.906
G1 F2700 X215.98 Y31.506 E154.05261
G0 F10500 X215.07 Y31.709
G1 F2700 X213.576 Y33.203 E154.08573
G1 X213.488 Y33.291
G0 F10500 X213.14 Y32.225
G1 F2700 X211.486 Y33.879 E154.1224
G1 X211.398 Y33.967
G0 F10500 X211.038 Y32.913
G1 F2700 X209.079 Y34.872 E154.16583
G1 X208.991 Y34.96
G0 F10500 X208.626 Y33.911
G1 F2700 X206.006 Y36.531 E154.22391
G1 X205.918 Y36.619
G0 F10500 X207.159 Y34.67
G1 F2700 X204.024 Y37.806 E154.29342
G1 X203.936 Y37.894
G0 F10500 X203.64 Y36.775
G1 F2700 X195.212 Y45.203 E154.48025
G1 X195.124 Y45.291
G0 F10500 X196.246 Y45.583
G1 F2700 X193.106 Y48.723 E154.54986
G1 X193.018 Y48.811
G0 F10500 X194.069 Y49.175
G1 F2700 X191.849 Y51.395 E154.59907
G1 X191.761 Y51.483
G0 F10500 X192.811 Y51.847
G1 F2700 X190.985 Y53.673 E154.63955
G1 X190.897 Y53.761
G0 F10500 X191.349 Y52.602
G1 F2700 X193.306 Y50.645 E154.68294
G1 X193.394 Y50.557
G0 F10500 X192.349 Y50.188
G1 F2700 X194.967 Y47.57 E154.74097
G1 X195.055 Y47.482
G0 F10500 X193.969 Y47.153
G1 F2700 X205.591 Y35.532 E154.99861
G1 X205.679 Y35.444
G0 F10500 X207.609 Y35.635
G1 F2700 X209.831 Y33.412 E155.04787
G1 X209.919 Y33.324
G0 F10500 X210.282 Y34.375
G1 F2700 X212.108 Y32.55 E155.08834
G1 X212.196 Y32.462
G0 F10500 X212.543 Y33.529
G1 F2700 X214.161 Y31.911 E155.12421
G1 X214.249 Y31.823
G0 F10500 X199.714 Y39.994
G1 F2700 X198.432 Y41.276 E155.15263
G1 X198.344 Y41.364
G0 F10500 X192.314 Y53.051
G1 F2700 X190.661 Y54.704 E155.18928
G1 X190.573 Y54.792
G0 F10500 X190.348 Y55.724
G1 F2700 X191.965 Y54.107 E155.22512
G1 X192.053 Y54.019
G0 F10500 X191.639 Y55.14
G1 F2700 X190.145 Y56.634 E155.25824
G0 F10500 X189.943 Y57.543
G1 F2700 X191.343 Y56.144 E155.28927
G0 F10500 X191.141 Y57.052
G1 F2700 X189.74 Y58.453 E155.32033
G0 F10500 X189.632 Y59.268
G1 F2700 X190.94 Y57.961 E155.34931
G0 F10500 X190.759 Y58.848
G1 F2700 X189.525 Y60.082 E155.37667
G0 F10500 X189.419 Y60.896
G1 F2700 X190.652 Y59.663 E155.404
G0 F10500 X190.545 Y60.477
G1 F2700 X189.342 Y61.68 E155.43067
G0 F10500 X189.309 Y62.42
G1 F2700 X190.437 Y61.292 E155.45567
G0 F10500 X190.387 Y62.049
G1 F2700 X189.276 Y63.16 E155.4803
G0 F10500 X189.242 Y63.901
G1 F2700 X190.356 Y62.787 E155.505
G0 F10500 X190.324 Y63.526
G1 F2700 X189.237 Y64.614 E155.52911
G0 F10500 X189.267 Y65.29
G1 F2700 X190.293 Y64.265 E155.55184
G0 F10500 X190.317 Y64.948
G1 F2700 X189.298 Y65.967 E155.57443
G0 F10500 X189.328 Y66.644
G1 F2700 X190.346 Y65.626 E155.597
G0 F10500 X190.375 Y66.304
G1 F2700 X189.363 Y67.315 E155.61942
G0 F10500 X189.445 Y67.94
G1 F2700 X190.404 Y66.982 E155.64067
G0 F10500 X190.473 Y67.62
G1 F2700 X189.527 Y68.566 E155.66164
G0 F10500 X189.609 Y69.191
G1 F2700 X190.556 Y68.244 E155.68264
G0 F10500 X190.638 Y68.87
G1 F2700 X189.691 Y69.816 E155.70362
G0 F10500 X189.793 Y70.421
G1 F2700 X190.72 Y69.494 E155.72417
G0 F10500 X190.814 Y70.108
G1 F2700 X189.922 Y70.999 E155.74393
G0 F10500 X190.051 Y71.578
G1 F2700 X190.942 Y70.686 E155.76369
G0 F10500 X191.07 Y71.265
G1 F2700 X190.18 Y72.156 E155.78344
G0 F10500 X190.309 Y72.734
G1 F2700 X191.198 Y71.844 E155.80315
G0 F10500 X191.327 Y72.423
G1 F2700 X190.459 Y73.29 E155.82239
G0 F10500 X190.628 Y73.829
G1 F2700 X191.476 Y72.981 E155.84118
G0 F10500 X191.646 Y73.518
G1 F2700 X190.797 Y74.367 E155.86001
G0 F10500 X190.966 Y74.905
G1 F2700 X191.816 Y74.056 E155.87884
G0 F10500 X191.985 Y74.593
G1 F2700 X191.135 Y75.443 E155.89768
G0 F10500 X191.32 Y75.965
G1 F2700 X192.155 Y75.13 E155.91619
G0 F10500 X192.342 Y75.651
G1 F2700 X191.527 Y76.465 E155.93425
G0 F10500 X191.734 Y76.965
G1 F2700 X192.548 Y76.151 E155.95229
G0 F10500 X192.755 Y76.652
G1 F2700 X191.942 Y77.465 E155.97032
G0 F10500 X192.149 Y77.965
G1 F2700 X192.961 Y77.153 E155.98832
G0 F10500 X193.168 Y77.653
G1 F2700 X192.356 Y78.465 E156.00632
G0 F10500 X192.596 Y78.932
G1 F2700 X193.383 Y78.145 E156.02376
G0 F10500 X193.625 Y78.61
G1 F2700 X192.838 Y79.397 E156.04121
G0 F10500 X193.08 Y79.862
G1 F2700 X193.868 Y79.075 E156.05867
G0 F10500 X194.11 Y79.539
G1 F2700 X193.322 Y80.327 E156.07614
G0 F10500 X193.564 Y80.792
G1 F2700 X194.352 Y80.004 E156.09361
G0 F10500 X194.595 Y80.469
G1 F2700 X193.819 Y81.245 E156.11081
G0 F10500 X194.094 Y81.677
G1 F2700 X194.864 Y80.907 E156.12788
G0 F10500 X195.139 Y81.339
G1 F2700 X194.369 Y82.109 E156.14495
G0 F10500 X194.644 Y82.541
G1 F2700 X195.414 Y81.771 E156.16202
G0 F10500 X195.689 Y82.203
G1 F2700 X194.919 Y82.973 E156.17909
G0 F10500 X195.194 Y83.405
G1 F2700 X195.964 Y82.635 E156.19616
G0 F10500 X196.249 Y83.058
G1 F2700 X195.49 Y83.816 E156.21297
G0 F10500 X195.797 Y84.217
G1 F2700 X196.555 Y83.458 E156.22979
G0 F10500 X196.862 Y83.858
G1 F2700 X196.104 Y84.617 E156.2466
G0 F10500 X196.411 Y85.016
G1 F2700 X197.17 Y84.258 E156.26342
G0 F10500 X197.477 Y84.658
G1 F2700 X196.718 Y85.417 E156.28024
G0 F10500 X197.025 Y85.817
G1 F2700 X197.784 Y85.058 E156.29707
G0 F10500 X198.112 Y85.437
G1 F2700 X197.359 Y86.189 E156.31375
G0 F10500 X197.697 Y86.559
G1 F2700 X198.449 Y85.807 E156.33042
G0 F10500 X198.787 Y86.176
G1 F2700 X198.036 Y86.927 E156.34707
G0 F10500 X198.374 Y87.296
G1 F2700 X199.125 Y86.545 E156.36372
G0 F10500 X199.463 Y86.914
G1 F2700 X198.712 Y87.665 E156.38037
G0 F10500 X199.05 Y88.034
G1 F2700 X199.802 Y87.282 E156.39704
G0 F10500 X200.172 Y87.62
G1 F2700 X199.419 Y88.372 E156.41372
G0 F10500 X199.788 Y88.71
G1 F2700 X200.541 Y87.958 E156.4304
G0 F10500 X200.91 Y88.296
G1 F2700 X200.157 Y89.048 E156.44708
G0 F10500 X200.526 Y89.386
G1 F2700 X201.279 Y88.634 E156.46376
G0 F10500 X201.648 Y88.972
G1 F2700 X200.896 Y89.724 E156.48043
G0 F10500 X201.269 Y90.058
G1 F2700 X202.028 Y89.299 E156.49726
G0 F10500 X202.429 Y89.605
G1 F2700 X201.668 Y90.366 E156.51413
G0 F10500 X202.069 Y90.673
G1 F2700 X202.829 Y89.912 E156.53099
G0 F10500 X203.229 Y90.219
G1 F2700 X202.468 Y90.98 E156.54786
G0 F10500 X202.868 Y91.287
G1 F2700 X203.629 Y90.527 E156.56472
G0 F10500 X204.029 Y90.834
G1 F2700 X203.269 Y91.594 E156.58157
G0 F10500 X203.682 Y91.888
G1 F2700 X204.452 Y91.117 E156.59865
G0 F10500 X204.884 Y91.392
G1 F2700 X204.114 Y92.163 E156.61573
G0 F10500 X204.545 Y92.439
G1 F2700 X205.317 Y91.667 E156.63284
G0 F10500 X205.749 Y91.942
G1 F2700 X204.977 Y92.714 E156.64996
G0 F10500 X205.408 Y92.99
G1 F2700 X206.181 Y92.217 E156.66709
G0 F10500 X206.62 Y92.486
G1 F2700 X205.84 Y93.265 E156.68437
G0 F10500 X206.295 Y93.517
G1 F2700 X207.084 Y92.728 E156.70186
G0 F10500 X207.549 Y92.971
G1 F2700 X206.76 Y93.76 E156.71935
G0 F10500 X207.225 Y94.002
G1 F2700 X208.013 Y93.213 E156.73683
G0 F10500 X208.478 Y93.456
G1 F2700 X207.69 Y94.243 E156.75429
G0 F10500 X208.155 Y94.485
G1 F2700 X208.942 Y93.699 E156.77173
G0 F10500 X209.436 Y93.912
G1 F2700 X208.623 Y94.725 E156.78975
G0 F10500 X209.123 Y94.932
G1 F2700 X209.937 Y94.118 E156.8078
G0 F10500 X210.437 Y94.325
G1 F2700 X209.623 Y95.139 E156.82584
G0 F10500 X210.123 Y95.346
G1 F2700 X210.937 Y94.532 E156.84389
G0 F10500 X211.438 Y94.738
G1 F2700 X210.623 Y95.553 E156.86195
G0 F10500 X211.123 Y95.76
G1 F2700 X211.96 Y94.924 E156.8805
G0 F10500 X212.497 Y95.093
G1 F2700 X211.648 Y95.943 E156.89933
G0 F10500 X212.185 Y96.112
G1 F2700 X213.035 Y95.263 E156.91816
G0 F10500 X213.572 Y95.433
G1 F2700 X212.723 Y96.281 E156.93697
G0 F10500 X213.261 Y96.451
G1 F2700 X214.109 Y95.602 E156.95578
G0 F10500 X214.669 Y95.75
G1 F2700 X213.799 Y96.62 E156.97507
G0 F10500 X214.356 Y96.77
G1 F2700 X215.248 Y95.878 E156.99484
G0 F10500 X215.827 Y96.006
G1 F2700 X214.935 Y96.899 E157.01463
G0 F10500 X215.513 Y97.027
G1 F2700 X216.405 Y96.135 E157.0344
G0 F10500 X216.984 Y96.263
G1 F2700 X216.091 Y97.156 E157.0542
G0 F10500 X216.67 Y97.285
G1 F2700 X217.6 Y96.355 E157.07481
G0 F10500 X218.224 Y96.438
G1 F2700 X217.276 Y97.386 E157.09583
G0 F10500 X217.901 Y97.468
G1 F2700 X218.849 Y96.52 E157.11685
G0 F10500 X219.473 Y96.602
G1 F2700 X218.526 Y97.55 E157.13785
G0 F10500 X219.151 Y97.632
G1 F2700 X220.113 Y96.67 E157.15918
G0 F10500 X220.791 Y96.699
G1 F2700 X219.776 Y97.714 E157.18168
G0 F10500 X220.449 Y97.748
G1 F2700 X221.469 Y96.728 E157.20429
G0 F10500 X222.147 Y96.757
G1 F2700 X221.126 Y97.778 E157.22692
G0 F10500 X221.803 Y97.809
G1 F2700 X222.831 Y96.78 E157.24972
G0 F10500 X223.57 Y96.748
G1 F2700 X222.479 Y97.839 E157.27391
G0 F10500 X223.194 Y97.832
G1 F2700 X224.309 Y96.717 E157.29863
G0 F10500 X225.048 Y96.685
G1 F2700 X223.934 Y97.799 E157.32332
G0 F10500 X224.674 Y97.765
G1 F2700 X225.807 Y96.633 E157.34843
G0 F10500 X226.622 Y96.525
G1 F2700 X225.415 Y97.732 E157.37519
G0 F10500 X226.202 Y97.652
G1 F2700 X227.436 Y96.418 E157.40254
G0 F10500 X228.251 Y96.31
G1 F2700 X227.015 Y97.546 E157.42994
G0 F10500 X227.829 Y97.439
G1 F2700 X229.141 Y96.127 E157.45903
G0 F10500 X230.049 Y95.926
G1 F2700 X228.648 Y97.327 E157.49008
G0 F10500 X229.557 Y97.125
G1 F2700 X230.958 Y95.725 E157.52113
G1 X231.046 Y95.637
G0 F10500 X231.965 Y95.424
G1 F2700 X230.468 Y96.922 E157.55433
G0 F10500 X231.378 Y96.719
G1 F2700 X232.998 Y95.099 E157.59024
G1 X233.086 Y95.011
G0 F10500 X242.548 Y87.905
G0 X244.151 Y86.437
G0 X252.186 Y78.032
G1 F2700 X254.146 Y76.071 E157.6337
G1 X254.234 Y75.983
G0 F10500 X253.18 Y75.623
G1 F2700 X254.84 Y73.964 E157.67049
G1 X254.928 Y73.876
;MESH:NONMESH
G0 F10500 X253.079 Y58.973
G0 X252.497 Y56.349
G0 X251.689 Y53.788
G0 X250.663 Y51.306
G0 X249.421 Y48.924
G0 X247.978 Y46.659
G0 X246.343 Y44.527
G0 X244.529 Y42.547
G0 X242.548 Y40.733
G0 X240.417 Y39.097
G0 X238.151 Y37.654
G0 X235.768 Y36.413
G0 X233.287 Y35.386
G0 X230.725 Y34.578
G0 X228.102 Y33.997
G0 X225.44 Y33.646
G0 X222.757 Y33.529
G0 X220.073 Y33.646
G0 X217.411 Y33.997
G0 X214.788 Y34.578
G0 X212.226 Y35.386
G0 X209.744 Y36.413
G0 X207.363 Y37.654
G0 X205.096 Y39.097
G0 X202.965 Y40.733
G0 X200.984 Y42.547
G0 X199.516 Y44.15
G0 X193.978 Y50.898
;TIME_ELAPSED:452.904935
;LAYER:4
M106 S6.1
;MESH:
G0 X193.978 Y50.898 Z1
;TYPE:WALL-INNER
G1 F3600 X192.921 Y53.459 E157.71392
G1 X192.088 Y56.099 E157.75732
G1 X191.487 Y58.805 E157.80077
G1 X191.125 Y61.551 E157.84418
G1 X191.007 Y64.319 E157.88761
G1 X191.125 Y67.087 E157.93104
G1 X191.487 Y69.832 E157.97444
G1 X192.088 Y72.538 E158.0179
G1 X192.921 Y75.178 E158.06129
G1 X193.978 Y77.736 E158.10468
G1 X195.26 Y80.194 E158.14813
G1 X196.747 Y82.531 E158.19155
G1 X198.434 Y84.729 E158.23499
G1 X200.304 Y86.771 E158.27839
G1 X202.346 Y88.641 E158.32179
G1 X204.544 Y90.328 E158.36523
G1 X206.882 Y91.816 E158.40867
G1 X209.336 Y93.097 E158.45206
G1 X211.897 Y94.155 E158.4955
G1 X214.539 Y94.988 E158.53892
G1 X217.243 Y95.588 E158.58234
G1 X219.988 Y95.951 E158.62574
G1 X222.757 Y96.069 E158.66919
G1 X225.525 Y95.951 E158.71262
G1 X228.27 Y95.588 E158.75602
G1 X230.974 Y94.988 E158.79944
G1 X233.616 Y94.155 E158.84286
G1 X236.174 Y93.097 E158.88625
G1 X238.632 Y91.816 E158.9297
G1 X240.969 Y90.328 E158.97313
G1 X243.167 Y88.641 E159.01657
G1 X245.209 Y86.771 E159.05997
G1 X247.079 Y84.729 E159.10337
G1 X248.766 Y82.531 E159.14681
G1 X250.253 Y80.194 E159.19023
G1 X251.535 Y77.736 E159.23368
G1 X252.592 Y75.178 E159.27707
G1 X253.425 Y72.538 E159.32046
G1 X254.026 Y69.832 E159.36391
G1 X254.388 Y67.088 E159.4073
G1 X254.507 Y64.319 E159.45075
G1 X254.388 Y61.55 E159.49419
G1 X254.026 Y58.805 E159.53759
G1 X253.425 Y56.099 E159.58104
G1 X252.592 Y53.459 E159.62444
G1 X251.535 Y50.898 E159.66787
G1 X250.253 Y48.444 E159.71127
G1 X248.766 Y46.107 E159.75469
G1 X247.079 Y43.908 E159.79813
G1 X245.209 Y41.867 E159.84153
G1 X243.167 Y39.997 E159.88493
G1 X240.969 Y38.309 E159.92837
G1 X238.632 Y36.822 E159.97179
G1 X236.174 Y35.541 E160.01524
G1 X233.616 Y34.483 E160.05863
G1 X230.974 Y33.65 E160.10206
G1 X228.27 Y33.05 E160.14548
G1 X225.525 Y32.687 E160.18888
G1 X222.757 Y32.569 E160.23231
G1 X219.988 Y32.687 E160.27575
G1 X217.243 Y33.05 E160.31916
G1 X214.539 Y33.65 E160.36257
G1 X211.897 Y34.483 E160.406
G1 X209.336 Y35.541 E160.44943
G1 X206.882 Y36.822 E160.49283
G1 X204.544 Y38.309 E160.53626
G1 X202.346 Y39.997 E160.5797
G1 X200.304 Y41.867 E160.62311
G1 X198.434 Y43.908 E160.6665
G1 X196.747 Y46.107 E160.70995
G1 X195.26 Y48.444 E160.75337
G1 X193.978 Y50.898 E160.79677
G0 F10500 X199.17 Y44.527
G0 X200.984 Y42.547
G0 X202.965 Y40.733
G0 X205.096 Y39.097
G0 X207.363 Y37.654
G0 X209.744 Y36.413
G0 X211.15 Y35.832
G0 X225.75 Y30.203
G1 F3600 X228.722 Y30.595 E160.84376
G1 X231.617 Y31.238 E160.89024
G1 X234.467 Y32.136 E160.93708
G1 X237.216 Y33.273 E160.98372
G1 X239.883 Y34.661 E161.03085
G1 X242.416 Y36.275 E161.07793
G1 X244.759 Y38.074 E161.12423
G1 X246.973 Y40.102 E161.1713
G1 X249.001 Y42.316 E161.21836
G1 X250.804 Y44.664 E161.26477
G1 X252.426 Y47.214 E161.31214
G1 X253.791 Y49.833 E161.35844
G1 X254.941 Y52.612 E161.40558
G1 X255.838 Y55.458 E161.45236
G1 X256.481 Y58.354 E161.49886
G1 X256.873 Y61.325 E161.54583
G1 X257.004 Y64.319 E161.59281
G1 X256.873 Y67.312 E161.63977
G1 X256.481 Y70.284 E161.68676
G1 X255.838 Y73.179 E161.73325
G1 X254.941 Y76.026 E161.78004
G1 X253.791 Y78.805 E161.82718
G1 X252.426 Y81.424 E161.87348
G1 X250.811 Y83.962 E161.92064
G1 X248.993 Y86.331 E161.96745
G1 X246.973 Y88.536 E162.01432
G1 X244.759 Y90.563 E162.06138
G1 X242.416 Y92.362 E162.10768
G1 X239.882 Y93.977 E162.15478
G1 X237.215 Y95.365 E162.20191
G1 X234.467 Y96.502 E162.24853
G1 X231.617 Y97.4 E162.29537
G1 X228.722 Y98.043 E162.34186
G1 X225.75 Y98.435 E162.38885
G1 X222.757 Y98.566 E162.43581
G1 X219.763 Y98.435 E162.48279
G1 X216.791 Y98.043 E162.52978
G1 X213.896 Y97.4 E162.57626
G1 X211.046 Y96.502 E162.6231
G1 X208.298 Y95.365 E162.66972
G1 X205.631 Y93.977 E162.71685
G1 X203.097 Y92.362 E162.76395
G1 X200.754 Y90.563 E162.81026
G1 X198.54 Y88.536 E162.85731
G1 X196.52 Y86.331 E162.90419
G1 X194.702 Y83.962 E162.951
G1 X193.087 Y81.424 E162.99816
G1 X191.722 Y78.805 E163.04445
G1 X190.572 Y76.026 E163.0916
G1 X189.675 Y73.179 E163.13839
G1 X189.032 Y70.284 E163.18487
G1 X188.641 Y67.312 E163.23186
G1 X188.51 Y64.319 E163.27882
G1 X188.641 Y61.325 E163.3258
G1 X189.032 Y58.354 E163.37277
G1 X189.675 Y55.458 E163.41928
G1 X190.572 Y52.612 E163.46605
G1 X191.722 Y49.833 E163.5132
G1 X193.087 Y47.214 E163.55949
G1 X194.709 Y44.664 E163.60686
G1 X196.512 Y42.316 E163.65327
G1 X198.54 Y40.102 E163.70033
G1 X200.754 Y38.074 E163.7474
G1 X203.097 Y36.275 E163.7937
G1 X205.631 Y34.661 E163.8408
G1 X208.298 Y33.273 E163.88793
G1 X211.046 Y32.136 E163.93455
G1 X213.896 Y31.238 E163.98139
G1 X216.791 Y30.595 E164.02787
G1 X219.763 Y30.203 E164.07486
G1 X222.757 Y30.072 E164.12184
G1 X225.75 Y30.203 E164.1688
G0 F10500 X225.791 Y29.704
G1 F3600 X228.804 Y30.101 E164.21644
G1 X231.749 Y30.755 E164.26373
G1 X234.637 Y31.665 E164.31119
G1 X237.433 Y32.822 E164.35863
G1 X240.133 Y34.227 E164.40634
G1 X242.699 Y35.862 E164.45403
G1 X245.084 Y37.693 E164.50117
G1 X247.327 Y39.748 E164.54885
G1 X249.382 Y41.991 E164.59654
G1 X251.213 Y44.376 E164.64367
G1 X252.858 Y46.961 E164.6917
G1 X254.246 Y49.625 E164.73879
G1 X255.412 Y52.442 E164.78658
G1 X256.321 Y55.326 E164.83398
G1 X256.975 Y58.272 E164.88128
G1 X257.372 Y61.284 E164.92891
G1 X257.505 Y64.319 E164.97653
G1 X257.372 Y67.353 E165.02413
G1 X256.975 Y70.366 E165.07177
G1 X256.321 Y73.311 E165.11906
G1 X255.412 Y76.196 E165.16647
G1 X254.246 Y79.013 E165.21427
G1 X252.858 Y81.677 E165.26135
G1 X251.217 Y84.256 E165.30927
G1 X249.378 Y86.651 E165.3566
G1 X247.327 Y88.89 E165.4042
G1 X245.084 Y90.944 E165.45188
G1 X242.699 Y92.775 E165.49901
G1 X240.132 Y94.411 E165.54672
G1 X237.432 Y95.816 E165.59444
G1 X234.637 Y96.973 E165.64185
G1 X231.749 Y97.883 E165.68932
G1 X228.804 Y98.537 E165.73661
G1 X225.791 Y98.934 E165.78425
G1 X222.757 Y99.067 E165.83185
G1 X219.722 Y98.934 E165.87947
G1 X216.709 Y98.537 E165.92711
G1 X213.764 Y97.883 E165.9744
G1 X210.876 Y96.973 E166.02186
G1 X208.081 Y95.816 E166.06928
G1 X205.381 Y94.411 E166.11699
G1 X202.814 Y92.775 E166.16471
G1 X200.429 Y90.944 E166.21184
G1 X198.186 Y88.89 E166.25952
G1 X196.135 Y86.651 E166.30711
G1 X194.296 Y84.256 E166.35445
G1 X192.655 Y81.677 E166.40237
G1 X191.267 Y79.013 E166.44945
G1 X190.101 Y76.196 E166.49724
G1 X189.192 Y73.311 E166.54466
G1 X188.538 Y70.366 E166.59195
G1 X188.142 Y67.353 E166.63958
G1 X188.009 Y64.319 E166.68719
G1 X188.142 Y61.284 E166.73481
G1 X188.538 Y58.272 E166.78243
G1 X189.192 Y55.326 E166.82974
G1 X190.101 Y52.442 E166.87714
G1 X191.267 Y49.625 E166.92493
G1 X192.655 Y46.961 E166.97201
G1 X194.3 Y44.376 E167.02004
G1 X196.131 Y41.991 E167.06718
G1 X198.186 Y39.748 E167.11486
G1 X200.429 Y37.693 E167.16255
G1 X202.814 Y35.862 E167.20968
G1 X205.381 Y34.227 E167.25739
G1 X208.081 Y32.822 E167.3051
G1 X210.876 Y31.665 E167.35252
G1 X213.764 Y30.755 E167.39998
G1 X216.709 Y30.101 E167.44727
G1 X219.722 Y29.704 E167.49491
G1 X222.757 Y29.571 E167.54253
G1 X225.791 Y29.704 E167.59014
G0 F10500 X209.744 Y36.413
G0 X207.363 Y37.654
G0 X205.096 Y39.097
G0 X202.965 Y40.733
G0 X200.984 Y42.547
G0 X199.17 Y44.527
G0 X197.847 Y46.253
G0 X194.432 Y51.11
G1 F3600 X193.391 Y53.63 E167.63288
G1 X192.571 Y56.229 E167.6756
G1 X191.98 Y58.892 E167.71836
G1 X191.624 Y61.594 E167.76108
G1 X191.507 Y64.319 E167.80383
G1 X191.624 Y67.044 E167.84659
G1 X191.98 Y69.745 E167.88929
G1 X192.571 Y72.408 E167.93205
G1 X193.391 Y75.007 E167.97477
G1 X194.432 Y77.525 E168.01748
G1 X195.693 Y79.944 E168.06025
G1 X197.157 Y82.244 E168.10298
G1 X198.817 Y84.407 E168.14572
G1 X200.658 Y86.417 E168.18845
G1 X202.668 Y88.258 E168.23118
G1 X204.831 Y89.918 E168.27392
G1 X207.132 Y91.383 E168.31668
G1 X209.548 Y92.643 E168.35939
G1 X212.068 Y93.685 E168.40213
G1 X214.669 Y94.505 E168.44488
G1 X217.33 Y95.095 E168.48761
G1 X220.032 Y95.452 E168.53033
G1 X222.757 Y95.569 E168.57309
G1 X225.481 Y95.452 E168.61583
G1 X228.183 Y95.095 E168.65855
G1 X230.844 Y94.505 E168.70128
G1 X233.445 Y93.685 E168.74403
G1 X235.963 Y92.643 E168.78674
G1 X238.382 Y91.383 E168.8295
G1 X240.682 Y89.918 E168.87224
G1 X242.845 Y88.258 E168.91498
G1 X244.855 Y86.417 E168.95771
G1 X246.696 Y84.407 E169.00044
G1 X248.356 Y82.244 E169.04318
G1 X249.82 Y79.944 E169.08591
G1 X251.081 Y77.525 E169.12868
G1 X252.122 Y75.007 E169.17139
G1 X252.942 Y72.408 E169.21411
G1 X253.533 Y69.745 E169.25687
G1 X253.889 Y67.044 E169.29957
G1 X254.007 Y64.319 E169.34233
G1 X253.889 Y61.594 E169.38508
G1 X253.533 Y58.892 E169.4278
G1 X252.942 Y56.229 E169.47056
G1 X252.122 Y53.63 E169.51328
G1 X251.081 Y51.11 E169.55602
G1 X249.82 Y48.694 E169.59874
G1 X248.356 Y46.394 E169.64148
G1 X246.696 Y44.23 E169.68423
G1 X244.855 Y42.221 E169.72695
G1 X242.845 Y40.38 E169.76968
G1 X240.682 Y38.719 E169.81243
G1 X238.382 Y37.255 E169.85516
G1 X235.963 Y35.995 E169.89792
G1 X233.445 Y34.953 E169.94064
G1 X230.844 Y34.133 E169.98339
G1 X228.183 Y33.543 E170.02611
G1 X225.481 Y33.186 E170.06883
G1 X222.757 Y33.069 E170.11157
G1 X220.032 Y33.186 E170.15433
G1 X217.33 Y33.543 E170.19705
G1 X214.669 Y34.133 E170.23978
G1 X212.068 Y34.953 E170.28253
G1 X209.548 Y35.995 E170.32527
G1 X207.132 Y37.255 E170.36799
G1 X204.831 Y38.719 E170.41074
G1 X202.668 Y40.38 E170.45349
G1 X200.658 Y42.221 E170.49621
G1 X198.817 Y44.23 E170.53893
G1 X197.157 Y46.394 E170.58168
G1 X195.693 Y48.694 E170.62442
G1 X194.432 Y51.11 E170.66714
G0 F10500 X194.886 Y51.322
G1 F3600 X193.861 Y53.801 E170.70919
G1 X193.054 Y56.359 E170.75123
G1 X192.473 Y58.979 E170.7933
G1 X192.123 Y61.638 E170.83534
G1 X192.007 Y64.319 E170.87741
G1 X192.123 Y67 E170.91947
G1 X192.473 Y69.658 E170.9615
G1 X193.054 Y72.278 E171.00357
G1 X193.861 Y74.836 E171.04561
G1 X194.886 Y77.314 E171.08765
G1 X196.126 Y79.694 E171.12971
G1 X197.567 Y81.957 E171.17177
G1 X199.2 Y84.085 E171.21382
G1 X201.012 Y86.063 E171.25587
G1 X202.99 Y87.875 E171.29792
G1 X205.118 Y89.508 E171.33996
G1 X207.382 Y90.95 E171.38204
G1 X209.76 Y92.189 E171.42407
G1 X212.239 Y93.215 E171.46613
G1 X214.798 Y94.022 E171.50819
G1 X217.417 Y94.602 E171.55024
G1 X220.076 Y94.953 E171.59228
G1 X222.757 Y95.069 E171.63435
G1 X225.437 Y94.953 E171.67639
G1 X228.096 Y94.602 E171.71844
G1 X230.715 Y94.022 E171.76049
G1 X233.274 Y93.215 E171.80255
G1 X235.752 Y92.189 E171.84459
G1 X238.132 Y90.95 E171.88665
G1 X240.395 Y89.508 E171.92871
G1 X242.523 Y87.875 E171.97076
G1 X244.501 Y86.063 E172.01281
G1 X246.313 Y84.085 E172.05486
G1 X247.946 Y81.957 E172.09691
G1 X249.387 Y79.694 E172.13896
G1 X250.627 Y77.314 E172.18103
G1 X251.652 Y74.836 E172.22306
G1 X252.459 Y72.278 E172.26511
G1 X253.04 Y69.658 E172.30718
G1 X253.39 Y67 E172.3492
G1 X253.507 Y64.319 E172.39127
G1 X253.39 Y61.638 E172.43333
G1 X253.04 Y58.979 E172.47537
G1 X252.459 Y56.359 E172.51744
G1 X251.652 Y53.801 E172.55949
G1 X250.627 Y51.322 E172.60154
G1 X249.387 Y48.944 E172.64358
G1 X247.946 Y46.681 E172.68563
G1 X246.313 Y44.552 E172.72769
G1 X244.501 Y42.575 E172.76973
G1 X242.523 Y40.763 E172.81178
G1 X240.395 Y39.129 E172.85384
G1 X238.132 Y37.688 E172.89589
G1 X235.752 Y36.449 E172.93795
G1 X233.274 Y35.423 E172.97999
G1 X230.715 Y34.616 E173.02205
G1 X228.096 Y34.036 E173.0641
G1 X225.437 Y33.685 E173.10615
G1 X222.757 Y33.569 E173.1482
G1 X220.076 Y33.685 E173.19026
G1 X217.417 Y34.036 E173.2323
G1 X214.798 Y34.616 E173.27435
G1 X212.239 Y35.423 E173.31641
G1 X209.76 Y36.449 E173.35847
G1 X207.382 Y37.688 E173.4005
G1 X205.118 Y39.129 E173.44257
G1 X202.99 Y40.763 E173.48463
G1 X201.012 Y42.575 E173.52668
G1 X199.2 Y44.552 E173.56871
G1 X197.567 Y46.681 E173.61077
G1 X196.126 Y48.944 E173.65283
G1 X194.886 Y51.322 E173.69487
G0 F10500 X194.796 Y51.28
G0 X196.092 Y48.924
G0 X197.535 Y46.659
G0 X199.17 Y44.527
G0 X200.984 Y42.547
G0 X202.965 Y40.733
G0 X205.096 Y39.097
G0 X207.363 Y37.654
G0 X209.29 Y36.65
G0 X225.824 Y29.304
G0 X225.832 Y29.205
G1 F3600 X228.886 Y29.607 E173.74315
G1 X231.881 Y30.272 E173.79125
G1 X234.807 Y31.194 E173.83934
G1 X237.65 Y32.371 E173.88757
G1 X240.383 Y33.793 E173.93586
G1 X242.982 Y35.449 E173.98417
G1 X245.409 Y37.312 E174.03213
G1 X247.681 Y39.394 E174.08044
G1 X249.763 Y41.666 E174.12874
G1 X251.626 Y44.093 E174.1767
G1 X253.287 Y46.702 E174.22519
G1 X254.701 Y49.417 E174.27317
G1 X255.883 Y52.272 E174.32161
G1 X256.804 Y55.194 E174.36963
G1 X257.469 Y58.19 E174.41774
G1 X257.871 Y61.243 E174.46601
G1 X258.006 Y64.319 E174.51427
G1 X257.871 Y67.394 E174.56252
G1 X257.469 Y70.448 E174.61081
G1 X256.804 Y73.443 E174.6589
G1 X255.883 Y76.366 E174.70694
G1 X254.701 Y79.221 E174.75538
G1 X253.287 Y81.936 E174.80336
G1 X251.63 Y84.539 E174.85173
G1 X249.759 Y86.976 E174.89989
G1 X247.681 Y89.244 E174.94811
G1 X245.409 Y91.325 E174.99641
G1 X242.982 Y93.188 E175.04437
G1 X240.382 Y94.845 E175.0927
G1 X237.649 Y96.267 E175.14099
G1 X234.807 Y97.444 E175.18921
G1 X231.881 Y98.366 E175.2373
G1 X228.886 Y99.031 E175.28539
G1 X225.832 Y99.433 E175.33368
G1 X222.757 Y99.568 E175.38192
G1 X219.681 Y99.433 E175.43019
G1 X216.627 Y99.031 E175.47847
G1 X213.632 Y98.366 E175.52657
G1 X210.706 Y97.444 E175.57465
G1 X207.864 Y96.267 E175.62287
G1 X205.131 Y94.845 E175.67117
G1 X202.531 Y93.188 E175.7195
G1 X200.104 Y91.325 E175.76746
G1 X197.832 Y89.244 E175.81575
G1 X195.754 Y86.976 E175.86397
G1 X193.883 Y84.539 E175.91213
G1 X192.226 Y81.936 E175.9605
G1 X190.812 Y79.221 E176.00849
G1 X189.63 Y76.366 E176.05692
G1 X188.709 Y73.443 E176.10496
G1 X188.044 Y70.448 E176.15305
G1 X187.643 Y67.394 E176.20134
G1 X187.508 Y64.319 E176.24959
G1 X187.643 Y61.243 E176.29785
G1 X188.044 Y58.19 E176.34612
G1 X188.709 Y55.194 E176.39423
G1 X189.63 Y52.272 E176.44225
G1 X190.812 Y49.417 E176.49069
G1 X192.226 Y46.702 E176.53867
G1 X193.887 Y44.093 E176.58716
G1 X195.75 Y41.666 E176.63512
G1 X197.832 Y39.394 E176.68342
G1 X200.104 Y37.312 E176.73173
G1 X202.531 Y35.449 E176.77969
G1 X205.131 Y33.793 E176.82801
G1 X207.864 Y32.371 E176.8763
G1 X210.706 Y31.194 E176.92452
G1 X213.632 Y30.272 E176.97261
G1 X216.627 Y29.607 E177.0207
G1 X219.681 Y29.205 E177.06899
G1 X222.757 Y29.07 E177.11725
G1 X225.832 Y29.205 E177.1655
G0 F10500 X225.873 Y28.706
;TYPE:WALL-OUTER
G1 F2700 X228.968 Y29.113 E177.21444
G1 X232.013 Y29.789 E177.26333
G1 X234.977 Y30.723 E177.31204
G1 X237.867 Y31.92 E177.36108
G1 X240.633 Y33.359 E177.40995
G1 X243.265 Y35.036 E177.45887
G1 X245.734 Y36.931 E177.50766
G1 X248.035 Y39.04 E177.55659
G1 X250.144 Y41.341 E177.60552
G1 X252.039 Y43.81 E177.65431
G1 X253.716 Y46.443 E177.70324
G1 X255.156 Y49.209 E177.75212
G1 X256.354 Y52.102 E177.80121
G1 X257.287 Y55.062 E177.84986
G1 X257.963 Y58.108 E177.89876
G1 X258.37 Y61.202 E177.94768
G1 X258.507 Y64.319 E177.99659
G1 X258.37 Y67.435 E178.04548
G1 X257.963 Y70.53 E178.09441
G1 X257.287 Y73.575 E178.14331
G1 X256.354 Y76.536 E178.19197
G1 X255.156 Y79.429 E178.24106
G1 X253.716 Y82.195 E178.28994
G1 X252.039 Y84.828 E178.33887
G1 X250.144 Y87.296 E178.38765
G1 X248.035 Y89.598 E178.43659
G1 X245.734 Y91.706 E178.48551
G1 X243.265 Y93.601 E178.53429
G1 X240.632 Y95.279 E178.58324
G1 X237.867 Y96.718 E178.6321
G1 X234.977 Y97.915 E178.68113
G1 X232.013 Y98.849 E178.72985
G1 X228.968 Y99.525 E178.77874
G1 X225.873 Y99.932 E178.82767
G1 X222.757 Y100.069 E178.87657
G1 X219.64 Y99.932 E178.92547
G1 X216.545 Y99.525 E178.97441
G1 X213.5 Y98.849 E179.0233
G1 X210.536 Y97.915 E179.07201
G1 X207.646 Y96.718 E179.12105
G1 X204.881 Y95.279 E179.16991
G1 X202.248 Y93.601 E179.21885
G1 X199.779 Y91.706 E179.26764
G1 X197.478 Y89.598 E179.31656
G1 X195.369 Y87.296 E179.3655
G1 X193.474 Y84.828 E179.41427
G1 X191.797 Y82.195 E179.46321
G1 X190.357 Y79.429 E179.51209
G1 X189.159 Y76.536 E179.56117
G1 X188.226 Y73.575 E179.60984
G1 X187.55 Y70.53 E179.65873
G1 X187.144 Y67.435 E179.70766
G1 X187.007 Y64.319 E179.75655
G1 X187.144 Y61.202 E179.80546
G1 X187.55 Y58.108 E179.85438
G1 X188.226 Y55.062 E179.90329
G1 X189.159 Y52.102 E179.95194
G1 X190.357 Y49.209 E180.00102
G1 X191.797 Y46.443 E180.0499
G1 X193.474 Y43.81 E180.09884
G1 X195.369 Y41.341 E180.14762
G1 X197.478 Y39.04 E180.19655
G1 X199.779 Y36.931 E180.24548
G1 X202.248 Y35.036 E180.29427
G1 X204.881 Y33.359 E180.3432
G1 X207.646 Y31.92 E180.39206
G1 X210.536 Y30.723 E180.4411
G1 X213.5 Y29.789 E180.48981
G1 X216.545 Y29.113 E180.53871
G1 X219.64 Y28.706 E180.58764
G1 X222.757 Y28.569 E180.63655
G1 X225.873 Y28.706 E180.68544
G0 F10500 X226.12 Y28.738
G0 X226.041 Y29.333
G0 X240.417 Y39.097
G0 X242.548 Y40.733
G0 X244.529 Y42.547
G0 X246.343 Y44.527
G0 X247.978 Y46.659
G0 X249.421 Y48.924
G0 X250.663 Y51.306
G0 X251.689 Y53.788
G0 X252.497 Y56.349
G0 X253.079 Y58.973
G0 X253.362 Y61.128
G0 X253.605 Y64.344
G0 X253.007 Y64.319
G1 F2700 X252.891 Y61.682 E180.72681
G1 X252.547 Y59.066 E180.76817
G1 X251.976 Y56.489 E180.80955
G1 X251.182 Y53.972 E180.85092
G1 X250.173 Y51.534 E180.89228
G1 X248.954 Y49.194 E180.93364
G1 X247.536 Y46.968 E180.97501
G1 X245.93 Y44.874 E181.01638
G1 X244.147 Y42.929 E181.05774
G1 X242.201 Y41.146 E181.09911
G1 X240.108 Y39.539 E181.14048
G1 X237.882 Y38.121 E181.18185
G1 X235.541 Y36.903 E181.22322
G1 X233.103 Y35.893 E181.26458
G1 X230.586 Y35.099 E181.30595
G1 X228.009 Y34.529 E181.34733
G1 X225.393 Y34.184 E181.38869
G1 X222.757 Y34.069 E181.43005
G1 X220.12 Y34.184 E181.47142
G1 X217.504 Y34.529 E181.51279
G1 X214.927 Y35.099 E181.55416
G1 X212.41 Y35.893 E181.59553
G1 X209.972 Y36.903 E181.6369
G1 X207.632 Y38.121 E181.67825
G1 X205.405 Y39.539 E181.71963
G1 X203.312 Y41.146 E181.761
G1 X201.366 Y42.929 E181.80237
G1 X199.583 Y44.874 E181.84373
G1 X197.977 Y46.968 E181.8851
G1 X196.559 Y49.194 E181.92647
G1 X195.34 Y51.534 E181.96783
G1 X194.331 Y53.972 E182.00919
G1 X193.537 Y56.489 E182.05056
G1 X192.966 Y59.066 E182.09194
G1 X192.622 Y61.682 E182.1333
G1 X192.507 Y64.319 E182.17467
G1 X192.622 Y66.956 E182.21605
G1 X192.966 Y69.571 E182.25739
G1 X193.537 Y72.148 E182.29877
G1 X194.331 Y74.665 E182.34014
G1 X195.34 Y77.103 E182.3815
G1 X196.559 Y79.444 E182.42287
G1 X197.977 Y81.67 E182.46424
G1 X199.583 Y83.763 E182.5056
G1 X201.366 Y85.709 E182.54697
G1 X203.312 Y87.492 E182.58834
G1 X205.405 Y89.098 E182.6297
G1 X207.632 Y90.517 E182.67109
G1 X209.972 Y91.735 E182.71244
G1 X212.41 Y92.745 E182.75381
G1 X214.927 Y93.539 E182.79518
G1 X217.504 Y94.109 E182.83655
G1 X220.12 Y94.454 E182.87792
G1 X222.757 Y94.569 E182.91929
G1 X225.393 Y94.454 E182.96065
G1 X228.009 Y94.109 E183.00201
G1 X230.586 Y93.539 E183.04339
G1 X233.103 Y92.745 E183.08476
G1 X235.541 Y91.735 E183.12612
G1 X237.882 Y90.517 E183.16749
G1 X240.108 Y89.098 E183.20887
G1 X242.201 Y87.492 E183.25022
G1 X244.147 Y85.709 E183.2916
G1 X245.93 Y83.763 E183.33297
G1 X247.536 Y81.67 E183.37432
G1 X248.954 Y79.444 E183.4157
G1 X250.173 Y77.103 E183.45707
G1 X251.182 Y74.665 E183.49843
G1 X251.976 Y72.148 E183.5398
G1 X252.547 Y69.571 E183.58118
G1 X252.891 Y66.956 E183.62252
G1 X253.007 Y64.319 E183.6639
G0 F10500 X252.997 Y64.07
G0 X253.595 Y64.045
G0 X254.498 Y60.861
;TYPE:FILL
G1 F3300 X256.362 Y58.997 E183.70522
G1 X256.45 Y58.909
G0 F10500 X254.473 Y60.681
G1 F3300 X256.742 Y62.95 E183.75552
G1 X256.83 Y63.038
G0 F10500 X256.741 Y65.688
G1 F3300 X254.473 Y67.957 E183.80581
G0 F10500 X254.496 Y67.775
G1 F3300 X256.362 Y69.641 E183.84717
G1 X256.45 Y69.729
G0 F10500 X255.306 Y74.195
G1 F3300 X251.743 Y77.758 E183.92616
G1 X251.655 Y77.846
G0 F10500 X251.264 Y78.685
G1 F3300 X252.818 Y80.238 E183.9606
G1 X252.906 Y80.326
G0 F10500 X248.592 Y83.084
G1 F3300 X250.085 Y84.577 E183.9937
G1 X250.173 Y84.665
G0 F10500 X246.83 Y88.393
G1 F3300 X245.349 Y86.912 E184.02653
G1 X245.261 Y86.824
G0 F10500 X241.522 Y90.156
G1 F3300 X243.014 Y91.648 E184.0596
G1 X243.102 Y91.736
G0 F10500 X238.673 Y94.378
G1 F3300 X237.123 Y92.828 E184.09396
G1 X237.035 Y92.74
G0 F10500 X236.198 Y93.303
G1 F3300 X232.631 Y96.87 E184.17304
G1 X232.543 Y96.958
G0 F10500 X233.742 Y96.518
G1 F3300 X232.074 Y94.85 E184.21002
G1 X231.986 Y94.762
G0 F10500 X228.077 Y97.924
G1 F3300 X226.214 Y96.061 E184.25132
G0 F10500 X226.394 Y96.036
G1 F3300 X224.125 Y98.305 E184.30162
G1 X224.037 Y98.393
G0 F10500 X221.386 Y98.304
G1 F3300 X219.119 Y96.037 E184.35187
G0 F10500 X219.298 Y96.061
G1 F3300 X217.433 Y97.925 E184.39321
G1 X217.345 Y98.013
G0 F10500 X212.88 Y96.87
G1 F3300 X209.317 Y93.306 E184.4722
G1 X209.229 Y93.218
G0 F10500 X208.389 Y92.828
G1 F3300 X206.837 Y94.379 E184.5066
G1 X206.749 Y94.467
G0 F10500 X203.99 Y90.156
G1 F3300 X202.496 Y91.65 E184.53972
G1 X202.408 Y91.738
G0 F10500 X198.681 Y88.394
G1 F3300 X200.162 Y86.912 E184.57256
G1 X200.25 Y86.824
G0 F10500 X196.918 Y83.085
G1 F3300 X195.425 Y84.578 E184.60566
G1 X195.337 Y84.666
G0 F10500 X192.694 Y80.238
G1 F3300 X194.246 Y78.686 E184.64006
G1 X194.334 Y78.598
G0 F10500 X193.767 Y77.756
G1 F3300 X190.203 Y74.192 E184.71907
G1 X190.115 Y74.104
G0 F10500 X190.555 Y75.306
G1 F3300 X192.224 Y73.638 E184.75606
G1 X192.312 Y73.55
G0 F10500 X189.149 Y69.641
G1 F3300 X191.013 Y67.777 E184.79738
G0 F10500 X191.037 Y67.955
G1 F3300 X188.769 Y65.688 E184.84765
G1 X188.681 Y65.6
G0 F10500 X188.77 Y62.949
G1 F3300 X191.036 Y60.683 E184.89788
G0 F10500 X191.014 Y60.861
G1 F3300 X189.148 Y58.996 E184.93924
G1 X189.06 Y58.908
G0 F10500 X190.203 Y54.445
G1 F3300 X193.763 Y50.885 E185.01816
G1 X193.851 Y50.797
G0 F10500 X194.246 Y49.951
G1 F3300 X192.693 Y48.398 E185.05258
G1 X192.605 Y48.31
G0 F10500 X196.919 Y45.553
G1 F3300 X195.425 Y44.059 E185.0857
G1 X195.337 Y43.971
G0 F10500 X198.681 Y40.244
G1 F3300 X200.162 Y41.724 E185.11852
G1 X200.25 Y41.812
G0 F10500 X203.988 Y38.48
G1 F3300 X202.496 Y36.988 E185.1516
G1 X202.408 Y36.9
G0 F10500 X206.837 Y34.258
G1 F3300 X208.388 Y35.809 E185.18598
G1 X208.476 Y35.897
G0 F10500 X209.317 Y35.331
G1 F3300 X212.881 Y31.767 E185.26499
G1 X212.969 Y31.679
G0 F10500 X211.769 Y32.118
G1 F3300 X213.438 Y33.787 E185.30199
G1 X213.526 Y33.875
G0 F10500 X217.434 Y30.713
G1 F3300 X219.297 Y32.576 E185.34329
G0 F10500 X219.118 Y32.601
G1 F3300 X221.387 Y30.332 E185.39359
G1 X221.475 Y30.244
G0 F10500 X224.125 Y30.333
G1 F3300 X226.392 Y32.6 E185.44385
G0 F10500 X226.214 Y32.577
G1 F3300 X228.078 Y30.712 E185.48518
G1 X228.166 Y30.624
G0 F10500 X232.632 Y31.768
G1 F3300 X236.196 Y35.333 E185.5642
G1 X236.284 Y35.421
G0 F10500 X237.122 Y35.81
G1 F3300 X238.675 Y34.257 E185.59863
G1 X238.763 Y34.169
G0 F10500 X241.522 Y38.482
G1 F3300 X243.016 Y36.988 E185.63175
G1 X243.104 Y36.9
G0 F10500 X246.83 Y40.244
G1 F3300 X245.349 Y41.725 E185.66458
G1 X245.261 Y41.813
G0 F10500 X248.593 Y45.552
G1 F3300 X250.085 Y44.06 E185.69765
G1 X250.173 Y43.972
G0 F10500 X252.817 Y48.4
G1 F3300 X251.266 Y49.951 E185.73204
G1 X251.178 Y50.039
G0 F10500 X251.744 Y50.881
G1 F3300 X255.308 Y54.445 E185.81104
G1 X255.396 Y54.533
G0 F10500 X254.956 Y53.332
G1 F3300 X253.287 Y55 E185.84803
G1 X253.199 Y55.088
G0 F10500 X253.547 Y64.319
G0 X253.286 Y73.635
G1 F3300 X254.957 Y75.306 E185.88508
G1 X255.045 Y75.394
G0 F10500 X244.529 Y86.091
G0 X242.548 Y87.905
G0 X240.417 Y89.54
G0 X238.152 Y90.984
G0 X235.768 Y92.225
G0 X233.287 Y93.252
G0 X230.725 Y94.06
G0 X228.102 Y94.641
G0 X225.44 Y94.992
G0 X223.268 Y95.086
G0 X213.438 Y94.849
G1 F3300 X211.768 Y96.52 E185.92211
G1 X211.68 Y96.608
G0 F10500 X200.984 Y86.091
G0 X199.17 Y84.11
G0 X197.535 Y81.979
G0 X196.092 Y79.714
G0 X194.85 Y77.33
G0 X193.824 Y74.849
G0 X193.016 Y72.288
G0 X192.434 Y69.664
G0 X192.084 Y67.003
G0 X191.99 Y64.83
G0 X192.224 Y55
G1 F3300 X190.554 Y53.33 E185.95913
G1 X190.466 Y53.242
G0 F10500 X200.984 Y42.547
G0 X202.965 Y40.733
G0 X205.096 Y39.097
G0 X207.363 Y37.654
G0 X209.744 Y36.413
G0 X212.226 Y35.386
G0 X214.788 Y34.578
G0 X217.411 Y33.997
G0 X220.073 Y33.646
G0 X222.246 Y33.552
G0 X232.074 Y33.787
G1 F3300 X233.744 Y32.118 E185.99614
G1 X233.832 Y32.03
;MESH:NONMESH
G0 F10500 X217.411 Y33.997
G0 X214.788 Y34.578
G0 X212.226 Y35.386
G0 X209.744 Y36.413
G0 X207.363 Y37.654
G0 X205.096 Y39.097
G0 X202.965 Y40.733
G0 X200.984 Y42.547
G0 X199.516 Y44.15
G0 X193.978 Y50.898
;TIME_ELAPSED:499.248378
;LAYER:5
M106 S7.7
;MESH:
G0 X193.978 Y50.898 Z1.2
;TYPE:WALL-INNER
G1 F3600 X192.921 Y53.459 E186.03957
G1 X192.088 Y56.099 E186.08296
G1 X191.487 Y58.805 E186.12642
G1 X191.125 Y61.551 E186.16983
G1 X191.007 Y64.319 E186.21326
G1 X191.125 Y67.087 E186.25669
G1 X191.487 Y69.832 E186.30009
G1 X192.088 Y72.538 E186.34354
G1 X192.921 Y75.178 E186.38694
G1 X193.978 Y77.736 E186.43032
G1 X195.26 Y80.194 E186.47378
G1 X196.747 Y82.531 E186.5172
G1 X198.434 Y84.729 E186.56063
G1 X200.304 Y86.771 E186.60404
G1 X202.346 Y88.641 E186.64744
G1 X204.544 Y90.328 E186.69087
G1 X206.882 Y91.816 E186.73432
G1 X209.336 Y93.097 E186.77771
G1 X211.897 Y94.155 E186.82115
G1 X214.539 Y94.988 E186.86457
G1 X217.243 Y95.588 E186.90799
G1 X219.988 Y95.951 E186.95139
G1 X222.757 Y96.069 E186.99484
G1 X225.525 Y95.951 E187.03827
G1 X228.27 Y95.588 E187.08167
G1 X230.974 Y94.988 E187.12509
G1 X233.616 Y94.155 E187.16851
G1 X236.174 Y93.097 E187.2119
G1 X238.632 Y91.816 E187.25535
G1 X240.969 Y90.328 E187.29878
G1 X243.167 Y88.641 E187.34221
G1 X245.209 Y86.771 E187.38562
G1 X247.079 Y84.729 E187.42902
G1 X248.766 Y82.531 E187.47245
G1 X250.253 Y80.194 E187.51587
G1 X251.535 Y77.736 E187.55933
G1 X252.592 Y75.178 E187.60272
G1 X253.425 Y72.538 E187.64611
G1 X254.026 Y69.832 E187.68956
G1 X254.388 Y67.088 E187.73295
G1 X254.507 Y64.319 E187.77639
G1 X254.388 Y61.55 E187.81984
G1 X254.026 Y58.805 E187.86324
G1 X253.425 Y56.099 E187.90669
G1 X252.592 Y53.459 E187.95009
G1 X251.535 Y50.898 E187.99352
G1 X250.253 Y48.444 E188.03692
G1 X248.766 Y46.107 E188.08034
G1 X247.079 Y43.908 E188.12378
G1 X245.209 Y41.867 E188.16717
G1 X243.167 Y39.997 E188.21058
G1 X240.969 Y38.309 E188.25402
G1 X238.632 Y36.822 E188.29744
G1 X236.174 Y35.541 E188.34089
G1 X233.616 Y34.483 E188.38428
G1 X230.974 Y33.65 E188.42771
G1 X228.27 Y33.05 E188.47112
G1 X225.525 Y32.687 E188.51453
G1 X222.757 Y32.569 E188.55796
G1 X219.988 Y32.687 E188.6014
G1 X217.243 Y33.05 E188.64481
G1 X214.539 Y33.65 E188.68822
G1 X211.897 Y34.483 E188.73165
G1 X209.336 Y35.541 E188.77508
G1 X206.882 Y36.822 E188.81848
G1 X204.544 Y38.309 E188.86191
G1 X202.346 Y39.997 E188.90535
G1 X200.304 Y41.867 E188.94876
G1 X198.434 Y43.908 E188.99215
G1 X196.747 Y46.107 E189.03559
G1 X195.26 Y48.444 E189.07901
G1 X193.978 Y50.898 E189.12241
G0 F10500 X199.17 Y44.527
G0 X200.984 Y42.547
G0 X202.965 Y40.733
G0 X205.096 Y39.097
G0 X207.363 Y37.654
G0 X209.744 Y36.413
G0 X211.15 Y35.832
G0 X225.75 Y30.203
G1 F3600 X228.722 Y30.595 E189.16941
G1 X231.617 Y31.238 E189.21589
G1 X234.467 Y32.136 E189.26273
G1 X237.216 Y33.273 E189.30936
G1 X239.883 Y34.661 E189.35649
G1 X242.416 Y36.275 E189.40358
G1 X244.759 Y38.074 E189.44988
G1 X246.973 Y40.102 E189.49694
G1 X249.001 Y42.316 E189.54401
G1 X250.804 Y44.664 E189.59041
G1 X252.426 Y47.214 E189.63779
G1 X253.791 Y49.833 E189.68408
G1 X254.941 Y52.612 E189.73123
G1 X255.838 Y55.458 E189.778
G1 X256.481 Y58.354 E189.82451
G1 X256.873 Y61.325 E189.87148
G1 X257.004 Y64.319 E189.91846
G1 X256.873 Y67.312 E189.96542
G1 X256.481 Y70.284 E190.01241
G1 X255.838 Y73.179 E190.0589
G1 X254.941 Y76.026 E190.10569
G1 X253.791 Y78.805 E190.15283
G1 X252.426 Y81.424 E190.19913
G1 X250.811 Y83.962 E190.24628
G1 X248.993 Y86.331 E190.29309
G1 X246.973 Y88.536 E190.33997
G1 X244.759 Y90.563 E190.38702
G1 X242.416 Y92.362 E190.43333
G1 X239.882 Y93.977 E190.48043
G1 X237.215 Y95.365 E190.52756
G1 X234.467 Y96.502 E190.57418
G1 X231.617 Y97.4 E190.62102
G1 X228.722 Y98.043 E190.66751
G1 X225.75 Y98.435 E190.7145
G1 X222.757 Y98.566 E190.76146
G1 X219.763 Y98.435 E190.80844
G1 X216.791 Y98.043 E190.85543
G1 X213.896 Y97.4 E190.90191
G1 X211.046 Y96.502 E190.94875
G1 X208.298 Y95.365 E190.99537
G1 X205.631 Y93.977 E191.0425
G1 X203.097 Y92.362 E191.0896
G1 X200.754 Y90.563 E191.13591
G1 X198.54 Y88.536 E191.18296
G1 X196.52 Y86.331 E191.22984
G1 X194.702 Y83.962 E191.27665
G1 X193.087 Y81.424 E191.3238
G1 X191.722 Y78.805 E191.3701
G1 X190.572 Y76.026 E191.41724
G1 X189.675 Y73.179 E191.46403
G1 X189.032 Y70.284 E191.51052
G1 X188.641 Y67.312 E191.55751
G1 X188.51 Y64.319 E191.60447
G1 X188.641 Y61.325 E191.65145
G1 X189.032 Y58.354 E191.69842
G1 X189.675 Y55.458 E191.74492
G1 X190.572 Y52.612 E191.7917
G1 X191.722 Y49.833 E191.83884
G1 X193.087 Y47.214 E191.88514
G1 X194.709 Y44.664 E191.93251
G1 X196.512 Y42.316 E191.97892
G1 X198.54 Y40.102 E192.02598
G1 X200.754 Y38.074 E192.07305
G1 X203.097 Y36.275 E192.11935
G1 X205.631 Y34.661 E192.16645
G1 X208.298 Y33.273 E192.21358
G1 X211.046 Y32.136 E192.26019
G1 X213.896 Y31.238 E192.30703
G1 X216.791 Y30.595 E192.35352
G1 X219.763 Y30.203 E192.40051
G1 X222.757 Y30.072 E192.44749
G1 X225.75 Y30.203 E192.49445
G0 F10500 X225.791 Y29.704
G1 F3600 X228.804 Y30.101 E192.54209
G1 X231.749 Y30.755 E192.58938
G1 X234.637 Y31.665 E192.63684
G1 X237.433 Y32.822 E192.68428
G1 X240.133 Y34.227 E192.73199
G1 X242.699 Y35.862 E192.77968
G1 X245.084 Y37.693 E192.82681
G1 X247.327 Y39.748 E192.8745
G1 X249.382 Y41.991 E192.92219
G1 X251.213 Y44.376 E192.96932
G1 X252.858 Y46.961 E193.01735
G1 X254.246 Y49.625 E193.06444
G1 X255.412 Y52.442 E193.11223
G1 X256.321 Y55.326 E193.15963
G1 X256.975 Y58.272 E193.20693
G1 X257.372 Y61.284 E193.25455
G1 X257.505 Y64.319 E193.30218
G1 X257.372 Y67.353 E193.34978
G1 X256.975 Y70.366 E193.39742
G1 X256.321 Y73.311 E193.44471
G1 X255.412 Y76.196 E193.49212
G1 X254.246 Y79.013 E193.53991
G1 X252.858 Y81.677 E193.587
G1 X251.217 Y84.256 E193.63492
G1 X249.378 Y86.651 E193.68225
G1 X247.327 Y88.89 E193.72985
G1 X245.084 Y90.944 E193.77752
G1 X242.699 Y92.775 E193.82466
G1 X240.132 Y94.411 E193.87237
G1 X237.432 Y95.816 E193.92008
G1 X234.637 Y96.973 E193.9675
G1 X231.749 Y97.883 E194.01497
G1 X228.804 Y98.537 E194.06226
G1 X225.791 Y98.934 E194.10989
G1 X222.757 Y99.067 E194.1575
G1 X219.722 Y98.934 E194.20512
G1 X216.709 Y98.537 E194.25276
G1 X213.764 Y97.883 E194.30005
G1 X210.876 Y96.973 E194.34751
G1 X208.081 Y95.816 E194.39493
G1 X205.381 Y94.411 E194.44264
G1 X202.814 Y92.775 E194.49036
G1 X200.429 Y90.944 E194.53749
G1 X198.186 Y88.89 E194.58517
G1 X196.135 Y86.651 E194.63276
G1 X194.296 Y84.256 E194.6801
G1 X192.655 Y81.677 E194.72801
G1 X191.267 Y79.013 E194.7751
G1 X190.101 Y76.196 E194.82289
G1 X189.192 Y73.311 E194.87031
G1 X188.538 Y70.366 E194.9176
G1 X188.142 Y67.353 E194.96523
G1 X188.009 Y64.319 E195.01284
G1 X188.142 Y61.284 E195.06046
G1 X188.538 Y58.272 E195.10808
G1 X189.192 Y55.326 E195.15538
G1 X190.101 Y52.442 E195.20278
G1 X191.267 Y49.625 E195.25058
G1 X192.655 Y46.961 E195.29766
G1 X194.3 Y44.376 E195.34569
G1 X196.131 Y41.991 E195.39283
G1 X198.186 Y39.748 E195.44051
G1 X200.429 Y37.693 E195.4882
G1 X202.814 Y35.862 E195.53533
G1 X205.381 Y34.227 E195.58304
G1 X208.081 Y32.822 E195.63075
G1 X210.876 Y31.665 E195.67817
G1 X213.764 Y30.755 E195.72563
G1 X216.709 Y30.101 E195.77292
G1 X219.722 Y29.704 E195.82056
G1 X222.757 Y29.571 E195.86818
G1 X225.791 Y29.704 E195.91578
G0 F10500 X209.744 Y36.413
G0 X207.363 Y37.654
G0 X205.096 Y39.097
G0 X202.965 Y40.733
G0 X200.984 Y42.547
G0 X199.17 Y44.527
G0 X197.847 Y46.253
G0 X194.432 Y51.11
G1 F3600 X193.391 Y53.63 E195.95852
G1 X192.571 Y56.229 E196.00124
G1 X191.98 Y58.892 E196.044
G1 X191.624 Y61.594 E196.08673
G1 X191.507 Y64.319 E196.12948
G1 X191.624 Y67.044 E196.17224
G1 X191.98 Y69.745 E196.21494
G1 X192.571 Y72.408 E196.2577
G1 X193.391 Y75.007 E196.30042
G1 X194.432 Y77.525 E196.34313
G1 X195.693 Y79.944 E196.38589
G1 X197.157 Y82.244 E196.42863
G1 X198.817 Y84.407 E196.47137
G1 X200.658 Y86.417 E196.5141
G1 X202.668 Y88.258 E196.55682
G1 X204.831 Y89.918 E196.59956
G1 X207.132 Y91.383 E196.64232
G1 X209.548 Y92.643 E196.68504
G1 X212.068 Y93.685 E196.72778
G1 X214.669 Y94.505 E196.77053
G1 X217.33 Y95.095 E196.81326
G1 X220.032 Y95.452 E196.85598
G1 X222.757 Y95.569 E196.89874
G1 X225.481 Y95.452 E196.94148
G1 X228.183 Y95.095 E196.9842
G1 X230.844 Y94.505 E197.02692
G1 X233.445 Y93.685 E197.06967
G1 X235.963 Y92.643 E197.11239
G1 X238.382 Y91.383 E197.15515
G1 X240.682 Y89.918 E197.19789
G1 X242.845 Y88.258 E197.24063
G1 X244.855 Y86.417 E197.28336
G1 X246.696 Y84.407 E197.32608
G1 X248.356 Y82.244 E197.36883
G1 X249.82 Y79.944 E197.41156
G1 X251.081 Y77.525 E197.45432
G1 X252.122 Y75.007 E197.49704
G1 X252.942 Y72.408 E197.53976
G1 X253.533 Y69.745 E197.58252
G1 X253.889 Y67.044 E197.62522
G1 X254.007 Y64.319 E197.66798
G1 X253.889 Y61.594 E197.71073
G1 X253.533 Y58.892 E197.75345
G1 X252.942 Y56.229 E197.79621
G1 X252.122 Y53.63 E197.83893
G1 X251.081 Y51.11 E197.88167
G1 X249.82 Y48.694 E197.92439
G1 X248.356 Y46.394 E197.96713
G1 X246.696 Y44.23 E198.00988
G1 X244.855 Y42.221 E198.0526
G1 X242.845 Y40.38 E198.09532
G1 X240.682 Y38.719 E198.13807
G1 X238.382 Y37.255 E198.18081
G1 X235.963 Y35.995 E198.22357
G1 X233.445 Y34.953 E198.26628
G1 X230.844 Y34.133 E198.30903
G1 X228.183 Y33.543 E198.35176
G1 X225.481 Y33.186 E198.39448
G1 X222.757 Y33.069 E198.43722
G1 X220.032 Y33.186 E198.47998
G1 X217.33 Y33.543 E198.5227
G1 X214.669 Y34.133 E198.56543
G1 X212.068 Y34.953 E198.60818
G1 X209.548 Y35.995 E198.65092
G1 X207.132 Y37.255 E198.69363
G1 X204.831 Y38.719 E198.73638
G1 X202.668 Y40.38 E198.77913
G1 X200.658 Y42.221 E198.82186
G1 X198.817 Y44.23 E198.86458
G1 X197.157 Y46.394 E198.90733
G1 X195.693 Y48.694 E198.95007
G1 X194.432 Y51.11 E198.99279
G0 F10500 X194.886 Y51.322
G1 F3600 X193.861 Y53.801 E199.03484
G1 X193.054 Y56.359 E199.07688
G1 X192.473 Y58.979 E199.11895
G1 X192.123 Y61.638 E199.16099
G1 X192.007 Y64.319 E199.20306
G1 X192.123 Y67 E199.24512
G1 X192.473 Y69.658 E199.28715
G1 X193.054 Y72.278 E199.32921
G1 X193.861 Y74.836 E199.37126
G1 X194.886 Y77.314 E199.4133
G1 X196.126 Y79.694 E199.45536
G1 X197.567 Y81.957 E199.49742
G1 X199.2 Y84.085 E199.53946
G1 X201.012 Y86.063 E199.58151
G1 X202.99 Y87.875 E199.62356
G1 X205.118 Y89.508 E199.66561
G1 X207.382 Y90.95 E199.70769
G1 X209.76 Y92.189 E199.74972
G1 X212.239 Y93.215 E199.79178
G1 X214.798 Y94.022 E199.83384
G1 X217.417 Y94.602 E199.87589
G1 X220.076 Y94.953 E199.91793
G1 X222.757 Y95.069 E199.95999
G1 X225.437 Y94.953 E200.00204
G1 X228.096 Y94.602 E200.04409
G1 X230.715 Y94.022 E200.08613
G1 X233.274 Y93.215 E200.1282
G1 X235.752 Y92.189 E200.17024
G1 X238.132 Y90.95 E200.2123
G1 X240.395 Y89.508 E200.25436
G1 X242.523 Y87.875 E200.29641
G1 X244.501 Y86.063 E200.33846
G1 X246.313 Y84.085 E200.38051
G1 X247.946 Y81.957 E200.42255
G1 X249.387 Y79.694 E200.46461
G1 X250.627 Y77.314 E200.50668
G1 X251.652 Y74.836 E200.54871
G1 X252.459 Y72.278 E200.59076
G1 X253.04 Y69.658 E200.63283
G1 X253.39 Y67 E200.67485
G1 X253.507 Y64.319 E200.71692
G1 X253.39 Y61.638 E200.75898
G1 X253.04 Y58.979 E200.80102
G1 X252.459 Y56.359 E200.84309
G1 X251.652 Y53.801 E200.88514
G1 X250.627 Y51.322 E200.92719
G1 X249.387 Y48.944 E200.96923
G1 X247.946 Y46.681 E201.01128
G1 X246.313 Y44.552 E201.05334
G1 X244.501 Y42.575 E201.09538
G1 X242.523 Y40.763 E201.13743
G1 X240.395 Y39.129 E201.17949
G1 X238.132 Y37.688 E201.22154
G1 X235.752 Y36.449 E201.2636
G1 X233.274 Y35.423 E201.30564
G1 X230.715 Y34.616 E201.3477
G1 X228.096 Y34.036 E201.38975
G1 X225.437 Y33.685 E201.43179
G1 X222.757 Y33.569 E201.47384
G1 X220.076 Y33.685 E201.51591
G1 X217.417 Y34.036 E201.55795
G1 X214.798 Y34.616 E201.6
G1 X212.239 Y35.423 E201.64206
G1 X209.76 Y36.449 E201.68412
G1 X207.382 Y37.688 E201.72615
G1 X205.118 Y39.129 E201.76822
G1 X202.99 Y40.763 E201.81027
G1 X201.012 Y42.575 E201.85232
G1 X199.2 Y44.552 E201.89436
G1 X197.567 Y46.681 E201.93642
G1 X196.126 Y48.944 E201.97848
G1 X194.886 Y51.322 E202.02052
G0 F10500 X194.796 Y51.28
G0 X196.092 Y48.924
G0 X197.535 Y46.659
G0 X199.17 Y44.527
G0 X200.984 Y42.547
G0 X202.965 Y40.733
G0 X205.096 Y39.097
G0 X207.363 Y37.654
G0 X209.29 Y36.65
G0 X225.824 Y29.304
G0 X225.832 Y29.205
G1 F3600 X228.886 Y29.607 E202.0688
G1 X231.881 Y30.272 E202.11689
G1 X234.807 Y31.194 E202.16498
G1 X237.65 Y32.371 E202.21322
G1 X240.383 Y33.793 E202.26151
G1 X242.982 Y35.449 E202.30982
G1 X245.409 Y37.312 E202.35778
G1 X247.681 Y39.394 E202.40608
G1 X249.763 Y41.666 E202.45439
G1 X251.626 Y44.093 E202.50235
G1 X253.287 Y46.702 E202.55083
G1 X254.701 Y49.417 E202.59882
G1 X255.883 Y52.272 E202.64726
G1 X256.804 Y55.194 E202.69528
G1 X257.469 Y58.19 E202.74339
G1 X257.871 Y61.243 E202.79166
G1 X258.006 Y64.319 E202.83992
G1 X257.871 Y67.394 E202.88817
G1 X257.469 Y70.448 E202.93646
G1 X256.804 Y73.443 E202.98455
G1 X255.883 Y76.366 E203.03259
G1 X254.701 Y79.221 E203.08103
G1 X253.287 Y81.936 E203.12901
G1 X251.63 Y84.539 E203.17738
G1 X249.759 Y86.976 E203.22554
G1 X247.681 Y89.244 E203.27376
G1 X245.409 Y91.325 E203.32205
G1 X242.982 Y93.188 E203.37002
G1 X240.382 Y94.845 E203.41834
G1 X237.649 Y96.267 E203.46664
G1 X234.807 Y97.444 E203.51486
G1 X231.881 Y98.366 E203.56295
G1 X228.886 Y99.031 E203.61104
G1 X225.832 Y99.433 E203.65932
G1 X222.757 Y99.568 E203.70757
G1 X219.681 Y99.433 E203.75584
G1 X216.627 Y99.031 E203.80412
G1 X213.632 Y98.366 E203.85221
G1 X210.706 Y97.444 E203.9003
G1 X207.864 Y96.267 E203.94852
G1 X205.131 Y94.845 E203.99682
G1 X202.531 Y93.188 E204.04514
G1 X200.104 Y91.325 E204.09311
G1 X197.832 Y89.244 E204.1414
G1 X195.754 Y86.976 E204.18962
G1 X193.883 Y84.539 E204.23778
G1 X192.226 Y81.936 E204.28615
G1 X190.812 Y79.221 E204.33413
G1 X189.63 Y76.366 E204.38257
G1 X188.709 Y73.443 E204.43061
G1 X188.044 Y70.448 E204.4787
G1 X187.643 Y67.394 E204.52699
G1 X187.508 Y64.319 E204.57524
G1 X187.643 Y61.243 E204.6235
G1 X188.044 Y58.19 E204.67177
G1 X188.709 Y55.194 E204.71987
G1 X189.63 Y52.272 E204.7679
G1 X190.812 Y49.417 E204.81634
G1 X192.226 Y46.702 E204.86432
G1 X193.887 Y44.093 E204.9128
G1 X195.75 Y41.666 E204.96076
G1 X197.832 Y39.394 E205.00907
G1 X200.104 Y37.312 E205.05738
G1 X202.531 Y35.449 E205.10534
G1 X205.131 Y33.793 E205.15366
G1 X207.864 Y32.371 E205.20195
G1 X210.706 Y31.194 E205.25017
G1 X213.632 Y30.272 E205.29826
G1 X216.627 Y29.607 E205.34635
G1 X219.681 Y29.205 E205.39464
G1 X222.757 Y29.07 E205.4429
G1 X225.832 Y29.205 E205.49115
G0 F10500 X225.873 Y28.706
;TYPE:WALL-OUTER
G1 F2700 X228.968 Y29.113 E205.54008
G1 X232.013 Y29.789 E205.58898
G1 X234.977 Y30.723 E205.63769
G1 X237.867 Y31.92 E205.68673
G1 X240.633 Y33.359 E205.7356
G1 X243.265 Y35.036 E205.78452
G1 X245.734 Y36.931 E205.83331
G1 X248.035 Y39.04 E205.88224
G1 X250.144 Y41.341 E205.93117
G1 X252.039 Y43.81 E205.97995
G1 X253.716 Y46.443 E206.02889
G1 X255.156 Y49.209 E206.07777
G1 X256.354 Y52.102 E206.12685
G1 X257.287 Y55.062 E206.1755
G1 X257.963 Y58.108 E206.22441
G1 X258.37 Y61.202 E206.27333
G1 X258.507 Y64.319 E206.32224
G1 X258.37 Y67.435 E206.37113
G1 X257.963 Y70.53 E206.42006
G1 X257.287 Y73.575 E206.46896
G1 X256.354 Y76.536 E206.51762
G1 X255.156 Y79.429 E206.56671
G1 X253.716 Y82.195 E206.61559
G1 X252.039 Y84.828 E206.66452
G1 X250.144 Y87.296 E206.7133
G1 X248.035 Y89.598 E206.76224
G1 X245.734 Y91.706 E206.81115
G1 X243.265 Y93.601 E206.85994
G1 X240.632 Y95.279 E206.90888
G1 X237.867 Y96.718 E206.95775
G1 X234.977 Y97.915 E207.00678
G1 X232.013 Y98.849 E207.05549
G1 X228.968 Y99.525 E207.10439
G1 X225.873 Y99.932 E207.15332
G1 X222.757 Y100.069 E207.20221
G1 X219.64 Y99.932 E207.25112
G1 X216.545 Y99.525 E207.30005
G1 X213.5 Y98.849 E207.34895
G1 X210.536 Y97.915 E207.39766
G1 X207.646 Y96.718 E207.4467
G1 X204.881 Y95.279 E207.49556
G1 X202.248 Y93.601 E207.5445
G1 X199.779 Y91.706 E207.59329
G1 X197.478 Y89.598 E207.64221
G1 X195.369 Y87.296 E207.69114
G1 X193.474 Y84.828 E207.73992
G1 X191.797 Y82.195 E207.78885
G1 X190.357 Y79.429 E207.83774
G1 X189.159 Y76.536 E207.88682
G1 X188.226 Y73.575 E207.93549
G1 X187.55 Y70.53 E207.98438
G1 X187.144 Y67.435 E208.03331
G1 X187.007 Y64.319 E208.0822
G1 X187.144 Y61.202 E208.13111
G1 X187.55 Y58.108 E208.18003
G1 X188.226 Y55.062 E208.22893
G1 X189.159 Y52.102 E208.27758
G1 X190.357 Y49.209 E208.32667
G1 X191.797 Y46.443 E208.37555
G1 X193.474 Y43.81 E208.42448
G1 X195.369 Y41.341 E208.47327
G1 X197.478 Y39.04 E208.5222
G1 X199.779 Y36.931 E208.57113
G1 X202.248 Y35.036 E208.61992
G1 X204.881 Y33.359 E208.66885
G1 X207.646 Y31.92 E208.71771
G1 X210.536 Y30.723 E208.76675
G1 X213.5 Y29.789 E208.81546
G1 X216.545 Y29.113 E208.86435
G1 X219.64 Y28.706 E208.91329
G1 X222.757 Y28.569 E208.96219
G1 X225.873 Y28.706 E209.01109
G0 F10500 X226.12 Y28.738
G0 X226.041 Y29.333
G0 X240.417 Y39.097
G0 X242.548 Y40.733
G0 X244.529 Y42.547
G0 X246.343 Y44.527
G0 X247.978 Y46.659
G0 X249.421 Y48.924
G0 X250.663 Y51.306
G0 X251.689 Y53.788
G0 X252.497 Y56.349
G0 X253.079 Y58.973
G0 X253.362 Y61.128
G0 X253.605 Y64.344
G0 X253.007 Y64.319
G1 F2700 X252.891 Y61.682 E209.05246
G1 X252.547 Y59.066 E209.09382
G1 X251.976 Y56.489 E209.1352
G1 X251.182 Y53.972 E209.17657
G1 X250.173 Y51.534 E209.21793
G1 X248.954 Y49.194 E209.25929
G1 X247.536 Y46.968 E209.30066
G1 X245.93 Y44.874 E209.34203
G1 X244.147 Y42.929 E209.38339
G1 X242.201 Y41.146 E209.42476
G1 X240.108 Y39.539 E209.46613
G1 X237.882 Y38.121 E209.5075
G1 X235.541 Y36.903 E209.54886
G1 X233.103 Y35.893 E209.59023
G1 X230.586 Y35.099 E209.6316
G1 X228.009 Y34.529 E209.67297
G1 X225.393 Y34.184 E209.71434
G1 X222.757 Y34.069 E209.7557
G1 X220.12 Y34.184 E209.79707
G1 X217.504 Y34.529 E209.83843
G1 X214.927 Y35.099 E209.87981
G1 X212.41 Y35.893 E209.92118
G1 X209.972 Y36.903 E209.96254
G1 X207.632 Y38.121 E210.0039
G1 X205.405 Y39.539 E210.04528
G1 X203.312 Y41.146 E210.08664
G1 X201.366 Y42.929 E210.12802
G1 X199.583 Y44.874 E210.16938
G1 X197.977 Y46.968 E210.21075
G1 X196.559 Y49.194 E210.25212
G1 X195.34 Y51.534 E210.29348
G1 X194.331 Y53.972 E210.33484
G1 X193.537 Y56.489 E210.37621
G1 X192.966 Y59.066 E210.41758
G1 X192.622 Y61.682 E210.45894
G1 X192.507 Y64.319 E210.50032
G1 X192.622 Y66.956 E210.5417
G1 X192.966 Y69.571 E210.58304
G1 X193.537 Y72.148 E210.62441
G1 X194.331 Y74.665 E210.66579
G1 X195.34 Y77.103 E210.70715
G1 X196.559 Y79.444 E210.74852
G1 X197.977 Y81.67 E210.78989
G1 X199.583 Y83.763 E210.83125
G1 X201.366 Y85.709 E210.87262
G1 X203.312 Y87.492 E210.91399
G1 X205.405 Y89.098 E210.95535
G1 X207.632 Y90.517 E210.99674
G1 X209.972 Y91.735 E211.03809
G1 X212.41 Y92.745 E211.07946
G1 X214.927 Y93.539 E211.12083
G1 X217.504 Y94.109 E211.1622
G1 X220.12 Y94.454 E211.20356
G1 X222.757 Y94.569 E211.24494
G1 X225.393 Y94.454 E211.2863
G1 X228.009 Y94.109 E211.32766
G1 X230.586 Y93.539 E211.36903
G1 X233.103 Y92.745 E211.41041
G1 X235.541 Y91.735 E211.45177
G1 X237.882 Y90.517 E211.49314
G1 X240.108 Y89.098 E211.53452
G1 X242.201 Y87.492 E211.57587
G1 X244.147 Y85.709 E211.61724
G1 X245.93 Y83.763 E211.65862
G1 X247.536 Y81.67 E211.69997
G1 X248.954 Y79.444 E211.74134
G1 X250.173 Y77.103 E211.78272
G1 X251.182 Y74.665 E211.82408
G1 X251.976 Y72.148 E211.86545
G1 X252.547 Y69.571 E211.90682
G1 X252.891 Y66.956 E211.94817
G1 X253.007 Y64.319 E211.98955
G0 F10500 X252.997 Y64.07
G0 X253.595 Y64.045
G0 X254.997 Y64.319
;TYPE:SKIN
G1 F2700 X254.876 Y61.507 E212.03367
G1 X254.509 Y58.719 E212.07775
G1 X253.899 Y55.972 E212.12186
G1 X253.053 Y53.292 E212.16591
G1 X251.98 Y50.69 E212.21003
G1 X250.678 Y48.199 E212.25409
G1 X249.168 Y45.826 E212.29818
G1 X247.455 Y43.593 E212.34229
G1 X245.556 Y41.52 E212.38636
G1 X243.482 Y39.621 E212.43044
G1 X241.251 Y37.907 E212.47454
G1 X238.877 Y36.397 E212.51865
G1 X236.382 Y35.096 E212.56276
G1 X233.784 Y34.022 E212.60682
G1 X231.101 Y33.176 E212.65092
G1 X228.356 Y32.567 E212.695
G1 X225.568 Y32.199 E212.73908
G1 X222.757 Y32.079 E212.78318
G1 X219.945 Y32.199 E212.8273
G1 X217.157 Y32.567 E212.87139
G1 X214.412 Y33.176 E212.91546
G1 X211.73 Y34.022 E212.95954
G1 X209.128 Y35.096 E213.00367
G1 X206.637 Y36.397 E213.04772
G1 X204.263 Y37.907 E213.09183
G1 X202.031 Y39.621 E213.13594
G1 X199.957 Y41.52 E213.18002
G1 X198.058 Y43.593 E213.22409
G1 X196.345 Y45.826 E213.26821
G1 X194.835 Y48.199 E213.3123
G1 X193.533 Y50.69 E213.35636
G1 X192.46 Y53.292 E213.40047
G1 X191.614 Y55.972 E213.44453
G1 X191.004 Y58.719 E213.48864
G1 X190.637 Y61.508 E213.53273
G1 X190.517 Y64.319 E213.57684
G1 X190.637 Y67.13 E213.62094
G1 X191.004 Y69.918 E213.66502
G1 X191.614 Y72.665 E213.70913
G1 X192.46 Y75.346 E213.7532
G1 X193.533 Y77.944 E213.79726
G1 X194.835 Y80.439 E213.84138
G1 X196.345 Y82.812 E213.88547
G1 X198.058 Y85.044 E213.92957
G1 X199.957 Y87.118 E213.97365
G1 X202.031 Y89.017 E214.01773
G1 X204.263 Y90.73 E214.06184
G1 X206.637 Y92.241 E214.10595
G1 X209.128 Y93.542 E214.15
G1 X211.73 Y94.616 E214.19413
G1 X214.412 Y95.462 E214.23821
G1 X217.157 Y96.071 E214.28228
G1 X219.945 Y96.439 E214.32637
G1 X222.757 Y96.559 E214.37049
G1 X225.568 Y96.439 E214.41459
G1 X228.356 Y96.071 E214.45867
G1 X231.101 Y95.462 E214.50275
G1 X233.784 Y94.616 E214.54685
G1 X236.382 Y93.542 E214.59091
G1 X238.877 Y92.241 E214.63502
G1 X241.251 Y90.73 E214.67913
G1 X243.482 Y89.017 E214.72323
G1 X245.556 Y87.118 E214.76731
G1 X247.455 Y85.044 E214.81139
G1 X249.168 Y82.812 E214.85549
G1 X250.678 Y80.439 E214.89958
G1 X251.98 Y77.944 E214.9437
G1 X253.053 Y75.346 E214.98776
G1 X253.899 Y72.665 E215.03183
G1 X254.509 Y69.918 E215.07593
G1 X254.876 Y67.131 E215.12
G1 X254.997 Y64.319 E215.16412
G0 F10500 X256.514 Y64.319
G1 F2700 X256.383 Y67.273 E215.21047
G1 X255.997 Y70.206 E215.25684
G1 X255.364 Y73.052 E215.30255
G1 X254.485 Y75.845 E215.34844
G1 X253.346 Y78.596 E215.39512
G1 X251.995 Y81.189 E215.44095
G1 X250.407 Y83.685 E215.48732
G1 X248.622 Y86.011 E215.53328
G1 X246.626 Y88.189 E215.57959
G1 X244.439 Y90.192 E215.62608
G1 X242.139 Y91.958 E215.67154
G1 X239.643 Y93.549 E215.71793
G1 X237.011 Y94.918 E215.76444
G1 X234.29 Y96.044 E215.8106
G1 X231.49 Y96.926 E215.85662
G1 X228.644 Y97.559 E215.90232
G1 X225.711 Y97.945 E215.94869
G1 X222.757 Y98.076 E215.99504
G1 X219.802 Y97.945 E216.04141
G1 X216.869 Y97.559 E216.08778
G1 X214.023 Y96.926 E216.13349
G1 X211.223 Y96.044 E216.1795
G1 X208.502 Y94.918 E216.22566
G1 X205.87 Y93.549 E216.27217
G1 X203.374 Y91.958 E216.31857
G1 X201.074 Y90.192 E216.36402
G1 X198.887 Y88.189 E216.41051
G1 X196.891 Y86.011 E216.45682
G1 X195.106 Y83.685 E216.50278
G1 X193.518 Y81.189 E216.54915
G1 X192.167 Y78.596 E216.59499
G1 X191.028 Y75.845 E216.64166
G1 X190.149 Y73.052 E216.68756
G1 X189.516 Y70.206 E216.73326
G1 X189.131 Y67.273 E216.77963
G1 X189 Y64.319 E216.82598
G1 X189.131 Y61.364 E216.87235
G1 X189.516 Y58.432 E216.9187
G1 X190.149 Y55.585 E216.96442
G1 X191.028 Y52.793 E217.0103
G1 X192.167 Y50.042 E217.05698
G1 X193.522 Y47.441 E217.10295
G1 X195.113 Y44.941 E217.1494
G1 X196.883 Y42.636 E217.19496
G1 X198.887 Y40.449 E217.24146
G1 X201.074 Y38.445 E217.28795
G1 X203.374 Y36.679 E217.33341
G1 X205.87 Y35.089 E217.3798
G1 X208.502 Y33.72 E217.42631
G1 X211.223 Y32.594 E217.47247
G1 X214.023 Y31.712 E217.51848
G1 X216.869 Y31.079 E217.56419
G1 X219.802 Y30.693 E217.61056
G1 X222.757 Y30.562 E217.65692
G1 X225.711 Y30.693 E217.70328
G1 X228.644 Y31.079 E217.74965
G1 X231.49 Y31.712 E217.79535
G1 X234.29 Y32.594 E217.84137
G1 X237.012 Y33.72 E217.88754
G1 X239.644 Y35.089 E217.93405
G1 X242.139 Y36.679 E217.98043
G1 X244.439 Y38.445 E218.02588
G1 X246.626 Y40.449 E218.07238
G1 X248.63 Y42.636 E218.11888
G1 X250.4 Y44.941 E218.16443
G1 X251.991 Y47.441 E218.21088
G1 X253.346 Y50.042 E218.25686
G1 X254.485 Y52.793 E218.30353
G1 X255.364 Y55.585 E218.34941
G1 X255.997 Y58.432 E218.39513
G1 X256.383 Y61.364 E218.44149
G1 X256.514 Y64.319 E218.48786
G0 F10500 X246.05 Y88.41
G1 F2700 X246.85 Y87.611 E218.50558
G1 X246.938 Y87.523
G0 F10500 X249.194 Y83.145
G1 F2700 X252.379 Y79.96 E218.57619
G1 X252.467 Y79.872
G0 F10500 X253.147 Y78.486
G1 F2700 X250.506 Y81.126 E218.63472
G1 X250.418 Y81.214
G0 F10500 X251.498 Y81.548
G1 F2700 X239.98 Y93.067 E218.89007
G1 X239.892 Y93.155
G0 F10500 X239.56 Y92.072
G1 F2700 X236.923 Y94.709 E218.94853
G1 X236.835 Y94.797
G0 F10500 X236.469 Y93.748
G1 F2700 X234.509 Y95.709 E218.99199
G1 X234.421 Y95.797
G0 F10500 X234.059 Y94.745
G1 F2700 X232.401 Y96.402 E219.02873
G1 X232.313 Y96.49
G0 F10500 X233.433 Y96.078
G1 F2700 X235.265 Y94.246 E219.06935
G1 X235.353 Y94.158
G0 F10500 X235.715 Y95.21
G1 F2700 X237.946 Y92.979 E219.1188
G1 X238.034 Y92.891
G0 F10500 X238.396 Y93.944
G1 F2700 X241.574 Y90.765 E219.18927
G1 X241.662 Y90.677
G0 F10500 X241.933 Y91.82
G1 F2700 X250.264 Y83.49 E219.37394
G1 X250.352 Y83.402
G0 F10500 X251.416 Y79.509
G1 F2700 X253.646 Y77.278 E219.42339
G1 X253.734 Y77.19
G0 F10500 X252.683 Y76.827
G1 F2700 X254.516 Y74.995 E219.46401
G1 X254.604 Y74.907
G0 F10500 X253.535 Y74.561
G1 F2700 X255.156 Y72.94 E219.49995
G0 F10500 X255.359 Y72.03
G1 F2700 X253.862 Y73.527 E219.53313
G1 X253.774 Y73.615
G0 F10500 X254.161 Y72.521
G1 F2700 X255.561 Y71.121 E219.56417
G0 F10500 X255.764 Y70.212
G1 F2700 X254.363 Y71.612 E219.59521
G0 F10500 X254.565 Y70.703
G1 F2700 X255.875 Y69.393 E219.62426
G0 F10500 X255.982 Y68.579
G1 F2700 X254.748 Y69.813 E219.65161
G0 F10500 X254.856 Y68.998
G1 F2700 X256.089 Y67.765 E219.67894
G0 F10500 X256.169 Y66.978
G1 F2700 X254.962 Y68.184 E219.70569
G0 F10500 X255.07 Y67.37
G1 F2700 X256.202 Y66.238 E219.73079
G0 F10500 X256.235 Y65.497
G1 F2700 X255.122 Y66.61 E219.75546
G0 F10500 X255.154 Y65.871
G1 F2700 X256.268 Y64.757 E219.78015
G0 F10500 X256.276 Y64.043
G1 F2700 X255.186 Y65.133 E219.80432
G0 F10500 X255.218 Y64.394
G1 F2700 X256.245 Y63.366 E219.8271
G0 F10500 X256.215 Y62.689
G1 F2700 X255.195 Y63.709 E219.84971
G0 F10500 X255.165 Y63.032
G1 F2700 X256.184 Y62.013 E219.8723
G0 F10500 X256.15 Y61.34
G1 F2700 X255.136 Y62.354 E219.89478
G0 F10500 X255.107 Y61.675
G1 F2700 X256.068 Y60.715 E219.91607
G0 F10500 X255.986 Y60.089
G1 F2700 X255.04 Y61.036 E219.93705
G0 F10500 X254.957 Y60.411
G1 F2700 X255.904 Y59.464 E219.95805
G0 F10500 X255.822 Y58.839
G1 F2700 X254.875 Y59.787 E219.97905
G0 F10500 X254.793 Y59.162
G1 F2700 X255.722 Y58.233 E219.99964
G0 F10500 X255.592 Y57.655
G1 F2700 X254.701 Y58.547 E220.01941
G0 F10500 X254.573 Y57.967
G1 F2700 X255.464 Y57.076 E220.03916
G0 F10500 X255.335 Y56.498
G1 F2700 X254.444 Y57.389 E220.05891
G0 F10500 X254.316 Y56.81
G1 F2700 X255.206 Y55.92 E220.07864
G0 F10500 X255.056 Y55.362
G1 F2700 X254.187 Y56.231 E220.09791
G0 F10500 X254.04 Y55.672
G1 F2700 X254.887 Y54.824 E220.11669
G0 F10500 X254.718 Y54.286
G1 F2700 X253.87 Y55.135 E220.1355
G0 F10500 X253.7 Y54.597
G1 F2700 X254.549 Y53.748 E220.15433
G0 F10500 X254.38 Y53.211
G1 F2700 X253.531 Y54.06 E220.17315
G0 F10500 X253.361 Y53.523
G1 F2700 X254.196 Y52.687 E220.19167
G0 F10500 X253.989 Y52.187
G1 F2700 X253.176 Y53.001 E220.2097
G0 F10500 X252.969 Y52.5
G1 F2700 X253.782 Y51.687 E220.22772
G0 F10500 X253.575 Y51.187
G1 F2700 X252.763 Y51.999 E220.24573
G0 F10500 X252.556 Y51.499
G1 F2700 X253.368 Y50.687 E220.26373
G0 F10500 X253.161 Y50.187
G1 F2700 X252.35 Y50.998 E220.2817
G0 F10500 X252.137 Y50.504
G1 F2700 X252.922 Y49.719 E220.29911
G0 F10500 X252.68 Y49.254
G1 F2700 X251.894 Y50.04 E220.31653
G0 F10500 X251.651 Y49.575
G1 F2700 X252.437 Y48.789 E220.33396
G0 F10500 X252.195 Y48.324
G1 F2700 X251.408 Y49.111 E220.3514
G0 F10500 X251.166 Y48.646
G1 F2700 X251.954 Y47.859 E220.36886
G0 F10500 X251.701 Y47.405
G1 F2700 X250.923 Y48.182 E220.3861
G0 F10500 X250.655 Y47.743
G1 F2700 X251.425 Y46.973 E220.40317
G0 F10500 X251.15 Y46.541
G1 F2700 X250.38 Y47.311 E220.42024
G0 F10500 X250.105 Y46.879
G1 F2700 X250.875 Y46.109 E220.43731
G0 F10500 X250.6 Y45.676
G1 F2700 X249.83 Y46.447 E220.45439
G0 F10500 X249.554 Y46.015
G1 F2700 X250.325 Y45.244 E220.47148
G0 F10500 X250.031 Y44.831
G1 F2700 X249.271 Y45.592 E220.48834
G0 F10500 X248.964 Y45.191
G1 F2700 X249.724 Y44.431 E220.50519
G0 F10500 X249.417 Y44.032
G1 F2700 X248.657 Y44.791 E220.52202
G0 F10500 X248.35 Y44.391
G1 F2700 X249.11 Y43.632 E220.53886
G0 F10500 X248.802 Y43.232
G1 F2700 X248.044 Y43.99 E220.55566
G0 F10500 X247.737 Y43.59
G1 F2700 X248.495 Y42.832 E220.57247
G0 F10500 X248.161 Y42.459
G1 F2700 X247.41 Y43.21 E220.58911
G0 F10500 X247.072 Y42.841
G1 F2700 X247.823 Y42.09 E220.60576
G0 F10500 X247.485 Y41.721
G1 F2700 X246.734 Y42.472 E220.62241
G0 F10500 X246.396 Y42.103
G1 F2700 X247.147 Y41.352 E220.63906
G0 F10500 X246.809 Y40.983
G1 F2700 X246.057 Y41.734 E220.65572
G0 F10500 X245.719 Y41.365
G1 F2700 X246.471 Y40.614 E220.67238
G0 F10500 X246.103 Y40.274
G1 F2700 X245.35 Y41.027 E220.68907
G0 F10500 X244.981 Y40.689
G1 F2700 X245.734 Y39.936 E220.70577
G0 F10500 X245.365 Y39.598
G1 F2700 X244.612 Y40.351 E220.72246
G0 F10500 X244.243 Y40.013
G1 F2700 X244.996 Y39.26 E220.73915
G0 F10500 X244.627 Y38.922
G1 F2700 X243.874 Y39.675 E220.75584
G0 F10500 X243.495 Y39.347
G1 F2700 X244.254 Y38.588 E220.77267
G0 F10500 X243.854 Y38.28
G1 F2700 X243.094 Y39.04 E220.78952
G0 F10500 X242.695 Y38.733
G1 F2700 X243.454 Y37.973 E220.80635
G0 F10500 X243.055 Y37.666
G1 F2700 X242.295 Y38.426 E220.8232
G0 F10500 X241.894 Y38.119
G1 F2700 X242.655 Y37.359 E220.84006
G0 F10500 X242.254 Y37.052
G1 F2700 X241.495 Y37.811 E220.85689
G0 F10500 X241.072 Y37.527
G1 F2700 X241.842 Y36.757 E220.87396
G0 F10500 X241.41 Y36.482
G1 F2700 X240.639 Y37.253 E220.89105
G0 F10500 X240.207 Y36.978
G1 F2700 X240.979 Y36.206 E220.90816
G0 F10500 X240.547 Y35.931
G1 F2700 X239.775 Y36.703 E220.92528
G0 F10500 X239.343 Y36.428
G1 F2700 X240.115 Y35.655 E220.9424
G0 F10500 X239.683 Y35.38
G1 F2700 X238.905 Y36.159 E220.95966
G0 F10500 X238.44 Y35.916
G1 F2700 X239.23 Y35.126 E220.97717
G0 F10500 X238.765 Y34.885
G1 F2700 X237.976 Y35.674 E220.99466
G0 F10500 X237.511 Y35.431
G1 F2700 X238.299 Y34.643 E221.01213
G0 F10500 X237.835 Y34.4
G1 F2700 X237.046 Y35.189 E221.02962
G0 F10500 X236.582 Y34.946
G1 F2700 X237.37 Y34.158 E221.04709
G0 F10500 X236.903 Y33.918
G1 F2700 X236.09 Y34.731 E221.06512
G0 F10500 X235.589 Y34.525
G1 F2700 X236.403 Y33.711 E221.08316
G0 F10500 X235.903 Y33.504
G1 F2700 X235.088 Y34.318 E221.10122
G0 F10500 X234.588 Y34.112
G1 F2700 X235.402 Y33.297 E221.11927
G0 F10500 X234.902 Y33.09
G1 F2700 X234.088 Y33.905 E221.13733
G0 F10500 X233.567 Y33.719
G1 F2700 X234.403 Y32.883 E221.15586
G0 F10500 X233.879 Y32.699
G1 F2700 X233.029 Y33.549 E221.17471
G0 F10500 X232.492 Y33.379
G1 F2700 X233.341 Y32.53 E221.19353
G0 F10500 X232.803 Y32.361
G1 F2700 X231.955 Y33.209 E221.21233
G0 F10500 X231.416 Y33.04
G1 F2700 X232.266 Y32.191 E221.23116
G0 F10500 X231.728 Y32.022
G1 F2700 X230.859 Y32.891 E221.25042
G0 F10500 X230.28 Y32.763
G1 F2700 X231.171 Y31.872 E221.27017
G0 F10500 X230.593 Y31.742
G1 F2700 X229.701 Y32.635 E221.28996
G0 F10500 X229.123 Y32.506
G1 F2700 X230.015 Y31.614 E221.30973
G0 F10500 X229.437 Y31.485
G1 F2700 X228.543 Y32.378 E221.32954
G0 F10500 X227.93 Y32.285
G1 F2700 X228.858 Y31.356 E221.35012
G0 F10500 X228.254 Y31.254
G1 F2700 X227.305 Y32.202 E221.37115
G0 F10500 X226.68 Y32.12
G1 F2700 X227.628 Y31.172 E221.39217
G0 F10500 X227.004 Y31.089
G1 F2700 X226.056 Y32.037 E221.41318
G0 F10500 X225.419 Y31.967
G1 F2700 X226.379 Y31.007 E221.43446
G0 F10500 X225.754 Y30.925
G1 F2700 X224.74 Y31.939 E221.45694
G0 F10500 X224.062 Y31.91
G1 F2700 X225.082 Y30.889 E221.47957
G0 F10500 X224.405 Y30.859
G1 F2700 X223.384 Y31.881 E221.50221
G0 F10500 X222.701 Y31.857
G1 F2700 X223.728 Y30.829 E221.52499
G0 F10500 X223.051 Y30.799
G1 F2700 X221.962 Y31.888 E221.54913
G0 F10500 X221.224 Y31.919
G1 F2700 X222.339 Y30.805 E221.57384
G0 F10500 X221.598 Y30.838
G1 F2700 X220.485 Y31.951 E221.59851
G0 F10500 X219.729 Y32
G1 F2700 X220.858 Y30.871 E221.62354
G0 F10500 X220.118 Y30.904
G1 F2700 X218.914 Y32.108 E221.65023
G0 F10500 X218.099 Y32.216
G1 F2700 X219.333 Y30.981 E221.6776
G0 F10500 X218.52 Y31.088
G1 F2700 X217.284 Y32.323 E221.70499
G0 F10500 X216.397 Y32.504
G1 F2700 X217.705 Y31.196 E221.73398
G0 F10500 X216.89 Y31.304
G1 F2700 X215.488 Y32.705 E221.76505
G0 F10500 X214.58 Y32.906
G1 F2700 X215.98 Y31.506 E221.79609
G0 F10500 X215.07 Y31.709
G1 F2700 X213.576 Y33.203 E221.82921
G1 X213.488 Y33.291
G0 F10500 X213.14 Y32.225
G1 F2700 X211.486 Y33.879 E221.86587
G1 X211.398 Y33.967
G0 F10500 X211.038 Y32.913
G1 F2700 X209.079 Y34.872 E221.9093
G1 X208.991 Y34.96
G0 F10500 X208.626 Y33.911
G1 F2700 X206.006 Y36.531 E221.96738
G1 X205.918 Y36.619
G0 F10500 X207.159 Y34.67
G1 F2700 X204.024 Y37.806 E222.03689
G1 X203.936 Y37.894
G0 F10500 X203.64 Y36.775
G1 F2700 X195.212 Y45.203 E222.22373
G1 X195.124 Y45.291
G0 F10500 X196.246 Y45.583
G1 F2700 X193.106 Y48.723 E222.29334
G1 X193.018 Y48.811
G0 F10500 X194.069 Y49.175
G1 F2700 X191.849 Y51.395 E222.34255
G1 X191.761 Y51.483
G0 F10500 X192.811 Y51.847
G1 F2700 X190.985 Y53.673 E222.38303
G1 X190.897 Y53.761
G0 F10500 X191.349 Y52.602
G1 F2700 X193.306 Y50.645 E222.42641
G1 X193.394 Y50.557
G0 F10500 X192.349 Y50.188
G1 F2700 X194.967 Y47.57 E222.48445
G1 X195.055 Y47.482
G0 F10500 X193.969 Y47.153
G1 F2700 X205.591 Y35.532 E222.74208
G1 X205.679 Y35.444
G0 F10500 X207.609 Y35.635
G1 F2700 X209.831 Y33.412 E222.79135
G1 X209.919 Y33.324
G0 F10500 X210.282 Y34.375
G1 F2700 X212.108 Y32.55 E222.83182
G1 X212.196 Y32.462
G0 F10500 X212.543 Y33.529
G1 F2700 X214.161 Y31.911 E222.86769
G1 X214.249 Y31.823
G0 F10500 X199.714 Y39.994
G1 F2700 X198.432 Y41.276 E222.89611
G1 X198.344 Y41.364
G0 F10500 X192.314 Y53.051
G1 F2700 X190.661 Y54.704 E222.93275
G1 X190.573 Y54.792
G0 F10500 X190.348 Y55.724
G1 F2700 X191.965 Y54.107 E222.9686
G1 X192.053 Y54.019
G0 F10500 X191.639 Y55.14
G1 F2700 X190.145 Y56.634 E223.00172
G0 F10500 X189.943 Y57.543
G1 F2700 X191.343 Y56.144 E223.03274
G0 F10500 X191.141 Y57.052
G1 F2700 X189.74 Y58.453 E223.0638
G0 F10500 X189.632 Y59.268
G1 F2700 X190.94 Y57.961 E223.09279
G0 F10500 X190.759 Y58.848
G1 F2700 X189.525 Y60.082 E223.12014
G0 F10500 X189.419 Y60.896
G1 F2700 X190.652 Y59.663 E223.14748
G0 F10500 X190.545 Y60.477
G1 F2700 X189.342 Y61.68 E223.17415
G0 F10500 X189.309 Y62.42
G1 F2700 X190.437 Y61.292 E223.19915
G0 F10500 X190.387 Y62.049
G1 F2700 X189.276 Y63.16 E223.22378
G0 F10500 X189.242 Y63.901
G1 F2700 X190.356 Y62.787 E223.24848
G0 F10500 X190.324 Y63.526
G1 F2700 X189.237 Y64.614 E223.27258
G0 F10500 X189.267 Y65.29
G1 F2700 X190.293 Y64.265 E223.29532
G0 F10500 X190.317 Y64.948
G1 F2700 X189.298 Y65.967 E223.31791
G0 F10500 X189.328 Y66.644
G1 F2700 X190.346 Y65.626 E223.34048
G0 F10500 X190.375 Y66.304
G1 F2700 X189.363 Y67.315 E223.3629
G0 F10500 X189.445 Y67.94
G1 F2700 X190.404 Y66.982 E223.38415
G0 F10500 X190.473 Y67.62
G1 F2700 X189.527 Y68.566 E223.40512
G0 F10500 X189.609 Y69.191
G1 F2700 X190.556 Y68.244 E223.42611
G0 F10500 X190.638 Y68.87
G1 F2700 X189.691 Y69.816 E223.44709
G0 F10500 X189.793 Y70.421
G1 F2700 X190.72 Y69.494 E223.46764
G0 F10500 X190.814 Y70.108
G1 F2700 X189.922 Y70.999 E223.48741
G0 F10500 X190.051 Y71.578
G1 F2700 X190.942 Y70.686 E223.50717
G0 F10500 X191.07 Y71.265
G1 F2700 X190.18 Y72.156 E223.52691
G0 F10500 X190.309 Y72.734
G1 F2700 X191.198 Y71.844 E223.54663
G0 F10500 X191.327 Y72.423
G1 F2700 X190.459 Y73.29 E223.56586
G0 F10500 X190.628 Y73.829
G1 F2700 X191.476 Y72.981 E223.58466
G0 F10500 X191.646 Y73.518
G1 F2700 X190.797 Y74.367 E223.60348
G0 F10500 X190.966 Y74.905
G1 F2700 X191.816 Y74.056 E223.62231
G0 F10500 X191.985 Y74.593
G1 F2700 X191.135 Y75.443 E223.64116
G0 F10500 X191.32 Y75.965
G1 F2700 X192.155 Y75.13 E223.65967
G0 F10500 X192.342 Y75.651
G1 F2700 X191.527 Y76.465 E223.67772
G0 F10500 X191.734 Y76.965
G1 F2700 X192.548 Y76.151 E223.69577
G0 F10500 X192.755 Y76.652
G1 F2700 X191.942 Y77.465 E223.71379
G0 F10500 X192.149 Y77.965
G1 F2700 X192.961 Y77.153 E223.73179
G0 F10500 X193.168 Y77.653
G1 F2700 X192.356 Y78.465 E223.74979
G0 F10500 X192.596 Y78.932
G1 F2700 X193.383 Y78.145 E223.76724
G0 F10500 X193.625 Y78.61
G1 F2700 X192.838 Y79.397 E223.78469
G0 F10500 X193.08 Y79.862
G1 F2700 X193.868 Y79.075 E223.80214
G0 F10500 X194.11 Y79.539
G1 F2700 X193.322 Y80.327 E223.81961
G0 F10500 X193.564 Y80.792
G1 F2700 X194.352 Y80.004 E223.83708
G0 F10500 X194.595 Y80.469
G1 F2700 X193.819 Y81.245 E223.85428
G0 F10500 X194.094 Y81.677
G1 F2700 X194.864 Y80.907 E223.87135
G0 F10500 X195.139 Y81.339
G1 F2700 X194.369 Y82.109 E223.88842
G0 F10500 X194.644 Y82.541
G1 F2700 X195.414 Y81.771 E223.90549
G0 F10500 X195.689 Y82.203
G1 F2700 X194.919 Y82.973 E223.92256
G0 F10500 X195.194 Y83.405
G1 F2700 X195.964 Y82.635 E223.93963
G0 F10500 X196.249 Y83.058
G1 F2700 X195.49 Y83.816 E223.95645
G0 F10500 X195.797 Y84.217
G1 F2700 X196.555 Y83.458 E223.97326
G0 F10500 X196.862 Y83.858
G1 F2700 X196.104 Y84.617 E223.99008
G0 F10500 X196.411 Y85.016
G1 F2700 X197.17 Y84.258 E224.00689
G0 F10500 X197.477 Y84.658
G1 F2700 X196.718 Y85.417 E224.02372
G0 F10500 X197.025 Y85.817
G1 F2700 X197.784 Y85.058 E224.04054
G0 F10500 X198.112 Y85.437
G1 F2700 X197.359 Y86.189 E224.05723
G0 F10500 X197.697 Y86.559
G1 F2700 X198.449 Y85.807 E224.0739
G0 F10500 X198.787 Y86.176
G1 F2700 X198.036 Y86.927 E224.09054
G0 F10500 X198.374 Y87.296
G1 F2700 X199.125 Y86.545 E224.10719
G0 F10500 X199.463 Y86.914
G1 F2700 X198.712 Y87.665 E224.12384
G0 F10500 X199.05 Y88.034
G1 F2700 X199.802 Y87.282 E224.14051
G0 F10500 X200.172 Y87.62
G1 F2700 X199.419 Y88.372 E224.15719
G0 F10500 X199.788 Y88.71
G1 F2700 X200.541 Y87.958 E224.17388
G0 F10500 X200.91 Y88.296
G1 F2700 X200.157 Y89.048 E224.19056
G0 F10500 X200.526 Y89.386
G1 F2700 X201.279 Y88.634 E224.20724
G0 F10500 X201.648 Y88.972
G1 F2700 X200.896 Y89.724 E224.22391
G0 F10500 X201.269 Y90.058
G1 F2700 X202.028 Y89.299 E224.24074
G0 F10500 X202.429 Y89.605
G1 F2700 X201.668 Y90.366 E224.25761
G0 F10500 X202.069 Y90.673
G1 F2700 X202.829 Y89.912 E224.27447
G0 F10500 X203.229 Y90.219
G1 F2700 X202.468 Y90.98 E224.29134
G0 F10500 X202.868 Y91.287
G1 F2700 X203.629 Y90.527 E224.30819
G0 F10500 X204.029 Y90.834
G1 F2700 X203.269 Y91.594 E224.32504
G0 F10500 X203.682 Y91.888
G1 F2700 X204.452 Y91.117 E224.34212
G0 F10500 X204.884 Y91.392
G1 F2700 X204.114 Y92.163 E224.3592
G0 F10500 X204.545 Y92.439
G1 F2700 X205.317 Y91.667 E224.37632
G0 F10500 X205.749 Y91.942
G1 F2700 X204.977 Y92.714 E224.39343
G0 F10500 X205.408 Y92.99
G1 F2700 X206.181 Y92.217 E224.41057
G0 F10500 X206.62 Y92.486
G1 F2700 X205.84 Y93.265 E224.42785
G0 F10500 X206.295 Y93.517
G1 F2700 X207.084 Y92.728 E224.44534
G0 F10500 X207.549 Y92.971
G1 F2700 X206.76 Y93.76 E224.46283
G0 F10500 X207.225 Y94.002
G1 F2700 X208.013 Y93.213 E224.48031
G0 F10500 X208.478 Y93.456
G1 F2700 X207.69 Y94.243 E224.49777
G0 F10500 X208.155 Y94.485
G1 F2700 X208.942 Y93.699 E224.5152
G0 F10500 X209.436 Y93.912
G1 F2700 X208.623 Y94.725 E224.53323
G0 F10500 X209.123 Y94.932
G1 F2700 X209.937 Y94.118 E224.55127
G0 F10500 X210.437 Y94.325
G1 F2700 X209.623 Y95.139 E224.56932
G0 F10500 X210.123 Y95.346
G1 F2700 X210.937 Y94.532 E224.58736
G0 F10500 X211.438 Y94.738
G1 F2700 X210.623 Y95.553 E224.60543
G0 F10500 X211.123 Y95.76
G1 F2700 X211.96 Y94.924 E224.62397
G0 F10500 X212.497 Y95.093
G1 F2700 X211.648 Y95.943 E224.64281
G0 F10500 X212.185 Y96.112
G1 F2700 X213.035 Y95.263 E224.66164
G0 F10500 X213.572 Y95.433
G1 F2700 X212.723 Y96.281 E224.68045
G0 F10500 X213.261 Y96.451
G1 F2700 X214.109 Y95.602 E224.69926
G0 F10500 X214.669 Y95.75
G1 F2700 X213.799 Y96.62 E224.71854
G0 F10500 X214.356 Y96.77
G1 F2700 X215.248 Y95.878 E224.73832
G0 F10500 X215.827 Y96.006
G1 F2700 X214.935 Y96.899 E224.7581
G0 F10500 X215.513 Y97.027
G1 F2700 X216.405 Y96.135 E224.77788
G0 F10500 X216.984 Y96.263
G1 F2700 X216.091 Y97.156 E224.79767
G0 F10500 X216.67 Y97.285
G1 F2700 X217.6 Y96.355 E224.81829
G0 F10500 X218.224 Y96.438
G1 F2700 X217.276 Y97.386 E224.83931
G0 F10500 X217.901 Y97.468
G1 F2700 X218.849 Y96.52 E224.86032
G0 F10500 X219.473 Y96.602
G1 F2700 X218.526 Y97.55 E224.88133
G0 F10500 X219.151 Y97.632
G1 F2700 X220.113 Y96.67 E224.90265
G0 F10500 X220.791 Y96.699
G1 F2700 X219.776 Y97.714 E224.92515
G0 F10500 X220.449 Y97.748
G1 F2700 X221.469 Y96.728 E224.94777
G0 F10500 X222.147 Y96.757
G1 F2700 X221.126 Y97.778 E224.9704
G0 F10500 X221.803 Y97.809
G1 F2700 X222.831 Y96.78 E224.9932
G0 F10500 X223.57 Y96.748
G1 F2700 X222.479 Y97.839 E225.01739
G0 F10500 X223.194 Y97.832
G1 F2700 X224.309 Y96.717 E225.0421
G0 F10500 X225.048 Y96.685
G1 F2700 X223.934 Y97.799 E225.0668
G0 F10500 X224.674 Y97.765
G1 F2700 X225.807 Y96.633 E225.0919
G0 F10500 X226.622 Y96.525
G1 F2700 X225.415 Y97.732 E225.11866
G0 F10500 X226.202 Y97.652
G1 F2700 X227.436 Y96.418 E225.14602
G0 F10500 X228.251 Y96.31
G1 F2700 X227.015 Y97.546 E225.17342
G0 F10500 X227.829 Y97.439
G1 F2700 X229.141 Y96.127 E225.2025
G0 F10500 X230.049 Y95.926
G1 F2700 X228.648 Y97.327 E225.23356
G0 F10500 X229.557 Y97.125
G1 F2700 X230.958 Y95.725 E225.26461
G1 X231.046 Y95.637
G0 F10500 X231.965 Y95.424
G1 F2700 X230.468 Y96.922 E225.29781
G0 F10500 X231.378 Y96.719
G1 F2700 X232.998 Y95.099 E225.33372
G1 X233.086 Y95.011
G0 F10500 X242.548 Y87.905
G0 X244.151 Y86.437
G0 X252.186 Y78.032
G1 F2700 X254.146 Y76.071 E225.37718
G1 X254.234 Y75.983
G0 F10500 X253.18 Y75.623
G1 F2700 X254.84 Y73.964 E225.41397
G1 X254.928 Y73.876
;MESH:NONMESH
G0 F10500 X253.079 Y58.973
G0 X252.497 Y56.349
G0 X251.689 Y53.788
G0 X250.663 Y51.306
G0 X249.421 Y48.924
G0 X247.978 Y46.659
G0 X246.343 Y44.527
G0 X244.529 Y42.547
G0 X242.548 Y40.733
G0 X240.417 Y39.097
G0 X238.151 Y37.654
G0 X235.768 Y36.413
G0 X233.287 Y35.386
G0 X230.725 Y34.578
G0 X228.102 Y33.997
G0 X225.44 Y33.646
G0 X222.757 Y33.529
G0 X220.073 Y33.646
G0 X217.411 Y33.997
G0 X214.788 Y34.578
G0 X212.226 Y35.386
G0 X209.744 Y36.413
G0 X207.363 Y37.654
G0 X205.096 Y39.097
G0 X202.965 Y40.733
G0 X200.984 Y42.547
G0 X199.516 Y44.15
G0 X193.978 Y50.898
;TIME_ELAPSED:575.730826
;LAYER:6
;MESH:
G0 X193.978 Y50.898 Z1.4
;TYPE:WALL-INNER
G1 F3600 X192.921 Y53.459 E225.4574
G1 X192.088 Y56.099 E225.50079
G1 X191.487 Y58.805 E225.54424
G1 X191.125 Y61.551 E225.58766
G1 X191.007 Y64.319 E225.63109
G1 X191.125 Y67.087 E225.67452
G1 X191.487 Y69.832 E225.71792
G1 X192.088 Y72.538 E225.76137
G1 X192.921 Y75.178 E225.80477
G1 X193.978 Y77.736 E225.84815
G1 X195.26 Y80.194 E225.89161
G1 X196.747 Y82.531 E225.93503
G1 X198.434 Y84.729 E225.97846
G1 X200.304 Y86.771 E226.02187
G1 X202.346 Y88.641 E226.06527
G1 X204.544 Y90.328 E226.1087
G1 X206.882 Y91.816 E226.15214
G1 X209.336 Y93.097 E226.19554
G1 X211.897 Y94.155 E226.23897
G1 X214.539 Y94.988 E226.2824
G1 X217.243 Y95.588 E226.32582
G1 X219.988 Y95.951 E226.36922
G1 X222.757 Y96.069 E226.41266
G1 X225.525 Y95.951 E226.45609
G1 X228.27 Y95.588 E226.4995
G1 X230.974 Y94.988 E226.54291
G1 X233.616 Y94.155 E226.58634
G1 X236.174 Y93.097 E226.62973
G1 X238.632 Y91.816 E226.67318
G1 X240.969 Y90.328 E226.71661
G1 X243.167 Y88.641 E226.76004
G1 X245.209 Y86.771 E226.80345
G1 X247.079 Y84.729 E226.84685
G1 X248.766 Y82.531 E226.89028
G1 X250.253 Y80.194 E226.9337
G1 X251.535 Y77.736 E226.97716
G1 X252.592 Y75.178 E227.02054
G1 X253.425 Y72.538 E227.06394
G1 X254.026 Y69.832 E227.10739
G1 X254.388 Y67.088 E227.15078
G1 X254.507 Y64.319 E227.19422
G1 X254.388 Y61.55 E227.23767
G1 X254.026 Y58.805 E227.28107
G1 X253.425 Y56.099 E227.32452
G1 X252.592 Y53.459 E227.36791
G1 X251.535 Y50.898 E227.41134
G1 X250.253 Y48.444 E227.45474
G1 X248.766 Y46.107 E227.49817
G1 X247.079 Y43.908 E227.54161
G1 X245.209 Y41.867 E227.585
G1 X243.167 Y39.997 E227.62841
G1 X240.969 Y38.309 E227.67185
G1 X238.632 Y36.822 E227.71527
G1 X236.174 Y35.541 E227.75872
G1 X233.616 Y34.483 E227.80211
G1 X230.974 Y33.65 E227.84553
G1 X228.27 Y33.05 E227.88895
G1 X225.525 Y32.687 E227.93236
G1 X222.757 Y32.569 E227.97579
G1 X219.988 Y32.687 E228.01923
G1 X217.243 Y33.05 E228.06263
G1 X214.539 Y33.65 E228.10605
G1 X211.897 Y34.483 E228.14948
G1 X209.336 Y35.541 E228.19291
G1 X206.882 Y36.822 E228.2363
G1 X204.544 Y38.309 E228.27974
G1 X202.346 Y39.997 E228.32318
G1 X200.304 Y41.867 E228.36658
G1 X198.434 Y43.908 E228.40998
G1 X196.747 Y46.107 E228.45342
G1 X195.26 Y48.444 E228.49684
G1 X193.978 Y50.898 E228.54024
G0 F10500 X199.17 Y44.527
G0 X200.984 Y42.547
G0 X202.965 Y40.733
G0 X205.096 Y39.097
G0 X207.363 Y37.654
G0 X209.744 Y36.413
G0 X211.15 Y35.832
G0 X225.75 Y30.203
G1 F3600 X228.722 Y30.595 E228.58723
G1 X231.617 Y31.238 E228.63372
G1 X234.467 Y32.136 E228.68056
G1 X237.216 Y33.273 E228.72719
G1 X239.883 Y34.661 E228.77432
G1 X242.416 Y36.275 E228.8214
G1 X244.759 Y38.074 E228.86771
G1 X246.973 Y40.102 E228.91477
G1 X249.001 Y42.316 E228.96184
G1 X250.804 Y44.664 E229.00824
G1 X252.426 Y47.214 E229.05562
G1 X253.791 Y49.833 E229.10191
G1 X254.941 Y52.612 E229.14906
G1 X255.838 Y55.458 E229.19583
G1 X256.481 Y58.354 E229.24233
G1 X256.873 Y61.325 E229.28931
G1 X257.004 Y64.319 E229.33629
G1 X256.873 Y67.312 E229.38325
G1 X256.481 Y70.284 E229.43024
G1 X255.838 Y73.179 E229.47673
G1 X254.941 Y76.026 E229.52352
G1 X253.791 Y78.805 E229.57066
G1 X252.426 Y81.424 E229.61696
G1 X250.811 Y83.962 E229.66411
G1 X248.993 Y86.331 E229.71092
G1 X246.973 Y88.536 E229.7578
G1 X244.759 Y90.563 E229.80485
G1 X242.416 Y92.362 E229.85116
G1 X239.882 Y93.977 E229.89826
G1 X237.215 Y95.365 E229.94539
G1 X234.467 Y96.502 E229.99201
G1 X231.617 Y97.4 E230.03885
G1 X228.722 Y98.043 E230.08533
G1 X225.75 Y98.435 E230.13232
G1 X222.757 Y98.566 E230.17929
G1 X219.763 Y98.435 E230.22626
G1 X216.791 Y98.043 E230.27325
G1 X213.896 Y97.4 E230.31974
G1 X211.046 Y96.502 E230.36658
G1 X208.298 Y95.365 E230.4132
G1 X205.631 Y93.977 E230.46033
G1 X203.097 Y92.362 E230.50743
G1 X200.754 Y90.563 E230.55374
G1 X198.54 Y88.536 E230.60079
G1 X196.52 Y86.331 E230.64767
G1 X194.702 Y83.962 E230.69448
G1 X193.087 Y81.424 E230.74163
G1 X191.722 Y78.805 E230.78793
G1 X190.572 Y76.026 E230.83507
G1 X189.675 Y73.179 E230.88186
G1 X189.032 Y70.284 E230.92835
G1 X188.641 Y67.312 E230.97534
G1 X188.51 Y64.319 E231.0223
G1 X188.641 Y61.325 E231.06928
G1 X189.032 Y58.354 E231.11625
G1 X189.675 Y55.458 E231.16275
G1 X190.572 Y52.612 E231.20953
G1 X191.722 Y49.833 E231.25667
G1 X193.087 Y47.214 E231.30297
G1 X194.709 Y44.664 E231.35034
G1 X196.512 Y42.316 E231.39675
G1 X198.54 Y40.102 E231.44381
G1 X200.754 Y38.074 E231.49088
G1 X203.097 Y36.275 E231.53718
G1 X205.631 Y34.661 E231.58428
G1 X208.298 Y33.273 E231.6314
G1 X211.046 Y32.136 E231.67802
G1 X213.896 Y31.238 E231.72486
G1 X216.791 Y30.595 E231.77135
G1 X219.763 Y30.203 E231.81834
G1 X222.757 Y30.072 E231.86532
G1 X225.75 Y30.203 E231.91228
G0 F10500 X225.791 Y29.704
G1 F3600 X228.804 Y30.101 E231.95992
G1 X231.749 Y30.755 E232.00721
G1 X234.637 Y31.665 E232.05467
G1 X237.433 Y32.822 E232.1021
G1 X240.133 Y34.227 E232.14982
G1 X242.699 Y35.862 E232.19751
G1 X245.084 Y37.693 E232.24464
G1 X247.327 Y39.748 E232.29233
G1 X249.382 Y41.991 E232.34001
G1 X251.213 Y44.376 E232.38715
G1 X252.858 Y46.961 E232.43518
G1 X254.246 Y49.625 E232.48226
G1 X255.412 Y52.442 E232.53006
G1 X256.321 Y55.326 E232.57746
G1 X256.975 Y58.272 E232.62476
G1 X257.372 Y61.284 E232.67238
G1 X257.505 Y64.319 E232.72
G1 X257.372 Y67.353 E232.76761
G1 X256.975 Y70.366 E232.81525
G1 X256.321 Y73.311 E232.86254
G1 X255.412 Y76.196 E232.90995
G1 X254.246 Y79.013 E232.95774
G1 X252.858 Y81.677 E233.00483
G1 X251.217 Y84.256 E233.05275
G1 X249.378 Y86.651 E233.10008
G1 X247.327 Y88.89 E233.14768
G1 X245.084 Y90.944 E233.19535
G1 X242.699 Y92.775 E233.24248
G1 X240.132 Y94.411 E233.2902
G1 X237.432 Y95.816 E233.33791
G1 X234.637 Y96.973 E233.38533
G1 X231.749 Y97.883 E233.4328
G1 X228.804 Y98.537 E233.48008
G1 X225.791 Y98.934 E233.52772
G1 X222.757 Y99.067 E233.57533
G1 X219.722 Y98.934 E233.62295
G1 X216.709 Y98.537 E233.67059
G1 X213.764 Y97.883 E233.71788
G1 X210.876 Y96.973 E233.76534
G1 X208.081 Y95.816 E233.81276
G1 X205.381 Y94.411 E233.86047
G1 X202.814 Y92.775 E233.90819
G1 X200.429 Y90.944 E233.95532
G1 X198.186 Y88.89 E234.00299
G1 X196.135 Y86.651 E234.05059
G1 X194.296 Y84.256 E234.09792
G1 X192.655 Y81.677 E234.14584
G1 X191.267 Y79.013 E234.19293
G1 X190.101 Y76.196 E234.24072
G1 X189.192 Y73.311 E234.28814
G1 X188.538 Y70.366 E234.33542
G1 X188.142 Y67.353 E234.38306
G1 X188.009 Y64.319 E234.43067
G1 X188.142 Y61.284 E234.47829
G1 X188.538 Y58.272 E234.52591
G1 X189.192 Y55.326 E234.57321
G1 X190.101 Y52.442 E234.62061
G1 X191.267 Y49.625 E234.6684
G1 X192.655 Y46.961 E234.71549
G1 X194.3 Y44.376 E234.76352
G1 X196.131 Y41.991 E234.81065
G1 X198.186 Y39.748 E234.85834
G1 X200.429 Y37.693 E234.90602
G1 X202.814 Y35.862 E234.95316
G1 X205.381 Y34.227 E235.00087
G1 X208.081 Y32.822 E235.04858
G1 X210.876 Y31.665 E235.09599
G1 X213.764 Y30.755 E235.14346
G1 X216.709 Y30.101 E235.19075
G1 X219.722 Y29.704 E235.23839
G1 X222.757 Y29.571 E235.28601
G1 X225.791 Y29.704 E235.33361
G0 F10500 X209.744 Y36.413
G0 X207.363 Y37.654
G0 X205.096 Y39.097
G0 X202.965 Y40.733
G0 X200.984 Y42.547
G0 X199.17 Y44.527
G0 X197.847 Y46.253
G0 X194.432 Y51.11
G1 F3600 X193.391 Y53.63 E235.37635
G1 X192.571 Y56.229 E235.41907
G1 X191.98 Y58.892 E235.46183
G1 X191.624 Y61.594 E235.50455
G1 X191.507 Y64.319 E235.54731
G1 X191.624 Y67.044 E235.59006
G1 X191.98 Y69.745 E235.63277
G1 X192.571 Y72.408 E235.67553
G1 X193.391 Y75.007 E235.71825
G1 X194.432 Y77.525 E235.76096
G1 X195.693 Y79.944 E235.80372
G1 X197.157 Y82.244 E235.84646
G1 X198.817 Y84.407 E235.8892
G1 X200.658 Y86.417 E235.93193
G1 X202.668 Y88.258 E235.97465
G1 X204.831 Y89.918 E236.01739
G1 X207.132 Y91.383 E236.06015
G1 X209.548 Y92.643 E236.10286
G1 X212.068 Y93.685 E236.14561
G1 X214.669 Y94.505 E236.18836
G1 X217.33 Y95.095 E236.23109
G1 X220.032 Y95.452 E236.27381
G1 X222.757 Y95.569 E236.31656
G1 X225.481 Y95.452 E236.3593
G1 X228.183 Y95.095 E236.40203
G1 X230.844 Y94.505 E236.44475
G1 X233.445 Y93.685 E236.4875
G1 X235.963 Y92.643 E236.53022
G1 X238.382 Y91.383 E236.57297
G1 X240.682 Y89.918 E236.61572
G1 X242.845 Y88.258 E236.65846
G1 X244.855 Y86.417 E236.70119
G1 X246.696 Y84.407 E236.74391
G1 X248.356 Y82.244 E236.78665
G1 X249.82 Y79.944 E236.82939
G1 X251.081 Y77.525 E236.87215
G1 X252.122 Y75.007 E236.91486
G1 X252.942 Y72.408 E236.95758
G1 X253.533 Y69.745 E237.00034
G1 X253.889 Y67.044 E237.04305
G1 X254.007 Y64.319 E237.0858
G1 X253.889 Y61.594 E237.12856
G1 X253.533 Y58.892 E237.17128
G1 X252.942 Y56.229 E237.21404
G1 X252.122 Y53.63 E237.25676
G1 X251.081 Y51.11 E237.2995
G1 X249.82 Y48.694 E237.34222
G1 X248.356 Y46.394 E237.38496
G1 X246.696 Y44.23 E237.42771
G1 X244.855 Y42.221 E237.47043
G1 X242.845 Y40.38 E237.51315
G1 X240.682 Y38.719 E237.5559
G1 X238.382 Y37.255 E237.59864
G1 X235.963 Y35.995 E237.64139
G1 X233.445 Y34.953 E237.68411
G1 X230.844 Y34.133 E237.72686
G1 X228.183 Y33.543 E237.76959
G1 X225.481 Y33.186 E237.81231
G1 X222.757 Y33.069 E237.85505
G1 X220.032 Y33.186 E237.8978
G1 X217.33 Y33.543 E237.94053
G1 X214.669 Y34.133 E237.98325
G1 X212.068 Y34.953 E238.026
G1 X209.548 Y35.995 E238.06875
G1 X207.132 Y37.255 E238.11146
G1 X204.831 Y38.719 E238.15421
G1 X202.668 Y40.38 E238.19696
G1 X200.658 Y42.221 E238.23969
G1 X198.817 Y44.23 E238.2824
G1 X197.157 Y46.394 E238.32516
G1 X195.693 Y48.694 E238.36789
G1 X194.432 Y51.11 E238.41061
G0 F10500 X194.886 Y51.322
G1 F3600 X193.861 Y53.801 E238.45266
G1 X193.054 Y56.359 E238.49471
G1 X192.473 Y58.979 E238.53678
G1 X192.123 Y61.638 E238.57882
G1 X192.007 Y64.319 E238.62088
G1 X192.123 Y67 E238.66295
G1 X192.473 Y69.658 E238.70497
G1 X193.054 Y72.278 E238.74704
G1 X193.861 Y74.836 E238.78909
G1 X194.886 Y77.314 E238.83112
G1 X196.126 Y79.694 E238.87319
G1 X197.567 Y81.957 E238.91525
G1 X199.2 Y84.085 E238.95729
G1 X201.012 Y86.063 E238.99934
G1 X202.99 Y87.875 E239.04139
G1 X205.118 Y89.508 E239.08344
G1 X207.382 Y90.95 E239.12552
G1 X209.76 Y92.189 E239.16755
G1 X212.239 Y93.215 E239.2096
G1 X214.798 Y94.022 E239.25167
G1 X217.417 Y94.602 E239.29371
G1 X220.076 Y94.953 E239.33576
G1 X222.757 Y95.069 E239.37782
G1 X225.437 Y94.953 E239.41987
G1 X228.096 Y94.602 E239.46191
G1 X230.715 Y94.022 E239.50396
G1 X233.274 Y93.215 E239.54602
G1 X235.752 Y92.189 E239.58807
G1 X238.132 Y90.95 E239.63013
G1 X240.395 Y89.508 E239.67219
G1 X242.523 Y87.875 E239.71424
G1 X244.501 Y86.063 E239.75629
G1 X246.313 Y84.085 E239.79834
G1 X247.946 Y81.957 E239.84038
G1 X249.387 Y79.694 E239.88244
G1 X250.627 Y77.314 E239.9245
G1 X251.652 Y74.836 E239.96654
G1 X252.459 Y72.278 E240.00859
G1 X253.04 Y69.658 E240.05065
G1 X253.39 Y67 E240.09268
G1 X253.507 Y64.319 E240.13474
G1 X253.39 Y61.638 E240.17681
G1 X253.04 Y58.979 E240.21885
G1 X252.459 Y56.359 E240.26092
G1 X251.652 Y53.801 E240.30296
G1 X250.627 Y51.322 E240.34501
G1 X249.387 Y48.944 E240.38705
G1 X247.946 Y46.681 E240.42911
G1 X246.313 Y44.552 E240.47117
G1 X244.501 Y42.575 E240.51321
G1 X242.523 Y40.763 E240.55526
G1 X240.395 Y39.129 E240.59731
G1 X238.132 Y37.688 E240.63937
G1 X235.752 Y36.449 E240.68143
G1 X233.274 Y35.423 E240.72347
G1 X230.715 Y34.616 E240.76553
G1 X228.096 Y34.036 E240.80758
G1 X225.437 Y33.685 E240.84962
G1 X222.757 Y33.569 E240.89167
G1 X220.076 Y33.685 E240.93374
G1 X217.417 Y34.036 E240.97578
G1 X214.798 Y34.616 E241.01783
G1 X212.239 Y35.423 E241.05989
G1 X209.76 Y36.449 E241.10195
G1 X207.382 Y37.688 E241.14398
G1 X205.118 Y39.129 E241.18605
G1 X202.99 Y40.763 E241.2281
G1 X201.012 Y42.575 E241.27015
G1 X199.2 Y44.552 E241.31219
G1 X197.567 Y46.681 E241.35425
G1 X196.126 Y48.944 E241.3963
G1 X194.886 Y51.322 E241.43834
G0 F10500 X194.796 Y51.28
G0 X196.092 Y48.924
G0 X197.535 Y46.659
G0 X199.17 Y44.527
G0 X200.984 Y42.547
G0 X202.965 Y40.733
G0 X205.096 Y39.097
G0 X207.363 Y37.654
G0 X209.29 Y36.65
G0 X225.824 Y29.304
G0 X225.832 Y29.205
G1 F3600 X228.886 Y29.607 E241.48663
G1 X231.881 Y30.272 E241.53472
G1 X234.807 Y31.194 E241.58281
G1 X237.65 Y32.371 E241.63104
G1 X240.383 Y33.793 E241.67934
G1 X242.982 Y35.449 E241.72765
G1 X245.409 Y37.312 E241.77561
G1 X247.681 Y39.394 E241.82391
G1 X249.763 Y41.666 E241.87222
G1 X251.626 Y44.093 E241.92018
G1 X253.287 Y46.702 E241.96866
G1 X254.701 Y49.417 E242.01665
G1 X255.883 Y52.272 E242.06508
G1 X256.804 Y55.194 E242.11311
G1 X257.469 Y58.19 E242.16122
G1 X257.871 Y61.243 E242.20949
G1 X258.006 Y64.319 E242.25775
G1 X257.871 Y67.394 E242.306
G1 X257.469 Y70.448 E242.35428
G1 X256.804 Y73.443 E242.40238
G1 X255.883 Y76.366 E242.45042
G1 X254.701 Y79.221 E242.49885
G1 X253.287 Y81.936 E242.54684
G1 X251.63 Y84.539 E242.59521
G1 X249.759 Y86.976 E242.64337
G1 X247.681 Y89.244 E242.69159
G1 X245.409 Y91.325 E242.73988
G1 X242.982 Y93.188 E242.78784
G1 X240.382 Y94.845 E242.83617
G1 X237.649 Y96.267 E242.88447
G1 X234.807 Y97.444 E242.93268
G1 X231.881 Y98.366 E242.98077
G1 X228.886 Y99.031 E243.02887
G1 X225.832 Y99.433 E243.07715
G1 X222.757 Y99.568 E243.1254
G1 X219.681 Y99.433 E243.17366
G1 X216.627 Y99.031 E243.22195
G1 X213.632 Y98.366 E243.27004
G1 X210.706 Y97.444 E243.31813
G1 X207.864 Y96.267 E243.36635
G1 X205.131 Y94.845 E243.41464
G1 X202.531 Y93.188 E243.46297
G1 X200.104 Y91.325 E243.51093
G1 X197.832 Y89.244 E243.55923
G1 X195.754 Y86.976 E243.60745
G1 X193.883 Y84.539 E243.65561
G1 X192.226 Y81.936 E243.70398
G1 X190.812 Y79.221 E243.75196
G1 X189.63 Y76.366 E243.8004
G1 X188.709 Y73.443 E243.84844
G1 X188.044 Y70.448 E243.89653
G1 X187.643 Y67.394 E243.94481
G1 X187.508 Y64.319 E243.99306
G1 X187.643 Y61.243 E244.04133
G1 X188.044 Y58.19 E244.0896
G1 X188.709 Y55.194 E244.1377
G1 X189.63 Y52.272 E244.18573
G1 X190.812 Y49.417 E244.23416
G1 X192.226 Y46.702 E244.28215
G1 X193.887 Y44.093 E244.33063
G1 X195.75 Y41.666 E244.37859
G1 X197.832 Y39.394 E244.4269
G1 X200.104 Y37.312 E244.47521
G1 X202.531 Y35.449 E244.52317
G1 X205.131 Y33.793 E244.57149
G1 X207.864 Y32.371 E244.61978
G1 X210.706 Y31.194 E244.668
G1 X213.632 Y30.272 E244.71609
G1 X216.627 Y29.607 E244.76418
G1 X219.681 Y29.205 E244.81247
G1 X222.757 Y29.07 E244.86073
G1 X225.832 Y29.205 E244.90898
G0 F10500 X225.873 Y28.706
;TYPE:WALL-OUTER
G1 F2700 X228.968 Y29.113 E244.95791
G1 X232.013 Y29.789 E245.00681
G1 X234.977 Y30.723 E245.05552
G1 X237.867 Y31.92 E245.10455
G1 X240.633 Y33.359 E245.15343
G1 X243.265 Y35.036 E245.20235
G1 X245.734 Y36.931 E245.25114
G1 X248.035 Y39.04 E245.30007
G1 X250.144 Y41.341 E245.34899
G1 X252.039 Y43.81 E245.39778
G1 X253.716 Y46.443 E245.44672
G1 X255.156 Y49.209 E245.4956
G1 X256.354 Y52.102 E245.54468
G1 X257.287 Y55.062 E245.59333
G1 X257.963 Y58.108 E245.64224
G1 X258.37 Y61.202 E245.69116
G1 X258.507 Y64.319 E245.74007
G1 X258.37 Y67.435 E245.78896
G1 X257.963 Y70.53 E245.83789
G1 X257.287 Y73.575 E245.88679
G1 X256.354 Y76.536 E245.93545
G1 X255.156 Y79.429 E245.98453
G1 X253.716 Y82.195 E246.03342
G1 X252.039 Y84.828 E246.08235
G1 X250.144 Y87.296 E246.13113
G1 X248.035 Y89.598 E246.18006
G1 X245.734 Y91.706 E246.22898
G1 X243.265 Y93.601 E246.27777
G1 X240.632 Y95.279 E246.32671
G1 X237.867 Y96.718 E246.37557
G1 X234.977 Y97.915 E246.42461
G1 X232.013 Y98.849 E246.47332
G1 X228.968 Y99.525 E246.52222
G1 X225.873 Y99.932 E246.57115
G1 X222.757 Y100.069 E246.62004
G1 X219.64 Y99.932 E246.66895
G1 X216.545 Y99.525 E246.71788
G1 X213.5 Y98.849 E246.76678
G1 X210.536 Y97.915 E246.81549
G1 X207.646 Y96.718 E246.86452
G1 X204.881 Y95.279 E246.91339
G1 X202.248 Y93.601 E246.96233
G1 X199.779 Y91.706 E247.01112
G1 X197.478 Y89.598 E247.06003
G1 X195.369 Y87.296 E247.10897
G1 X193.474 Y84.828 E247.15775
G1 X191.797 Y82.195 E247.20668
G1 X190.357 Y79.429 E247.25556
G1 X189.159 Y76.536 E247.30465
G1 X188.226 Y73.575 E247.35331
G1 X187.55 Y70.53 E247.40221
G1 X187.144 Y67.435 E247.45114
G1 X187.007 Y64.319 E247.50003
G1 X187.144 Y61.202 E247.54894
G1 X187.55 Y58.108 E247.59785
G1 X188.226 Y55.062 E247.64676
G1 X189.159 Y52.102 E247.69541
G1 X190.357 Y49.209 E247.7445
G1 X191.797 Y46.443 E247.79338
G1 X193.474 Y43.81 E247.84231
G1 X195.369 Y41.341 E247.8911
G1 X197.478 Y39.04 E247.94003
G1 X199.779 Y36.931 E247.98896
G1 X202.248 Y35.036 E248.03774
G1 X204.881 Y33.359 E248.08668
G1 X207.646 Y31.92 E248.13554
G1 X210.536 Y30.723 E248.18457
G1 X213.5 Y29.789 E248.23329
G1 X216.545 Y29.113 E248.28218
G1 X219.64 Y28.706 E248.33111
G1 X222.757 Y28.569 E248.38002
G1 X225.873 Y28.706 E248.42891
G0 F10500 X226.12 Y28.738
G0 X226.041 Y29.333
G0 X240.417 Y39.097
G0 X242.548 Y40.733
G0 X244.529 Y42.547
G0 X246.343 Y44.527
G0 X247.978 Y46.659
G0 X249.421 Y48.924
G0 X250.663 Y51.306
G0 X251.689 Y53.788
G0 X252.497 Y56.349
G0 X253.079 Y58.973
G0 X253.362 Y61.128
G0 X253.605 Y64.344
G0 X253.007 Y64.319
G1 F2700 X252.891 Y61.682 E248.47029
G1 X252.547 Y59.066 E248.51165
G1 X251.976 Y56.489 E248.55303
G1 X251.182 Y53.972 E248.5944
G1 X250.173 Y51.534 E248.63576
G1 X248.954 Y49.194 E248.67712
G1 X247.536 Y46.968 E248.71849
G1 X245.93 Y44.874 E248.75986
G1 X244.147 Y42.929 E248.80122
G1 X242.201 Y41.146 E248.84259
G1 X240.108 Y39.539 E248.88395
G1 X237.882 Y38.121 E248.92533
G1 X235.541 Y36.903 E248.96669
G1 X233.103 Y35.893 E249.00806
G1 X230.586 Y35.099 E249.04943
G1 X228.009 Y34.529 E249.0908
G1 X225.393 Y34.184 E249.13216
G1 X222.757 Y34.069 E249.17352
G1 X220.12 Y34.184 E249.2149
G1 X217.504 Y34.529 E249.25626
G1 X214.927 Y35.099 E249.29763
G1 X212.41 Y35.893 E249.33901
G1 X209.972 Y36.903 E249.38037
G1 X207.632 Y38.121 E249.42172
G1 X205.405 Y39.539 E249.46311
G1 X203.312 Y41.146 E249.50447
G1 X201.366 Y42.929 E249.54585
G1 X199.583 Y44.874 E249.58721
G1 X197.977 Y46.968 E249.62857
G1 X196.559 Y49.194 E249.66995
G1 X195.34 Y51.534 E249.7113
G1 X194.331 Y53.972 E249.75266
G1 X193.537 Y56.489 E249.79404
G1 X192.966 Y59.066 E249.83541
G1 X192.622 Y61.682 E249.87677
G1 X192.507 Y64.319 E249.91815
G1 X192.622 Y66.956 E249.95952
G1 X192.966 Y69.571 E250.00087
G1 X193.537 Y72.148 E250.04224
G1 X194.331 Y74.665 E250.08361
G1 X195.34 Y77.103 E250.12498
G1 X196.559 Y79.444 E250.16635
G1 X197.977 Y81.67 E250.20772
G1 X199.583 Y83.763 E250.24907
G1 X201.366 Y85.709 E250.29045
G1 X203.312 Y87.492 E250.33182
G1 X205.405 Y89.098 E250.37317
G1 X207.632 Y90.517 E250.41457
G1 X209.972 Y91.735 E250.45592
G1 X212.41 Y92.745 E250.49729
G1 X214.927 Y93.539 E250.53866
G1 X217.504 Y94.109 E250.58003
G1 X220.12 Y94.454 E250.62139
G1 X222.757 Y94.569 E250.66277
G1 X225.393 Y94.454 E250.70413
G1 X228.009 Y94.109 E250.74549
G1 X230.586 Y93.539 E250.78686
G1 X233.103 Y92.745 E250.82823
G1 X235.541 Y91.735 E250.8696
G1 X237.882 Y90.517 E250.91097
G1 X240.108 Y89.098 E250.95235
G1 X242.201 Y87.492 E250.9937
G1 X244.147 Y85.709 E251.03507
G1 X245.93 Y83.763 E251.07645
G1 X247.536 Y81.67 E251.1178
G1 X248.954 Y79.444 E251.15917
G1 X250.173 Y77.103 E251.20055
G1 X251.182 Y74.665 E251.24191
G1 X251.976 Y72.148 E251.28328
G1 X252.547 Y69.571 E251.32465
G1 X252.891 Y66.956 E251.366
G1 X253.007 Y64.319 E251.40737
G0 F10500 X252.997 Y64.07
G0 X253.595 Y64.045
G0 X254.997 Y64.319
;TYPE:SKIN
G1 F2700 X254.876 Y61.507 E251.45149
G1 X254.509 Y58.719 E251.49557
G1 X253.899 Y55.972 E251.53968
G1 X253.053 Y53.292 E251.58374
G1 X251.98 Y50.69 E251.62786
G1 X250.678 Y48.199 E251.67192
G1 X249.168 Y45.826 E251.71601
G1 X247.455 Y43.593 E251.76012
G1 X245.556 Y41.52 E251.80419
G1 X243.482 Y39.621 E251.84827
G1 X241.251 Y37.907 E251.89237
G1 X238.877 Y36.397 E251.93648
G1 X236.382 Y35.096 E251.98058
G1 X233.784 Y34.022 E252.02465
G1 X231.101 Y33.176 E252.06875
G1 X228.356 Y32.567 E252.11283
G1 X225.568 Y32.199 E252.15691
G1 X222.757 Y32.079 E252.20101
G1 X219.945 Y32.199 E252.24513
G1 X217.157 Y32.567 E252.28921
G1 X214.412 Y33.176 E252.33329
G1 X211.73 Y34.022 E252.37737
G1 X209.128 Y35.096 E252.4215
G1 X206.637 Y36.397 E252.46555
G1 X204.263 Y37.907 E252.50965
G1 X202.031 Y39.621 E252.55377
G1 X199.957 Y41.52 E252.59785
G1 X198.058 Y43.593 E252.64192
G1 X196.345 Y45.826 E252.68603
G1 X194.835 Y48.199 E252.73012
G1 X193.533 Y50.69 E252.77418
G1 X192.46 Y53.292 E252.8183
G1 X191.614 Y55.972 E252.86236
G1 X191.004 Y58.719 E252.90647
G1 X190.637 Y61.508 E252.95056
G1 X190.517 Y64.319 E252.99467
G1 X190.637 Y67.13 E253.03877
G1 X191.004 Y69.918 E253.08285
G1 X191.614 Y72.665 E253.12696
G1 X192.46 Y75.346 E253.17103
G1 X193.533 Y77.944 E253.21509
G1 X194.835 Y80.439 E253.2592
G1 X196.345 Y82.812 E253.30329
G1 X198.058 Y85.044 E253.3474
G1 X199.957 Y87.118 E253.39148
G1 X202.031 Y89.017 E253.43556
G1 X204.263 Y90.73 E253.47966
G1 X206.637 Y92.241 E253.52378
G1 X209.128 Y93.542 E253.56783
G1 X211.73 Y94.616 E253.61195
G1 X214.412 Y95.462 E253.65604
G1 X217.157 Y96.071 E253.70011
G1 X219.945 Y96.439 E253.74419
G1 X222.757 Y96.559 E253.78831
G1 X225.568 Y96.439 E253.83242
G1 X228.356 Y96.071 E253.8765
G1 X231.101 Y95.462 E253.92058
G1 X233.784 Y94.616 E253.96467
G1 X236.382 Y93.542 E254.00874
G1 X238.877 Y92.241 E254.05285
G1 X241.251 Y90.73 E254.09696
G1 X243.482 Y89.017 E254.14105
G1 X245.556 Y87.118 E254.18513
G1 X247.455 Y85.044 E254.22921
G1 X249.168 Y82.812 E254.27332
G1 X250.678 Y80.439 E254.31741
G1 X251.98 Y77.944 E254.36152
G1 X253.053 Y75.346 E254.40558
G1 X253.899 Y72.665 E254.44965
G1 X254.509 Y69.918 E254.49376
G1 X254.876 Y67.131 E254.53783
G1 X254.997 Y64.319 E254.58195
G0 F10500 X256.514 Y64.319
G1 F2700 X256.383 Y67.273 E254.6283
G1 X255.997 Y70.206 E254.67467
G1 X255.364 Y73.052 E254.72037
G1 X254.485 Y75.845 E254.76627
G1 X253.346 Y78.596 E254.81295
G1 X251.995 Y81.189 E254.85878
G1 X250.407 Y83.685 E254.90515
G1 X248.622 Y86.011 E254.95111
G1 X246.626 Y88.189 E254.99742
G1 X244.439 Y90.192 E255.04391
G1 X242.139 Y91.958 E255.08936
G1 X239.643 Y93.549 E255.13576
G1 X237.011 Y94.918 E255.18227
G1 X234.29 Y96.044 E255.22843
G1 X231.49 Y96.926 E255.27445
G1 X228.644 Y97.559 E255.32015
G1 X225.711 Y97.945 E255.36652
G1 X222.757 Y98.076 E255.41287
G1 X219.802 Y97.945 E255.45924
G1 X216.869 Y97.559 E255.50561
G1 X214.023 Y96.926 E255.55131
G1 X211.223 Y96.044 E255.59733
G1 X208.502 Y94.918 E255.64349
G1 X205.87 Y93.549 E255.69
G1 X203.374 Y91.958 E255.7364
G1 X201.074 Y90.192 E255.78185
G1 X198.887 Y88.189 E255.82834
G1 X196.891 Y86.011 E255.87465
G1 X195.106 Y83.685 E255.92061
G1 X193.518 Y81.189 E255.96698
G1 X192.167 Y78.596 E256.01281
G1 X191.028 Y75.845 E256.05949
G1 X190.149 Y73.052 E256.10539
G1 X189.516 Y70.206 E256.15109
G1 X189.131 Y67.273 E256.19746
G1 X189 Y64.319 E256.24381
G1 X189.131 Y61.364 E256.29018
G1 X189.516 Y58.432 E256.33653
G1 X190.149 Y55.585 E256.38225
G1 X191.028 Y52.793 E256.42813
G1 X192.167 Y50.042 E256.47481
G1 X193.522 Y47.441 E256.52078
G1 X195.113 Y44.941 E256.56723
G1 X196.883 Y42.636 E256.61279
G1 X198.887 Y40.449 E256.65928
G1 X201.074 Y38.445 E256.70578
G1 X203.374 Y36.679 E256.75124
G1 X205.87 Y35.089 E256.79763
G1 X208.502 Y33.72 E256.84413
G1 X211.223 Y32.594 E256.89029
G1 X214.023 Y31.712 E256.93631
G1 X216.869 Y31.079 E256.98201
G1 X219.802 Y30.693 E257.02839
G1 X222.757 Y30.562 E257.07475
G1 X225.711 Y30.693 E257.1211
G1 X228.644 Y31.079 E257.16748
G1 X231.49 Y31.712 E257.21318
G1 X234.29 Y32.594 E257.2592
G1 X237.012 Y33.72 E257.30537
G1 X239.644 Y35.089 E257.35188
G1 X242.139 Y36.679 E257.39825
G1 X244.439 Y38.445 E257.44371
G1 X246.626 Y40.449 E257.49021
G1 X248.63 Y42.636 E257.53671
G1 X250.4 Y44.941 E257.58226
G1 X251.991 Y47.441 E257.62871
G1 X253.346 Y50.042 E257.67469
G1 X254.485 Y52.793 E257.72136
G1 X255.364 Y55.585 E257.76724
G1 X255.997 Y58.432 E257.81296
G1 X256.383 Y61.364 E257.85932
G1 X256.514 Y64.319 E257.90568
G0 F10500 X247.447 Y41.678
G1 F2700 X245.395 Y39.627 E257.95116
G1 X245.307 Y39.539
G0 F10500 X241.351 Y37.704
G1 F2700 X238.28 Y34.633 E258.01924
G1 X238.192 Y34.545
G0 F10500 X237.829 Y35.597
G1 F2700 X235.62 Y33.388 E258.06821
G1 X235.532 Y33.3
G0 F10500 X235.169 Y34.351
G1 F2700 X233.353 Y32.534 E258.10848
G1 X233.265 Y32.446
G0 F10500 X232.916 Y33.512
G1 F2700 X231.306 Y31.902 E258.14417
G0 F10500 X230.396 Y31.699
G1 F2700 X231.884 Y33.187 E258.17716
G1 X231.972 Y33.275
G0 F10500 X230.886 Y32.896
G1 F2700 X229.487 Y31.497 E258.20817
G0 F10500 X228.58 Y31.297
G1 F2700 X229.977 Y32.695 E258.23915
G0 F10500 X229.07 Y32.494
G1 F2700 X227.766 Y31.19 E258.26806
G0 F10500 X226.952 Y31.083
G1 F2700 X228.186 Y32.318 E258.29543
G0 F10500 X227.372 Y32.21
G1 F2700 X226.137 Y30.976 E258.32279
G0 F10500 X225.357 Y30.902
G1 F2700 X226.557 Y32.102 E258.3494
G0 F10500 X225.742 Y31.995
G1 F2700 X224.617 Y30.87 E258.37434
G0 F10500 X223.877 Y30.836
G1 F2700 X224.989 Y31.949 E258.399
G0 F10500 X224.25 Y31.917
G1 F2700 X223.136 Y30.803 E258.42369
G0 F10500 X222.427 Y30.801
G1 F2700 X223.512 Y31.886 E258.44775
G0 F10500 X222.773 Y31.855
G1 F2700 X221.75 Y30.831 E258.47044
G0 F10500 X221.074 Y30.862
G1 F2700 X222.093 Y31.882 E258.49304
G0 F10500 X221.415 Y31.911
G1 F2700 X220.397 Y30.892 E258.51562
G0 F10500 X219.728 Y30.93
G1 F2700 X220.737 Y31.94 E258.53799
G0 F10500 X220.058 Y31.968
G1 F2700 X219.103 Y31.012 E258.55918
G0 F10500 X218.478 Y31.095
G1 F2700 X219.423 Y32.04 E258.58013
G0 F10500 X218.799 Y32.123
G1 F2700 X217.853 Y31.177 E258.6011
G0 F10500 X217.228 Y31.259
G1 F2700 X218.174 Y32.205 E258.62207
G0 F10500 X217.549 Y32.287
G1 F2700 X216.625 Y31.363 E258.64255
G0 F10500 X216.047 Y31.492
G1 F2700 X216.938 Y32.384 E258.66232
G0 F10500 X216.359 Y32.512
G1 F2700 X215.468 Y31.621 E258.68207
G0 F10500 X214.89 Y31.749
G1 F2700 X215.78 Y32.64 E258.70181
G0 F10500 X215.202 Y32.768
G1 F2700 X214.312 Y31.879 E258.72153
G0 F10500 X213.758 Y32.031
G1 F2700 X214.623 Y32.896 E258.7407
G0 F10500 X214.067 Y33.048
G1 F2700 X213.22 Y32.2 E258.75949
G0 F10500 X212.682 Y32.37
G1 F2700 X213.529 Y33.217 E258.77827
G0 F10500 X212.992 Y33.387
G1 F2700 X212.144 Y32.539 E258.79707
G0 F10500 X211.606 Y32.708
G1 F2700 X212.455 Y33.557 E258.81589
G0 F10500 X211.917 Y33.726
G1 F2700 X211.085 Y32.894 E258.83433
G0 F10500 X210.585 Y33.101
G1 F2700 X211.398 Y33.914 E258.85235
G0 F10500 X210.898 Y34.121
G1 F2700 X210.084 Y33.308 E258.87039
G0 F10500 X209.585 Y33.515
G1 F2700 X210.397 Y34.327 E258.88839
G0 F10500 X209.896 Y34.534
G1 F2700 X209.085 Y33.722 E258.90638
G0 F10500 X208.585 Y33.929
G1 F2700 X209.396 Y34.74 E258.92436
G0 F10500 X208.905 Y34.957
G1 F2700 X208.119 Y34.171 E258.94178
G0 F10500 X207.655 Y34.414
G1 F2700 X208.44 Y35.199 E258.95918
G0 F10500 X207.976 Y35.442
G1 F2700 X207.19 Y34.656 E258.97661
G0 F10500 X206.724 Y34.897
G1 F2700 X207.512 Y35.685 E258.99408
G0 F10500 X207.047 Y35.928
G1 F2700 X206.259 Y35.139 E259.01156
G0 F10500 X205.807 Y35.394
G1 F2700 X206.583 Y36.17 E259.02876
G0 F10500 X206.147 Y36.441
G1 F2700 X205.375 Y35.67 E259.04586
G0 F10500 X204.944 Y35.945
G1 F2700 X205.714 Y36.715 E259.06293
G0 F10500 X205.282 Y36.99
G1 F2700 X204.512 Y36.22 E259.08
G0 F10500 X204.08 Y36.495
G1 F2700 X204.85 Y37.265 E259.09707
G0 F10500 X204.418 Y37.541
G1 F2700 X203.648 Y36.771 E259.11414
G0 F10500 X203.237 Y37.067
G1 F2700 X203.996 Y37.826 E259.13097
G0 F10500 X203.596 Y38.133
G1 F2700 X202.837 Y37.374 E259.14779
G0 F10500 X202.437 Y37.681
G1 F2700 X203.196 Y38.44 E259.16462
G0 F10500 X202.796 Y38.748
G1 F2700 X202.038 Y37.989 E259.18143
G0 F10500 X201.637 Y38.296
G1 F2700 X202.396 Y39.054 E259.19825
G0 F10500 X201.996 Y39.361
G1 F2700 X201.237 Y38.603 E259.21506
G0 F10500 X200.867 Y38.939
G1 F2700 X201.618 Y39.691 E259.23172
G0 F10500 X201.249 Y40.029
G1 F2700 X200.498 Y39.277 E259.24838
G0 F10500 X200.128 Y39.615
G1 F2700 X200.88 Y40.367 E259.26505
G0 F10500 X200.511 Y40.705
G1 F2700 X199.759 Y39.953 E259.28172
G0 F10500 X199.39 Y40.291
G1 F2700 X200.142 Y41.043 E259.29839
G0 F10500 X199.776 Y41.384
G1 F2700 X199.022 Y40.631 E259.3151
G0 F10500 X198.684 Y41
G1 F2700 X199.438 Y41.753 E259.3318
G0 F10500 X199.1 Y42.122
G1 F2700 X198.346 Y41.369 E259.34851
G0 F10500 X198.008 Y41.738
G1 F2700 X198.762 Y42.491 E259.36521
G0 F10500 X198.424 Y42.86
G1 F2700 X197.67 Y42.107 E259.38191
G0 F10500 X197.332 Y42.476
G1 F2700 X198.085 Y43.228 E259.3986
G0 F10500 X197.76 Y43.61
G1 F2700 X197 Y42.851 E259.41543
G0 F10500 X196.693 Y43.25
G1 F2700 X197.453 Y44.011 E259.43229
G0 F10500 X197.146 Y44.411
G1 F2700 X196.386 Y43.651 E259.44914
G0 F10500 X196.079 Y44.051
G1 F2700 X196.839 Y44.811 E259.46599
G0 F10500 X196.532 Y45.211
G1 F2700 X195.771 Y44.45 E259.48286
G0 F10500 X195.464 Y44.851
G1 F2700 X196.225 Y45.611 E259.49972
G0 F10500 X195.944 Y46.037
G1 F2700 X195.172 Y45.265 E259.51683
G0 F10500 X194.897 Y45.697
G1 F2700 X195.669 Y46.469 E259.53395
G0 F10500 X195.394 Y46.901
G1 F2700 X194.621 Y46.129 E259.55107
G0 F10500 X194.346 Y46.561
G1 F2700 X195.119 Y47.333 E259.5682
G0 F10500 X194.843 Y47.765
G1 F2700 X194.071 Y46.992 E259.58532
G0 F10500 X193.796 Y47.424
G1 F2700 X194.576 Y48.205 E259.60262
G0 F10500 X194.334 Y48.67
G1 F2700 X193.545 Y47.881 E259.62011
G0 F10500 X193.303 Y48.346
G1 F2700 X194.091 Y49.134 E259.63758
G0 F10500 X193.849 Y49.599
G1 F2700 X193.06 Y48.81 E259.65507
G0 F10500 X192.818 Y49.276
G1 F2700 X193.606 Y50.063 E259.67253
G0 F10500 X193.363 Y50.527
G1 F2700 X192.576 Y49.74 E259.68998
G0 F10500 X192.339 Y50.21
G1 F2700 X193.151 Y51.023 E259.70799
G0 F10500 X192.945 Y51.524
G1 F2700 X192.132 Y50.71 E259.72602
G0 F10500 X191.925 Y51.21
G1 F2700 X192.738 Y52.024 E259.74406
G0 F10500 X192.532 Y52.525
G1 F2700 X191.717 Y51.71 E259.76213
G0 F10500 X191.51 Y52.21
G1 F2700 X192.325 Y53.025 E259.78019
G0 F10500 X192.142 Y53.549
G1 F2700 X191.303 Y52.71 E259.79879
G0 F10500 X191.121 Y53.235
G1 F2700 X191.972 Y54.086 E259.81766
G0 F10500 X191.803 Y54.624
G1 F2700 X190.952 Y53.774 E259.83651
G0 F10500 X190.783 Y54.312
G1 F2700 X191.633 Y55.162 E259.85536
G0 F10500 X191.464 Y55.699
G1 F2700 X190.614 Y54.85 E259.87419
G0 F10500 X190.445 Y55.388
G1 F2700 X191.317 Y56.26 E259.89352
G0 F10500 X191.189 Y56.839
G1 F2700 X190.297 Y55.947 E259.91329
G0 F10500 X190.169 Y56.526
G1 F2700 X191.06 Y57.417 E259.93304
G0 F10500 X190.932 Y57.996
G1 F2700 X190.04 Y57.104 E259.95282
G0 F10500 X189.911 Y57.682
G1 F2700 X190.804 Y58.575 E259.97262
G0 F10500 X190.715 Y59.193
G1 F2700 X189.783 Y58.261 E259.99328
G0 F10500 X189.684 Y58.869
G1 F2700 X190.633 Y59.818 E260.01431
G0 F10500 X190.55 Y60.442
G1 F2700 X189.602 Y59.494 E260.03533
G0 F10500 X189.52 Y60.119
G1 F2700 X190.468 Y61.067 E260.05635
G0 F10500 X190.403 Y61.709
G1 F2700 X189.438 Y60.745 E260.07773
G0 F10500 X189.356 Y61.37
G1 F2700 X190.374 Y62.388 E260.10029
G0 F10500 X190.345 Y63.066
G1 F2700 X189.325 Y62.045 E260.12292
G0 F10500 X189.295 Y62.723
G1 F2700 X190.316 Y63.744 E260.14555
G0 F10500 X190.295 Y64.43
G1 F2700 X189.264 Y63.399 E260.16841
G0 F10500 X189.234 Y64.076
G1 F2700 X190.327 Y65.169 E260.19264
G0 F10500 X190.358 Y65.908
G1 F2700 X189.245 Y64.794 E260.21732
G0 F10500 X189.278 Y65.534
G1 F2700 X190.39 Y66.646 E260.24197
G0 F10500 X190.446 Y67.409
G1 F2700 X189.31 Y66.274 E260.26715
G0 F10500 X189.344 Y67.014
G1 F2700 X190.553 Y68.224 E260.29396
G0 F10500 X190.661 Y69.039
G1 F2700 X189.427 Y67.805 E260.32131
G0 F10500 X189.533 Y68.618
G1 F2700 X190.768 Y69.853 E260.34869
G0 F10500 X190.957 Y70.748
G1 F2700 X189.64 Y69.432 E260.37788
G0 F10500 X189.755 Y70.254
G1 F2700 X191.158 Y71.657 E260.40898
G0 F10500 X191.36 Y72.566
G1 F2700 X189.958 Y71.164 E260.44006
G0 F10500 X190.161 Y72.074
G1 F2700 X191.666 Y73.579 E260.47342
G1 X191.754 Y73.667
G0 F10500 X190.686 Y74.013
G1 F2700 X192.356 Y75.683 E260.51044
G1 X192.444 Y75.771
G0 F10500 X191.387 Y76.129
G1 F2700 X193.361 Y78.102 E260.55419
G1 X193.449 Y78.19
G0 F10500 X192.398 Y78.553
G1 F2700 X195.064 Y81.22 E260.61331
G1 X195.152 Y81.308
G0 F10500 X194.071 Y81.641
G1 F2700 X205.437 Y93.007 E260.86527
G1 X205.525 Y93.095
G0 F10500 X205.854 Y92.01
G1 F2700 X208.517 Y94.673 E260.92431
G1 X208.605 Y94.761
G0 F10500 X208.975 Y93.717
G1 F2700 X210.943 Y95.684 E260.96792
G1 X211.031 Y95.772
G0 F10500 X211.393 Y94.72
G1 F2700 X213.059 Y96.387 E261.00487
G1 X213.147 Y96.475
G0 F10500 X213.496 Y95.409
G1 F2700 X214.999 Y96.912 E261.03819
G0 F10500 X214.09 Y96.71
G1 F2700 X212.462 Y95.083 E261.07427
G1 X212.374 Y94.995
G0 F10500 X212.027 Y96.061
G1 F2700 X210.189 Y94.224 E261.115
G1 X210.101 Y94.136
G0 F10500 X209.737 Y95.185
G1 F2700 X207.494 Y92.943 E261.16471
G1 X207.406 Y92.855
G0 F10500 X207.043 Y93.906
G1 F2700 X203.781 Y90.644 E261.23703
G1 X203.693 Y90.556
G0 F10500 X203.474 Y91.752
G1 F2700 X195.324 Y83.601 E261.41771
G1 X195.236 Y83.513
G0 F10500 X196.43 Y83.292
G1 F2700 X193.167 Y80.03 E261.49003
G1 X193.079 Y79.942
G0 F10500 X194.132 Y79.581
G1 F2700 X191.887 Y77.336 E261.5398
G1 X191.799 Y77.248
G0 F10500 X192.852 Y76.887
G1 F2700 X191.01 Y75.044 E261.58065
G1 X190.922 Y74.956
G0 F10500 X191.992 Y74.613
G1 F2700 X190.363 Y72.984 E261.61676
G1 X190.275 Y72.896
G0 F10500 X199.17 Y84.11
G0 X200.984 Y86.091
G0 X202.965 Y87.905
G0 X204.69 Y89.228
G0 X214.509 Y95.715
G1 F2700 X215.908 Y97.114 E261.64777
G0 F10500 X216.818 Y97.317
G1 F2700 X215.417 Y95.916 E261.67883
G0 F10500 X216.326 Y96.118
G1 F2700 X217.641 Y97.433 E261.70798
G0 F10500 X218.455 Y97.54
G1 F2700 X217.221 Y96.305 E261.73535
G0 F10500 X218.035 Y96.413
G1 F2700 X219.269 Y97.647 E261.76271
G0 F10500 X220.06 Y97.73
G1 F2700 X218.85 Y96.521 E261.78952
G0 F10500 X219.665 Y96.628
G1 F2700 X220.8 Y97.763 E261.81468
G0 F10500 X221.54 Y97.796
G1 F2700 X220.428 Y96.684 E261.83933
G0 F10500 X221.166 Y96.715
G1 F2700 X222.28 Y97.829 E261.86403
G0 F10500 X222.998 Y97.84
G1 F2700 X221.905 Y96.747 E261.88826
G0 F10500 X222.644 Y96.779
G1 F2700 X223.674 Y97.809 E261.91109
G0 F10500 X224.351 Y97.779
G1 F2700 X223.331 Y96.759 E261.9337
G0 F10500 X224.01 Y96.73
G1 F2700 X225.028 Y97.749 E261.95628
G0 F10500 X225.704 Y97.717
G1 F2700 X224.688 Y96.701 E261.9788
G0 F10500 X225.366 Y96.672
G1 F2700 X226.329 Y97.635 E262.00015
G0 F10500 X226.954 Y97.553
G1 F2700 X226.008 Y96.607 E262.02112
G0 F10500 X226.632 Y96.525
G1 F2700 X227.578 Y97.471 E262.0421
G0 F10500 X228.203 Y97.389
G1 F2700 X227.257 Y96.442 E262.06308
G0 F10500 X227.882 Y96.36
G1 F2700 X228.812 Y97.29 E262.08369
G0 F10500 X229.39 Y97.161
G1 F2700 X228.499 Y96.27 E262.10345
G0 F10500 X229.078 Y96.142
G1 F2700 X229.968 Y97.032 E262.12318
G0 F10500 X230.547 Y96.904
G1 F2700 X229.657 Y96.014 E262.14291
G0 F10500 X230.236 Y95.885
G1 F2700 X231.125 Y96.775 E262.16263
G0 F10500 X231.684 Y96.627
G1 F2700 X230.815 Y95.757 E262.1819
G0 F10500 X231.375 Y95.611
G1 F2700 X232.223 Y96.458 E262.20069
G0 F10500 X232.76 Y96.288
G1 F2700 X231.913 Y95.441 E262.21947
G0 F10500 X232.451 Y95.272
G1 F2700 X233.298 Y96.119 E262.23824
G0 F10500 X233.836 Y95.95
G1 F2700 X232.988 Y95.103 E262.25703
G0 F10500 X233.526 Y94.933
G1 F2700 X234.362 Y95.769 E262.27556
G0 F10500 X234.862 Y95.562
G1 F2700 X234.05 Y94.75 E262.29356
G0 F10500 X234.55 Y94.543
G1 F2700 X235.362 Y95.355 E262.31156
G0 F10500 X235.863 Y95.148
G1 F2700 X235.05 Y94.336 E262.32958
G0 F10500 X235.55 Y94.129
G1 F2700 X236.363 Y94.941 E262.34759
G0 F10500 X236.863 Y94.734
G1 F2700 X236.051 Y93.922 E262.36559
G0 F10500 X236.546 Y93.71
G1 F2700 X237.331 Y94.496 E262.383
G0 F10500 X237.797 Y94.254
G1 F2700 X237.01 Y93.468 E262.40044
G0 F10500 X237.475 Y93.225
G1 F2700 X238.262 Y94.012 E262.41788
G0 F10500 X238.727 Y93.77
G1 F2700 X237.94 Y92.983 E262.43533
G0 F10500 X238.405 Y92.741
G1 F2700 X239.193 Y93.529 E262.4528
G0 F10500 X239.649 Y93.277
G1 F2700 X238.869 Y92.498 E262.47008
G0 F10500 X239.31 Y92.232
G1 F2700 X240.08 Y93.002 E262.48715
G0 F10500 X240.512 Y92.727
G1 F2700 X239.742 Y91.957 E262.50422
G0 F10500 X240.174 Y91.682
G1 F2700 X240.943 Y92.451 E262.52127
G0 F10500 X241.375 Y92.176
G1 F2700 X240.607 Y91.407 E262.5383
G0 F10500 X241.039 Y91.132
G1 F2700 X241.807 Y91.9 E262.55533
G0 F10500 X242.222 Y91.608
G1 F2700 X241.464 Y90.85 E262.57213
G0 F10500 X241.864 Y90.543
G1 F2700 X242.622 Y91.301 E262.58894
G0 F10500 X243.021 Y90.994
G1 F2700 X242.264 Y90.236 E262.60573
G0 F10500 X242.664 Y89.929
G1 F2700 X243.422 Y90.687 E262.62253
G0 F10500 X243.822 Y90.38
G1 F2700 X243.064 Y89.622 E262.63934
G0 F10500 X243.464 Y89.315
G1 F2700 X244.221 Y90.072 E262.65612
G0 F10500 X244.596 Y89.74
G1 F2700 X243.845 Y88.989 E262.67277
G0 F10500 X244.214 Y88.651
G1 F2700 X244.965 Y89.402 E262.68941
G0 F10500 X245.334 Y89.064
G1 F2700 X244.583 Y88.313 E262.70606
G0 F10500 X244.953 Y87.975
G1 F2700 X245.704 Y88.727 E262.72272
G0 F10500 X246.073 Y88.389
G1 F2700 X245.322 Y87.637 E262.73938
G0 F10500 X245.691 Y87.299
G1 F2700 X246.442 Y88.051 E262.75604
G0 F10500 X246.783 Y87.684
G1 F2700 X246.03 Y86.931 E262.77273
G0 F10500 X246.368 Y86.562
G1 F2700 X247.121 Y87.315 E262.78943
G0 F10500 X247.459 Y86.946
G1 F2700 X246.706 Y86.193 E262.80612
G0 F10500 X247.044 Y85.824
G1 F2700 X247.797 Y86.577 E262.82281
G0 F10500 X248.135 Y86.208
G1 F2700 X247.382 Y85.455 E262.83951
G0 F10500 X247.712 Y85.077
G1 F2700 X248.471 Y85.837 E262.85634
G0 F10500 X248.778 Y85.436
G1 F2700 X248.019 Y84.677 E262.87317
G0 F10500 X248.326 Y84.277
G1 F2700 X249.086 Y85.037 E262.89002
G0 F10500 X249.393 Y84.637
G1 F2700 X248.632 Y83.877 E262.90688
G0 F10500 X248.939 Y83.476
G1 F2700 X249.7 Y84.237 E262.92375
G0 F10500 X250.007 Y83.837
G1 F2700 X249.246 Y83.076 E262.94062
G0 F10500 X249.532 Y82.655
G1 F2700 X250.304 Y83.427 E262.95773
G0 F10500 X250.579 Y82.995
G1 F2700 X249.807 Y82.223 E262.97484
G0 F10500 X250.082 Y81.791
G1 F2700 X250.854 Y82.563 E262.99196
G0 F10500 X251.129 Y82.131
G1 F2700 X250.357 Y81.358 E263.00908
G0 F10500 X250.632 Y80.926
G1 F2700 X251.404 Y81.698 E263.0262
G0 F10500 X251.679 Y81.266
G1 F2700 X250.903 Y80.49 E263.0434
G0 F10500 X251.145 Y80.026
G1 F2700 X251.935 Y80.815 E263.0609
G0 F10500 X252.177 Y80.35
G1 F2700 X251.388 Y79.561 E263.07839
G0 F10500 X251.631 Y79.096
G1 F2700 X252.419 Y79.885 E263.09587
G0 F10500 X252.661 Y79.42
G1 F2700 X251.873 Y78.632 E263.11334
G0 F10500 X252.116 Y78.167
G1 F2700 X252.903 Y78.955 E263.1308
G0 F10500 X253.145 Y78.49
G1 F2700 X252.332 Y77.677 E263.14882
G0 F10500 X252.538 Y77.176
G1 F2700 X253.352 Y77.99 E263.16687
G0 F10500 X253.56 Y77.49
G1 F2700 X252.745 Y76.675 E263.18494
G0 F10500 X252.952 Y76.175
G1 F2700 X253.767 Y76.99 E263.203
G0 F10500 X253.974 Y76.49
G1 F2700 X253.159 Y75.675 E263.22107
G0 F10500 X253.347 Y75.156
G1 F2700 X254.181 Y75.99 E263.23956
G0 F10500 X254.368 Y75.47
G1 F2700 X253.516 Y74.618 E263.25845
G0 F10500 X253.686 Y74.081
G1 F2700 X254.537 Y74.932 E263.27731
G0 F10500 X254.706 Y74.393
G1 F2700 X253.856 Y73.544 E263.29614
G0 F10500 X254.025 Y73.006
G1 F2700 X254.875 Y73.855 E263.31498
G0 F10500 X255.044 Y73.317
G1 F2700 X254.176 Y72.45 E263.33421
G0 F10500 X254.305 Y71.871
G1 F2700 X255.196 Y72.763 E263.35397
G0 F10500 X255.325 Y72.184
G1 F2700 X254.433 Y71.293 E263.37373
G0 F10500 X254.561 Y70.714
G1 F2700 X255.454 Y71.606 E263.39352
G0 F10500 X255.583 Y71.028
G1 F2700 X254.69 Y70.135 E263.41331
G0 F10500 X254.786 Y69.524
G1 F2700 X255.711 Y70.449 E263.43382
G0 F10500 X255.816 Y69.847
G1 F2700 X254.868 Y68.899 E263.45484
G0 F10500 X254.95 Y68.274
G1 F2700 X255.899 Y69.222 E263.47586
G0 F10500 X255.981 Y68.597
G1 F2700 X255.032 Y67.649 E263.49689
G0 F10500 X255.105 Y67.014
G1 F2700 X256.063 Y67.972 E263.51813
G0 F10500 X256.145 Y67.347
G1 F2700 X255.134 Y66.336 E263.54054
G0 F10500 X255.163 Y65.658
G1 F2700 X256.183 Y66.678 E263.56315
G0 F10500 X256.213 Y66.002
G1 F2700 X255.192 Y64.98 E263.5858
G0 F10500 X255.22 Y64.301
G1 F2700 X256.244 Y65.325 E263.6085
G0 F10500 X256.274 Y64.648
G1 F2700 X255.188 Y63.562 E263.63257
G0 F10500 X255.156 Y62.823
G1 F2700 X256.271 Y63.938 E263.65729
G0 F10500 X256.238 Y63.198
G1 F2700 X255.124 Y62.084 E263.68199
G0 F10500 X255.078 Y61.331
G1 F2700 X256.206 Y62.458 E263.70698
G0 F10500 X256.172 Y61.718
G1 F2700 X254.971 Y60.517 E263.7336
G0 F10500 X254.863 Y59.701
G1 F2700 X256.099 Y60.937 E263.761
G0 F10500 X255.992 Y60.123
G1 F2700 X254.755 Y58.887 E263.78842
G0 F10500 X254.58 Y58.004
G1 F2700 X255.885 Y59.309 E263.81735
G0 F10500 X255.778 Y58.496
G1 F2700 X254.378 Y57.096 E263.84838
G0 F10500 X254.177 Y56.187
G1 F2700 X255.579 Y57.589 E263.87946
G0 F10500 X255.376 Y56.679
G1 F2700 X253.886 Y55.189 E263.91249
G1 X253.798 Y55.101
G0 F10500 X254.866 Y54.755
G1 F2700 X253.219 Y53.108 E263.949
G1 X253.131 Y53.02
G0 F10500 X254.186 Y52.661
G1 F2700 X252.227 Y50.702 E263.99243
G1 X252.139 Y50.614
G0 F10500 X253.186 Y50.247
G1 F2700 X250.604 Y47.664 E264.04968
G1 X250.516 Y47.576
G0 F10500 X251.602 Y47.248
G1 F2700 X245.713 Y41.36 E264.18022
G1 X239.825 Y35.471 E264.31076
G1 X239.737 Y35.383
G0 F10500 X239.408 Y36.469
G1 F2700 X236.827 Y33.887 E264.36799
G1 X236.739 Y33.799
G0 F10500 X236.373 Y34.848
G1 F2700 X234.414 Y32.888 E264.41143
G1 X234.326 Y32.8
G0 F10500 X233.964 Y33.853
G1 F2700 X232.321 Y32.21 E264.44785
G1 X232.233 Y32.122
G0 F10500 X241.778 Y36.717
G1 F2700 X250.361 Y45.3 E264.63812
G1 X250.449 Y45.388
G0 F10500 X249.364 Y45.717
G1 F2700 X252.442 Y48.795 E264.70636
G1 X252.53 Y48.883
G0 F10500 X251.478 Y49.246
G1 F2700 X253.686 Y51.454 E264.7553
G1 X253.774 Y51.542
G0 F10500 X252.723 Y51.905
G1 F2700 X254.542 Y53.724 E264.79563
G1 X254.63 Y53.812
G0 F10500 X253.56 Y54.156
G1 F2700 X255.173 Y55.769 E264.83139
G1 X255.261 Y55.857
;MESH:NONMESH
G0 F10500 X246.343 Y44.527
G0 X244.529 Y42.547
G0 X242.548 Y40.733
G0 X240.417 Y39.097
G0 X238.151 Y37.654
G0 X235.768 Y36.413
G0 X233.287 Y35.386
G0 X230.725 Y34.578
G0 X228.102 Y33.997
G0 X225.44 Y33.646
G0 X222.757 Y33.529
G0 X220.073 Y33.646
G0 X217.411 Y33.997
G0 X214.788 Y34.578
G0 X212.226 Y35.386
G0 X209.744 Y36.413
G0 X207.363 Y37.654
G0 X205.096 Y39.097
G0 X202.965 Y40.733
G0 X200.984 Y42.547
G0 X199.516 Y44.15
G0 X193.978 Y50.898
;TIME_ELAPSED:651.772846
;LAYER:7
;MESH:
G0 X193.978 Y50.898 Z1.6
;TYPE:WALL-INNER
G1 F3600 X192.921 Y53.459 E264.87482
G1 X192.088 Y56.099 E264.91821
G1 X191.487 Y58.805 E264.96166
G1 X191.125 Y61.551 E265.00508
G1 X191.007 Y64.319 E265.04851
G1 X191.125 Y67.087 E265.09194
G1 X191.487 Y69.832 E265.13534
G1 X192.088 Y72.538 E265.17879
G1 X192.921 Y75.178 E265.22218
G1 X193.978 Y77.736 E265.26557
G1 X195.26 Y80.194 E265.30903
G1 X196.747 Y82.531 E265.35245
G1 X198.434 Y84.729 E265.39588
G1 X200.304 Y86.771 E265.43928
G1 X202.346 Y88.641 E265.48269
G1 X204.544 Y90.328 E265.52612
G1 X206.882 Y91.816 E265.56956
G1 X209.336 Y93.097 E265.61296
G1 X211.897 Y94.155 E265.65639
G1 X214.539 Y94.988 E265.69982
G1 X217.243 Y95.588 E265.74323
G1 X219.988 Y95.951 E265.78664
G1 X222.757 Y96.069 E265.83008
G1 X225.525 Y95.951 E265.87351
G1 X228.27 Y95.588 E265.91691
G1 X230.974 Y94.988 E265.96033
G1 X233.616 Y94.155 E266.00376
G1 X236.174 Y93.097 E266.04715
G1 X238.632 Y91.816 E266.0906
G1 X240.969 Y90.328 E266.13403
G1 X243.167 Y88.641 E266.17746
G1 X245.209 Y86.771 E266.22086
G1 X247.079 Y84.729 E266.26427
G1 X248.766 Y82.531 E266.3077
G1 X250.253 Y80.194 E266.35112
G1 X251.535 Y77.736 E266.39458
G1 X252.592 Y75.178 E266.43796
G1 X253.425 Y72.538 E266.48136
G1 X254.026 Y69.832 E266.52481
G1 X254.388 Y67.088 E266.56819
G1 X254.507 Y64.319 E266.61164
G1 X254.388 Y61.55 E266.65509
G1 X254.026 Y58.805 E266.69849
G1 X253.425 Y56.099 E266.74194
G1 X252.592 Y53.459 E266.78533
G1 X251.535 Y50.898 E266.82876
G1 X250.253 Y48.444 E266.87216
G1 X248.766 Y46.107 E266.91558
G1 X247.079 Y43.908 E266.95903
G1 X245.209 Y41.867 E267.00242
G1 X243.167 Y39.997 E267.04582
G1 X240.969 Y38.309 E267.08927
G1 X238.632 Y36.822 E267.13269
G1 X236.174 Y35.541 E267.17614
G1 X233.616 Y34.483 E267.21953
G1 X230.974 Y33.65 E267.26295
G1 X228.27 Y33.05 E267.30637
G1 X225.525 Y32.687 E267.34977
G1 X222.757 Y32.569 E267.3932
G1 X219.988 Y32.687 E267.43665
G1 X217.243 Y33.05 E267.48005
G1 X214.539 Y33.65 E267.52347
G1 X211.897 Y34.483 E267.56689
G1 X209.336 Y35.541 E267.61033
G1 X206.882 Y36.822 E267.65372
G1 X204.544 Y38.309 E267.69716
G1 X202.346 Y39.997 E267.7406
G1 X200.304 Y41.867 E267.784
G1 X198.434 Y43.908 E267.82739
G1 X196.747 Y46.107 E267.87084
G1 X195.26 Y48.444 E267.91426
G1 X193.978 Y50.898 E267.95766
G0 F10500 X199.17 Y44.527
G0 X200.984 Y42.547
G0 X202.965 Y40.733
G0 X205.096 Y39.097
G0 X207.363 Y37.654
G0 X209.744 Y36.413
G0 X211.15 Y35.832
G0 X225.75 Y30.203
G1 F3600 X228.722 Y30.595 E268.00465
G1 X231.617 Y31.238 E268.05114
G1 X234.467 Y32.136 E268.09798
G1 X237.216 Y33.273 E268.14461
G1 X239.883 Y34.661 E268.19174
G1 X242.416 Y36.275 E268.23882
G1 X244.759 Y38.074 E268.28513
G1 X246.973 Y40.102 E268.33219
G1 X249.001 Y42.316 E268.37926
G1 X250.804 Y44.664 E268.42566
G1 X252.426 Y47.214 E268.47303
G1 X253.791 Y49.833 E268.51933
G1 X254.941 Y52.612 E268.56647
G1 X255.838 Y55.458 E268.61325
G1 X256.481 Y58.354 E268.65975
G1 X256.873 Y61.325 E268.70673
G1 X257.004 Y64.319 E268.7537
G1 X256.873 Y67.312 E268.80067
G1 X256.481 Y70.284 E268.84766
G1 X255.838 Y73.179 E268.89414
G1 X254.941 Y76.026 E268.94093
G1 X253.791 Y78.805 E268.98808
G1 X252.426 Y81.424 E269.03437
G1 X250.811 Y83.962 E269.08153
G1 X248.993 Y86.331 E269.12834
G1 X246.973 Y88.536 E269.17522
G1 X244.759 Y90.563 E269.22227
G1 X242.416 Y92.362 E269.26857
G1 X239.882 Y93.977 E269.31568
G1 X237.215 Y95.365 E269.36281
G1 X234.467 Y96.502 E269.40942
G1 X231.617 Y97.4 E269.45627
G1 X228.722 Y98.043 E269.50275
G1 X225.75 Y98.435 E269.54974
G1 X222.757 Y98.566 E269.5967
G1 X219.763 Y98.435 E269.64368
G1 X216.791 Y98.043 E269.69067
G1 X213.896 Y97.4 E269.73716
G1 X211.046 Y96.502 E269.784
G1 X208.298 Y95.365 E269.83062
G1 X205.631 Y93.977 E269.87775
G1 X203.097 Y92.362 E269.92485
G1 X200.754 Y90.563 E269.97115
G1 X198.54 Y88.536 E270.01821
G1 X196.52 Y86.331 E270.06508
G1 X194.702 Y83.962 E270.11189
G1 X193.087 Y81.424 E270.15905
G1 X191.722 Y78.805 E270.20535
G1 X190.572 Y76.026 E270.25249
G1 X189.675 Y73.179 E270.29928
G1 X189.032 Y70.284 E270.34577
G1 X188.641 Y67.312 E270.39276
G1 X188.51 Y64.319 E270.43972
G1 X188.641 Y61.325 E270.48669
G1 X189.032 Y58.354 E270.53367
G1 X189.675 Y55.458 E270.58017
G1 X190.572 Y52.612 E270.62695
G1 X191.722 Y49.833 E270.67409
G1 X193.087 Y47.214 E270.72039
G1 X194.709 Y44.664 E270.76776
G1 X196.512 Y42.316 E270.81416
G1 X198.54 Y40.102 E270.86123
G1 X200.754 Y38.074 E270.90829
G1 X203.097 Y36.275 E270.9546
G1 X205.631 Y34.661 E271.00169
G1 X208.298 Y33.273 E271.04882
G1 X211.046 Y32.136 E271.09544
G1 X213.896 Y31.238 E271.14228
G1 X216.791 Y30.595 E271.18877
G1 X219.763 Y30.203 E271.23576
G1 X222.757 Y30.072 E271.28274
G1 X225.75 Y30.203 E271.3297
G0 F10500 X225.791 Y29.704
G1 F3600 X228.804 Y30.101 E271.37734
G1 X231.749 Y30.755 E271.42462
G1 X234.637 Y31.665 E271.47209
G1 X237.433 Y32.822 E271.51952
G1 X240.133 Y34.227 E271.56723
G1 X242.699 Y35.862 E271.61493
G1 X245.084 Y37.693 E271.66206
G1 X247.327 Y39.748 E271.70975
G1 X249.382 Y41.991 E271.75743
G1 X251.213 Y44.376 E271.80456
G1 X252.858 Y46.961 E271.85259
G1 X254.246 Y49.625 E271.89968
G1 X255.412 Y52.442 E271.94747
G1 X256.321 Y55.326 E271.99487
G1 X256.975 Y58.272 E272.04218
G1 X257.372 Y61.284 E272.0898
G1 X257.505 Y64.319 E272.13742
G1 X257.372 Y67.353 E272.18503
G1 X256.975 Y70.366 E272.23266
G1 X256.321 Y73.311 E272.27995
G1 X255.412 Y76.196 E272.32737
G1 X254.246 Y79.013 E272.37516
G1 X252.858 Y81.677 E272.42225
G1 X251.217 Y84.256 E272.47016
G1 X249.378 Y86.651 E272.5175
G1 X247.327 Y88.89 E272.56509
G1 X245.084 Y90.944 E272.61277
G1 X242.699 Y92.775 E272.6599
G1 X240.132 Y94.411 E272.70762
G1 X237.432 Y95.816 E272.75533
G1 X234.637 Y96.973 E272.80275
G1 X231.749 Y97.883 E272.85021
G1 X228.804 Y98.537 E272.8975
G1 X225.791 Y98.934 E272.94514
G1 X222.757 Y99.067 E272.99275
G1 X219.722 Y98.934 E273.04037
G1 X216.709 Y98.537 E273.088
G1 X213.764 Y97.883 E273.13529
G1 X210.876 Y96.973 E273.18276
G1 X208.081 Y95.816 E273.23018
G1 X205.381 Y94.411 E273.27789
G1 X202.814 Y92.775 E273.3256
G1 X200.429 Y90.944 E273.37274
G1 X198.186 Y88.89 E273.42041
G1 X196.135 Y86.651 E273.46801
G1 X194.296 Y84.256 E273.51534
G1 X192.655 Y81.677 E273.56326
G1 X191.267 Y79.013 E273.61035
G1 X190.101 Y76.196 E273.65814
G1 X189.192 Y73.311 E273.70555
G1 X188.538 Y70.366 E273.75284
G1 X188.142 Y67.353 E273.80048
G1 X188.009 Y64.319 E273.84808
G1 X188.142 Y61.284 E273.8957
G1 X188.538 Y58.272 E273.94333
G1 X189.192 Y55.326 E273.99063
G1 X190.101 Y52.442 E274.03803
G1 X191.267 Y49.625 E274.08582
G1 X192.655 Y46.961 E274.13291
G1 X194.3 Y44.376 E274.18094
G1 X196.131 Y41.991 E274.22807
G1 X198.186 Y39.748 E274.27576
G1 X200.429 Y37.693 E274.32344
G1 X202.814 Y35.862 E274.37058
G1 X205.381 Y34.227 E274.41828
G1 X208.081 Y32.822 E274.46599
G1 X210.876 Y31.665 E274.51341
G1 X213.764 Y30.755 E274.56088
G1 X216.709 Y30.101 E274.60817
G1 X219.722 Y29.704 E274.65581
G1 X222.757 Y29.571 E274.70343
G1 X225.791 Y29.704 E274.75103
G0 F10500 X209.744 Y36.413
G0 X207.363 Y37.654
G0 X205.096 Y39.097
G0 X202.965 Y40.733
G0 X200.984 Y42.547
G0 X199.17 Y44.527
G0 X197.847 Y46.253
G0 X194.432 Y51.11
G1 F3600 X193.391 Y53.63 E274.79377
G1 X192.571 Y56.229 E274.83649
G1 X191.98 Y58.892 E274.87925
G1 X191.624 Y61.594 E274.92197
G1 X191.507 Y64.319 E274.96473
G1 X191.624 Y67.044 E275.00748
G1 X191.98 Y69.745 E275.05019
G1 X192.571 Y72.408 E275.09295
G1 X193.391 Y75.007 E275.13567
G1 X194.432 Y77.525 E275.17838
G1 X195.693 Y79.944 E275.22114
G1 X197.157 Y82.244 E275.26388
G1 X198.817 Y84.407 E275.30662
G1 X200.658 Y86.417 E275.34934
G1 X202.668 Y88.258 E275.39207
G1 X204.831 Y89.918 E275.43481
G1 X207.132 Y91.383 E275.47757
G1 X209.548 Y92.643 E275.52028
G1 X212.068 Y93.685 E275.56303
G1 X214.669 Y94.505 E275.60578
G1 X217.33 Y95.095 E275.6485
G1 X220.032 Y95.452 E275.69123
G1 X222.757 Y95.569 E275.73398
G1 X225.481 Y95.452 E275.77672
G1 X228.183 Y95.095 E275.81944
G1 X230.844 Y94.505 E275.86217
G1 X233.445 Y93.685 E275.90492
G1 X235.963 Y92.643 E275.94764
G1 X238.382 Y91.383 E275.99039
G1 X240.682 Y89.918 E276.03314
G1 X242.845 Y88.258 E276.07588
G1 X244.855 Y86.417 E276.1186
G1 X246.696 Y84.407 E276.16133
G1 X248.356 Y82.244 E276.20407
G1 X249.82 Y79.944 E276.24681
G1 X251.081 Y77.525 E276.28957
G1 X252.122 Y75.007 E276.33228
G1 X252.942 Y72.408 E276.375
G1 X253.533 Y69.745 E276.41776
G1 X253.889 Y67.044 E276.46047
G1 X254.007 Y64.319 E276.50322
G1 X253.889 Y61.594 E276.54598
G1 X253.533 Y58.892 E276.5887
G1 X252.942 Y56.229 E276.63146
G1 X252.122 Y53.63 E276.67418
G1 X251.081 Y51.11 E276.71692
G1 X249.82 Y48.694 E276.75964
G1 X248.356 Y46.394 E276.80238
G1 X246.696 Y44.23 E276.84513
G1 X244.855 Y42.221 E276.88784
G1 X242.845 Y40.38 E276.93057
G1 X240.682 Y38.719 E276.97332
G1 X238.382 Y37.255 E277.01606
G1 X235.963 Y35.995 E277.05881
G1 X233.445 Y34.953 E277.10153
G1 X230.844 Y34.133 E277.14428
G1 X228.183 Y33.543 E277.187
G1 X225.481 Y33.186 E277.22973
G1 X222.757 Y33.069 E277.27247
G1 X220.032 Y33.186 E277.31522
G1 X217.33 Y33.543 E277.35795
G1 X214.669 Y34.133 E277.40067
G1 X212.068 Y34.953 E277.44342
G1 X209.548 Y35.995 E277.48617
G1 X207.132 Y37.255 E277.52888
G1 X204.831 Y38.719 E277.57163
G1 X202.668 Y40.38 E277.61438
G1 X200.658 Y42.221 E277.65711
G1 X198.817 Y44.23 E277.69982
G1 X197.157 Y46.394 E277.74257
G1 X195.693 Y48.694 E277.78531
G1 X194.432 Y51.11 E277.82803
G0 F10500 X194.886 Y51.322
G1 F3600 X193.861 Y53.801 E277.87008
G1 X193.054 Y56.359 E277.91213
G1 X192.473 Y58.979 E277.9542
G1 X192.123 Y61.638 E277.99624
G1 X192.007 Y64.319 E278.0383
G1 X192.123 Y67 E278.08037
G1 X192.473 Y69.658 E278.12239
G1 X193.054 Y72.278 E278.16446
G1 X193.861 Y74.836 E278.20651
G1 X194.886 Y77.314 E278.24854
G1 X196.126 Y79.694 E278.29061
G1 X197.567 Y81.957 E278.33266
G1 X199.2 Y84.085 E278.37471
G1 X201.012 Y86.063 E278.41676
G1 X202.99 Y87.875 E278.45881
G1 X205.118 Y89.508 E278.50086
G1 X207.382 Y90.95 E278.54293
G1 X209.76 Y92.189 E278.58497
G1 X212.239 Y93.215 E278.62702
G1 X214.798 Y94.022 E278.66908
G1 X217.417 Y94.602 E278.71113
G1 X220.076 Y94.953 E278.75317
G1 X222.757 Y95.069 E278.79524
G1 X225.437 Y94.953 E278.83729
G1 X228.096 Y94.602 E278.87933
G1 X230.715 Y94.022 E278.92138
G1 X233.274 Y93.215 E278.96344
G1 X235.752 Y92.189 E279.00548
G1 X238.132 Y90.95 E279.04754
G1 X240.395 Y89.508 E279.08961
G1 X242.523 Y87.875 E279.13165
G1 X244.501 Y86.063 E279.1737
G1 X246.313 Y84.085 E279.21575
G1 X247.946 Y81.957 E279.2578
G1 X249.387 Y79.694 E279.29986
G1 X250.627 Y77.314 E279.34192
G1 X251.652 Y74.836 E279.38396
G1 X252.459 Y72.278 E279.426
G1 X253.04 Y69.658 E279.46807
G1 X253.39 Y67 E279.5101
G1 X253.507 Y64.319 E279.55216
G1 X253.39 Y61.638 E279.59423
G1 X253.04 Y58.979 E279.63627
G1 X252.459 Y56.359 E279.67834
G1 X251.652 Y53.801 E279.72038
G1 X250.627 Y51.322 E279.76243
G1 X249.387 Y48.944 E279.80447
G1 X247.946 Y46.681 E279.84653
G1 X246.313 Y44.552 E279.88859
G1 X244.501 Y42.575 E279.93062
G1 X242.523 Y40.763 E279.97267
G1 X240.395 Y39.129 E280.01473
G1 X238.132 Y37.688 E280.05679
G1 X235.752 Y36.449 E280.09885
G1 X233.274 Y35.423 E280.14089
G1 X230.715 Y34.616 E280.18295
G1 X228.096 Y34.036 E280.225
G1 X225.437 Y33.685 E280.26704
G1 X222.757 Y33.569 E280.30909
G1 X220.076 Y33.685 E280.35116
G1 X217.417 Y34.036 E280.3932
G1 X214.798 Y34.616 E280.43525
G1 X212.239 Y35.423 E280.47731
G1 X209.76 Y36.449 E280.51936
G1 X207.382 Y37.688 E280.5614
G1 X205.118 Y39.129 E280.60346
G1 X202.99 Y40.763 E280.64552
G1 X201.012 Y42.575 E280.68757
G1 X199.2 Y44.552 E280.72961
G1 X197.567 Y46.681 E280.77167
G1 X196.126 Y48.944 E280.81372
G1 X194.886 Y51.322 E280.85576
G0 F10500 X194.796 Y51.28
G0 X196.092 Y48.924
G0 X197.535 Y46.659
G0 X199.17 Y44.527
G0 X200.984 Y42.547
G0 X202.965 Y40.733
G0 X205.096 Y39.097
G0 X207.363 Y37.654
G0 X209.29 Y36.65
G0 X225.824 Y29.304
G0 X225.832 Y29.205
G1 F3600 X228.886 Y29.607 E280.90405
G1 X231.881 Y30.272 E280.95214
G1 X234.807 Y31.194 E281.00023
G1 X237.65 Y32.371 E281.04846
G1 X240.383 Y33.793 E281.09676
G1 X242.982 Y35.449 E281.14506
G1 X245.409 Y37.312 E281.19302
G1 X247.681 Y39.394 E281.24133
G1 X249.763 Y41.666 E281.28964
G1 X251.626 Y44.093 E281.3376
G1 X253.287 Y46.702 E281.38608
G1 X254.701 Y49.417 E281.43407
G1 X255.883 Y52.272 E281.4825
G1 X256.804 Y55.194 E281.53053
G1 X257.469 Y58.19 E281.57863
G1 X257.871 Y61.243 E281.6269
G1 X258.006 Y64.319 E281.67517
G1 X257.871 Y67.394 E281.72342
G1 X257.469 Y70.448 E281.7717
G1 X256.804 Y73.443 E281.81979
G1 X255.883 Y76.366 E281.86783
G1 X254.701 Y79.221 E281.91627
G1 X253.287 Y81.936 E281.96426
G1 X251.63 Y84.539 E282.01263
G1 X249.759 Y86.976 E282.06079
G1 X247.681 Y89.244 E282.109
G1 X245.409 Y91.325 E282.1573
G1 X242.982 Y93.188 E282.20526
G1 X240.382 Y94.845 E282.25359
G1 X237.649 Y96.267 E282.30188
G1 X234.807 Y97.444 E282.3501
G1 X231.881 Y98.366 E282.39819
G1 X228.886 Y99.031 E282.44628
G1 X225.832 Y99.433 E282.49457
G1 X222.757 Y99.568 E282.54282
G1 X219.681 Y99.433 E282.59108
G1 X216.627 Y99.031 E282.63937
G1 X213.632 Y98.366 E282.68746
G1 X210.706 Y97.444 E282.73555
G1 X207.864 Y96.267 E282.78377
G1 X205.131 Y94.845 E282.83206
G1 X202.531 Y93.188 E282.88039
G1 X200.104 Y91.325 E282.92835
G1 X197.832 Y89.244 E282.97665
G1 X195.754 Y86.976 E283.02487
G1 X193.883 Y84.539 E283.07303
G1 X192.226 Y81.936 E283.1214
G1 X190.812 Y79.221 E283.16938
G1 X189.63 Y76.366 E283.21782
G1 X188.709 Y73.443 E283.26586
G1 X188.044 Y70.448 E283.31395
G1 X187.643 Y67.394 E283.36223
G1 X187.508 Y64.319 E283.41048
G1 X187.643 Y61.243 E283.45875
G1 X188.044 Y58.19 E283.50701
G1 X188.709 Y55.194 E283.55512
G1 X189.63 Y52.272 E283.60315
G1 X190.812 Y49.417 E283.65158
G1 X192.226 Y46.702 E283.69957
G1 X193.887 Y44.093 E283.74805
G1 X195.75 Y41.666 E283.79601
G1 X197.832 Y39.394 E283.84432
G1 X200.104 Y37.312 E283.89262
G1 X202.531 Y35.449 E283.94058
G1 X205.131 Y33.793 E283.98891
G1 X207.864 Y32.371 E284.0372
G1 X210.706 Y31.194 E284.08542
G1 X213.632 Y30.272 E284.13351
G1 X216.627 Y29.607 E284.1816
G1 X219.681 Y29.205 E284.22988
G1 X222.757 Y29.07 E284.27815
G1 X225.832 Y29.205 E284.3264
G0 F10500 X225.873 Y28.706
;TYPE:WALL-OUTER
G1 F2700 X228.968 Y29.113 E284.37533
G1 X232.013 Y29.789 E284.42422
G1 X234.977 Y30.723 E284.47294
G1 X237.867 Y31.92 E284.52197
G1 X240.633 Y33.359 E284.57085
G1 X243.265 Y35.036 E284.61977
G1 X245.734 Y36.931 E284.66856
G1 X248.035 Y39.04 E284.71748
G1 X250.144 Y41.341 E284.76641
G1 X252.039 Y43.81 E284.8152
G1 X253.716 Y46.443 E284.86413
G1 X255.156 Y49.209 E284.91302
G1 X256.354 Y52.102 E284.9621
G1 X257.287 Y55.062 E285.01075
G1 X257.963 Y58.108 E285.05966
G1 X258.37 Y61.202 E285.10858
G1 X258.507 Y64.319 E285.15748
G1 X258.37 Y67.435 E285.20638
G1 X257.963 Y70.53 E285.25531
G1 X257.287 Y73.575 E285.3042
G1 X256.354 Y76.536 E285.35287
G1 X255.156 Y79.429 E285.40195
G1 X253.716 Y82.195 E285.45083
G1 X252.039 Y84.828 E285.49977
G1 X250.144 Y87.296 E285.54854
G1 X248.035 Y89.598 E285.59748
G1 X245.734 Y91.706 E285.6464
G1 X243.265 Y93.601 E285.69519
G1 X240.632 Y95.279 E285.74413
G1 X237.867 Y96.718 E285.79299
G1 X234.977 Y97.915 E285.84203
G1 X232.013 Y98.849 E285.89074
G1 X228.968 Y99.525 E285.93963
G1 X225.873 Y99.932 E285.98857
G1 X222.757 Y100.069 E286.03746
G1 X219.64 Y99.932 E286.08637
G1 X216.545 Y99.525 E286.1353
G1 X213.5 Y98.849 E286.18419
G1 X210.536 Y97.915 E286.23291
G1 X207.646 Y96.718 E286.28194
G1 X204.881 Y95.279 E286.3308
G1 X202.248 Y93.601 E286.37975
G1 X199.779 Y91.706 E286.42853
G1 X197.478 Y89.598 E286.47745
G1 X195.369 Y87.296 E286.52639
G1 X193.474 Y84.828 E286.57517
G1 X191.797 Y82.195 E286.6241
G1 X190.357 Y79.429 E286.67298
G1 X189.159 Y76.536 E286.72207
G1 X188.226 Y73.575 E286.77073
G1 X187.55 Y70.53 E286.81962
G1 X187.144 Y67.435 E286.86856
G1 X187.007 Y64.319 E286.91745
G1 X187.144 Y61.202 E286.96636
G1 X187.55 Y58.108 E287.01527
G1 X188.226 Y55.062 E287.06418
G1 X189.159 Y52.102 E287.11283
G1 X190.357 Y49.209 E287.16191
G1 X191.797 Y46.443 E287.2108
G1 X193.474 Y43.81 E287.25973
G1 X195.369 Y41.341 E287.30852
G1 X197.478 Y39.04 E287.35745
G1 X199.779 Y36.931 E287.40637
G1 X202.248 Y35.036 E287.45516
G1 X204.881 Y33.359 E287.5041
G1 X207.646 Y31.92 E287.55296
G1 X210.536 Y30.723 E287.60199
G1 X213.5 Y29.789 E287.65071
G1 X216.545 Y29.113 E287.6996
G1 X219.64 Y28.706 E287.74853
G1 X222.757 Y28.569 E287.79744
G1 X225.873 Y28.706 E287.84633
G0 F10500 X226.12 Y28.738
G0 X226.041 Y29.333
G0 X240.417 Y39.097
G0 X242.548 Y40.733
G0 X244.529 Y42.547
G0 X246.343 Y44.527
G0 X247.978 Y46.659
G0 X249.421 Y48.924
G0 X250.663 Y51.306
G0 X251.689 Y53.788
G0 X252.497 Y56.349
G0 X253.079 Y58.973
G0 X253.362 Y61.128
G0 X253.605 Y64.344
G0 X253.007 Y64.319
G1 F2700 X252.891 Y61.682 E287.88771
G1 X252.547 Y59.066 E287.92907
G1 X251.976 Y56.489 E287.97044
G1 X251.182 Y53.972 E288.01182
G1 X250.173 Y51.534 E288.05318
G1 X248.954 Y49.194 E288.09454
G1 X247.536 Y46.968 E288.13591
G1 X245.93 Y44.874 E288.17727
G1 X244.147 Y42.929 E288.21864
G1 X242.201 Y41.146 E288.26001
G1 X240.108 Y39.539 E288.30137
G1 X237.882 Y38.121 E288.34274
G1 X235.541 Y36.903 E288.38411
G1 X233.103 Y35.893 E288.42548
G1 X230.586 Y35.099 E288.46685
G1 X228.009 Y34.529 E288.50822
G1 X225.393 Y34.184 E288.54958
G1 X222.757 Y34.069 E288.59094
G1 X220.12 Y34.184 E288.63232
G1 X217.504 Y34.529 E288.67368
G1 X214.927 Y35.099 E288.71505
G1 X212.41 Y35.893 E288.75642
G1 X209.972 Y36.903 E288.79779
G1 X207.632 Y38.121 E288.83914
G1 X205.405 Y39.539 E288.88053
G1 X203.312 Y41.146 E288.92189
G1 X201.366 Y42.929 E288.96326
G1 X199.583 Y44.874 E289.00462
G1 X197.977 Y46.968 E289.04599
G1 X196.559 Y49.194 E289.08736
G1 X195.34 Y51.534 E289.12872
G1 X194.331 Y53.972 E289.17008
G1 X193.537 Y56.489 E289.21145
G1 X192.966 Y59.066 E289.25283
G1 X192.622 Y61.682 E289.29419
G1 X192.507 Y64.319 E289.33557
G1 X192.622 Y66.956 E289.37694
G1 X192.966 Y69.571 E289.41829
G1 X193.537 Y72.148 E289.45966
G1 X194.331 Y74.665 E289.50103
G1 X195.34 Y77.103 E289.54239
G1 X196.559 Y79.444 E289.58377
G1 X197.977 Y81.67 E289.62514
G1 X199.583 Y83.763 E289.66649
G1 X201.366 Y85.709 E289.70787
G1 X203.312 Y87.492 E289.74924
G1 X205.405 Y89.098 E289.79059
G1 X207.632 Y90.517 E289.83199
G1 X209.972 Y91.735 E289.87334
G1 X212.41 Y92.745 E289.9147
G1 X214.927 Y93.539 E289.95608
G1 X217.504 Y94.109 E289.99745
G1 X220.12 Y94.454 E290.03881
G1 X222.757 Y94.569 E290.08019
G1 X225.393 Y94.454 E290.12155
G1 X228.009 Y94.109 E290.16291
G1 X230.586 Y93.539 E290.20428
G1 X233.103 Y92.745 E290.24565
G1 X235.541 Y91.735 E290.28702
G1 X237.882 Y90.517 E290.32838
G1 X240.108 Y89.098 E290.36976
G1 X242.201 Y87.492 E290.41112
G1 X244.147 Y85.709 E290.45249
G1 X245.93 Y83.763 E290.49386
G1 X247.536 Y81.67 E290.53522
G1 X248.954 Y79.444 E290.57659
G1 X250.173 Y77.103 E290.61796
G1 X251.182 Y74.665 E290.65932
G1 X251.976 Y72.148 E290.7007
G1 X252.547 Y69.571 E290.74207
G1 X252.891 Y66.956 E290.78342
G1 X253.007 Y64.319 E290.82479
G0 F10500 X252.997 Y64.07
G0 X253.595 Y64.045
G0 X254.997 Y64.319
;TYPE:SKIN
G1 F2700 X254.876 Y61.507 E290.86891
G1 X254.509 Y58.719 E290.91299
G1 X253.899 Y55.972 E290.9571
G1 X253.053 Y53.292 E291.00115
G1 X251.98 Y50.69 E291.04527
G1 X250.678 Y48.199 E291.08933
G1 X249.168 Y45.826 E291.13342
G1 X247.455 Y43.593 E291.17754
G1 X245.556 Y41.52 E291.22161
G1 X243.482 Y39.621 E291.26569
G1 X241.251 Y37.907 E291.30979
G1 X238.877 Y36.397 E291.35389
G1 X236.382 Y35.096 E291.398
G1 X233.784 Y34.022 E291.44207
G1 X231.101 Y33.176 E291.48617
G1 X228.356 Y32.567 E291.53024
G1 X225.568 Y32.199 E291.57433
G1 X222.757 Y32.079 E291.61843
G1 X219.945 Y32.199 E291.66255
G1 X217.157 Y32.567 E291.70663
G1 X214.412 Y33.176 E291.75071
G1 X211.73 Y34.022 E291.79479
G1 X209.128 Y35.096 E291.83892
G1 X206.637 Y36.397 E291.88297
G1 X204.263 Y37.907 E291.92707
G1 X202.031 Y39.621 E291.97119
G1 X199.957 Y41.52 E292.01527
G1 X198.058 Y43.593 E292.05933
G1 X196.345 Y45.826 E292.10345
G1 X194.835 Y48.199 E292.14754
G1 X193.533 Y50.69 E292.1916
G1 X192.46 Y53.292 E292.23572
G1 X191.614 Y55.972 E292.27977
G1 X191.004 Y58.719 E292.32388
G1 X190.637 Y61.508 E292.36798
G1 X190.517 Y64.319 E292.41208
G1 X190.637 Y67.13 E292.45619
G1 X191.004 Y69.918 E292.50027
G1 X191.614 Y72.665 E292.54438
G1 X192.46 Y75.346 E292.58845
G1 X193.533 Y77.944 E292.63251
G1 X194.835 Y80.439 E292.67662
G1 X196.345 Y82.812 E292.72071
G1 X198.058 Y85.044 E292.76482
G1 X199.957 Y87.118 E292.8089
G1 X202.031 Y89.017 E292.85298
G1 X204.263 Y90.73 E292.89708
G1 X206.637 Y92.241 E292.94119
G1 X209.128 Y93.542 E292.98525
G1 X211.73 Y94.616 E293.02937
G1 X214.412 Y95.462 E293.07345
G1 X217.157 Y96.071 E293.11753
G1 X219.945 Y96.439 E293.16161
G1 X222.757 Y96.559 E293.20573
G1 X225.568 Y96.439 E293.24984
G1 X228.356 Y96.071 E293.29392
G1 X231.101 Y95.462 E293.33799
G1 X233.784 Y94.616 E293.38209
G1 X236.382 Y93.542 E293.42616
G1 X238.877 Y92.241 E293.47027
G1 X241.251 Y90.73 E293.51438
G1 X243.482 Y89.017 E293.55847
G1 X245.556 Y87.118 E293.60255
G1 X247.455 Y85.044 E293.64663
G1 X249.168 Y82.812 E293.69074
G1 X250.678 Y80.439 E293.73483
G1 X251.98 Y77.944 E293.77894
G1 X253.053 Y75.346 E293.823
G1 X253.899 Y72.665 E293.86707
G1 X254.509 Y69.918 E293.91118
G1 X254.876 Y67.131 E293.95525
G1 X254.997 Y64.319 E293.99937
G0 F10500 X256.514 Y64.319
G1 F2700 X256.383 Y67.273 E294.04572
G1 X255.997 Y70.206 E294.09209
G1 X255.364 Y73.052 E294.13779
G1 X254.485 Y75.845 E294.18369
G1 X253.346 Y78.596 E294.23036
G1 X251.995 Y81.189 E294.2762
G1 X250.407 Y83.685 E294.32257
G1 X248.622 Y86.011 E294.36853
G1 X246.626 Y88.189 E294.41484
G1 X244.439 Y90.192 E294.46133
G1 X242.139 Y91.958 E294.50678
G1 X239.643 Y93.549 E294.55318
G1 X237.011 Y94.918 E294.59969
G1 X234.29 Y96.044 E294.64585
G1 X231.49 Y96.926 E294.69186
G1 X228.644 Y97.559 E294.73757
G1 X225.711 Y97.945 E294.78394
G1 X222.757 Y98.076 E294.83029
G1 X219.802 Y97.945 E294.87666
G1 X216.869 Y97.559 E294.92303
G1 X214.023 Y96.926 E294.96873
G1 X211.223 Y96.044 E295.01475
G1 X208.502 Y94.918 E295.06091
G1 X205.87 Y93.549 E295.10741
G1 X203.374 Y91.958 E295.15381
G1 X201.074 Y90.192 E295.19927
G1 X198.887 Y88.189 E295.24576
G1 X196.891 Y86.011 E295.29207
G1 X195.106 Y83.685 E295.33803
G1 X193.518 Y81.189 E295.3844
G1 X192.167 Y78.596 E295.43023
G1 X191.028 Y75.845 E295.47691
G1 X190.149 Y73.052 E295.5228
G1 X189.516 Y70.206 E295.56851
G1 X189.131 Y67.273 E295.61488
G1 X189 Y64.319 E295.66123
G1 X189.131 Y61.364 E295.70759
G1 X189.516 Y58.432 E295.75395
G1 X190.149 Y55.585 E295.79967
G1 X191.028 Y52.793 E295.84555
G1 X192.167 Y50.042 E295.89222
G1 X193.522 Y47.441 E295.9382
G1 X195.113 Y44.941 E295.98465
G1 X196.883 Y42.636 E296.0302
G1 X198.887 Y40.449 E296.0767
G1 X201.074 Y38.445 E296.1232
G1 X203.374 Y36.679 E296.16866
G1 X205.87 Y35.089 E296.21505
G1 X208.502 Y33.72 E296.26155
G1 X211.223 Y32.594 E296.30771
G1 X214.023 Y31.712 E296.35373
G1 X216.869 Y31.079 E296.39943
G1 X219.802 Y30.693 E296.4458
G1 X222.757 Y30.562 E296.49217
G1 X225.711 Y30.693 E296.53852
G1 X228.644 Y31.079 E296.58489
G1 X231.49 Y31.712 E296.6306
G1 X234.29 Y32.594 E296.67661
G1 X237.012 Y33.72 E296.72279
G1 X239.644 Y35.089 E296.76929
G1 X242.139 Y36.679 E296.81567
G1 X244.439 Y38.445 E296.86113
G1 X246.626 Y40.449 E296.90763
G1 X248.63 Y42.636 E296.95412
G1 X250.4 Y44.941 E296.99968
G1 X251.991 Y47.441 E297.04613
G1 X253.346 Y50.042 E297.0921
G1 X254.485 Y52.793 E297.13878
G1 X255.364 Y55.585 E297.18466
G1 X255.997 Y58.432 E297.23038
G1 X256.383 Y61.364 E297.27674
G1 X256.514 Y64.319 E297.3231
G0 F10500 X246.05 Y88.41
G1 F2700 X246.85 Y87.611 E297.34083
G1 X246.938 Y87.523
G0 F10500 X249.194 Y83.145
G1 F2700 X252.379 Y79.96 E297.41143
G1 X252.467 Y79.872
G0 F10500 X253.147 Y78.486
G1 F2700 X250.506 Y81.126 E297.46997
G1 X250.418 Y81.214
G0 F10500 X251.498 Y81.548
G1 F2700 X239.98 Y93.067 E297.72532
G1 X239.892 Y93.155
G0 F10500 X239.56 Y92.072
G1 F2700 X236.923 Y94.709 E297.78377
G1 X236.835 Y94.797
G0 F10500 X236.469 Y93.748
G1 F2700 X234.509 Y95.709 E297.82723
G1 X234.421 Y95.797
G0 F10500 X234.059 Y94.745
G1 F2700 X232.401 Y96.402 E297.86398
G1 X232.313 Y96.49
G0 F10500 X233.433 Y96.078
G1 F2700 X235.265 Y94.246 E297.90459
G1 X235.353 Y94.158
G0 F10500 X235.715 Y95.21
G1 F2700 X237.946 Y92.979 E297.95405
G1 X238.034 Y92.891
G0 F10500 X238.396 Y93.944
G1 F2700 X241.574 Y90.765 E298.02451
G1 X241.662 Y90.677
G0 F10500 X241.933 Y91.82
G1 F2700 X250.264 Y83.49 E298.20919
G1 X250.352 Y83.402
G0 F10500 X251.416 Y79.509
G1 F2700 X253.646 Y77.278 E298.25863
G1 X253.734 Y77.19
G0 F10500 X252.683 Y76.827
G1 F2700 X254.516 Y74.995 E298.29926
G1 X254.604 Y74.907
G0 F10500 X253.535 Y74.561
G1 F2700 X255.156 Y72.94 E298.33519
G0 F10500 X255.359 Y72.03
G1 F2700 X253.862 Y73.527 E298.36838
G1 X253.774 Y73.615
G0 F10500 X254.161 Y72.521
G1 F2700 X255.561 Y71.121 E298.39941
G0 F10500 X255.764 Y70.212
G1 F2700 X254.363 Y71.612 E298.43046
G0 F10500 X254.565 Y70.703
G1 F2700 X255.875 Y69.393 E298.4595
G0 F10500 X255.982 Y68.579
G1 F2700 X254.748 Y69.813 E298.48686
G0 F10500 X254.856 Y68.998
G1 F2700 X256.089 Y67.765 E298.51419
G0 F10500 X256.169 Y66.978
G1 F2700 X254.962 Y68.184 E298.54094
G0 F10500 X255.07 Y67.37
G1 F2700 X256.202 Y66.238 E298.56603
G0 F10500 X256.235 Y65.497
G1 F2700 X255.122 Y66.61 E298.59071
G0 F10500 X255.154 Y65.871
G1 F2700 X256.268 Y64.757 E298.6154
G0 F10500 X256.276 Y64.043
G1 F2700 X255.186 Y65.133 E298.63956
G0 F10500 X255.218 Y64.394
G1 F2700 X256.245 Y63.366 E298.66234
G0 F10500 X256.215 Y62.689
G1 F2700 X255.195 Y63.709 E298.68495
G0 F10500 X255.165 Y63.032
G1 F2700 X256.184 Y62.013 E298.70754
G0 F10500 X256.15 Y61.34
G1 F2700 X255.136 Y62.354 E298.73002
G0 F10500 X255.107 Y61.675
G1 F2700 X256.068 Y60.715 E298.75132
G0 F10500 X255.986 Y60.089
G1 F2700 X255.04 Y61.036 E298.7723
G0 F10500 X254.957 Y60.411
G1 F2700 X255.904 Y59.464 E298.79329
G0 F10500 X255.822 Y58.839
G1 F2700 X254.875 Y59.787 E298.8143
G0 F10500 X254.793 Y59.162
G1 F2700 X255.722 Y58.233 E298.83489
G0 F10500 X255.592 Y57.655
G1 F2700 X254.701 Y58.547 E298.85465
G0 F10500 X254.573 Y57.967
G1 F2700 X255.464 Y57.076 E298.87441
G0 F10500 X255.335 Y56.498
G1 F2700 X254.444 Y57.389 E298.89416
G0 F10500 X254.316 Y56.81
G1 F2700 X255.206 Y55.92 E298.91389
G0 F10500 X255.056 Y55.362
G1 F2700 X254.187 Y56.231 E298.93315
G0 F10500 X254.04 Y55.672
G1 F2700 X254.887 Y54.824 E298.95194
G0 F10500 X254.718 Y54.286
G1 F2700 X253.87 Y55.135 E298.97075
G0 F10500 X253.7 Y54.597
G1 F2700 X254.549 Y53.748 E298.98957
G0 F10500 X254.38 Y53.211
G1 F2700 X253.531 Y54.06 E299.00839
G0 F10500 X253.361 Y53.523
G1 F2700 X254.196 Y52.687 E299.02691
G0 F10500 X253.989 Y52.187
G1 F2700 X253.176 Y53.001 E299.04495
G0 F10500 X252.969 Y52.5
G1 F2700 X253.782 Y51.687 E299.06297
G0 F10500 X253.575 Y51.187
G1 F2700 X252.763 Y51.999 E299.08097
G0 F10500 X252.556 Y51.499
G1 F2700 X253.368 Y50.687 E299.09897
G0 F10500 X253.161 Y50.187
G1 F2700 X252.35 Y50.998 E299.11695
G0 F10500 X252.137 Y50.504
G1 F2700 X252.922 Y49.719 E299.13435
G0 F10500 X252.68 Y49.254
G1 F2700 X251.894 Y50.04 E299.15178
G0 F10500 X251.651 Y49.575
G1 F2700 X252.437 Y48.789 E299.1692
G0 F10500 X252.195 Y48.324
G1 F2700 X251.408 Y49.111 E299.18665
G0 F10500 X251.166 Y48.646
G1 F2700 X251.954 Y47.859 E299.20411
G0 F10500 X251.701 Y47.405
G1 F2700 X250.923 Y48.182 E299.22134
G0 F10500 X250.655 Y47.743
G1 F2700 X251.425 Y46.973 E299.23841
G0 F10500 X251.15 Y46.541
G1 F2700 X250.38 Y47.311 E299.25548
G0 F10500 X250.105 Y46.879
G1 F2700 X250.875 Y46.109 E299.27255
G0 F10500 X250.6 Y45.676
G1 F2700 X249.83 Y46.447 E299.28963
G0 F10500 X249.554 Y46.015
G1 F2700 X250.325 Y45.244 E299.30672
G0 F10500 X250.031 Y44.831
G1 F2700 X249.271 Y45.592 E299.32358
G0 F10500 X248.964 Y45.191
G1 F2700 X249.724 Y44.431 E299.34043
G0 F10500 X249.417 Y44.032
G1 F2700 X248.657 Y44.791 E299.35727
G0 F10500 X248.35 Y44.391
G1 F2700 X249.11 Y43.632 E299.3741
G0 F10500 X248.802 Y43.232
G1 F2700 X248.044 Y43.99 E299.39091
G0 F10500 X247.737 Y43.59
G1 F2700 X248.495 Y42.832 E299.40771
G0 F10500 X248.161 Y42.459
G1 F2700 X247.41 Y43.21 E299.42436
G0 F10500 X247.072 Y42.841
G1 F2700 X247.823 Y42.09 E299.44101
G0 F10500 X247.485 Y41.721
G1 F2700 X246.734 Y42.472 E299.45766
G0 F10500 X246.396 Y42.103
G1 F2700 X247.147 Y41.352 E299.47431
G0 F10500 X246.809 Y40.983
G1 F2700 X246.057 Y41.734 E299.49097
G0 F10500 X245.719 Y41.365
G1 F2700 X246.471 Y40.614 E299.50763
G0 F10500 X246.103 Y40.274
G1 F2700 X245.35 Y41.027 E299.52432
G0 F10500 X244.981 Y40.689
G1 F2700 X245.734 Y39.936 E299.54101
G0 F10500 X245.365 Y39.598
G1 F2700 X244.612 Y40.351 E299.5577
G0 F10500 X244.243 Y40.013
G1 F2700 X244.996 Y39.26 E299.5744
G0 F10500 X244.627 Y38.922
G1 F2700 X243.874 Y39.675 E299.59109
G0 F10500 X243.495 Y39.347
G1 F2700 X244.254 Y38.588 E299.60792
G0 F10500 X243.854 Y38.28
G1 F2700 X243.094 Y39.04 E299.62476
G0 F10500 X242.695 Y38.733
G1 F2700 X243.454 Y37.973 E299.6416
G0 F10500 X243.055 Y37.666
G1 F2700 X242.295 Y38.426 E299.65845
G0 F10500 X241.894 Y38.119
G1 F2700 X242.655 Y37.359 E299.67531
G0 F10500 X242.254 Y37.052
G1 F2700 X241.495 Y37.811 E299.69213
G0 F10500 X241.072 Y37.527
G1 F2700 X241.842 Y36.757 E299.7092
G0 F10500 X241.41 Y36.482
G1 F2700 X240.639 Y37.253 E299.7263
G0 F10500 X240.207 Y36.978
G1 F2700 X240.979 Y36.206 E299.74341
G0 F10500 X240.547 Y35.931
G1 F2700 X239.775 Y36.703 E299.76052
G0 F10500 X239.343 Y36.428
G1 F2700 X240.115 Y35.655 E299.77765
G0 F10500 X239.683 Y35.38
G1 F2700 X238.905 Y36.159 E299.79491
G0 F10500 X238.44 Y35.916
G1 F2700 X239.23 Y35.126 E299.81242
G0 F10500 X238.765 Y34.885
G1 F2700 X237.976 Y35.674 E299.82991
G0 F10500 X237.511 Y35.431
G1 F2700 X238.299 Y34.643 E299.84738
G0 F10500 X237.835 Y34.4
G1 F2700 X237.046 Y35.189 E299.86487
G0 F10500 X236.582 Y34.946
G1 F2700 X237.37 Y34.158 E299.88234
G0 F10500 X236.903 Y33.918
G1 F2700 X236.09 Y34.731 E299.90036
G0 F10500 X235.589 Y34.525
G1 F2700 X236.403 Y33.711 E299.91841
G0 F10500 X235.903 Y33.504
G1 F2700 X235.088 Y34.318 E299.93646
G0 F10500 X234.588 Y34.112
G1 F2700 X235.402 Y33.297 E299.95452
G0 F10500 X234.902 Y33.09
G1 F2700 X234.088 Y33.905 E299.97258
G0 F10500 X233.567 Y33.719
G1 F2700 X234.403 Y32.883 E299.99111
G0 F10500 X233.879 Y32.699
G1 F2700 X233.029 Y33.549 E300.00995
G0 F10500 X232.492 Y33.379
G1 F2700 X233.341 Y32.53 E300.02877
G0 F10500 X232.803 Y32.361
G1 F2700 X231.955 Y33.209 E300.04757
G0 F10500 X231.416 Y33.04
G1 F2700 X232.266 Y32.191 E300.0664
G0 F10500 X231.728 Y32.022
G1 F2700 X230.859 Y32.891 E300.08567
G0 F10500 X230.28 Y32.763
G1 F2700 X231.171 Y31.872 E300.10542
G0 F10500 X230.593 Y31.742
G1 F2700 X229.701 Y32.635 E300.12521
G0 F10500 X229.123 Y32.506
G1 F2700 X230.015 Y31.614 E300.14498
G0 F10500 X229.437 Y31.485
G1 F2700 X228.543 Y32.378 E300.16479
G0 F10500 X227.93 Y32.285
G1 F2700 X228.858 Y31.356 E300.18537
G0 F10500 X228.254 Y31.254
G1 F2700 X227.305 Y32.202 E300.2064
G0 F10500 X226.68 Y32.12
G1 F2700 X227.628 Y31.172 E300.22741
G0 F10500 X227.004 Y31.089
G1 F2700 X226.056 Y32.037 E300.24843
G0 F10500 X225.419 Y31.967
G1 F2700 X226.379 Y31.007 E300.26971
G0 F10500 X225.754 Y30.925
G1 F2700 X224.74 Y31.939 E300.29219
G0 F10500 X224.062 Y31.91
G1 F2700 X225.082 Y30.889 E300.31481
G0 F10500 X224.405 Y30.859
G1 F2700 X223.384 Y31.881 E300.33746
G0 F10500 X222.701 Y31.857
G1 F2700 X223.728 Y30.829 E300.36024
G0 F10500 X223.051 Y30.799
G1 F2700 X221.962 Y31.888 E300.38438
G0 F10500 X221.224 Y31.919
G1 F2700 X222.339 Y30.805 E300.40908
G0 F10500 X221.598 Y30.838
G1 F2700 X220.485 Y31.951 E300.43376
G0 F10500 X219.729 Y32
G1 F2700 X220.858 Y30.871 E300.45879
G0 F10500 X220.118 Y30.904
G1 F2700 X218.914 Y32.108 E300.48548
G0 F10500 X218.099 Y32.216
G1 F2700 X219.333 Y30.981 E300.51284
G0 F10500 X218.52 Y31.088
G1 F2700 X217.284 Y32.323 E300.54023
G0 F10500 X216.397 Y32.504
G1 F2700 X217.705 Y31.196 E300.56923
G0 F10500 X216.89 Y31.304
G1 F2700 X215.488 Y32.705 E300.6003
G0 F10500 X214.58 Y32.906
G1 F2700 X215.98 Y31.506 E300.63133
G0 F10500 X215.07 Y31.709
G1 F2700 X213.576 Y33.203 E300.66445
G1 X213.488 Y33.291
G0 F10500 X213.14 Y32.225
G1 F2700 X211.486 Y33.879 E300.70112
G1 X211.398 Y33.967
G0 F10500 X211.038 Y32.913
G1 F2700 X209.079 Y34.872 E300.74455
G1 X208.991 Y34.96
G0 F10500 X208.626 Y33.911
G1 F2700 X206.006 Y36.531 E300.80263
G1 X205.918 Y36.619
G0 F10500 X207.159 Y34.67
G1 F2700 X204.024 Y37.806 E300.87214
G1 X203.936 Y37.894
G0 F10500 X203.64 Y36.775
G1 F2700 X195.212 Y45.203 E301.05897
G1 X195.124 Y45.291
G0 F10500 X196.246 Y45.583
G1 F2700 X193.106 Y48.723 E301.12858
G1 X193.018 Y48.811
G0 F10500 X194.069 Y49.175
G1 F2700 X191.849 Y51.395 E301.1778
G1 X191.761 Y51.483
G0 F10500 X192.811 Y51.847
G1 F2700 X190.985 Y53.673 E301.21828
G1 X190.897 Y53.761
G0 F10500 X191.349 Y52.602
G1 F2700 X193.306 Y50.645 E301.26166
G1 X193.394 Y50.557
G0 F10500 X192.349 Y50.188
G1 F2700 X194.967 Y47.57 E301.3197
G1 X195.055 Y47.482
G0 F10500 X193.969 Y47.153
G1 F2700 X205.591 Y35.532 E301.57733
G1 X205.679 Y35.444
G0 F10500 X207.609 Y35.635
G1 F2700 X209.831 Y33.412 E301.6266
G1 X209.919 Y33.324
G0 F10500 X210.282 Y34.375
G1 F2700 X212.108 Y32.55 E301.66707
G1 X212.196 Y32.462
G0 F10500 X212.543 Y33.529
G1 F2700 X214.161 Y31.911 E301.70293
G1 X214.249 Y31.823
G0 F10500 X199.714 Y39.994
G1 F2700 X198.432 Y41.276 E301.73135
G1 X198.344 Y41.364
G0 F10500 X192.314 Y53.051
G1 F2700 X190.661 Y54.704 E301.768
G1 X190.573 Y54.792
G0 F10500 X190.348 Y55.724
G1 F2700 X191.965 Y54.107 E301.80385
G1 X192.053 Y54.019
G0 F10500 X191.639 Y55.14
G1 F2700 X190.145 Y56.634 E301.83696
G0 F10500 X189.943 Y57.543
G1 F2700 X191.343 Y56.144 E301.86799
G0 F10500 X191.141 Y57.052
G1 F2700 X189.74 Y58.453 E301.89905
G0 F10500 X189.632 Y59.268
G1 F2700 X190.94 Y57.961 E301.92803
G0 F10500 X190.759 Y58.848
G1 F2700 X189.525 Y60.082 E301.95539
G0 F10500 X189.419 Y60.896
G1 F2700 X190.652 Y59.663 E301.98272
G0 F10500 X190.545 Y60.477
G1 F2700 X189.342 Y61.68 E302.00939
G0 F10500 X189.309 Y62.42
G1 F2700 X190.437 Y61.292 E302.0344
G0 F10500 X190.387 Y62.049
G1 F2700 X189.276 Y63.16 E302.05903
G0 F10500 X189.242 Y63.901
G1 F2700 X190.356 Y62.787 E302.08372
G0 F10500 X190.324 Y63.526
G1 F2700 X189.237 Y64.614 E302.10783
G0 F10500 X189.267 Y65.29
G1 F2700 X190.293 Y64.265 E302.13056
G0 F10500 X190.317 Y64.948
G1 F2700 X189.298 Y65.967 E302.15315
G0 F10500 X189.328 Y66.644
G1 F2700 X190.346 Y65.626 E302.17572
G0 F10500 X190.375 Y66.304
G1 F2700 X189.363 Y67.315 E302.19814
G0 F10500 X189.445 Y67.94
G1 F2700 X190.404 Y66.982 E302.21939
G0 F10500 X190.473 Y67.62
G1 F2700 X189.527 Y68.566 E302.24036
G0 F10500 X189.609 Y69.191
G1 F2700 X190.556 Y68.244 E302.26136
G0 F10500 X190.638 Y68.87
G1 F2700 X189.691 Y69.816 E302.28234
G0 F10500 X189.793 Y70.421
G1 F2700 X190.72 Y69.494 E302.30289
G0 F10500 X190.814 Y70.108
G1 F2700 X189.922 Y70.999 E302.32265
G0 F10500 X190.051 Y71.578
G1 F2700 X190.942 Y70.686 E302.34242
G0 F10500 X191.07 Y71.265
G1 F2700 X190.18 Y72.156 E302.36216
G0 F10500 X190.309 Y72.734
G1 F2700 X191.198 Y71.844 E302.38188
G0 F10500 X191.327 Y72.423
G1 F2700 X190.459 Y73.29 E302.40111
G0 F10500 X190.628 Y73.829
G1 F2700 X191.476 Y72.981 E302.41991
G0 F10500 X191.646 Y73.518
G1 F2700 X190.797 Y74.367 E302.43873
G0 F10500 X190.966 Y74.905
G1 F2700 X191.816 Y74.056 E302.45756
G0 F10500 X191.985 Y74.593
G1 F2700 X191.135 Y75.443 E302.4764
G0 F10500 X191.32 Y75.965
G1 F2700 X192.155 Y75.13 E302.49491
G0 F10500 X192.342 Y75.651
G1 F2700 X191.527 Y76.465 E302.51297
G0 F10500 X191.734 Y76.965
G1 F2700 X192.548 Y76.151 E302.53101
G0 F10500 X192.755 Y76.652
G1 F2700 X191.942 Y77.465 E302.54904
G0 F10500 X192.149 Y77.965
G1 F2700 X192.961 Y77.153 E302.56704
G0 F10500 X193.168 Y77.653
G1 F2700 X192.356 Y78.465 E302.58504
G0 F10500 X192.596 Y78.932
G1 F2700 X193.383 Y78.145 E302.60249
G0 F10500 X193.625 Y78.61
G1 F2700 X192.838 Y79.397 E302.61993
G0 F10500 X193.08 Y79.862
G1 F2700 X193.868 Y79.075 E302.63739
G0 F10500 X194.11 Y79.539
G1 F2700 X193.322 Y80.327 E302.65486
G0 F10500 X193.564 Y80.792
G1 F2700 X194.352 Y80.004 E302.67233
G0 F10500 X194.595 Y80.469
G1 F2700 X193.819 Y81.245 E302.68953
G0 F10500 X194.094 Y81.677
G1 F2700 X194.864 Y80.907 E302.7066
G0 F10500 X195.139 Y81.339
G1 F2700 X194.369 Y82.109 E302.72367
G0 F10500 X194.644 Y82.541
G1 F2700 X195.414 Y81.771 E302.74074
G0 F10500 X195.689 Y82.203
G1 F2700 X194.919 Y82.973 E302.75781
G0 F10500 X195.194 Y83.405
G1 F2700 X195.964 Y82.635 E302.77488
G0 F10500 X196.249 Y83.058
G1 F2700 X195.49 Y83.816 E302.79169
G0 F10500 X195.797 Y84.217
G1 F2700 X196.555 Y83.458 E302.80851
G0 F10500 X196.862 Y83.858
G1 F2700 X196.104 Y84.617 E302.82532
G0 F10500 X196.411 Y85.016
G1 F2700 X197.17 Y84.258 E302.84214
G0 F10500 X197.477 Y84.658
G1 F2700 X196.718 Y85.417 E302.85896
G0 F10500 X197.025 Y85.817
G1 F2700 X197.784 Y85.058 E302.87579
G0 F10500 X198.112 Y85.437
G1 F2700 X197.359 Y86.189 E302.89247
G0 F10500 X197.697 Y86.559
G1 F2700 X198.449 Y85.807 E302.90914
G0 F10500 X198.787 Y86.176
G1 F2700 X198.036 Y86.927 E302.92579
G0 F10500 X198.374 Y87.296
G1 F2700 X199.125 Y86.545 E302.94244
G0 F10500 X199.463 Y86.914
G1 F2700 X198.712 Y87.665 E302.95909
G0 F10500 X199.05 Y88.034
G1 F2700 X199.802 Y87.282 E302.97576
G0 F10500 X200.172 Y87.62
G1 F2700 X199.419 Y88.372 E302.99244
G0 F10500 X199.788 Y88.71
G1 F2700 X200.541 Y87.958 E303.00912
G0 F10500 X200.91 Y88.296
G1 F2700 X200.157 Y89.048 E303.0258
G0 F10500 X200.526 Y89.386
G1 F2700 X201.279 Y88.634 E303.04249
G0 F10500 X201.648 Y88.972
G1 F2700 X200.896 Y89.724 E303.05916
G0 F10500 X201.269 Y90.058
G1 F2700 X202.028 Y89.299 E303.07598
G0 F10500 X202.429 Y89.605
G1 F2700 X201.668 Y90.366 E303.09285
G0 F10500 X202.069 Y90.673
G1 F2700 X202.829 Y89.912 E303.10971
G0 F10500 X203.229 Y90.219
G1 F2700 X202.468 Y90.98 E303.12658
G0 F10500 X202.868 Y91.287
G1 F2700 X203.629 Y90.527 E303.14344
G0 F10500 X204.029 Y90.834
G1 F2700 X203.269 Y91.594 E303.16029
G0 F10500 X203.682 Y91.888
G1 F2700 X204.452 Y91.117 E303.17737
G0 F10500 X204.884 Y91.392
G1 F2700 X204.114 Y92.163 E303.19445
G0 F10500 X204.545 Y92.439
G1 F2700 X205.317 Y91.667 E303.21156
G0 F10500 X205.749 Y91.942
G1 F2700 X204.977 Y92.714 E303.22868
G0 F10500 X205.408 Y92.99
G1 F2700 X206.181 Y92.217 E303.24581
G0 F10500 X206.62 Y92.486
G1 F2700 X205.84 Y93.265 E303.26309
G0 F10500 X206.295 Y93.517
G1 F2700 X207.084 Y92.728 E303.28059
G0 F10500 X207.549 Y92.971
G1 F2700 X206.76 Y93.76 E303.29808
G0 F10500 X207.225 Y94.002
G1 F2700 X208.013 Y93.213 E303.31556
G0 F10500 X208.478 Y93.456
G1 F2700 X207.69 Y94.243 E303.33301
G0 F10500 X208.155 Y94.485
G1 F2700 X208.942 Y93.699 E303.35045
G0 F10500 X209.436 Y93.912
G1 F2700 X208.623 Y94.725 E303.36847
G0 F10500 X209.123 Y94.932
G1 F2700 X209.937 Y94.118 E303.38652
G0 F10500 X210.437 Y94.325
G1 F2700 X209.623 Y95.139 E303.40456
G0 F10500 X210.123 Y95.346
G1 F2700 X210.937 Y94.532 E303.42261
G0 F10500 X211.438 Y94.738
G1 F2700 X210.623 Y95.553 E303.44068
G0 F10500 X211.123 Y95.76
G1 F2700 X211.96 Y94.924 E303.45922
G0 F10500 X212.497 Y95.093
G1 F2700 X211.648 Y95.943 E303.47805
G0 F10500 X212.185 Y96.112
G1 F2700 X213.035 Y95.263 E303.49688
G0 F10500 X213.572 Y95.433
G1 F2700 X212.723 Y96.281 E303.51569
G0 F10500 X213.261 Y96.451
G1 F2700 X214.109 Y95.602 E303.5345
G0 F10500 X214.669 Y95.75
G1 F2700 X213.799 Y96.62 E303.55379
G0 F10500 X214.356 Y96.77
G1 F2700 X215.248 Y95.878 E303.57356
G0 F10500 X215.827 Y96.006
G1 F2700 X214.935 Y96.899 E303.59335
G0 F10500 X215.513 Y97.027
G1 F2700 X216.405 Y96.135 E303.61312
G0 F10500 X216.984 Y96.263
G1 F2700 X216.091 Y97.156 E303.63292
G0 F10500 X216.67 Y97.285
G1 F2700 X217.6 Y96.355 E303.65354
G0 F10500 X218.224 Y96.438
G1 F2700 X217.276 Y97.386 E303.67455
G0 F10500 X217.901 Y97.468
G1 F2700 X218.849 Y96.52 E303.69557
G0 F10500 X219.473 Y96.602
G1 F2700 X218.526 Y97.55 E303.71657
G0 F10500 X219.151 Y97.632
G1 F2700 X220.113 Y96.67 E303.7379
G0 F10500 X220.791 Y96.699
G1 F2700 X219.776 Y97.714 E303.7604
G0 F10500 X220.449 Y97.748
G1 F2700 X221.469 Y96.728 E303.78301
G0 F10500 X222.147 Y96.757
G1 F2700 X221.126 Y97.778 E303.80565
G0 F10500 X221.803 Y97.809
G1 F2700 X222.831 Y96.78 E303.82845
G0 F10500 X223.57 Y96.748
G1 F2700 X222.479 Y97.839 E303.85263
G0 F10500 X223.194 Y97.832
G1 F2700 X224.309 Y96.717 E303.87735
G0 F10500 X225.048 Y96.685
G1 F2700 X223.934 Y97.799 E303.90205
G0 F10500 X224.674 Y97.765
G1 F2700 X225.807 Y96.633 E303.92715
G0 F10500 X226.622 Y96.525
G1 F2700 X225.415 Y97.732 E303.95391
G0 F10500 X226.202 Y97.652
G1 F2700 X227.436 Y96.418 E303.98126
G0 F10500 X228.251 Y96.31
G1 F2700 X227.015 Y97.546 E304.00866
G0 F10500 X227.829 Y97.439
G1 F2700 X229.141 Y96.127 E304.03775
G0 F10500 X230.049 Y95.926
G1 F2700 X228.648 Y97.327 E304.06881
G0 F10500 X229.557 Y97.125
G1 F2700 X230.958 Y95.725 E304.09985
G1 X231.046 Y95.637
G0 F10500 X231.965 Y95.424
G1 F2700 X230.468 Y96.922 E304.13305
G0 F10500 X231.378 Y96.719
G1 F2700 X232.998 Y95.099 E304.16896
G1 X233.086 Y95.011
G0 F10500 X242.548 Y87.905
G0 X244.151 Y86.437
G0 X252.186 Y78.032
G1 F2700 X254.146 Y76.071 E304.21243
G1 X254.234 Y75.983
G0 F10500 X253.18 Y75.623
G1 F2700 X254.84 Y73.964 E304.24921
G1 X254.928 Y73.876
;MESH:NONMESH
G0 F10500 X253.079 Y58.973
G0 X252.497 Y56.349
G0 X251.689 Y53.788
G0 X250.663 Y51.306
G0 X249.421 Y48.924
G0 X247.978 Y46.659
G0 X246.343 Y44.527
G0 X244.529 Y42.547
G0 X242.548 Y40.733
G0 X240.417 Y39.097
G0 X238.151 Y37.654
G0 X235.768 Y36.413
G0 X233.287 Y35.386
G0 X230.725 Y34.578
G0 X228.102 Y33.997
G0 X225.44 Y33.646
G0 X222.757 Y33.529
G0 X220.073 Y33.646
G0 X217.411 Y33.997
G0 X214.788 Y34.578
G0 X212.226 Y35.386
G0 X209.744 Y36.413
G0 X207.363 Y37.654
G0 X205.096 Y39.097
G0 X202.965 Y40.733
G0 X200.984 Y42.547
G0 X199.516 Y44.15
G0 X193.978 Y50.898
;TIME_ELAPSED:728.255293
;LAYER:8
;MESH:
G0 X193.978 Y50.898 Z1.8
;TYPE:WALL-INNER
G1 F3600 X192.921 Y53.459 E304.29264
G1 X192.088 Y56.099 E304.33604
G1 X191.487 Y58.805 E304.37949
G1 X191.125 Y61.551 E304.42291
G1 X191.007 Y64.319 E304.46634
G1 X191.125 Y67.087 E304.50977
G1 X191.487 Y69.832 E304.55317
G1 X192.088 Y72.538 E304.59662
G1 X192.921 Y75.178 E304.64001
G1 X193.978 Y77.736 E304.6834
G1 X195.26 Y80.194 E304.72685
G1 X196.747 Y82.531 E304.77028
G1 X198.434 Y84.729 E304.81371
G1 X200.304 Y86.771 E304.85711
G1 X202.346 Y88.641 E304.90052
G1 X204.544 Y90.328 E304.94395
G1 X206.882 Y91.816 E304.98739
G1 X209.336 Y93.097 E305.03078
G1 X211.897 Y94.155 E305.07422
G1 X214.539 Y94.988 E305.11764
G1 X217.243 Y95.588 E305.16106
G1 X219.988 Y95.951 E305.20447
G1 X222.757 Y96.069 E305.24791
G1 X225.525 Y95.951 E305.29134
G1 X228.27 Y95.588 E305.33474
G1 X230.974 Y94.988 E305.37816
G1 X233.616 Y94.155 E305.42158
G1 X236.174 Y93.097 E305.46498
G1 X238.632 Y91.816 E305.50843
G1 X240.969 Y90.328 E305.55185
G1 X243.167 Y88.641 E305.59529
G1 X245.209 Y86.771 E305.63869
G1 X247.079 Y84.729 E305.68209
G1 X248.766 Y82.531 E305.72553
G1 X250.253 Y80.194 E305.76895
G1 X251.535 Y77.736 E305.8124
G1 X252.592 Y75.178 E305.85579
G1 X253.425 Y72.538 E305.89918
G1 X254.026 Y69.832 E305.94264
G1 X254.388 Y67.088 E305.98602
G1 X254.507 Y64.319 E306.02947
G1 X254.388 Y61.55 E306.07291
G1 X254.026 Y58.805 E306.11631
G1 X253.425 Y56.099 E306.15977
G1 X252.592 Y53.459 E306.20316
G1 X251.535 Y50.898 E306.24659
G1 X250.253 Y48.444 E306.28999
G1 X248.766 Y46.107 E306.33341
G1 X247.079 Y43.908 E306.37686
G1 X245.209 Y41.867 E306.42025
G1 X243.167 Y39.997 E306.46365
G1 X240.969 Y38.309 E306.50709
G1 X238.632 Y36.822 E306.55052
G1 X236.174 Y35.541 E306.59396
G1 X233.616 Y34.483 E306.63736
G1 X230.974 Y33.65 E306.68078
G1 X228.27 Y33.05 E306.7242
G1 X225.525 Y32.687 E306.7676
G1 X222.757 Y32.569 E306.81103
G1 X219.988 Y32.687 E306.85448
G1 X217.243 Y33.05 E306.89788
G1 X214.539 Y33.65 E306.9413
G1 X211.897 Y34.483 E306.98472
G1 X209.336 Y35.541 E307.02816
G1 X206.882 Y36.822 E307.07155
G1 X204.544 Y38.309 E307.11498
G1 X202.346 Y39.997 E307.15843
G1 X200.304 Y41.867 E307.20183
G1 X198.434 Y43.908 E307.24522
G1 X196.747 Y46.107 E307.28867
G1 X195.26 Y48.444 E307.33209
G1 X193.978 Y50.898 E307.37549
G0 F10500 X199.17 Y44.527
G0 X200.984 Y42.547
G0 X202.965 Y40.733
G0 X205.096 Y39.097
G0 X207.363 Y37.654
G0 X209.744 Y36.413
G0 X211.15 Y35.832
G0 X225.75 Y30.203
G1 F3600 X228.722 Y30.595 E307.42248
G1 X231.617 Y31.238 E307.46897
G1 X234.467 Y32.136 E307.51581
G1 X237.216 Y33.273 E307.56244
G1 X239.883 Y34.661 E307.60957
G1 X242.416 Y36.275 E307.65665
G1 X244.759 Y38.074 E307.70295
G1 X246.973 Y40.102 E307.75002
G1 X249.001 Y42.316 E307.79708
G1 X250.804 Y44.664 E307.84349
G1 X252.426 Y47.214 E307.89086
G1 X253.791 Y49.833 E307.93716
G1 X254.941 Y52.612 E307.9843
G1 X255.838 Y55.458 E308.03108
G1 X256.481 Y58.354 E308.07758
G1 X256.873 Y61.325 E308.12456
G1 X257.004 Y64.319 E308.17153
G1 X256.873 Y67.312 E308.21849
G1 X256.481 Y70.284 E308.26549
G1 X255.838 Y73.179 E308.31197
G1 X254.941 Y76.026 E308.35876
G1 X253.791 Y78.805 E308.40591
G1 X252.426 Y81.424 E308.4522
G1 X250.811 Y83.962 E308.49936
G1 X248.993 Y86.331 E308.54617
G1 X246.973 Y88.536 E308.59304
G1 X244.759 Y90.563 E308.6401
G1 X242.416 Y92.362 E308.6864
G1 X239.882 Y93.977 E308.73351
G1 X237.215 Y95.365 E308.78064
G1 X234.467 Y96.502 E308.82725
G1 X231.617 Y97.4 E308.87409
G1 X228.722 Y98.043 E308.92058
G1 X225.75 Y98.435 E308.96757
G1 X222.757 Y98.566 E309.01453
G1 X219.763 Y98.435 E309.06151
G1 X216.791 Y98.043 E309.1085
G1 X213.896 Y97.4 E309.15499
G1 X211.046 Y96.502 E309.20183
G1 X208.298 Y95.365 E309.24844
G1 X205.631 Y93.977 E309.29557
G1 X203.097 Y92.362 E309.34268
G1 X200.754 Y90.563 E309.38898
G1 X198.54 Y88.536 E309.43604
G1 X196.52 Y86.331 E309.48291
G1 X194.702 Y83.962 E309.52972
G1 X193.087 Y81.424 E309.57688
G1 X191.722 Y78.805 E309.62317
G1 X190.572 Y76.026 E309.67032
G1 X189.675 Y73.179 E309.71711
G1 X189.032 Y70.284 E309.76359
G1 X188.641 Y67.312 E309.81058
G1 X188.51 Y64.319 E309.85755
G1 X188.641 Y61.325 E309.90452
G1 X189.032 Y58.354 E309.9515
G1 X189.675 Y55.458 E309.998
G1 X190.572 Y52.612 E310.04477
G1 X191.722 Y49.833 E310.09192
G1 X193.087 Y47.214 E310.13821
G1 X194.709 Y44.664 E310.18559
G1 X196.512 Y42.316 E310.23199
G1 X198.54 Y40.102 E310.27906
G1 X200.754 Y38.074 E310.32612
G1 X203.097 Y36.275 E310.37243
G1 X205.631 Y34.661 E310.41952
G1 X208.298 Y33.273 E310.46665
G1 X211.046 Y32.136 E310.51327
G1 X213.896 Y31.238 E310.56011
G1 X216.791 Y30.595 E310.60659
G1 X219.763 Y30.203 E310.65359
G1 X222.757 Y30.072 E310.70056
G1 X225.75 Y30.203 E310.74752
G0 F10500 X225.791 Y29.704
G1 F3600 X228.804 Y30.101 E310.79516
G1 X231.749 Y30.755 E310.84245
G1 X234.637 Y31.665 E310.88992
G1 X237.433 Y32.822 E310.93735
G1 X240.133 Y34.227 E310.98506
G1 X242.699 Y35.862 E311.03276
G1 X245.084 Y37.693 E311.07989
G1 X247.327 Y39.748 E311.12757
G1 X249.382 Y41.991 E311.17526
G1 X251.213 Y44.376 E311.22239
G1 X252.858 Y46.961 E311.27042
G1 X254.246 Y49.625 E311.31751
G1 X255.412 Y52.442 E311.3653
G1 X256.321 Y55.326 E311.4127
G1 X256.975 Y58.272 E311.46001
G1 X257.372 Y61.284 E311.50763
G1 X257.505 Y64.319 E311.55525
G1 X257.372 Y67.353 E311.60285
G1 X256.975 Y70.366 E311.65049
G1 X256.321 Y73.311 E311.69778
G1 X255.412 Y76.196 E311.7452
G1 X254.246 Y79.013 E311.79299
G1 X252.858 Y81.677 E311.84008
G1 X251.217 Y84.256 E311.88799
G1 X249.378 Y86.651 E311.93533
G1 X247.327 Y88.89 E311.98292
G1 X245.084 Y90.944 E312.0306
G1 X242.699 Y92.775 E312.07773
G1 X240.132 Y94.411 E312.12545
G1 X237.432 Y95.816 E312.17316
G1 X234.637 Y96.973 E312.22058
G1 X231.749 Y97.883 E312.26804
G1 X228.804 Y98.537 E312.31533
G1 X225.791 Y98.934 E312.36297
G1 X222.757 Y99.067 E312.41057
G1 X219.722 Y98.934 E312.45819
G1 X216.709 Y98.537 E312.50583
G1 X213.764 Y97.883 E312.55312
G1 X210.876 Y96.973 E312.60059
G1 X208.081 Y95.816 E312.64801
G1 X205.381 Y94.411 E312.69572
G1 X202.814 Y92.775 E312.74343
G1 X200.429 Y90.944 E312.79057
G1 X198.186 Y88.89 E312.83824
G1 X196.135 Y86.651 E312.88584
G1 X194.296 Y84.256 E312.93317
G1 X192.655 Y81.677 E312.98109
G1 X191.267 Y79.013 E313.02818
G1 X190.101 Y76.196 E313.07597
G1 X189.192 Y73.311 E313.12338
G1 X188.538 Y70.366 E313.17067
G1 X188.142 Y67.353 E313.21831
G1 X188.009 Y64.319 E313.26591
G1 X188.142 Y61.284 E313.31353
G1 X188.538 Y58.272 E313.36115
G1 X189.192 Y55.326 E313.40846
G1 X190.101 Y52.442 E313.45586
G1 X191.267 Y49.625 E313.50365
G1 X192.655 Y46.961 E313.55074
G1 X194.3 Y44.376 E313.59877
G1 X196.131 Y41.991 E313.6459
G1 X198.186 Y39.748 E313.69359
G1 X200.429 Y37.693 E313.74127
G1 X202.814 Y35.862 E313.7884
G1 X205.381 Y34.227 E313.83611
G1 X208.081 Y32.822 E313.88382
G1 X210.876 Y31.665 E313.93124
G1 X213.764 Y30.755 E313.97871
G1 X216.709 Y30.101 E314.02599
G1 X219.722 Y29.704 E314.07363
G1 X222.757 Y29.571 E314.12125
G1 X225.791 Y29.704 E314.16886
G0 F10500 X209.744 Y36.413
G0 X207.363 Y37.654
G0 X205.096 Y39.097
G0 X202.965 Y40.733
G0 X200.984 Y42.547
G0 X199.17 Y44.527
G0 X197.847 Y46.253
G0 X194.432 Y51.11
G1 F3600 X193.391 Y53.63 E314.2116
G1 X192.571 Y56.229 E314.25432
G1 X191.98 Y58.892 E314.29708
G1 X191.624 Y61.594 E314.3398
G1 X191.507 Y64.319 E314.38255
G1 X191.624 Y67.044 E314.42531
G1 X191.98 Y69.745 E314.46802
G1 X192.571 Y72.408 E314.51077
G1 X193.391 Y75.007 E314.55349
G1 X194.432 Y77.525 E314.59621
G1 X195.693 Y79.944 E314.63897
G1 X197.157 Y82.244 E314.68171
G1 X198.817 Y84.407 E314.72445
G1 X200.658 Y86.417 E314.76717
G1 X202.668 Y88.258 E314.8099
G1 X204.831 Y89.918 E314.85264
G1 X207.132 Y91.383 E314.8954
G1 X209.548 Y92.643 E314.93811
G1 X212.068 Y93.685 E314.98086
G1 X214.669 Y94.505 E315.02361
G1 X217.33 Y95.095 E315.06633
G1 X220.032 Y95.452 E315.10906
G1 X222.757 Y95.569 E315.15181
G1 X225.481 Y95.452 E315.19455
G1 X228.183 Y95.095 E315.23727
G1 X230.844 Y94.505 E315.28
G1 X233.445 Y93.685 E315.32275
G1 X235.963 Y92.643 E315.36547
G1 X238.382 Y91.383 E315.40822
G1 X240.682 Y89.918 E315.45097
G1 X242.845 Y88.258 E315.49371
G1 X244.855 Y86.417 E315.53643
G1 X246.696 Y84.407 E315.57916
G1 X248.356 Y82.244 E315.6219
G1 X249.82 Y79.944 E315.66464
G1 X251.081 Y77.525 E315.7074
G1 X252.122 Y75.007 E315.75011
G1 X252.942 Y72.408 E315.79283
G1 X253.533 Y69.745 E315.83559
G1 X253.889 Y67.044 E315.87829
G1 X254.007 Y64.319 E315.92105
G1 X253.889 Y61.594 E315.96381
G1 X253.533 Y58.892 E316.00653
G1 X252.942 Y56.229 E316.04929
G1 X252.122 Y53.63 E316.09201
G1 X251.081 Y51.11 E316.13475
G1 X249.82 Y48.694 E316.17747
G1 X248.356 Y46.394 E316.2202
G1 X246.696 Y44.23 E316.26296
G1 X244.855 Y42.221 E316.30567
G1 X242.845 Y40.38 E316.3484
G1 X240.682 Y38.719 E316.39115
G1 X238.382 Y37.255 E316.43389
G1 X235.963 Y35.995 E316.47664
G1 X233.445 Y34.953 E316.51936
G1 X230.844 Y34.133 E316.56211
G1 X228.183 Y33.543 E316.60483
G1 X225.481 Y33.186 E316.64756
G1 X222.757 Y33.069 E316.6903
G1 X220.032 Y33.186 E316.73305
G1 X217.33 Y33.543 E316.77577
G1 X214.669 Y34.133 E316.8185
G1 X212.068 Y34.953 E316.86125
G1 X209.548 Y35.995 E316.904
G1 X207.132 Y37.255 E316.94671
G1 X204.831 Y38.719 E316.98946
G1 X202.668 Y40.38 E317.03221
G1 X200.658 Y42.221 E317.07494
G1 X198.817 Y44.23 E317.11765
G1 X197.157 Y46.394 E317.1604
G1 X195.693 Y48.694 E317.20314
G1 X194.432 Y51.11 E317.24586
G0 F10500 X194.886 Y51.322
G1 F3600 X193.861 Y53.801 E317.28791
G1 X193.054 Y56.359 E317.32996
G1 X192.473 Y58.979 E317.37202
G1 X192.123 Y61.638 E317.41406
G1 X192.007 Y64.319 E317.45613
G1 X192.123 Y67 E317.4982
G1 X192.473 Y69.658 E317.54022
G1 X193.054 Y72.278 E317.58229
G1 X193.861 Y74.836 E317.62433
G1 X194.886 Y77.314 E317.66637
G1 X196.126 Y79.694 E317.70844
G1 X197.567 Y81.957 E317.75049
G1 X199.2 Y84.085 E317.79254
G1 X201.012 Y86.063 E317.83459
G1 X202.99 Y87.875 E317.87664
G1 X205.118 Y89.508 E317.91869
G1 X207.382 Y90.95 E317.96076
G1 X209.76 Y92.189 E318.00279
G1 X212.239 Y93.215 E318.04485
G1 X214.798 Y94.022 E318.08691
G1 X217.417 Y94.602 E318.12896
G1 X220.076 Y94.953 E318.171
G1 X222.757 Y95.069 E318.21307
G1 X225.437 Y94.953 E318.25512
G1 X228.096 Y94.602 E318.29716
G1 X230.715 Y94.022 E318.33921
G1 X233.274 Y93.215 E318.38127
G1 X235.752 Y92.189 E318.42331
G1 X238.132 Y90.95 E318.46537
G1 X240.395 Y89.508 E318.50743
G1 X242.523 Y87.875 E318.54948
G1 X244.501 Y86.063 E318.59153
G1 X246.313 Y84.085 E318.63358
G1 X247.946 Y81.957 E318.67563
G1 X249.387 Y79.694 E318.71768
G1 X250.627 Y77.314 E318.75975
G1 X251.652 Y74.836 E318.80179
G1 X252.459 Y72.278 E318.84383
G1 X253.04 Y69.658 E318.8859
G1 X253.39 Y67 E318.92792
G1 X253.507 Y64.319 E318.96999
G1 X253.39 Y61.638 E319.01206
G1 X253.04 Y58.979 E319.0541
G1 X252.459 Y56.359 E319.09616
G1 X251.652 Y53.801 E319.13821
G1 X250.627 Y51.322 E319.18026
G1 X249.387 Y48.944 E319.2223
G1 X247.946 Y46.681 E319.26436
G1 X246.313 Y44.552 E319.30641
G1 X244.501 Y42.575 E319.34845
G1 X242.523 Y40.763 E319.3905
G1 X240.395 Y39.129 E319.43256
G1 X238.132 Y37.688 E319.47461
G1 X235.752 Y36.449 E319.51667
G1 X233.274 Y35.423 E319.55872
G1 X230.715 Y34.616 E319.60078
G1 X228.096 Y34.036 E319.64283
G1 X225.437 Y33.685 E319.68487
G1 X222.757 Y33.569 E319.72692
G1 X220.076 Y33.685 E319.76898
G1 X217.417 Y34.036 E319.81103
G1 X214.798 Y34.616 E319.85307
G1 X212.239 Y35.423 E319.89514
G1 X209.76 Y36.449 E319.93719
G1 X207.382 Y37.688 E319.97922
G1 X205.118 Y39.129 E320.02129
G1 X202.99 Y40.763 E320.06335
G1 X201.012 Y42.575 E320.1054
G1 X199.2 Y44.552 E320.14744
G1 X197.567 Y46.681 E320.1895
G1 X196.126 Y48.944 E320.23155
G1 X194.886 Y51.322 E320.27359
G0 F10500 X194.796 Y51.28
G0 X196.092 Y48.924
G0 X197.535 Y46.659
G0 X199.17 Y44.527
G0 X200.984 Y42.547
G0 X202.965 Y40.733
G0 X205.096 Y39.097
G0 X207.363 Y37.654
G0 X209.29 Y36.65
G0 X225.824 Y29.304
G0 X225.832 Y29.205
G1 F3600 X228.886 Y29.607 E320.32188
G1 X231.881 Y30.272 E320.36997
G1 X234.807 Y31.194 E320.41806
G1 X237.65 Y32.371 E320.46629
G1 X240.383 Y33.793 E320.51458
G1 X242.982 Y35.449 E320.56289
G1 X245.409 Y37.312 E320.61085
G1 X247.681 Y39.394 E320.65916
G1 X249.763 Y41.666 E320.70747
G1 X251.626 Y44.093 E320.75543
G1 X253.287 Y46.702 E320.80391
G1 X254.701 Y49.417 E320.85189
G1 X255.883 Y52.272 E320.90033
G1 X256.804 Y55.194 E320.94836
G1 X257.469 Y58.19 E320.99646
G1 X257.871 Y61.243 E321.04473
G1 X258.006 Y64.319 E321.093
G1 X257.871 Y67.394 E321.14124
G1 X257.469 Y70.448 E321.18953
G1 X256.804 Y73.443 E321.23762
G1 X255.883 Y76.366 E321.28566
G1 X254.701 Y79.221 E321.3341
G1 X253.287 Y81.936 E321.38208
G1 X251.63 Y84.539 E321.43045
G1 X249.759 Y86.976 E321.47861
G1 X247.681 Y89.244 E321.52683
G1 X245.409 Y91.325 E321.57513
G1 X242.982 Y93.188 E321.62309
G1 X240.382 Y94.845 E321.67142
G1 X237.649 Y96.267 E321.71971
G1 X234.807 Y97.444 E321.76793
G1 X231.881 Y98.366 E321.81602
G1 X228.886 Y99.031 E321.86411
G1 X225.832 Y99.433 E321.9124
G1 X222.757 Y99.568 E321.96065
G1 X219.681 Y99.433 E322.00891
G1 X216.627 Y99.031 E322.0572
G1 X213.632 Y98.366 E322.10529
G1 X210.706 Y97.444 E322.15338
G1 X207.864 Y96.267 E322.2016
G1 X205.131 Y94.845 E322.24989
G1 X202.531 Y93.188 E322.29822
G1 X200.104 Y91.325 E322.34618
G1 X197.832 Y89.244 E322.39448
G1 X195.754 Y86.976 E322.44269
G1 X193.883 Y84.539 E322.49085
G1 X192.226 Y81.936 E322.53922
G1 X190.812 Y79.221 E322.58721
G1 X189.63 Y76.366 E322.63565
G1 X188.709 Y73.443 E322.68369
G1 X188.044 Y70.448 E322.73178
G1 X187.643 Y67.394 E322.78006
G1 X187.508 Y64.319 E322.82831
G1 X187.643 Y61.243 E322.87657
G1 X188.044 Y58.19 E322.92484
G1 X188.709 Y55.194 E322.97295
G1 X189.63 Y52.272 E323.02097
G1 X190.812 Y49.417 E323.06941
G1 X192.226 Y46.702 E323.1174
G1 X193.887 Y44.093 E323.16588
G1 X195.75 Y41.666 E323.21384
G1 X197.832 Y39.394 E323.26214
G1 X200.104 Y37.312 E323.31045
G1 X202.531 Y35.449 E323.35841
G1 X205.131 Y33.793 E323.40673
G1 X207.864 Y32.371 E323.45503
G1 X210.706 Y31.194 E323.50325
G1 X213.632 Y30.272 E323.55133
G1 X216.627 Y29.607 E323.59943
G1 X219.681 Y29.205 E323.64771
G1 X222.757 Y29.07 E323.69598
G1 X225.832 Y29.205 E323.74422
G0 F10500 X225.873 Y28.706
;TYPE:WALL-OUTER
G1 F2700 X228.968 Y29.113 E323.79316
G1 X232.013 Y29.789 E323.84205
G1 X234.977 Y30.723 E323.89077
G1 X237.867 Y31.92 E323.9398
G1 X240.633 Y33.359 E323.98868
G1 X243.265 Y35.036 E324.0376
G1 X245.734 Y36.931 E324.08638
G1 X248.035 Y39.04 E324.13531
G1 X250.144 Y41.341 E324.18424
G1 X252.039 Y43.81 E324.23303
G1 X253.716 Y46.443 E324.28196
G1 X255.156 Y49.209 E324.33084
G1 X256.354 Y52.102 E324.37993
G1 X257.287 Y55.062 E324.42858
G1 X257.963 Y58.108 E324.47749
G1 X258.37 Y61.202 E324.5264
G1 X258.507 Y64.319 E324.57531
G1 X258.37 Y67.435 E324.6242
G1 X257.963 Y70.53 E324.67314
G1 X257.287 Y73.575 E324.72203
G1 X256.354 Y76.536 E324.7707
G1 X255.156 Y79.429 E324.81978
G1 X253.716 Y82.195 E324.86866
G1 X252.039 Y84.828 E324.9176
G1 X250.144 Y87.296 E324.96637
G1 X248.035 Y89.598 E325.01531
G1 X245.734 Y91.706 E325.06423
G1 X243.265 Y93.601 E325.11302
G1 X240.632 Y95.279 E325.16196
G1 X237.867 Y96.718 E325.21082
G1 X234.977 Y97.915 E325.25985
G1 X232.013 Y98.849 E325.30857
G1 X228.968 Y99.525 E325.35746
G1 X225.873 Y99.932 E325.4064
G1 X222.757 Y100.069 E325.45529
G1 X219.64 Y99.932 E325.50419
G1 X216.545 Y99.525 E325.55313
G1 X213.5 Y98.849 E325.60202
G1 X210.536 Y97.915 E325.65074
G1 X207.646 Y96.718 E325.69977
G1 X204.881 Y95.279 E325.74863
G1 X202.248 Y93.601 E325.79757
G1 X199.779 Y91.706 E325.84636
G1 X197.478 Y89.598 E325.89528
G1 X195.369 Y87.296 E325.94422
G1 X193.474 Y84.828 E325.99299
G1 X191.797 Y82.195 E326.04193
G1 X190.357 Y79.429 E326.09081
G1 X189.159 Y76.536 E326.13989
G1 X188.226 Y73.575 E326.18856
G1 X187.55 Y70.53 E326.23745
G1 X187.144 Y67.435 E326.28638
G1 X187.007 Y64.319 E326.33528
G1 X187.144 Y61.202 E326.38418
G1 X187.55 Y58.108 E326.4331
G1 X188.226 Y55.062 E326.48201
G1 X189.159 Y52.102 E326.53066
G1 X190.357 Y49.209 E326.57974
G1 X191.797 Y46.443 E326.62862
G1 X193.474 Y43.81 E326.67756
G1 X195.369 Y41.341 E326.72635
G1 X197.478 Y39.04 E326.77527
G1 X199.779 Y36.931 E326.8242
G1 X202.248 Y35.036 E326.87299
G1 X204.881 Y33.359 E326.92192
G1 X207.646 Y31.92 E326.97079
G1 X210.536 Y30.723 E327.01982
G1 X213.5 Y29.789 E327.06853
G1 X216.545 Y29.113 E327.11743
G1 X219.64 Y28.706 E327.16636
G1 X222.757 Y28.569 E327.21527
G1 X225.873 Y28.706 E327.26416
G0 F10500 X226.12 Y28.738
G0 X226.041 Y29.333
G0 X240.417 Y39.097
G0 X242.548 Y40.733
G0 X244.529 Y42.547
G0 X246.343 Y44.527
G0 X247.978 Y46.659
G0 X249.421 Y48.924
G0 X250.663 Y51.306
G0 X251.689 Y53.788
G0 X252.497 Y56.349
G0 X253.079 Y58.973
G0 X253.362 Y61.128
G0 X253.605 Y64.344
G0 X253.007 Y64.319
G1 F2700 X252.891 Y61.682 E327.30554
G1 X252.547 Y59.066 E327.3469
G1 X251.976 Y56.489 E327.38827
G1 X251.182 Y53.972 E327.42964
G1 X250.173 Y51.534 E327.471
G1 X248.954 Y49.194 E327.51236
G1 X247.536 Y46.968 E327.55374
G1 X245.93 Y44.874 E327.5951
G1 X244.147 Y42.929 E327.63646
G1 X242.201 Y41.146 E327.67784
G1 X240.108 Y39.539 E327.7192
G1 X237.882 Y38.121 E327.76057
G1 X235.541 Y36.903 E327.80194
G1 X233.103 Y35.893 E327.8433
G1 X230.586 Y35.099 E327.88468
G1 X228.009 Y34.529 E327.92605
G1 X225.393 Y34.184 E327.96741
G1 X222.757 Y34.069 E328.00877
G1 X220.12 Y34.184 E328.05015
G1 X217.504 Y34.529 E328.09151
G1 X214.927 Y35.099 E328.13288
G1 X212.41 Y35.893 E328.17425
G1 X209.972 Y36.903 E328.21562
G1 X207.632 Y38.121 E328.25697
G1 X205.405 Y39.539 E328.29835
G1 X203.312 Y41.146 E328.33972
G1 X201.366 Y42.929 E328.38109
G1 X199.583 Y44.874 E328.42245
G1 X197.977 Y46.968 E328.46382
G1 X196.559 Y49.194 E328.50519
G1 X195.34 Y51.534 E328.54655
G1 X194.331 Y53.972 E328.58791
G1 X193.537 Y56.489 E328.62928
G1 X192.966 Y59.066 E328.67066
G1 X192.622 Y61.682 E328.71202
G1 X192.507 Y64.319 E328.75339
G1 X192.622 Y66.956 E328.79477
G1 X192.966 Y69.571 E328.83611
G1 X193.537 Y72.148 E328.87749
G1 X194.331 Y74.665 E328.91886
G1 X195.34 Y77.103 E328.96022
G1 X196.559 Y79.444 E329.00159
G1 X197.977 Y81.67 E329.04297
G1 X199.583 Y83.763 E329.08432
G1 X201.366 Y85.709 E329.12569
G1 X203.312 Y87.492 E329.16707
G1 X205.405 Y89.098 E329.20842
G1 X207.632 Y90.517 E329.24981
G1 X209.972 Y91.735 E329.29117
G1 X212.41 Y92.745 E329.33253
G1 X214.927 Y93.539 E329.3739
G1 X217.504 Y94.109 E329.41528
G1 X220.12 Y94.454 E329.45664
G1 X222.757 Y94.569 E329.49801
G1 X225.393 Y94.454 E329.53937
G1 X228.009 Y94.109 E329.58074
G1 X230.586 Y93.539 E329.62211
G1 X233.103 Y92.745 E329.66348
G1 X235.541 Y91.735 E329.70485
G1 X237.882 Y90.517 E329.74621
G1 X240.108 Y89.098 E329.78759
G1 X242.201 Y87.492 E329.82895
G1 X244.147 Y85.709 E329.87032
G1 X245.93 Y83.763 E329.91169
G1 X247.536 Y81.67 E329.95305
G1 X248.954 Y79.444 E329.99442
G1 X250.173 Y77.103 E330.03579
G1 X251.182 Y74.665 E330.07715
G1 X251.976 Y72.148 E330.11852
G1 X252.547 Y69.571 E330.1599
G1 X252.891 Y66.956 E330.20124
G1 X253.007 Y64.319 E330.24262
G0 F10500 X252.997 Y64.07
G0 X253.595 Y64.045
G0 X254.997 Y64.319
;TYPE:SKIN
G1 F2700 X254.876 Y61.507 E330.28674
G1 X254.509 Y58.719 E330.33082
G1 X253.899 Y55.972 E330.37493
G1 X253.053 Y53.292 E330.41898
G1 X251.98 Y50.69 E330.4631
G1 X250.678 Y48.199 E330.50716
G1 X249.168 Y45.826 E330.55125
G1 X247.455 Y43.593 E330.59537
G1 X245.556 Y41.52 E330.63944
G1 X243.482 Y39.621 E330.68352
G1 X241.251 Y37.907 E330.72762
G1 X238.877 Y36.397 E330.77172
G1 X236.382 Y35.096 E330.81583
G1 X233.784 Y34.022 E330.8599
G1 X231.101 Y33.176 E330.904
G1 X228.356 Y32.567 E330.94807
G1 X225.568 Y32.199 E330.99215
G1 X222.757 Y32.079 E331.03626
G1 X219.945 Y32.199 E331.08038
G1 X217.157 Y32.567 E331.12446
G1 X214.412 Y33.176 E331.16854
G1 X211.73 Y34.022 E331.21262
G1 X209.128 Y35.096 E331.25674
G1 X206.637 Y36.397 E331.3008
G1 X204.263 Y37.907 E331.3449
G1 X202.031 Y39.621 E331.38901
G1 X199.957 Y41.52 E331.43309
G1 X198.058 Y43.593 E331.47716
G1 X196.345 Y45.826 E331.52128
G1 X194.835 Y48.199 E331.56537
G1 X193.533 Y50.69 E331.60943
G1 X192.46 Y53.292 E331.65355
G1 X191.614 Y55.972 E331.6976
G1 X191.004 Y58.719 E331.74171
G1 X190.637 Y61.508 E331.78581
G1 X190.517 Y64.319 E331.82991
G1 X190.637 Y67.13 E331.87402
G1 X191.004 Y69.918 E331.9181
G1 X191.614 Y72.665 E331.9622
G1 X192.46 Y75.346 E332.00627
G1 X193.533 Y77.944 E332.05034
G1 X194.835 Y80.439 E332.09445
G1 X196.345 Y82.812 E332.13854
G1 X198.058 Y85.044 E332.18264
G1 X199.957 Y87.118 E332.22673
G1 X202.031 Y89.017 E332.27081
G1 X204.263 Y90.73 E332.31491
G1 X206.637 Y92.241 E332.35902
G1 X209.128 Y93.542 E332.40307
G1 X211.73 Y94.616 E332.4472
G1 X214.412 Y95.462 E332.49128
G1 X217.157 Y96.071 E332.53536
G1 X219.945 Y96.439 E332.57944
G1 X222.757 Y96.559 E332.62356
G1 X225.568 Y96.439 E332.66766
G1 X228.356 Y96.071 E332.71175
G1 X231.101 Y95.462 E332.75582
G1 X233.784 Y94.616 E332.79992
G1 X236.382 Y93.542 E332.84399
G1 X238.877 Y92.241 E332.8881
G1 X241.251 Y90.73 E332.93221
G1 X243.482 Y89.017 E332.9763
G1 X245.556 Y87.118 E333.02038
G1 X247.455 Y85.044 E333.06446
G1 X249.168 Y82.812 E333.10856
G1 X250.678 Y80.439 E333.15265
G1 X251.98 Y77.944 E333.19677
G1 X253.053 Y75.346 E333.24083
G1 X253.899 Y72.665 E333.2849
G1 X254.509 Y69.918 E333.32901
G1 X254.876 Y67.131 E333.37307
G1 X254.997 Y64.319 E333.41719
G0 F10500 X256.514 Y64.319
G1 F2700 X256.383 Y67.273 E333.46354
G1 X255.997 Y70.206 E333.50992
G1 X255.364 Y73.052 E333.55562
G1 X254.485 Y75.845 E333.60152
G1 X253.346 Y78.596 E333.64819
G1 X251.995 Y81.189 E333.69402
G1 X250.407 Y83.685 E333.7404
G1 X248.622 Y86.011 E333.78636
G1 X246.626 Y88.189 E333.83267
G1 X244.439 Y90.192 E333.87915
G1 X242.139 Y91.958 E333.92461
G1 X239.643 Y93.549 E333.97101
G1 X237.011 Y94.918 E334.01751
G1 X234.29 Y96.044 E334.06367
G1 X231.49 Y96.926 E334.10969
G1 X228.644 Y97.559 E334.15539
G1 X225.711 Y97.945 E334.20177
G1 X222.757 Y98.076 E334.24812
G1 X219.802 Y97.945 E334.29448
G1 X216.869 Y97.559 E334.34086
G1 X214.023 Y96.926 E334.38656
G1 X211.223 Y96.044 E334.43258
G1 X208.502 Y94.918 E334.47874
G1 X205.87 Y93.549 E334.52524
G1 X203.374 Y91.958 E334.57164
G1 X201.074 Y90.192 E334.6171
G1 X198.887 Y88.189 E334.66358
G1 X196.891 Y86.011 E334.70989
G1 X195.106 Y83.685 E334.75585
G1 X193.518 Y81.189 E334.80223
G1 X192.167 Y78.596 E334.84806
G1 X191.028 Y75.845 E334.89473
G1 X190.149 Y73.052 E334.94063
G1 X189.516 Y70.206 E334.98633
G1 X189.131 Y67.273 E335.0327
G1 X189 Y64.319 E335.07906
G1 X189.131 Y61.364 E335.12542
G1 X189.516 Y58.432 E335.17178
G1 X190.149 Y55.585 E335.2175
G1 X191.028 Y52.793 E335.26338
G1 X192.167 Y50.042 E335.31005
G1 X193.522 Y47.441 E335.35602
G1 X195.113 Y44.941 E335.40248
G1 X196.883 Y42.636 E335.44803
G1 X198.887 Y40.449 E335.49453
G1 X201.074 Y38.445 E335.54103
G1 X203.374 Y36.679 E335.58648
G1 X205.87 Y35.089 E335.63287
G1 X208.502 Y33.72 E335.67938
G1 X211.223 Y32.594 E335.72554
G1 X214.023 Y31.712 E335.77156
G1 X216.869 Y31.079 E335.81726
G1 X219.802 Y30.693 E335.86363
G1 X222.757 Y30.562 E335.91
G1 X225.711 Y30.693 E335.95635
G1 X228.644 Y31.079 E336.00272
G1 X231.49 Y31.712 E336.04842
G1 X234.29 Y32.594 E336.09444
G1 X237.012 Y33.72 E336.14062
G1 X239.644 Y35.089 E336.18712
G1 X242.139 Y36.679 E336.2335
G1 X244.439 Y38.445 E336.27896
G1 X246.626 Y40.449 E336.32545
G1 X248.63 Y42.636 E336.37195
G1 X250.4 Y44.941 E336.41751
G1 X251.991 Y47.441 E336.46396
G1 X253.346 Y50.042 E336.50993
G1 X254.485 Y52.793 E336.5566
G1 X255.364 Y55.585 E336.60249
G1 X255.997 Y58.432 E336.64821
G1 X256.383 Y61.364 E336.69456
G1 X256.514 Y64.319 E336.74093
G0 F10500 X247.447 Y41.678
G1 F2700 X245.395 Y39.627 E336.78641
G1 X245.307 Y39.539
G0 F10500 X241.351 Y37.704
G1 F2700 X238.28 Y34.633 E336.85449
G1 X238.192 Y34.545
G0 F10500 X237.829 Y35.597
G1 F2700 X235.62 Y33.388 E336.90346
G1 X235.532 Y33.3
G0 F10500 X235.169 Y34.351
G1 F2700 X233.353 Y32.534 E336.94373
G1 X233.265 Y32.446
G0 F10500 X232.916 Y33.512
G1 F2700 X231.306 Y31.902 E336.97942
G0 F10500 X230.396 Y31.699
G1 F2700 X231.884 Y33.187 E337.0124
G1 X231.972 Y33.275
G0 F10500 X230.886 Y32.896
G1 F2700 X229.487 Y31.497 E337.04342
G0 F10500 X228.58 Y31.297
G1 F2700 X229.977 Y32.695 E337.0744
G0 F10500 X229.07 Y32.494
G1 F2700 X227.766 Y31.19 E337.10331
G0 F10500 X226.952 Y31.083
G1 F2700 X228.186 Y32.318 E337.13067
G0 F10500 X227.372 Y32.21
G1 F2700 X226.137 Y30.976 E337.15804
G0 F10500 X225.357 Y30.902
G1 F2700 X226.557 Y32.102 E337.18464
G0 F10500 X225.742 Y31.995
G1 F2700 X224.617 Y30.87 E337.20958
G0 F10500 X223.877 Y30.836
G1 F2700 X224.989 Y31.949 E337.23424
G0 F10500 X224.25 Y31.917
G1 F2700 X223.136 Y30.803 E337.25894
G0 F10500 X222.427 Y30.801
G1 F2700 X223.512 Y31.886 E337.28299
G0 F10500 X222.773 Y31.855
G1 F2700 X221.75 Y30.831 E337.30568
G0 F10500 X221.074 Y30.862
G1 F2700 X222.093 Y31.882 E337.32828
G0 F10500 X221.415 Y31.911
G1 F2700 X220.397 Y30.892 E337.35086
G0 F10500 X219.728 Y30.93
G1 F2700 X220.737 Y31.94 E337.37324
G0 F10500 X220.058 Y31.968
G1 F2700 X219.103 Y31.012 E337.39442
G0 F10500 X218.478 Y31.095
G1 F2700 X219.423 Y32.04 E337.41537
G0 F10500 X218.799 Y32.123
G1 F2700 X217.853 Y31.177 E337.43634
G0 F10500 X217.228 Y31.259
G1 F2700 X218.174 Y32.205 E337.45731
G0 F10500 X217.549 Y32.287
G1 F2700 X216.625 Y31.363 E337.4778
G0 F10500 X216.047 Y31.492
G1 F2700 X216.938 Y32.384 E337.49756
G0 F10500 X216.359 Y32.512
G1 F2700 X215.468 Y31.621 E337.51731
G0 F10500 X214.89 Y31.749
G1 F2700 X215.78 Y32.64 E337.53705
G0 F10500 X215.202 Y32.768
G1 F2700 X214.312 Y31.879 E337.55677
G0 F10500 X213.758 Y32.031
G1 F2700 X214.623 Y32.896 E337.57595
G0 F10500 X214.067 Y33.048
G1 F2700 X213.22 Y32.2 E337.59474
G0 F10500 X212.682 Y32.37
G1 F2700 X213.529 Y33.217 E337.61351
G0 F10500 X212.992 Y33.387
G1 F2700 X212.144 Y32.539 E337.63231
G0 F10500 X211.606 Y32.708
G1 F2700 X212.455 Y33.557 E337.65113
G0 F10500 X211.917 Y33.726
G1 F2700 X211.085 Y32.894 E337.66958
G0 F10500 X210.585 Y33.101
G1 F2700 X211.398 Y33.914 E337.6876
G0 F10500 X210.898 Y34.121
G1 F2700 X210.084 Y33.308 E337.70563
G0 F10500 X209.585 Y33.515
G1 F2700 X210.397 Y34.327 E337.72364
G0 F10500 X209.896 Y34.534
G1 F2700 X209.085 Y33.722 E337.74162
G0 F10500 X208.585 Y33.929
G1 F2700 X209.396 Y34.74 E337.7596
G0 F10500 X208.905 Y34.957
G1 F2700 X208.119 Y34.171 E337.77703
G0 F10500 X207.655 Y34.414
G1 F2700 X208.44 Y35.199 E337.79443
G0 F10500 X207.976 Y35.442
G1 F2700 X207.19 Y34.656 E337.81185
G0 F10500 X206.724 Y34.897
G1 F2700 X207.512 Y35.685 E337.82932
G0 F10500 X207.047 Y35.928
G1 F2700 X206.259 Y35.139 E337.8468
G0 F10500 X205.807 Y35.394
G1 F2700 X206.583 Y36.17 E337.86401
G0 F10500 X206.147 Y36.441
G1 F2700 X205.375 Y35.67 E337.88111
G0 F10500 X204.944 Y35.945
G1 F2700 X205.714 Y36.715 E337.89818
G0 F10500 X205.282 Y36.99
G1 F2700 X204.512 Y36.22 E337.91525
G0 F10500 X204.08 Y36.495
G1 F2700 X204.85 Y37.265 E337.93232
G0 F10500 X204.418 Y37.541
G1 F2700 X203.648 Y36.771 E337.94939
G0 F10500 X203.237 Y37.067
G1 F2700 X203.996 Y37.826 E337.96621
G0 F10500 X203.596 Y38.133
G1 F2700 X202.837 Y37.374 E337.98304
G0 F10500 X202.437 Y37.681
G1 F2700 X203.196 Y38.44 E337.99987
G0 F10500 X202.796 Y38.748
G1 F2700 X202.038 Y37.989 E338.01668
G0 F10500 X201.637 Y38.296
G1 F2700 X202.396 Y39.054 E338.03349
G0 F10500 X201.996 Y39.361
G1 F2700 X201.237 Y38.603 E338.05031
G0 F10500 X200.867 Y38.939
G1 F2700 X201.618 Y39.691 E338.06697
G0 F10500 X201.249 Y40.029
G1 F2700 X200.498 Y39.277 E338.08363
G0 F10500 X200.128 Y39.615
G1 F2700 X200.88 Y40.367 E338.1003
G0 F10500 X200.511 Y40.705
G1 F2700 X199.759 Y39.953 E338.11697
G0 F10500 X199.39 Y40.291
G1 F2700 X200.142 Y41.043 E338.13364
G0 F10500 X199.776 Y41.384
G1 F2700 X199.022 Y40.631 E338.15034
G0 F10500 X198.684 Y41
G1 F2700 X199.438 Y41.753 E338.16705
G0 F10500 X199.1 Y42.122
G1 F2700 X198.346 Y41.369 E338.18375
G0 F10500 X198.008 Y41.738
G1 F2700 X198.762 Y42.491 E338.20046
G0 F10500 X198.424 Y42.86
G1 F2700 X197.67 Y42.107 E338.21716
G0 F10500 X197.332 Y42.476
G1 F2700 X198.085 Y43.228 E338.23384
G0 F10500 X197.76 Y43.61
G1 F2700 X197 Y42.851 E338.25068
G0 F10500 X196.693 Y43.25
G1 F2700 X197.453 Y44.011 E338.26754
G0 F10500 X197.146 Y44.411
G1 F2700 X196.386 Y43.651 E338.28439
G0 F10500 X196.079 Y44.051
G1 F2700 X196.839 Y44.811 E338.30123
G0 F10500 X196.532 Y45.211
G1 F2700 X195.771 Y44.45 E338.3181
G0 F10500 X195.464 Y44.851
G1 F2700 X196.225 Y45.611 E338.33496
G0 F10500 X195.944 Y46.037
G1 F2700 X195.172 Y45.265 E338.35208
G0 F10500 X194.897 Y45.697
G1 F2700 X195.669 Y46.469 E338.36919
G0 F10500 X195.394 Y46.901
G1 F2700 X194.621 Y46.129 E338.38632
G0 F10500 X194.346 Y46.561
G1 F2700 X195.119 Y47.333 E338.40344
G0 F10500 X194.843 Y47.765
G1 F2700 X194.071 Y46.992 E338.42057
G0 F10500 X193.796 Y47.424
G1 F2700 X194.576 Y48.205 E338.43787
G0 F10500 X194.334 Y48.67
G1 F2700 X193.545 Y47.881 E338.45536
G0 F10500 X193.303 Y48.346
G1 F2700 X194.091 Y49.134 E338.47283
G0 F10500 X193.849 Y49.599
G1 F2700 X193.06 Y48.81 E338.49032
G0 F10500 X192.818 Y49.276
G1 F2700 X193.606 Y50.063 E338.50778
G0 F10500 X193.363 Y50.527
G1 F2700 X192.576 Y49.74 E338.52522
G0 F10500 X192.339 Y50.21
G1 F2700 X193.151 Y51.023 E338.54324
G0 F10500 X192.945 Y51.524
G1 F2700 X192.132 Y50.71 E338.56127
G0 F10500 X191.925 Y51.21
G1 F2700 X192.738 Y52.024 E338.5793
G0 F10500 X192.532 Y52.525
G1 F2700 X191.717 Y51.71 E338.59737
G0 F10500 X191.51 Y52.21
G1 F2700 X192.325 Y53.025 E338.61544
G0 F10500 X192.142 Y53.549
G1 F2700 X191.303 Y52.71 E338.63404
G0 F10500 X191.121 Y53.235
G1 F2700 X191.972 Y54.086 E338.6529
G0 F10500 X191.803 Y54.624
G1 F2700 X190.952 Y53.774 E338.67176
G0 F10500 X190.783 Y54.312
G1 F2700 X191.633 Y55.162 E338.6906
G0 F10500 X191.464 Y55.699
G1 F2700 X190.614 Y54.85 E338.70943
G0 F10500 X190.445 Y55.388
G1 F2700 X191.317 Y56.26 E338.72876
G0 F10500 X191.189 Y56.839
G1 F2700 X190.297 Y55.947 E338.74854
G0 F10500 X190.169 Y56.526
G1 F2700 X191.06 Y57.417 E338.76829
G0 F10500 X190.932 Y57.996
G1 F2700 X190.04 Y57.104 E338.78806
G0 F10500 X189.911 Y57.682
G1 F2700 X190.804 Y58.575 E338.80786
G0 F10500 X190.715 Y59.193
G1 F2700 X189.783 Y58.261 E338.82852
G0 F10500 X189.684 Y58.869
G1 F2700 X190.633 Y59.818 E338.84956
G0 F10500 X190.55 Y60.442
G1 F2700 X189.602 Y59.494 E338.87058
G0 F10500 X189.52 Y60.119
G1 F2700 X190.468 Y61.067 E338.89159
G0 F10500 X190.403 Y61.709
G1 F2700 X189.438 Y60.745 E338.91297
G0 F10500 X189.356 Y61.37
G1 F2700 X190.374 Y62.388 E338.93554
G0 F10500 X190.345 Y63.066
G1 F2700 X189.325 Y62.045 E338.95816
G0 F10500 X189.295 Y62.723
G1 F2700 X190.316 Y63.744 E338.9808
G0 F10500 X190.295 Y64.43
G1 F2700 X189.264 Y63.399 E339.00365
G0 F10500 X189.234 Y64.076
G1 F2700 X190.327 Y65.169 E339.02788
G0 F10500 X190.358 Y65.908
G1 F2700 X189.245 Y64.794 E339.05257
G0 F10500 X189.278 Y65.534
G1 F2700 X190.39 Y66.646 E339.07722
G0 F10500 X190.446 Y67.409
G1 F2700 X189.31 Y66.274 E339.10239
G0 F10500 X189.344 Y67.014
G1 F2700 X190.553 Y68.224 E339.1292
G0 F10500 X190.661 Y69.039
G1 F2700 X189.427 Y67.805 E339.15656
G0 F10500 X189.533 Y68.618
G1 F2700 X190.768 Y69.853 E339.18394
G0 F10500 X190.957 Y70.748
G1 F2700 X189.64 Y69.432 E339.21312
G0 F10500 X189.755 Y70.254
G1 F2700 X191.158 Y71.657 E339.24422
G0 F10500 X191.36 Y72.566
G1 F2700 X189.958 Y71.164 E339.27531
G0 F10500 X190.161 Y72.074
G1 F2700 X191.666 Y73.579 E339.30867
G1 X191.754 Y73.667
G0 F10500 X190.686 Y74.013
G1 F2700 X192.356 Y75.683 E339.34569
G1 X192.444 Y75.771
G0 F10500 X191.387 Y76.129
G1 F2700 X193.361 Y78.102 E339.38944
G1 X193.449 Y78.19
G0 F10500 X192.398 Y78.553
G1 F2700 X195.064 Y81.22 E339.44855
G1 X195.152 Y81.308
G0 F10500 X194.071 Y81.641
G1 F2700 X205.437 Y93.007 E339.70052
G1 X205.525 Y93.095
G0 F10500 X205.854 Y92.01
G1 F2700 X208.517 Y94.673 E339.75955
G1 X208.605 Y94.761
G0 F10500 X208.975 Y93.717
G1 F2700 X210.943 Y95.684 E339.80317
G1 X211.031 Y95.772
G0 F10500 X211.393 Y94.72
G1 F2700 X213.059 Y96.387 E339.84011
G1 X213.147 Y96.475
G0 F10500 X213.496 Y95.409
G1 F2700 X214.999 Y96.912 E339.87343
G0 F10500 X214.09 Y96.71
G1 F2700 X212.462 Y95.083 E339.90951
G1 X212.374 Y94.995
G0 F10500 X212.027 Y96.061
G1 F2700 X210.189 Y94.224 E339.95025
G1 X210.101 Y94.136
G0 F10500 X209.737 Y95.185
G1 F2700 X207.494 Y92.943 E339.99996
G1 X207.406 Y92.855
G0 F10500 X207.043 Y93.906
G1 F2700 X203.781 Y90.644 E340.07227
G1 X203.693 Y90.556
G0 F10500 X203.474 Y91.752
G1 F2700 X195.324 Y83.601 E340.25296
G1 X195.236 Y83.513
G0 F10500 X196.43 Y83.292
G1 F2700 X193.167 Y80.03 E340.32528
G1 X193.079 Y79.942
G0 F10500 X194.132 Y79.581
G1 F2700 X191.887 Y77.336 E340.37505
G1 X191.799 Y77.248
G0 F10500 X192.852 Y76.887
G1 F2700 X191.01 Y75.044 E340.41589
G1 X190.922 Y74.956
G0 F10500 X191.992 Y74.613
G1 F2700 X190.363 Y72.984 E340.45201
G1 X190.275 Y72.896
G0 F10500 X199.17 Y84.11
G0 X200.984 Y86.091
G0 X202.965 Y87.905
G0 X204.69 Y89.228
G0 X214.509 Y95.715
G1 F2700 X215.908 Y97.114 E340.48302
G0 F10500 X216.818 Y97.317
G1 F2700 X215.417 Y95.916 E340.51408
G0 F10500 X216.326 Y96.118
G1 F2700 X217.641 Y97.433 E340.54323
G0 F10500 X218.455 Y97.54
G1 F2700 X217.221 Y96.305 E340.5706
G0 F10500 X218.035 Y96.413
G1 F2700 X219.269 Y97.647 E340.59795
G0 F10500 X220.06 Y97.73
G1 F2700 X218.85 Y96.521 E340.62477
G0 F10500 X219.665 Y96.628
G1 F2700 X220.8 Y97.763 E340.64993
G0 F10500 X221.54 Y97.796
G1 F2700 X220.428 Y96.684 E340.67458
G0 F10500 X221.166 Y96.715
G1 F2700 X222.28 Y97.829 E340.69927
G0 F10500 X222.998 Y97.84
G1 F2700 X221.905 Y96.747 E340.7235
G0 F10500 X222.644 Y96.779
G1 F2700 X223.674 Y97.809 E340.74634
G0 F10500 X224.351 Y97.779
G1 F2700 X223.331 Y96.759 E340.76895
G0 F10500 X224.01 Y96.73
G1 F2700 X225.028 Y97.749 E340.79153
G0 F10500 X225.704 Y97.717
G1 F2700 X224.688 Y96.701 E340.81405
G0 F10500 X225.366 Y96.672
G1 F2700 X226.329 Y97.635 E340.8354
G0 F10500 X226.954 Y97.553
G1 F2700 X226.008 Y96.607 E340.85637
G0 F10500 X226.632 Y96.525
G1 F2700 X227.578 Y97.471 E340.87734
G0 F10500 X228.203 Y97.389
G1 F2700 X227.257 Y96.442 E340.89832
G0 F10500 X227.882 Y96.36
G1 F2700 X228.812 Y97.29 E340.91894
G0 F10500 X229.39 Y97.161
G1 F2700 X228.499 Y96.27 E340.93869
G0 F10500 X229.078 Y96.142
G1 F2700 X229.968 Y97.032 E340.95842
G0 F10500 X230.547 Y96.904
G1 F2700 X229.657 Y96.014 E340.97815
G0 F10500 X230.236 Y95.885
G1 F2700 X231.125 Y96.775 E340.99787
G0 F10500 X231.684 Y96.627
G1 F2700 X230.815 Y95.757 E341.01715
G0 F10500 X231.375 Y95.611
G1 F2700 X232.223 Y96.458 E341.03593
G0 F10500 X232.76 Y96.288
G1 F2700 X231.913 Y95.441 E341.05471
G0 F10500 X232.451 Y95.272
G1 F2700 X233.298 Y96.119 E341.07349
G0 F10500 X233.836 Y95.95
G1 F2700 X232.988 Y95.103 E341.09228
G0 F10500 X233.526 Y94.933
G1 F2700 X234.362 Y95.769 E341.11081
G0 F10500 X234.862 Y95.562
G1 F2700 X234.05 Y94.75 E341.12881
G0 F10500 X234.55 Y94.543
G1 F2700 X235.362 Y95.355 E341.14681
G0 F10500 X235.863 Y95.148
G1 F2700 X235.05 Y94.336 E341.16482
G0 F10500 X235.55 Y94.129
G1 F2700 X236.363 Y94.941 E341.18283
G0 F10500 X236.863 Y94.734
G1 F2700 X236.051 Y93.922 E341.20083
G0 F10500 X236.546 Y93.71
G1 F2700 X237.331 Y94.496 E341.21825
G0 F10500 X237.797 Y94.254
G1 F2700 X237.01 Y93.468 E341.23568
G0 F10500 X237.475 Y93.225
G1 F2700 X238.262 Y94.012 E341.25313
G0 F10500 X238.727 Y93.77
G1 F2700 X237.94 Y92.983 E341.27058
G0 F10500 X238.405 Y92.741
G1 F2700 X239.193 Y93.529 E341.28805
G0 F10500 X239.649 Y93.277
G1 F2700 X238.869 Y92.498 E341.30533
G0 F10500 X239.31 Y92.232
G1 F2700 X240.08 Y93.002 E341.3224
G0 F10500 X240.512 Y92.727
G1 F2700 X239.742 Y91.957 E341.33947
G0 F10500 X240.174 Y91.682
G1 F2700 X240.943 Y92.451 E341.35651
G0 F10500 X241.375 Y92.176
G1 F2700 X240.607 Y91.407 E341.37355
G0 F10500 X241.039 Y91.132
G1 F2700 X241.807 Y91.9 E341.39057
G0 F10500 X242.222 Y91.608
G1 F2700 X241.464 Y90.85 E341.40738
G0 F10500 X241.864 Y90.543
G1 F2700 X242.622 Y91.301 E341.42418
G0 F10500 X243.021 Y90.994
G1 F2700 X242.264 Y90.236 E341.44097
G0 F10500 X242.664 Y89.929
G1 F2700 X243.422 Y90.687 E341.45778
G0 F10500 X243.822 Y90.38
G1 F2700 X243.064 Y89.622 E341.47458
G0 F10500 X243.464 Y89.315
G1 F2700 X244.221 Y90.072 E341.49136
G0 F10500 X244.596 Y89.74
G1 F2700 X243.845 Y88.989 E341.50801
G0 F10500 X244.214 Y88.651
G1 F2700 X244.965 Y89.402 E341.52466
G0 F10500 X245.334 Y89.064
G1 F2700 X244.583 Y88.313 E341.54131
G0 F10500 X244.953 Y87.975
G1 F2700 X245.704 Y88.727 E341.55797
G0 F10500 X246.073 Y88.389
G1 F2700 X245.322 Y87.637 E341.57463
G0 F10500 X245.691 Y87.299
G1 F2700 X246.442 Y88.051 E341.59129
G0 F10500 X246.783 Y87.684
G1 F2700 X246.03 Y86.931 E341.60798
G0 F10500 X246.368 Y86.562
G1 F2700 X247.121 Y87.315 E341.62467
G0 F10500 X247.459 Y86.946
G1 F2700 X246.706 Y86.193 E341.64137
G0 F10500 X247.044 Y85.824
G1 F2700 X247.797 Y86.577 E341.65806
G0 F10500 X248.135 Y86.208
G1 F2700 X247.382 Y85.455 E341.67475
G0 F10500 X247.712 Y85.077
G1 F2700 X248.471 Y85.837 E341.69159
G0 F10500 X248.778 Y85.436
G1 F2700 X248.019 Y84.677 E341.70841
G0 F10500 X248.326 Y84.277
G1 F2700 X249.086 Y85.037 E341.72526
G0 F10500 X249.393 Y84.637
G1 F2700 X248.632 Y83.877 E341.74212
G0 F10500 X248.939 Y83.476
G1 F2700 X249.7 Y84.237 E341.75899
G0 F10500 X250.007 Y83.837
G1 F2700 X249.246 Y83.076 E341.77586
G0 F10500 X249.532 Y82.655
G1 F2700 X250.304 Y83.427 E341.79298
G0 F10500 X250.579 Y82.995
G1 F2700 X249.807 Y82.223 E341.81009
G0 F10500 X250.082 Y81.791
G1 F2700 X250.854 Y82.563 E341.8272
G0 F10500 X251.129 Y82.131
G1 F2700 X250.357 Y81.358 E341.84433
G0 F10500 X250.632 Y80.926
G1 F2700 X251.404 Y81.698 E341.86144
G0 F10500 X251.679 Y81.266
G1 F2700 X250.903 Y80.49 E341.87865
G0 F10500 X251.145 Y80.026
G1 F2700 X251.935 Y80.815 E341.89615
G0 F10500 X252.177 Y80.35
G1 F2700 X251.388 Y79.561 E341.91364
G0 F10500 X251.631 Y79.096
G1 F2700 X252.419 Y79.885 E341.93112
G0 F10500 X252.661 Y79.42
G1 F2700 X251.873 Y78.632 E341.94859
G0 F10500 X252.116 Y78.167
G1 F2700 X252.903 Y78.955 E341.96605
G0 F10500 X253.145 Y78.49
G1 F2700 X252.332 Y77.677 E341.98407
G0 F10500 X252.538 Y77.176
G1 F2700 X253.352 Y77.99 E342.00211
G0 F10500 X253.56 Y77.49
G1 F2700 X252.745 Y76.675 E342.02018
G0 F10500 X252.952 Y76.175
G1 F2700 X253.767 Y76.99 E342.03825
G0 F10500 X253.974 Y76.49
G1 F2700 X253.159 Y75.675 E342.05632
G0 F10500 X253.347 Y75.156
G1 F2700 X254.181 Y75.99 E342.0748
G0 F10500 X254.368 Y75.47
G1 F2700 X253.516 Y74.618 E342.09369
G0 F10500 X253.686 Y74.081
G1 F2700 X254.537 Y74.932 E342.11256
G0 F10500 X254.706 Y74.393
G1 F2700 X253.856 Y73.544 E342.13139
G0 F10500 X254.025 Y73.006
G1 F2700 X254.875 Y73.855 E342.15022
G0 F10500 X255.044 Y73.317
G1 F2700 X254.176 Y72.45 E342.16945
G0 F10500 X254.305 Y71.871
G1 F2700 X255.196 Y72.763 E342.18922
G0 F10500 X255.325 Y72.184
G1 F2700 X254.433 Y71.293 E342.20898
G0 F10500 X254.561 Y70.714
G1 F2700 X255.454 Y71.606 E342.22876
G0 F10500 X255.583 Y71.028
G1 F2700 X254.69 Y70.135 E342.24856
G0 F10500 X254.786 Y69.524
G1 F2700 X255.711 Y70.449 E342.26907
G0 F10500 X255.816 Y69.847
G1 F2700 X254.868 Y68.899 E342.29008
G0 F10500 X254.95 Y68.274
G1 F2700 X255.899 Y69.222 E342.31111
G0 F10500 X255.981 Y68.597
G1 F2700 X255.032 Y67.649 E342.33214
G0 F10500 X255.105 Y67.014
G1 F2700 X256.063 Y67.972 E342.35337
G0 F10500 X256.145 Y67.347
G1 F2700 X255.134 Y66.336 E342.37579
G0 F10500 X255.163 Y65.658
G1 F2700 X256.183 Y66.678 E342.3984
G0 F10500 X256.213 Y66.002
G1 F2700 X255.192 Y64.98 E342.42104
G0 F10500 X255.22 Y64.301
G1 F2700 X256.244 Y65.325 E342.44374
G0 F10500 X256.274 Y64.648
G1 F2700 X255.188 Y63.562 E342.46782
G0 F10500 X255.156 Y62.823
G1 F2700 X256.271 Y63.938 E342.49254
G0 F10500 X256.238 Y63.198
G1 F2700 X255.124 Y62.084 E342.51723
G0 F10500 X255.078 Y61.331
G1 F2700 X256.206 Y62.458 E342.54223
G0 F10500 X256.172 Y61.718
G1 F2700 X254.971 Y60.517 E342.56885
G0 F10500 X254.863 Y59.701
G1 F2700 X256.099 Y60.937 E342.59625
G0 F10500 X255.992 Y60.123
G1 F2700 X254.755 Y58.887 E342.62366
G0 F10500 X254.58 Y58.004
G1 F2700 X255.885 Y59.309 E342.65259
G0 F10500 X255.778 Y58.496
G1 F2700 X254.378 Y57.096 E342.68363
G0 F10500 X254.177 Y56.187
G1 F2700 X255.579 Y57.589 E342.71471
G0 F10500 X255.376 Y56.679
G1 F2700 X253.886 Y55.189 E342.74774
G1 X253.798 Y55.101
G0 F10500 X254.866 Y54.755
G1 F2700 X253.219 Y53.108 E342.78425
G1 X253.131 Y53.02
G0 F10500 X254.186 Y52.661
G1 F2700 X252.227 Y50.702 E342.82768
G1 X252.139 Y50.614
G0 F10500 X253.186 Y50.247
G1 F2700 X250.604 Y47.664 E342.88493
G1 X250.516 Y47.576
G0 F10500 X251.602 Y47.248
G1 F2700 X245.713 Y41.36 E343.01547
G1 X239.825 Y35.471 E343.14601
G1 X239.737 Y35.383
G0 F10500 X239.408 Y36.469
G1 F2700 X236.827 Y33.887 E343.20323
G1 X236.739 Y33.799
G0 F10500 X236.373 Y34.848
G1 F2700 X234.414 Y32.888 E343.24667
G1 X234.326 Y32.8
G0 F10500 X233.964 Y33.853
G1 F2700 X232.321 Y32.21 E343.2831
G1 X232.233 Y32.122
G0 F10500 X241.778 Y36.717
G1 F2700 X250.361 Y45.3 E343.47337
G1 X250.449 Y45.388
G0 F10500 X249.364 Y45.717
G1 F2700 X252.442 Y48.795 E343.5416
G1 X252.53 Y48.883
G0 F10500 X251.478 Y49.246
G1 F2700 X253.686 Y51.454 E343.59055
G1 X253.774 Y51.542
G0 F10500 X252.723 Y51.905
G1 F2700 X254.542 Y53.724 E343.63087
G1 X254.63 Y53.812
G0 F10500 X253.56 Y54.156
G1 F2700 X255.173 Y55.769 E343.66663
G1 X255.261 Y55.857
;MESH:NONMESH
G0 F10500 X246.343 Y44.527
G0 X244.529 Y42.547
G0 X242.548 Y40.733
G0 X240.417 Y39.097
G0 X238.151 Y37.654
G0 X235.768 Y36.413
G0 X233.287 Y35.386
G0 X230.725 Y34.578
G0 X228.102 Y33.997
G0 X225.44 Y33.646
G0 X222.757 Y33.529
G0 X220.073 Y33.646
G0 X217.411 Y33.997
G0 X214.788 Y34.578
G0 X212.226 Y35.386
G0 X209.744 Y36.413
G0 X207.363 Y37.654
G0 X205.096 Y39.097
G0 X202.965 Y40.733
G0 X200.984 Y42.547
G0 X199.516 Y44.15
G0 X193.978 Y50.898
;TIME_ELAPSED:804.297313
;LAYER:9
;MESH:
G0 X193.978 Y50.898 Z2
;TYPE:WALL-INNER
G1 F3600 X192.921 Y53.459 E343.71006
G1 X192.088 Y56.099 E343.75346
G1 X191.487 Y58.805 E343.79691
G1 X191.125 Y61.551 E343.84032
G1 X191.007 Y64.319 E343.88375
G1 X191.125 Y67.087 E343.92718
G1 X191.487 Y69.832 E343.97058
G1 X192.088 Y72.538 E344.01404
G1 X192.921 Y75.178 E344.05743
G1 X193.978 Y77.736 E344.10082
G1 X195.26 Y80.194 E344.14427
G1 X196.747 Y82.531 E344.18769
G1 X198.434 Y84.729 E344.23113
G1 X200.304 Y86.771 E344.27453
G1 X202.346 Y88.641 E344.31793
G1 X204.544 Y90.328 E344.36137
G1 X206.882 Y91.816 E344.40481
G1 X209.336 Y93.097 E344.4482
G1 X211.897 Y94.155 E344.49164
G1 X214.539 Y94.988 E344.53506
G1 X217.243 Y95.588 E344.57848
G1 X219.988 Y95.951 E344.62188
G1 X222.757 Y96.069 E344.66533
G1 X225.525 Y95.951 E344.70876
G1 X228.27 Y95.588 E344.75216
G1 X230.974 Y94.988 E344.79558
G1 X233.616 Y94.155 E344.839
G1 X236.174 Y93.097 E344.88239
G1 X238.632 Y91.816 E344.92584
G1 X240.969 Y90.328 E344.96927
G1 X243.167 Y88.641 E345.01271
G1 X245.209 Y86.771 E345.05611
G1 X247.079 Y84.729 E345.09951
G1 X248.766 Y82.531 E345.14295
G1 X250.253 Y80.194 E345.18637
G1 X251.535 Y77.736 E345.22982
G1 X252.592 Y75.178 E345.27321
G1 X253.425 Y72.538 E345.3166
G1 X254.026 Y69.832 E345.36005
G1 X254.388 Y67.088 E345.40344
G1 X254.507 Y64.319 E345.44689
G1 X254.388 Y61.55 E345.49033
G1 X254.026 Y58.805 E345.53373
G1 X253.425 Y56.099 E345.57718
G1 X252.592 Y53.459 E345.62058
G1 X251.535 Y50.898 E345.66401
G1 X250.253 Y48.444 E345.70741
G1 X248.766 Y46.107 E345.75083
G1 X247.079 Y43.908 E345.79427
G1 X245.209 Y41.867 E345.83767
G1 X243.167 Y39.997 E345.88107
G1 X240.969 Y38.309 E345.92451
G1 X238.632 Y36.822 E345.96793
G1 X236.174 Y35.541 E346.01138
G1 X233.616 Y34.483 E346.05477
G1 X230.974 Y33.65 E346.0982
G1 X228.27 Y33.05 E346.14162
G1 X225.525 Y32.687 E346.18502
G1 X222.757 Y32.569 E346.22845
G1 X219.988 Y32.687 E346.27189
G1 X217.243 Y33.05 E346.3153
G1 X214.539 Y33.65 E346.35871
G1 X211.897 Y34.483 E346.40214
G1 X209.336 Y35.541 E346.44557
G1 X206.882 Y36.822 E346.48897
G1 X204.544 Y38.309 E346.5324
G1 X202.346 Y39.997 E346.57584
G1 X200.304 Y41.867 E346.61925
G1 X198.434 Y43.908 E346.66264
G1 X196.747 Y46.107 E346.70609
G1 X195.26 Y48.444 E346.74951
G1 X193.978 Y50.898 E346.79291
G0 F10500 X199.17 Y44.527
G0 X200.984 Y42.547
G0 X202.965 Y40.733
G0 X205.096 Y39.097
G0 X207.363 Y37.654
G0 X209.744 Y36.413
G0 X211.15 Y35.832
G0 X225.75 Y30.203
G1 F3600 X228.722 Y30.595 E346.8399
G1 X231.617 Y31.238 E346.88638
G1 X234.467 Y32.136 E346.93322
G1 X237.216 Y33.273 E346.97986
G1 X239.883 Y34.661 E347.02699
G1 X242.416 Y36.275 E347.07407
G1 X244.759 Y38.074 E347.12037
G1 X246.973 Y40.102 E347.16744
G1 X249.001 Y42.316 E347.2145
G1 X250.804 Y44.664 E347.26091
G1 X252.426 Y47.214 E347.30828
G1 X253.791 Y49.833 E347.35458
G1 X254.941 Y52.612 E347.40172
G1 X255.838 Y55.458 E347.4485
G1 X256.481 Y58.354 E347.495
G1 X256.873 Y61.325 E347.54197
G1 X257.004 Y64.319 E347.58895
G1 X256.873 Y67.312 E347.63591
G1 X256.481 Y70.284 E347.6829
G1 X255.838 Y73.179 E347.72939
G1 X254.941 Y76.026 E347.77618
G1 X253.791 Y78.805 E347.82332
G1 X252.426 Y81.424 E347.86962
G1 X250.811 Y83.962 E347.91678
G1 X248.993 Y86.331 E347.96359
G1 X246.973 Y88.536 E348.01046
G1 X244.759 Y90.563 E348.05752
G1 X242.416 Y92.362 E348.10382
G1 X239.882 Y93.977 E348.15092
G1 X237.215 Y95.365 E348.19805
G1 X234.467 Y96.502 E348.24467
G1 X231.617 Y97.4 E348.29151
G1 X228.722 Y98.043 E348.338
G1 X225.75 Y98.435 E348.38499
G1 X222.757 Y98.566 E348.43195
G1 X219.763 Y98.435 E348.47893
G1 X216.791 Y98.043 E348.52592
G1 X213.896 Y97.4 E348.5724
G1 X211.046 Y96.502 E348.61924
G1 X208.298 Y95.365 E348.66586
G1 X205.631 Y93.977 E348.71299
G1 X203.097 Y92.362 E348.76009
G1 X200.754 Y90.563 E348.8064
G1 X198.54 Y88.536 E348.85345
G1 X196.52 Y86.331 E348.90033
G1 X194.702 Y83.962 E348.94714
G1 X193.087 Y81.424 E348.9943
G1 X191.722 Y78.805 E349.04059
G1 X190.572 Y76.026 E349.08774
G1 X189.675 Y73.179 E349.13453
G1 X189.032 Y70.284 E349.18101
G1 X188.641 Y67.312 E349.228
G1 X188.51 Y64.319 E349.27496
G1 X188.641 Y61.325 E349.32194
G1 X189.032 Y58.354 E349.36891
G1 X189.675 Y55.458 E349.41542
G1 X190.572 Y52.612 E349.46219
G1 X191.722 Y49.833 E349.50934
G1 X193.087 Y47.214 E349.55563
G1 X194.709 Y44.664 E349.603
G1 X196.512 Y42.316 E349.64941
G1 X198.54 Y40.102 E349.69647
G1 X200.754 Y38.074 E349.74354
G1 X203.097 Y36.275 E349.78984
G1 X205.631 Y34.661 E349.83694
G1 X208.298 Y33.273 E349.88407
G1 X211.046 Y32.136 E349.93069
G1 X213.896 Y31.238 E349.97753
G1 X216.791 Y30.595 E350.02401
G1 X219.763 Y30.203 E350.071
G1 X222.757 Y30.072 E350.11798
G1 X225.75 Y30.203 E350.16494
G0 F10500 X225.791 Y29.704
G1 F3600 X228.804 Y30.101 E350.21258
G1 X231.749 Y30.755 E350.25987
G1 X234.637 Y31.665 E350.30733
G1 X237.433 Y32.822 E350.35477
G1 X240.133 Y34.227 E350.40248
G1 X242.699 Y35.862 E350.45017
G1 X245.084 Y37.693 E350.49731
G1 X247.327 Y39.748 E350.54499
G1 X249.382 Y41.991 E350.59268
G1 X251.213 Y44.376 E350.63981
G1 X252.858 Y46.961 E350.68784
G1 X254.246 Y49.625 E350.73493
G1 X255.412 Y52.442 E350.78272
G1 X256.321 Y55.326 E350.83012
G1 X256.975 Y58.272 E350.87742
G1 X257.372 Y61.284 E350.92505
G1 X257.505 Y64.319 E350.97267
G1 X257.372 Y67.353 E351.02027
G1 X256.975 Y70.366 E351.06791
G1 X256.321 Y73.311 E351.1152
G1 X255.412 Y76.196 E351.16261
G1 X254.246 Y79.013 E351.21041
G1 X252.858 Y81.677 E351.25749
G1 X251.217 Y84.256 E351.30541
G1 X249.378 Y86.651 E351.35274
G1 X247.327 Y88.89 E351.40034
G1 X245.084 Y90.944 E351.44802
G1 X242.699 Y92.775 E351.49515
G1 X240.132 Y94.411 E351.54286
G1 X237.432 Y95.816 E351.59058
G1 X234.637 Y96.973 E351.63799
G1 X231.749 Y97.883 E351.68546
G1 X228.804 Y98.537 E351.73275
G1 X225.791 Y98.934 E351.78039
G1 X222.757 Y99.067 E351.82799
G1 X219.722 Y98.934 E351.87561
G1 X216.709 Y98.537 E351.92325
G1 X213.764 Y97.883 E351.97054
G1 X210.876 Y96.973 E352.018
G1 X208.081 Y95.816 E352.06542
G1 X205.381 Y94.411 E352.11313
G1 X202.814 Y92.775 E352.16085
G1 X200.429 Y90.944 E352.20798
G1 X198.186 Y88.89 E352.25566
G1 X196.135 Y86.651 E352.30326
G1 X194.296 Y84.256 E352.35059
G1 X192.655 Y81.677 E352.39851
G1 X191.267 Y79.013 E352.44559
G1 X190.101 Y76.196 E352.49338
G1 X189.192 Y73.311 E352.5408
G1 X188.538 Y70.366 E352.58809
G1 X188.142 Y67.353 E352.63572
G1 X188.009 Y64.319 E352.68333
G1 X188.142 Y61.284 E352.73095
G1 X188.538 Y58.272 E352.77857
G1 X189.192 Y55.326 E352.82588
G1 X190.101 Y52.442 E352.87328
G1 X191.267 Y49.625 E352.92107
G1 X192.655 Y46.961 E352.96815
G1 X194.3 Y44.376 E353.01618
G1 X196.131 Y41.991 E353.06332
G1 X198.186 Y39.748 E353.111
G1 X200.429 Y37.693 E353.15869
G1 X202.814 Y35.862 E353.20582
G1 X205.381 Y34.227 E353.25353
G1 X208.081 Y32.822 E353.30124
G1 X210.876 Y31.665 E353.34866
G1 X213.764 Y30.755 E353.39612
G1 X216.709 Y30.101 E353.44341
G1 X219.722 Y29.704 E353.49105
G1 X222.757 Y29.571 E353.53867
G1 X225.791 Y29.704 E353.58628
G0 F10500 X209.744 Y36.413
G0 X207.363 Y37.654
G0 X205.096 Y39.097
G0 X202.965 Y40.733
G0 X200.984 Y42.547
G0 X199.17 Y44.527
G0 X197.847 Y46.253
G0 X194.432 Y51.11
G1 F3600 X193.391 Y53.63 E353.62902
G1 X192.571 Y56.229 E353.67174
G1 X191.98 Y58.892 E353.7145
G1 X191.624 Y61.594 E353.75722
G1 X191.507 Y64.319 E353.79997
G1 X191.624 Y67.044 E353.84273
G1 X191.98 Y69.745 E353.88543
G1 X192.571 Y72.408 E353.92819
G1 X193.391 Y75.007 E353.97091
G1 X194.432 Y77.525 E354.01362
G1 X195.693 Y79.944 E354.05639
G1 X197.157 Y82.244 E354.09912
G1 X198.817 Y84.407 E354.14186
G1 X200.658 Y86.417 E354.18459
G1 X202.668 Y88.258 E354.22732
G1 X204.831 Y89.918 E354.27006
G1 X207.132 Y91.383 E354.31282
G1 X209.548 Y92.643 E354.35553
G1 X212.068 Y93.685 E354.39827
G1 X214.669 Y94.505 E354.44102
G1 X217.33 Y95.095 E354.48375
G1 X220.032 Y95.452 E354.52647
G1 X222.757 Y95.569 E354.56923
G1 X225.481 Y95.452 E354.61197
G1 X228.183 Y95.095 E354.65469
G1 X230.844 Y94.505 E354.69742
G1 X233.445 Y93.685 E354.74017
G1 X235.963 Y92.643 E354.78288
G1 X238.382 Y91.383 E354.82564
G1 X240.682 Y89.918 E354.86838
G1 X242.845 Y88.258 E354.91112
G1 X244.855 Y86.417 E354.95385
G1 X246.696 Y84.407 E354.99658
G1 X248.356 Y82.244 E355.03932
G1 X249.82 Y79.944 E355.08205
G1 X251.081 Y77.525 E355.12482
G1 X252.122 Y75.007 E355.16753
G1 X252.942 Y72.408 E355.21025
G1 X253.533 Y69.745 E355.25301
G1 X253.889 Y67.044 E355.29571
G1 X254.007 Y64.319 E355.33847
G1 X253.889 Y61.594 E355.38122
G1 X253.533 Y58.892 E355.42395
G1 X252.942 Y56.229 E355.4667
G1 X252.122 Y53.63 E355.50942
G1 X251.081 Y51.11 E355.55216
G1 X249.82 Y48.694 E355.59488
G1 X248.356 Y46.394 E355.63762
G1 X246.696 Y44.23 E355.68038
G1 X244.855 Y42.221 E355.72309
G1 X242.845 Y40.38 E355.76582
G1 X240.682 Y38.719 E355.80857
G1 X238.382 Y37.255 E355.8513
G1 X235.963 Y35.995 E355.89406
G1 X233.445 Y34.953 E355.93678
G1 X230.844 Y34.133 E355.97953
G1 X228.183 Y33.543 E356.02225
G1 X225.481 Y33.186 E356.06497
G1 X222.757 Y33.069 E356.10771
G1 X220.032 Y33.186 E356.15047
G1 X217.33 Y33.543 E356.19319
G1 X214.669 Y34.133 E356.23592
G1 X212.068 Y34.953 E356.27867
G1 X209.548 Y35.995 E356.32141
G1 X207.132 Y37.255 E356.36413
G1 X204.831 Y38.719 E356.40688
G1 X202.668 Y40.38 E356.44963
G1 X200.658 Y42.221 E356.49235
G1 X198.817 Y44.23 E356.53507
G1 X197.157 Y46.394 E356.57782
G1 X195.693 Y48.694 E356.62056
G1 X194.432 Y51.11 E356.66328
G0 F10500 X194.886 Y51.322
G1 F3600 X193.861 Y53.801 E356.70533
G1 X193.054 Y56.359 E356.74737
G1 X192.473 Y58.979 E356.78944
G1 X192.123 Y61.638 E356.83148
G1 X192.007 Y64.319 E356.87355
G1 X192.123 Y67 E356.91561
G1 X192.473 Y69.658 E356.95764
G1 X193.054 Y72.278 E356.99971
G1 X193.861 Y74.836 E357.04175
G1 X194.886 Y77.314 E357.08379
G1 X196.126 Y79.694 E357.12585
G1 X197.567 Y81.957 E357.16791
G1 X199.2 Y84.085 E357.20996
G1 X201.012 Y86.063 E357.25201
G1 X202.99 Y87.875 E357.29406
G1 X205.118 Y89.508 E357.3361
G1 X207.382 Y90.95 E357.37818
G1 X209.76 Y92.189 E357.42021
G1 X212.239 Y93.215 E357.46227
G1 X214.798 Y94.022 E357.50433
G1 X217.417 Y94.602 E357.54638
G1 X220.076 Y94.953 E357.58842
G1 X222.757 Y95.069 E357.63049
G1 X225.437 Y94.953 E357.67254
G1 X228.096 Y94.602 E357.71458
G1 X230.715 Y94.022 E357.75663
G1 X233.274 Y93.215 E357.79869
G1 X235.752 Y92.189 E357.84073
G1 X238.132 Y90.95 E357.88279
G1 X240.395 Y89.508 E357.92485
G1 X242.523 Y87.875 E357.9669
G1 X244.501 Y86.063 E358.00895
G1 X246.313 Y84.085 E358.051
G1 X247.946 Y81.957 E358.09305
G1 X249.387 Y79.694 E358.1351
G1 X250.627 Y77.314 E358.17717
G1 X251.652 Y74.836 E358.2192
G1 X252.459 Y72.278 E358.26125
G1 X253.04 Y69.658 E358.30332
G1 X253.39 Y67 E358.34534
G1 X253.507 Y64.319 E358.38741
G1 X253.39 Y61.638 E358.42947
G1 X253.04 Y58.979 E358.47152
G1 X252.459 Y56.359 E358.51358
G1 X251.652 Y53.801 E358.55563
G1 X250.627 Y51.322 E358.59768
G1 X249.387 Y48.944 E358.63972
G1 X247.946 Y46.681 E358.68177
G1 X246.313 Y44.552 E358.72383
G1 X244.501 Y42.575 E358.76587
G1 X242.523 Y40.763 E358.80792
G1 X240.395 Y39.129 E358.84998
G1 X238.132 Y37.688 E358.89203
G1 X235.752 Y36.449 E358.93409
G1 X233.274 Y35.423 E358.97613
G1 X230.715 Y34.616 E359.01819
G1 X228.096 Y34.036 E359.06024
G1 X225.437 Y33.685 E359.10229
G1 X222.757 Y33.569 E359.14434
G1 X220.076 Y33.685 E359.1864
G1 X217.417 Y34.036 E359.22844
G1 X214.798 Y34.616 E359.27049
G1 X212.239 Y35.423 E359.31255
G1 X209.76 Y36.449 E359.35461
G1 X207.382 Y37.688 E359.39664
G1 X205.118 Y39.129 E359.43871
G1 X202.99 Y40.763 E359.48077
G1 X201.012 Y42.575 E359.52282
G1 X199.2 Y44.552 E359.56485
G1 X197.567 Y46.681 E359.60691
G1 X196.126 Y48.944 E359.64897
G1 X194.886 Y51.322 E359.69101
G0 F10500 X194.796 Y51.28
G0 X196.092 Y48.924
G0 X197.535 Y46.659
G0 X199.17 Y44.527
G0 X200.984 Y42.547
G0 X202.965 Y40.733
G0 X205.096 Y39.097
G0 X207.363 Y37.654
G0 X209.29 Y36.65
G0 X225.824 Y29.304
G0 X225.832 Y29.205
G1 F3600 X228.886 Y29.607 E359.73929
G1 X231.881 Y30.272 E359.78739
G1 X234.807 Y31.194 E359.83548
G1 X237.65 Y32.371 E359.88371
G1 X240.383 Y33.793 E359.932
G1 X242.982 Y35.449 E359.98031
G1 X245.409 Y37.312 E360.02827
G1 X247.681 Y39.394 E360.07658
G1 X249.763 Y41.666 E360.12488
G1 X251.626 Y44.093 E360.17284
G1 X253.287 Y46.702 E360.22133
G1 X254.701 Y49.417 E360.26931
G1 X255.883 Y52.272 E360.31775
G1 X256.804 Y55.194 E360.36577
G1 X257.469 Y58.19 E360.41388
G1 X257.871 Y61.243 E360.46215
G1 X258.006 Y64.319 E360.51041
G1 X257.871 Y67.394 E360.55866
G1 X257.469 Y70.448 E360.60695
G1 X256.804 Y73.443 E360.65504
G1 X255.883 Y76.366 E360.70308
G1 X254.701 Y79.221 E360.75152
G1 X253.287 Y81.936 E360.7995
G1 X251.63 Y84.539 E360.84787
G1 X249.759 Y86.976 E360.89603
G1 X247.681 Y89.244 E360.94425
G1 X245.409 Y91.325 E360.99255
G1 X242.982 Y93.188 E361.04051
G1 X240.382 Y94.845 E361.08884
G1 X237.649 Y96.267 E361.13713
G1 X234.807 Y97.444 E361.18535
G1 X231.881 Y98.366 E361.23344
G1 X228.886 Y99.031 E361.28153
G1 X225.832 Y99.433 E361.32982
G1 X222.757 Y99.568 E361.37806
G1 X219.681 Y99.433 E361.42633
G1 X216.627 Y99.031 E361.47461
G1 X213.632 Y98.366 E361.52271
G1 X210.706 Y97.444 E361.57079
G1 X207.864 Y96.267 E361.61901
G1 X205.131 Y94.845 E361.66731
G1 X202.531 Y93.188 E361.71564
G1 X200.104 Y91.325 E361.7636
G1 X197.832 Y89.244 E361.81189
G1 X195.754 Y86.976 E361.86011
G1 X193.883 Y84.539 E361.90827
G1 X192.226 Y81.936 E361.95664
G1 X190.812 Y79.221 E362.00463
G1 X189.63 Y76.366 E362.05306
G1 X188.709 Y73.443 E362.1011
G1 X188.044 Y70.448 E362.14919
G1 X187.643 Y67.394 E362.19748
G1 X187.508 Y64.319 E362.24573
G1 X187.643 Y61.243 E362.29399
G1 X188.044 Y58.19 E362.34226
G1 X188.709 Y55.194 E362.39037
G1 X189.63 Y52.272 E362.43839
G1 X190.812 Y49.417 E362.48683
G1 X192.226 Y46.702 E362.53481
G1 X193.887 Y44.093 E362.5833
G1 X195.75 Y41.666 E362.63126
G1 X197.832 Y39.394 E362.67956
G1 X200.104 Y37.312 E362.72787
G1 X202.531 Y35.449 E362.77583
G1 X205.131 Y33.793 E362.82415
G1 X207.864 Y32.371 E362.87244
G1 X210.706 Y31.194 E362.92066
G1 X213.632 Y30.272 E362.96875
G1 X216.627 Y29.607 E363.01684
G1 X219.681 Y29.205 E363.06513
G1 X222.757 Y29.07 E363.11339
G1 X225.832 Y29.205 E363.16164
G0 F10500 X225.873 Y28.706
;TYPE:WALL-OUTER
G1 F2700 X228.968 Y29.113 E363.21058
G1 X232.013 Y29.789 E363.25947
G1 X234.977 Y30.723 E363.30818
G1 X237.867 Y31.92 E363.35722
G1 X240.633 Y33.359 E363.40609
G1 X243.265 Y35.036 E363.45501
G1 X245.734 Y36.931 E363.5038
G1 X248.035 Y39.04 E363.55273
G1 X250.144 Y41.341 E363.60166
G1 X252.039 Y43.81 E363.65045
G1 X253.716 Y46.443 E363.69938
G1 X255.156 Y49.209 E363.74826
G1 X256.354 Y52.102 E363.79735
G1 X257.287 Y55.062 E363.846
G1 X257.963 Y58.108 E363.8949
G1 X258.37 Y61.202 E363.94382
G1 X258.507 Y64.319 E363.99273
G1 X258.37 Y67.435 E364.04162
G1 X257.963 Y70.53 E364.09056
G1 X257.287 Y73.575 E364.13945
G1 X256.354 Y76.536 E364.18811
G1 X255.156 Y79.429 E364.2372
G1 X253.716 Y82.195 E364.28608
G1 X252.039 Y84.828 E364.33501
G1 X250.144 Y87.296 E364.38379
G1 X248.035 Y89.598 E364.43273
G1 X245.734 Y91.706 E364.48165
G1 X243.265 Y93.601 E364.53043
G1 X240.632 Y95.279 E364.57938
G1 X237.867 Y96.718 E364.62824
G1 X234.977 Y97.915 E364.67727
G1 X232.013 Y98.849 E364.72599
G1 X228.968 Y99.525 E364.77488
G1 X225.873 Y99.932 E364.82381
G1 X222.757 Y100.069 E364.87271
G1 X219.64 Y99.932 E364.92161
G1 X216.545 Y99.525 E364.97055
G1 X213.5 Y98.849 E365.01944
G1 X210.536 Y97.915 E365.06815
G1 X207.646 Y96.718 E365.11719
G1 X204.881 Y95.279 E365.16605
G1 X202.248 Y93.601 E365.21499
G1 X199.779 Y91.706 E365.26378
G1 X197.478 Y89.598 E365.3127
G1 X195.369 Y87.296 E365.36164
G1 X193.474 Y84.828 E365.41041
G1 X191.797 Y82.195 E365.45935
G1 X190.357 Y79.429 E365.50823
G1 X189.159 Y76.536 E365.55731
G1 X188.226 Y73.575 E365.60598
G1 X187.55 Y70.53 E365.65487
G1 X187.144 Y67.435 E365.7038
G1 X187.007 Y64.319 E365.75269
G1 X187.144 Y61.202 E365.8016
G1 X187.55 Y58.108 E365.85052
G1 X188.226 Y55.062 E365.89943
G1 X189.159 Y52.102 E365.94808
G1 X190.357 Y49.209 E365.99716
G1 X191.797 Y46.443 E366.04604
G1 X193.474 Y43.81 E366.09498
G1 X195.369 Y41.341 E366.14376
G1 X197.478 Y39.04 E366.19269
G1 X199.779 Y36.931 E366.24162
G1 X202.248 Y35.036 E366.29041
G1 X204.881 Y33.359 E366.33934
G1 X207.646 Y31.92 E366.3882
G1 X210.536 Y30.723 E366.43724
G1 X213.5 Y29.789 E366.48595
G1 X216.545 Y29.113 E366.53485
G1 X219.64 Y28.706 E366.58378
G1 X222.757 Y28.569 E366.63269
G1 X225.873 Y28.706 E366.68158
G0 F10500 X226.12 Y28.738
G0 X226.041 Y29.333
G0 X240.417 Y39.097
G0 X242.548 Y40.733
G0 X244.529 Y42.547
G0 X246.343 Y44.527
G0 X247.978 Y46.659
G0 X249.421 Y48.924
G0 X250.663 Y51.306
G0 X251.689 Y53.788
G0 X252.497 Y56.349
G0 X253.079 Y58.973
G0 X253.362 Y61.128
G0 X253.605 Y64.344
G0 X253.007 Y64.319
G1 F2700 X252.891 Y61.682 E366.72295
G1 X252.547 Y59.066 E366.76431
G1 X251.976 Y56.489 E366.80569
G1 X251.182 Y53.972 E366.84706
G1 X250.173 Y51.534 E366.88842
G1 X248.954 Y49.194 E366.92978
G1 X247.536 Y46.968 E366.97115
G1 X245.93 Y44.874 E367.01252
G1 X244.147 Y42.929 E367.05388
G1 X242.201 Y41.146 E367.09525
G1 X240.108 Y39.539 E367.13662
G1 X237.882 Y38.121 E367.17799
G1 X235.541 Y36.903 E367.21936
G1 X233.103 Y35.893 E367.26072
G1 X230.586 Y35.099 E367.30209
G1 X228.009 Y34.529 E367.34347
G1 X225.393 Y34.184 E367.38483
G1 X222.757 Y34.069 E367.42619
G1 X220.12 Y34.184 E367.46756
G1 X217.504 Y34.529 E367.50893
G1 X214.927 Y35.099 E367.5503
G1 X212.41 Y35.893 E367.59167
G1 X209.972 Y36.903 E367.63304
G1 X207.632 Y38.121 E367.67439
G1 X205.405 Y39.539 E367.71577
G1 X203.312 Y41.146 E367.75714
G1 X201.366 Y42.929 E367.79851
G1 X199.583 Y44.874 E367.83987
G1 X197.977 Y46.968 E367.88124
G1 X196.559 Y49.194 E367.92261
G1 X195.34 Y51.534 E367.96397
G1 X194.331 Y53.972 E368.00533
G1 X193.537 Y56.489 E368.0467
G1 X192.966 Y59.066 E368.08808
G1 X192.622 Y61.682 E368.12944
G1 X192.507 Y64.319 E368.17081
G1 X192.622 Y66.956 E368.21219
G1 X192.966 Y69.571 E368.25353
G1 X193.537 Y72.148 E368.29491
G1 X194.331 Y74.665 E368.33628
G1 X195.34 Y77.103 E368.37764
G1 X196.559 Y79.444 E368.41901
G1 X197.977 Y81.67 E368.46038
G1 X199.583 Y83.763 E368.50174
G1 X201.366 Y85.709 E368.54311
G1 X203.312 Y87.492 E368.58448
G1 X205.405 Y89.098 E368.62584
G1 X207.632 Y90.517 E368.66723
G1 X209.972 Y91.735 E368.70858
G1 X212.41 Y92.745 E368.74995
G1 X214.927 Y93.539 E368.79132
G1 X217.504 Y94.109 E368.83269
G1 X220.12 Y94.454 E368.87406
G1 X222.757 Y94.569 E368.91543
G1 X225.393 Y94.454 E368.95679
G1 X228.009 Y94.109 E368.99815
G1 X230.586 Y93.539 E369.03953
G1 X233.103 Y92.745 E369.0809
G1 X235.541 Y91.735 E369.12226
G1 X237.882 Y90.517 E369.16363
G1 X240.108 Y89.098 E369.20501
G1 X242.201 Y87.492 E369.24636
G1 X244.147 Y85.709 E369.28774
G1 X245.93 Y83.763 E369.32911
G1 X247.536 Y81.67 E369.37046
G1 X248.954 Y79.444 E369.41184
G1 X250.173 Y77.103 E369.45321
G1 X251.182 Y74.665 E369.49457
G1 X251.976 Y72.148 E369.53594
G1 X252.547 Y69.571 E369.57732
G1 X252.891 Y66.956 E369.61866
G1 X253.007 Y64.319 E369.66004
G0 F10500 X252.997 Y64.07
G0 X253.595 Y64.045
G0 X254.997 Y64.319
;TYPE:SKIN
G1 F2700 X254.876 Y61.507 E369.70416
G1 X254.509 Y58.719 E369.74824
G1 X253.899 Y55.972 E369.79235
G1 X253.053 Y53.292 E369.8364
G1 X251.98 Y50.69 E369.88052
G1 X250.678 Y48.199 E369.92458
G1 X249.168 Y45.826 E369.96867
G1 X247.455 Y43.593 E370.01279
G1 X245.556 Y41.52 E370.05686
G1 X243.482 Y39.621 E370.10094
G1 X241.251 Y37.907 E370.14504
G1 X238.877 Y36.397 E370.18914
G1 X236.382 Y35.096 E370.23325
G1 X233.784 Y34.022 E370.27732
G1 X231.101 Y33.176 E370.32141
G1 X228.356 Y32.567 E370.36549
G1 X225.568 Y32.199 E370.40957
G1 X222.757 Y32.079 E370.45368
G1 X219.945 Y32.199 E370.4978
G1 X217.157 Y32.567 E370.54188
G1 X214.412 Y33.176 E370.58595
G1 X211.73 Y34.022 E370.63004
G1 X209.128 Y35.096 E370.67416
G1 X206.637 Y36.397 E370.71821
G1 X204.263 Y37.907 E370.76232
G1 X202.031 Y39.621 E370.80643
G1 X199.957 Y41.52 E370.85051
G1 X198.058 Y43.593 E370.89458
G1 X196.345 Y45.826 E370.9387
G1 X194.835 Y48.199 E370.98279
G1 X193.533 Y50.69 E371.02685
G1 X192.46 Y53.292 E371.07097
G1 X191.614 Y55.972 E371.11502
G1 X191.004 Y58.719 E371.15913
G1 X190.637 Y61.508 E371.20323
G1 X190.517 Y64.319 E371.24733
G1 X190.637 Y67.13 E371.29143
G1 X191.004 Y69.918 E371.33551
G1 X191.614 Y72.665 E371.37962
G1 X192.46 Y75.346 E371.42369
G1 X193.533 Y77.944 E371.46775
G1 X194.835 Y80.439 E371.51187
G1 X196.345 Y82.812 E371.55596
G1 X198.058 Y85.044 E371.60006
G1 X199.957 Y87.118 E371.64414
G1 X202.031 Y89.017 E371.68822
G1 X204.263 Y90.73 E371.73233
G1 X206.637 Y92.241 E371.77644
G1 X209.128 Y93.542 E371.82049
G1 X211.73 Y94.616 E371.86462
G1 X214.412 Y95.462 E371.9087
G1 X217.157 Y96.071 E371.95278
G1 X219.945 Y96.439 E371.99686
G1 X222.757 Y96.559 E372.04098
G1 X225.568 Y96.439 E372.08508
G1 X228.356 Y96.071 E372.12916
G1 X231.101 Y95.462 E372.17324
G1 X233.784 Y94.616 E372.21734
G1 X236.382 Y93.542 E372.26141
G1 X238.877 Y92.241 E372.30551
G1 X241.251 Y90.73 E372.34963
G1 X243.482 Y89.017 E372.39372
G1 X245.556 Y87.118 E372.4378
G1 X247.455 Y85.044 E372.48188
G1 X249.168 Y82.812 E372.52598
G1 X250.678 Y80.439 E372.57007
G1 X251.98 Y77.944 E372.61419
G1 X253.053 Y75.346 E372.65825
G1 X253.899 Y72.665 E372.70232
G1 X254.509 Y69.918 E372.74643
G1 X254.876 Y67.131 E372.79049
G1 X254.997 Y64.319 E372.83461
G0 F10500 X256.514 Y64.319
G1 F2700 X256.383 Y67.273 E372.88096
G1 X255.997 Y70.206 E372.92734
G1 X255.364 Y73.052 E372.97304
G1 X254.485 Y75.845 E373.01894
G1 X253.346 Y78.596 E373.06561
G1 X251.995 Y81.189 E373.11144
G1 X250.407 Y83.685 E373.15782
G1 X248.622 Y86.011 E373.20378
G1 X246.626 Y88.189 E373.25008
G1 X244.439 Y90.192 E373.29657
G1 X242.139 Y91.958 E373.34203
G1 X239.643 Y93.549 E373.38843
G1 X237.011 Y94.918 E373.43493
G1 X234.29 Y96.044 E373.48109
G1 X231.49 Y96.926 E373.52711
G1 X228.644 Y97.559 E373.57281
G1 X225.711 Y97.945 E373.61919
G1 X222.757 Y98.076 E373.66554
G1 X219.802 Y97.945 E373.7119
G1 X216.869 Y97.559 E373.75827
G1 X214.023 Y96.926 E373.80398
G1 X211.223 Y96.044 E373.84999
G1 X208.502 Y94.918 E373.89616
G1 X205.87 Y93.549 E373.94266
G1 X203.374 Y91.958 E373.98906
G1 X201.074 Y90.192 E374.03451
G1 X198.887 Y88.189 E374.081
G1 X196.891 Y86.011 E374.12731
G1 X195.106 Y83.685 E374.17327
G1 X193.518 Y81.189 E374.21965
G1 X192.167 Y78.596 E374.26548
G1 X191.028 Y75.845 E374.31215
G1 X190.149 Y73.052 E374.35805
G1 X189.516 Y70.206 E374.40375
G1 X189.131 Y67.273 E374.45012
G1 X189 Y64.319 E374.49647
G1 X189.131 Y61.364 E374.54284
G1 X189.516 Y58.432 E374.5892
G1 X190.149 Y55.585 E374.63491
G1 X191.028 Y52.793 E374.6808
G1 X192.167 Y50.042 E374.72747
G1 X193.522 Y47.441 E374.77344
G1 X195.113 Y44.941 E374.81989
G1 X196.883 Y42.636 E374.86545
G1 X198.887 Y40.449 E374.91195
G1 X201.074 Y38.445 E374.95845
G1 X203.374 Y36.679 E375.0039
G1 X205.87 Y35.089 E375.05029
G1 X208.502 Y33.72 E375.0968
G1 X211.223 Y32.594 E375.14296
G1 X214.023 Y31.712 E375.18898
G1 X216.869 Y31.079 E375.23468
G1 X219.802 Y30.693 E375.28105
G1 X222.757 Y30.562 E375.32742
G1 X225.711 Y30.693 E375.37377
G1 X228.644 Y31.079 E375.42014
G1 X231.49 Y31.712 E375.46584
G1 X234.29 Y32.594 E375.51186
G1 X237.012 Y33.72 E375.55804
G1 X239.644 Y35.089 E375.60454
G1 X242.139 Y36.679 E375.65092
G1 X244.439 Y38.445 E375.69637
G1 X246.626 Y40.449 E375.74287
G1 X248.63 Y42.636 E375.78937
G1 X250.4 Y44.941 E375.83493
G1 X251.991 Y47.441 E375.88138
G1 X253.346 Y50.042 E375.92735
G1 X254.485 Y52.793 E375.97402
G1 X255.364 Y55.585 E376.01991
G1 X255.997 Y58.432 E376.06562
G1 X256.383 Y61.364 E376.11198
G1 X256.514 Y64.319 E376.15835
G0 F10500 X246.05 Y88.41
G1 F2700 X246.85 Y87.611 E376.17607
G1 X246.938 Y87.523
G0 F10500 X249.194 Y83.145
G1 F2700 X252.379 Y79.96 E376.24668
G1 X252.467 Y79.872
G0 F10500 X253.147 Y78.486
G1 F2700 X250.506 Y81.126 E376.30521
G1 X250.418 Y81.214
G0 F10500 X251.498 Y81.548
G1 F2700 X239.98 Y93.067 E376.56056
G1 X239.892 Y93.155
G0 F10500 X239.56 Y92.072
G1 F2700 X236.923 Y94.709 E376.61902
G1 X236.835 Y94.797
G0 F10500 X236.469 Y93.748
G1 F2700 X234.509 Y95.709 E376.66248
G1 X234.421 Y95.797
G0 F10500 X234.059 Y94.745
G1 F2700 X232.401 Y96.402 E376.69922
G1 X232.313 Y96.49
G0 F10500 X233.433 Y96.078
G1 F2700 X235.265 Y94.246 E376.73984
G1 X235.353 Y94.158
G0 F10500 X235.715 Y95.21
G1 F2700 X237.946 Y92.979 E376.7893
G1 X238.034 Y92.891
G0 F10500 X238.396 Y93.944
G1 F2700 X241.574 Y90.765 E376.85976
G1 X241.662 Y90.677
G0 F10500 X241.933 Y91.82
G1 F2700 X250.264 Y83.49 E377.04443
G1 X250.352 Y83.402
G0 F10500 X251.416 Y79.509
G1 F2700 X253.646 Y77.278 E377.09388
G1 X253.734 Y77.19
G0 F10500 X252.683 Y76.827
G1 F2700 X254.516 Y74.995 E377.1345
G1 X254.604 Y74.907
G0 F10500 X253.535 Y74.561
G1 F2700 X255.156 Y72.94 E377.17044
G0 F10500 X255.359 Y72.03
G1 F2700 X253.862 Y73.527 E377.20362
G1 X253.774 Y73.615
G0 F10500 X254.161 Y72.521
G1 F2700 X255.561 Y71.121 E377.23466
G0 F10500 X255.764 Y70.212
G1 F2700 X254.363 Y71.612 E377.26571
G0 F10500 X254.565 Y70.703
G1 F2700 X255.875 Y69.393 E377.29475
G0 F10500 X255.982 Y68.579
G1 F2700 X254.748 Y69.813 E377.3221
G0 F10500 X254.856 Y68.998
G1 F2700 X256.089 Y67.765 E377.34944
G0 F10500 X256.169 Y66.978
G1 F2700 X254.962 Y68.184 E377.37618
G0 F10500 X255.07 Y67.37
G1 F2700 X256.202 Y66.238 E377.40128
G0 F10500 X256.235 Y65.497
G1 F2700 X255.122 Y66.61 E377.42595
G0 F10500 X255.154 Y65.871
G1 F2700 X256.268 Y64.757 E377.45065
G0 F10500 X256.276 Y64.043
G1 F2700 X255.186 Y65.133 E377.47481
G0 F10500 X255.218 Y64.394
G1 F2700 X256.245 Y63.366 E377.49759
G0 F10500 X256.215 Y62.689
G1 F2700 X255.195 Y63.709 E377.5202
G0 F10500 X255.165 Y63.032
G1 F2700 X256.184 Y62.013 E377.54279
G0 F10500 X256.15 Y61.34
G1 F2700 X255.136 Y62.354 E377.56527
G0 F10500 X255.107 Y61.675
G1 F2700 X256.068 Y60.715 E377.58656
G0 F10500 X255.986 Y60.089
G1 F2700 X255.04 Y61.036 E377.60754
G0 F10500 X254.957 Y60.411
G1 F2700 X255.904 Y59.464 E377.62854
G0 F10500 X255.822 Y58.839
G1 F2700 X254.875 Y59.787 E377.64954
G0 F10500 X254.793 Y59.162
G1 F2700 X255.722 Y58.233 E377.67014
G0 F10500 X255.592 Y57.655
G1 F2700 X254.701 Y58.547 E377.6899
G0 F10500 X254.573 Y57.967
G1 F2700 X255.464 Y57.076 E377.70965
G0 F10500 X255.335 Y56.498
G1 F2700 X254.444 Y57.389 E377.7294
G0 F10500 X254.316 Y56.81
G1 F2700 X255.206 Y55.92 E377.74913
G0 F10500 X255.056 Y55.362
G1 F2700 X254.187 Y56.231 E377.7684
G0 F10500 X254.04 Y55.672
G1 F2700 X254.887 Y54.824 E377.78719
G0 F10500 X254.718 Y54.286
G1 F2700 X253.87 Y55.135 E377.806
G0 F10500 X253.7 Y54.597
G1 F2700 X254.549 Y53.748 E377.82482
G0 F10500 X254.38 Y53.211
G1 F2700 X253.531 Y54.06 E377.84364
G0 F10500 X253.361 Y53.523
G1 F2700 X254.196 Y52.687 E377.86216
G0 F10500 X253.989 Y52.187
G1 F2700 X253.176 Y53.001 E377.88019
G0 F10500 X252.969 Y52.5
G1 F2700 X253.782 Y51.687 E377.89822
G0 F10500 X253.575 Y51.187
G1 F2700 X252.763 Y51.999 E377.91622
G0 F10500 X252.556 Y51.499
G1 F2700 X253.368 Y50.687 E377.93422
G0 F10500 X253.161 Y50.187
G1 F2700 X252.35 Y50.998 E377.9522
G0 F10500 X252.137 Y50.504
G1 F2700 X252.922 Y49.719 E377.9696
G0 F10500 X252.68 Y49.254
G1 F2700 X251.894 Y50.04 E377.98702
G0 F10500 X251.651 Y49.575
G1 F2700 X252.437 Y48.789 E378.00445
G0 F10500 X252.195 Y48.324
G1 F2700 X251.408 Y49.111 E378.02189
G0 F10500 X251.166 Y48.646
G1 F2700 X251.954 Y47.859 E378.03935
G0 F10500 X251.701 Y47.405
G1 F2700 X250.923 Y48.182 E378.05659
G0 F10500 X250.655 Y47.743
G1 F2700 X251.425 Y46.973 E378.07366
G0 F10500 X251.15 Y46.541
G1 F2700 X250.38 Y47.311 E378.09073
G0 F10500 X250.105 Y46.879
G1 F2700 X250.875 Y46.109 E378.1078
G0 F10500 X250.6 Y45.676
G1 F2700 X249.83 Y46.447 E378.12488
G0 F10500 X249.554 Y46.015
G1 F2700 X250.325 Y45.244 E378.14197
G0 F10500 X250.031 Y44.831
G1 F2700 X249.271 Y45.592 E378.15883
G0 F10500 X248.964 Y45.191
G1 F2700 X249.724 Y44.431 E378.17568
G0 F10500 X249.417 Y44.032
G1 F2700 X248.657 Y44.791 E378.19251
G0 F10500 X248.35 Y44.391
G1 F2700 X249.11 Y43.632 E378.20935
G0 F10500 X248.802 Y43.232
G1 F2700 X248.044 Y43.99 E378.22615
G0 F10500 X247.737 Y43.59
G1 F2700 X248.495 Y42.832 E378.24296
G0 F10500 X248.161 Y42.459
G1 F2700 X247.41 Y43.21 E378.25961
G0 F10500 X247.072 Y42.841
G1 F2700 X247.823 Y42.09 E378.27626
G0 F10500 X247.485 Y41.721
G1 F2700 X246.734 Y42.472 E378.2929
G0 F10500 X246.396 Y42.103
G1 F2700 X247.147 Y41.352 E378.30955
G0 F10500 X246.809 Y40.983
G1 F2700 X246.057 Y41.734 E378.32621
G0 F10500 X245.719 Y41.365
G1 F2700 X246.471 Y40.614 E378.34287
G0 F10500 X246.103 Y40.274
G1 F2700 X245.35 Y41.027 E378.35956
G0 F10500 X244.981 Y40.689
G1 F2700 X245.734 Y39.936 E378.37626
G0 F10500 X245.365 Y39.598
G1 F2700 X244.612 Y40.351 E378.39295
G0 F10500 X244.243 Y40.013
G1 F2700 X244.996 Y39.26 E378.40964
G0 F10500 X244.627 Y38.922
G1 F2700 X243.874 Y39.675 E378.42634
G0 F10500 X243.495 Y39.347
G1 F2700 X244.254 Y38.588 E378.44316
G0 F10500 X243.854 Y38.28
G1 F2700 X243.094 Y39.04 E378.46001
G0 F10500 X242.695 Y38.733
G1 F2700 X243.454 Y37.973 E378.47685
G0 F10500 X243.055 Y37.666
G1 F2700 X242.295 Y38.426 E378.49369
G0 F10500 X241.894 Y38.119
G1 F2700 X242.655 Y37.359 E378.51055
G0 F10500 X242.254 Y37.052
G1 F2700 X241.495 Y37.811 E378.52738
G0 F10500 X241.072 Y37.527
G1 F2700 X241.842 Y36.757 E378.54445
G0 F10500 X241.41 Y36.482
G1 F2700 X240.639 Y37.253 E378.56154
G0 F10500 X240.207 Y36.978
G1 F2700 X240.979 Y36.206 E378.57866
G0 F10500 X240.547 Y35.931
G1 F2700 X239.775 Y36.703 E378.59577
G0 F10500 X239.343 Y36.428
G1 F2700 X240.115 Y35.655 E378.61289
G0 F10500 X239.683 Y35.38
G1 F2700 X238.905 Y36.159 E378.63015
G0 F10500 X238.44 Y35.916
G1 F2700 X239.23 Y35.126 E378.64767
G0 F10500 X238.765 Y34.885
G1 F2700 X237.976 Y35.674 E378.66516
G0 F10500 X237.511 Y35.431
G1 F2700 X238.299 Y34.643 E378.68263
G0 F10500 X237.835 Y34.4
G1 F2700 X237.046 Y35.189 E378.70012
G0 F10500 X236.582 Y34.946
G1 F2700 X237.37 Y34.158 E378.71758
G0 F10500 X236.903 Y33.918
G1 F2700 X236.09 Y34.731 E378.73561
G0 F10500 X235.589 Y34.525
G1 F2700 X236.403 Y33.711 E378.75365
G0 F10500 X235.903 Y33.504
G1 F2700 X235.088 Y34.318 E378.77171
G0 F10500 X234.588 Y34.112
G1 F2700 X235.402 Y33.297 E378.78977
G0 F10500 X234.902 Y33.09
G1 F2700 X234.088 Y33.905 E378.80782
G0 F10500 X233.567 Y33.719
G1 F2700 X234.403 Y32.883 E378.82635
G0 F10500 X233.879 Y32.699
G1 F2700 X233.029 Y33.549 E378.8452
G0 F10500 X232.492 Y33.379
G1 F2700 X233.341 Y32.53 E378.86402
G0 F10500 X232.803 Y32.361
G1 F2700 X231.955 Y33.209 E378.88282
G0 F10500 X231.416 Y33.04
G1 F2700 X232.266 Y32.191 E378.90165
G0 F10500 X231.728 Y32.022
G1 F2700 X230.859 Y32.891 E378.92091
G0 F10500 X230.28 Y32.763
G1 F2700 X231.171 Y31.872 E378.94067
G0 F10500 X230.593 Y31.742
G1 F2700 X229.701 Y32.635 E378.96045
G0 F10500 X229.123 Y32.506
G1 F2700 X230.015 Y31.614 E378.98023
G0 F10500 X229.437 Y31.485
G1 F2700 X228.543 Y32.378 E379.00003
G0 F10500 X227.93 Y32.285
G1 F2700 X228.858 Y31.356 E379.02062
G0 F10500 X228.254 Y31.254
G1 F2700 X227.305 Y32.202 E379.04164
G0 F10500 X226.68 Y32.12
G1 F2700 X227.628 Y31.172 E379.06266
G0 F10500 X227.004 Y31.089
G1 F2700 X226.056 Y32.037 E379.08367
G0 F10500 X225.419 Y31.967
G1 F2700 X226.379 Y31.007 E379.10496
G0 F10500 X225.754 Y30.925
G1 F2700 X224.74 Y31.939 E379.12744
G0 F10500 X224.062 Y31.91
G1 F2700 X225.082 Y30.889 E379.15006
G0 F10500 X224.405 Y30.859
G1 F2700 X223.384 Y31.881 E379.1727
G0 F10500 X222.701 Y31.857
G1 F2700 X223.728 Y30.829 E379.19548
G0 F10500 X223.051 Y30.799
G1 F2700 X221.962 Y31.888 E379.21962
G0 F10500 X221.224 Y31.919
G1 F2700 X222.339 Y30.805 E379.24433
G0 F10500 X221.598 Y30.838
G1 F2700 X220.485 Y31.951 E379.269
G0 F10500 X219.729 Y32
G1 F2700 X220.858 Y30.871 E379.29403
G0 F10500 X220.118 Y30.904
G1 F2700 X218.914 Y32.108 E379.32072
G0 F10500 X218.099 Y32.216
G1 F2700 X219.333 Y30.981 E379.34809
G0 F10500 X218.52 Y31.088
G1 F2700 X217.284 Y32.323 E379.37548
G0 F10500 X216.397 Y32.504
G1 F2700 X217.705 Y31.196 E379.40447
G0 F10500 X216.89 Y31.304
G1 F2700 X215.488 Y32.705 E379.43554
G0 F10500 X214.58 Y32.906
G1 F2700 X215.98 Y31.506 E379.46658
G0 F10500 X215.07 Y31.709
G1 F2700 X213.576 Y33.203 E379.4997
G1 X213.488 Y33.291
G0 F10500 X213.14 Y32.225
G1 F2700 X211.486 Y33.879 E379.53637
G1 X211.398 Y33.967
G0 F10500 X211.038 Y32.913
G1 F2700 X209.079 Y34.872 E379.57979
G1 X208.991 Y34.96
G0 F10500 X208.626 Y33.911
G1 F2700 X206.006 Y36.531 E379.63787
G1 X205.918 Y36.619
G0 F10500 X207.159 Y34.67
G1 F2700 X204.024 Y37.806 E379.70738
G1 X203.936 Y37.894
G0 F10500 X203.64 Y36.775
G1 F2700 X195.212 Y45.203 E379.89422
G1 X195.124 Y45.291
G0 F10500 X196.246 Y45.583
G1 F2700 X193.106 Y48.723 E379.96383
G1 X193.018 Y48.811
G0 F10500 X194.069 Y49.175
G1 F2700 X191.849 Y51.395 E380.01304
G1 X191.761 Y51.483
G0 F10500 X192.811 Y51.847
G1 F2700 X190.985 Y53.673 E380.05352
G1 X190.897 Y53.761
G0 F10500 X191.349 Y52.602
G1 F2700 X193.306 Y50.645 E380.09691
G1 X193.394 Y50.557
G0 F10500 X192.349 Y50.188
G1 F2700 X194.967 Y47.57 E380.15494
G1 X195.055 Y47.482
G0 F10500 X193.969 Y47.153
G1 F2700 X205.591 Y35.532 E380.41257
G1 X205.679 Y35.444
G0 F10500 X207.609 Y35.635
G1 F2700 X209.831 Y33.412 E380.46184
G1 X209.919 Y33.324
G0 F10500 X210.282 Y34.375
G1 F2700 X212.108 Y32.55 E380.50231
G1 X212.196 Y32.462
G0 F10500 X212.543 Y33.529
G1 F2700 X214.161 Y31.911 E380.53818
G1 X214.249 Y31.823
G0 F10500 X199.714 Y39.994
G1 F2700 X198.432 Y41.276 E380.5666
G1 X198.344 Y41.364
G0 F10500 X192.314 Y53.051
G1 F2700 X190.661 Y54.704 E380.60324
G1 X190.573 Y54.792
G0 F10500 X190.348 Y55.724
G1 F2700 X191.965 Y54.107 E380.63909
G1 X192.053 Y54.019
G0 F10500 X191.639 Y55.14
G1 F2700 X190.145 Y56.634 E380.67221
G0 F10500 X189.943 Y57.543
G1 F2700 X191.343 Y56.144 E380.70324
G0 F10500 X191.141 Y57.052
G1 F2700 X189.74 Y58.453 E380.73429
G0 F10500 X189.632 Y59.268
G1 F2700 X190.94 Y57.961 E380.76328
G0 F10500 X190.759 Y58.848
G1 F2700 X189.525 Y60.082 E380.79063
G0 F10500 X189.419 Y60.896
G1 F2700 X190.652 Y59.663 E380.81797
G0 F10500 X190.545 Y60.477
G1 F2700 X189.342 Y61.68 E380.84464
G0 F10500 X189.309 Y62.42
G1 F2700 X190.437 Y61.292 E380.86964
G0 F10500 X190.387 Y62.049
G1 F2700 X189.276 Y63.16 E380.89427
G0 F10500 X189.242 Y63.901
G1 F2700 X190.356 Y62.787 E380.91897
G0 F10500 X190.324 Y63.526
G1 F2700 X189.237 Y64.614 E380.94308
G0 F10500 X189.267 Y65.29
G1 F2700 X190.293 Y64.265 E380.96581
G0 F10500 X190.317 Y64.948
G1 F2700 X189.298 Y65.967 E380.9884
G0 F10500 X189.328 Y66.644
G1 F2700 X190.346 Y65.626 E381.01097
G0 F10500 X190.375 Y66.304
G1 F2700 X189.363 Y67.315 E381.03339
G0 F10500 X189.445 Y67.94
G1 F2700 X190.404 Y66.982 E381.05464
G0 F10500 X190.473 Y67.62
G1 F2700 X189.527 Y68.566 E381.07561
G0 F10500 X189.609 Y69.191
G1 F2700 X190.556 Y68.244 E381.0966
G0 F10500 X190.638 Y68.87
G1 F2700 X189.691 Y69.816 E381.11759
G0 F10500 X189.793 Y70.421
G1 F2700 X190.72 Y69.494 E381.13814
G0 F10500 X190.814 Y70.108
G1 F2700 X189.922 Y70.999 E381.1579
G0 F10500 X190.051 Y71.578
G1 F2700 X190.942 Y70.686 E381.17766
G0 F10500 X191.07 Y71.265
G1 F2700 X190.18 Y72.156 E381.1974
G0 F10500 X190.309 Y72.734
G1 F2700 X191.198 Y71.844 E381.21712
G0 F10500 X191.327 Y72.423
G1 F2700 X190.459 Y73.29 E381.23635
G0 F10500 X190.628 Y73.829
G1 F2700 X191.476 Y72.981 E381.25515
G0 F10500 X191.646 Y73.518
G1 F2700 X190.797 Y74.367 E381.27397
G0 F10500 X190.966 Y74.905
G1 F2700 X191.816 Y74.056 E381.29281
G0 F10500 X191.985 Y74.593
G1 F2700 X191.135 Y75.443 E381.31165
G0 F10500 X191.32 Y75.965
G1 F2700 X192.155 Y75.13 E381.33016
G0 F10500 X192.342 Y75.651
G1 F2700 X191.527 Y76.465 E381.34822
G0 F10500 X191.734 Y76.965
G1 F2700 X192.548 Y76.151 E381.36626
G0 F10500 X192.755 Y76.652
G1 F2700 X191.942 Y77.465 E381.38428
G0 F10500 X192.149 Y77.965
G1 F2700 X192.961 Y77.153 E381.40228
G0 F10500 X193.168 Y77.653
G1 F2700 X192.356 Y78.465 E381.42029
G0 F10500 X192.596 Y78.932
G1 F2700 X193.383 Y78.145 E381.43773
G0 F10500 X193.625 Y78.61
G1 F2700 X192.838 Y79.397 E381.45518
G0 F10500 X193.08 Y79.862
G1 F2700 X193.868 Y79.075 E381.47264
G0 F10500 X194.11 Y79.539
G1 F2700 X193.322 Y80.327 E381.4901
G0 F10500 X193.564 Y80.792
G1 F2700 X194.352 Y80.004 E381.50757
G0 F10500 X194.595 Y80.469
G1 F2700 X193.819 Y81.245 E381.52478
G0 F10500 X194.094 Y81.677
G1 F2700 X194.864 Y80.907 E381.54185
G0 F10500 X195.139 Y81.339
G1 F2700 X194.369 Y82.109 E381.55892
G0 F10500 X194.644 Y82.541
G1 F2700 X195.414 Y81.771 E381.57599
G0 F10500 X195.689 Y82.203
G1 F2700 X194.919 Y82.973 E381.59306
G0 F10500 X195.194 Y83.405
G1 F2700 X195.964 Y82.635 E381.61012
G0 F10500 X196.249 Y83.058
G1 F2700 X195.49 Y83.816 E381.62694
G0 F10500 X195.797 Y84.217
G1 F2700 X196.555 Y83.458 E381.64375
G0 F10500 X196.862 Y83.858
G1 F2700 X196.104 Y84.617 E381.66057
G0 F10500 X196.411 Y85.016
G1 F2700 X197.17 Y84.258 E381.67738
G0 F10500 X197.477 Y84.658
G1 F2700 X196.718 Y85.417 E381.69421
G0 F10500 X197.025 Y85.817
G1 F2700 X197.784 Y85.058 E381.71104
G0 F10500 X198.112 Y85.437
G1 F2700 X197.359 Y86.189 E381.72772
G0 F10500 X197.697 Y86.559
G1 F2700 X198.449 Y85.807 E381.74439
G0 F10500 X198.787 Y86.176
G1 F2700 X198.036 Y86.927 E381.76104
G0 F10500 X198.374 Y87.296
G1 F2700 X199.125 Y86.545 E381.77769
G0 F10500 X199.463 Y86.914
G1 F2700 X198.712 Y87.665 E381.79433
G0 F10500 X199.05 Y88.034
G1 F2700 X199.802 Y87.282 E381.811
G0 F10500 X200.172 Y87.62
G1 F2700 X199.419 Y88.372 E381.82769
G0 F10500 X199.788 Y88.71
G1 F2700 X200.541 Y87.958 E381.84437
G0 F10500 X200.91 Y88.296
G1 F2700 X200.157 Y89.048 E381.86105
G0 F10500 X200.526 Y89.386
G1 F2700 X201.279 Y88.634 E381.87773
G0 F10500 X201.648 Y88.972
G1 F2700 X200.896 Y89.724 E381.8944
G0 F10500 X201.269 Y90.058
G1 F2700 X202.028 Y89.299 E381.91123
G0 F10500 X202.429 Y89.605
G1 F2700 X201.668 Y90.366 E381.9281
G0 F10500 X202.069 Y90.673
G1 F2700 X202.829 Y89.912 E381.94496
G0 F10500 X203.229 Y90.219
G1 F2700 X202.468 Y90.98 E381.96183
G0 F10500 X202.868 Y91.287
G1 F2700 X203.629 Y90.527 E381.97869
G0 F10500 X204.029 Y90.834
G1 F2700 X203.269 Y91.594 E381.99553
G0 F10500 X203.682 Y91.888
G1 F2700 X204.452 Y91.117 E382.01262
G0 F10500 X204.884 Y91.392
G1 F2700 X204.114 Y92.163 E382.0297
G0 F10500 X204.545 Y92.439
G1 F2700 X205.317 Y91.667 E382.04681
G0 F10500 X205.749 Y91.942
G1 F2700 X204.977 Y92.714 E382.06392
G0 F10500 X205.408 Y92.99
G1 F2700 X206.181 Y92.217 E382.08106
G0 F10500 X206.62 Y92.486
G1 F2700 X205.84 Y93.265 E382.09834
G0 F10500 X206.295 Y93.517
G1 F2700 X207.084 Y92.728 E382.11583
G0 F10500 X207.549 Y92.971
G1 F2700 X206.76 Y93.76 E382.13332
G0 F10500 X207.225 Y94.002
G1 F2700 X208.013 Y93.213 E382.1508
G0 F10500 X208.478 Y93.456
G1 F2700 X207.69 Y94.243 E382.16826
G0 F10500 X208.155 Y94.485
G1 F2700 X208.942 Y93.699 E382.1857
G0 F10500 X209.436 Y93.912
G1 F2700 X208.623 Y94.725 E382.20372
G0 F10500 X209.123 Y94.932
G1 F2700 X209.937 Y94.118 E382.22176
G0 F10500 X210.437 Y94.325
G1 F2700 X209.623 Y95.139 E382.23981
G0 F10500 X210.123 Y95.346
G1 F2700 X210.937 Y94.532 E382.25785
G0 F10500 X211.438 Y94.738
G1 F2700 X210.623 Y95.553 E382.27592
G0 F10500 X211.123 Y95.76
G1 F2700 X211.96 Y94.924 E382.29446
G0 F10500 X212.497 Y95.093
G1 F2700 X211.648 Y95.943 E382.3133
G0 F10500 X212.185 Y96.112
G1 F2700 X213.035 Y95.263 E382.33213
G0 F10500 X213.572 Y95.433
G1 F2700 X212.723 Y96.281 E382.35094
G0 F10500 X213.261 Y96.451
G1 F2700 X214.109 Y95.602 E382.36975
G0 F10500 X214.669 Y95.75
G1 F2700 X213.799 Y96.62 E382.38904
G0 F10500 X214.356 Y96.77
G1 F2700 X215.248 Y95.878 E382.40881
G0 F10500 X215.827 Y96.006
G1 F2700 X214.935 Y96.899 E382.4286
G0 F10500 X215.513 Y97.027
G1 F2700 X216.405 Y96.135 E382.44837
G0 F10500 X216.984 Y96.263
G1 F2700 X216.091 Y97.156 E382.46817
G0 F10500 X216.67 Y97.285
G1 F2700 X217.6 Y96.355 E382.48878
G0 F10500 X218.224 Y96.438
G1 F2700 X217.276 Y97.386 E382.5098
G0 F10500 X217.901 Y97.468
G1 F2700 X218.849 Y96.52 E382.53081
G0 F10500 X219.473 Y96.602
G1 F2700 X218.526 Y97.55 E382.55182
G0 F10500 X219.151 Y97.632
G1 F2700 X220.113 Y96.67 E382.57314
G0 F10500 X220.791 Y96.699
G1 F2700 X219.776 Y97.714 E382.59565
G0 F10500 X220.449 Y97.748
G1 F2700 X221.469 Y96.728 E382.61826
G0 F10500 X222.147 Y96.757
G1 F2700 X221.126 Y97.778 E382.64089
G0 F10500 X221.803 Y97.809
G1 F2700 X222.831 Y96.78 E382.66369
G0 F10500 X223.57 Y96.748
G1 F2700 X222.479 Y97.839 E382.68788
G0 F10500 X223.194 Y97.832
G1 F2700 X224.309 Y96.717 E382.7126
G0 F10500 X225.048 Y96.685
G1 F2700 X223.934 Y97.799 E382.73729
G0 F10500 X224.674 Y97.765
G1 F2700 X225.807 Y96.633 E382.7624
G0 F10500 X226.622 Y96.525
G1 F2700 X225.415 Y97.732 E382.78915
G0 F10500 X226.202 Y97.652
G1 F2700 X227.436 Y96.418 E382.81651
G0 F10500 X228.251 Y96.31
G1 F2700 X227.015 Y97.546 E382.84391
G0 F10500 X227.829 Y97.439
G1 F2700 X229.141 Y96.127 E382.873
G0 F10500 X230.049 Y95.926
G1 F2700 X228.648 Y97.327 E382.90405
G0 F10500 X229.557 Y97.125
G1 F2700 X230.958 Y95.725 E382.9351
G1 X231.046 Y95.637
G0 F10500 X231.965 Y95.424
G1 F2700 X230.468 Y96.922 E382.9683
G0 F10500 X231.378 Y96.719
G1 F2700 X232.998 Y95.099 E383.00421
G1 X233.086 Y95.011
G0 F10500 X242.548 Y87.905
G0 X244.151 Y86.437
G0 X252.186 Y78.032
G1 F2700 X254.146 Y76.071 E383.04767
G1 X254.234 Y75.983
G0 F10500 X253.18 Y75.623
G1 F2700 X254.84 Y73.964 E383.08446
G1 X254.928 Y73.876
;TIME_ELAPSED:879.972863
G1 F600 E382.08446
M140 S0
M107
M400                         ; wait for moves to finish
M104 S0                      ; disable hotend
M140 S0                      ; disable bed heater
M107                         ; disable fans
G91                          ; relative positioning
G1 E-1 F300                  ; filament retraction to release pressure
G1 Z0.5 E-5 X-20 Y-20 F3000  ; lift up and retract even more filament
M77			     ; stop GLCD timer
G90                          ; absolute positioning
G1 X0 Y250                   ; move to cooling position
M84                          ; disable steppers
G90                          ; absolute positioning
M117 Print Complete.                      ; print complete message

M82 ;absolute extrusion mode
M104 S0
;End of Gcode
