;Generated by Cura LulzBot Edition GCodeWriter Version: 3.6.40
;FLAVOR:Marlin
;TIME:4929
;Filament used: 2.5121m
;Layer height: 0.2
;Generated with Cura_SteamEngine 3.6.40-macos
M82 ;absolute extrusion mode
;This G-Code has been generated specifically for the LulzBot TAZ 5 with standard extruder
M75			 ; start GLCD timer
M140 S110.0    ; start bed heating up
G90                      ; absolute positioning
M107                     ; disable fans
M82                      ; set extruder to absolute mode
G28 X0 Y0                ; home X and Y
G28 Z0                   ; home Z
G1 Z15.0 F175 ; move extruder up
M117 Heating...                     ; progress indicator message on LCD
M109 R245  ; wait for extruder to reach printing temp
M190 R110.0    ; wait for bed to reach printing temp
G92 E0                   ; set extruder position to 0
G1 F200 E0               ; prime the nozzle with filament
G92 E0                   ; re-set extruder position to 0
G1 F175       ; set travel speed
M203 X192 Y208 Z3        ; set limits on travel speed
M117 TAZ 5 Printing...   ; progress indicator message on LCD

M221 S100 T0
G92 E0
G1 F600 E-1
;LAYER_COUNT:31
;LAYER:0
M107
G0 F2625 X93.909 Y24.858 Z0.2
;TYPE:SKIRT
G1 F600 E0
G1 F900 X94.106 Y24.274 E0.00966
G1 X94.376 Y23.72 E0.01932
G1 X94.716 Y23.206 E0.02898
G1 X95.141 Y22.718 E0.03913
G1 X95.287 Y22.572 E0.04236
G1 X95.75 Y22.166 E0.05202
G1 X96.262 Y21.823 E0.06168
G1 X96.814 Y21.549 E0.07134
G1 X97.396 Y21.348 E0.08099
G1 X98 Y21.225 E0.09065
G1 X98.646 Y21.181 E0.1008
G1 X191.354 Y21.181 E1.55404
G1 X191.969 Y21.221 E1.5637
G1 X192.573 Y21.34 E1.57335
G1 X193.157 Y21.537 E1.58301
G1 X193.711 Y21.807 E1.59267
G1 X194.225 Y22.147 E1.60233
G1 X194.713 Y22.572 E1.61248
G1 X194.859 Y22.718 E1.61571
G1 X195.265 Y23.181 E1.62537
G1 X195.608 Y23.693 E1.63503
G1 X195.882 Y24.245 E1.64469
G1 X196.083 Y24.827 E1.65434
G1 X196.206 Y25.431 E1.664
G1 X196.25 Y26.077 E1.67415
G1 X196.25 Y27.785 E1.70093
G1 X196.21 Y28.4 E1.71059
G1 X196.105 Y28.934 E1.71912
G1 X196.206 Y29.431 E1.72707
G1 X196.25 Y30.077 E1.73722
G1 X196.25 Y31.785 E1.76399
G1 X196.21 Y32.4 E1.77365
G1 X196.105 Y32.934 E1.78218
G1 X196.206 Y33.431 E1.79013
G1 X196.25 Y34.077 E1.80028
G1 X196.25 Y35.785 E1.82706
G1 X196.21 Y36.4 E1.83672
G1 X196.105 Y36.934 E1.84525
G1 X196.206 Y37.431 E1.8532
G1 X196.25 Y38.077 E1.86335
G1 X196.25 Y39.785 E1.89012
G1 X196.21 Y40.4 E1.89978
G1 X196.105 Y40.934 E1.90831
G1 X196.206 Y41.431 E1.91626
G1 X196.25 Y42.077 E1.92641
G1 X196.25 Y43.785 E1.95319
G1 X196.21 Y44.4 E1.96285
G1 X196.105 Y44.934 E1.97138
G1 X196.206 Y45.431 E1.97933
G1 X196.25 Y46.077 E1.98948
G1 X196.25 Y47.785 E2.01625
G1 X196.21 Y48.4 E2.02591
G1 X196.105 Y48.934 E2.03444
G1 X196.206 Y49.431 E2.04239
G1 X196.25 Y50.077 E2.05254
G1 X196.25 Y51.785 E2.07932
G1 X196.21 Y52.4 E2.08898
G1 X196.105 Y52.934 E2.09751
G1 X196.206 Y53.431 E2.10546
G1 X196.25 Y54.077 E2.11561
G1 X196.25 Y55.785 E2.14238
G1 X196.21 Y56.4 E2.15204
G1 X196.105 Y56.934 E2.16057
G1 X196.206 Y57.431 E2.16852
G1 X196.25 Y58.077 E2.17867
G1 X196.25 Y59.785 E2.20545
G1 X196.21 Y60.4 E2.21511
G1 X196.105 Y60.934 E2.22364
G1 X196.206 Y61.431 E2.23159
G1 X196.25 Y62.077 E2.24174
G1 X196.25 Y63.785 E2.26851
G1 X196.21 Y64.4 E2.27817
G1 X196.091 Y65.004 E2.28782
G1 X195.894 Y65.588 E2.29749
G1 X195.624 Y66.142 E2.30715
G1 X195.284 Y66.656 E2.31681
G1 X194.859 Y67.144 E2.32695
G1 X194.713 Y67.29 E2.33019
G1 X194.25 Y67.696 E2.33984
G1 X193.738 Y68.039 E2.3495
G1 X193.186 Y68.313 E2.35916
G1 X192.604 Y68.514 E2.36881
G1 X192 Y68.637 E2.37847
G1 X191.354 Y68.681 E2.38862
G1 X98.646 Y68.681 E3.84187
G1 X98.031 Y68.641 E3.85153
G1 X97.427 Y68.522 E3.86118
G1 X96.843 Y68.325 E3.87084
G1 X96.289 Y68.055 E3.8805
G1 X95.775 Y67.715 E3.89016
G1 X95.287 Y67.29 E3.9003
G1 X95.141 Y67.144 E3.90354
G1 X94.735 Y66.681 E3.91319
G1 X94.392 Y66.169 E3.92285
G1 X94.118 Y65.617 E3.93251
G1 X93.917 Y65.035 E3.94216
G1 X93.794 Y64.431 E3.95183
G1 X93.75 Y63.785 E3.96198
G1 X93.75 Y62.077 E3.98875
G1 X93.79 Y61.462 E3.99841
G1 X93.895 Y60.928 E4.00694
G1 X93.794 Y60.431 E4.01489
G1 X93.75 Y59.785 E4.02504
G1 X93.75 Y58.077 E4.05182
G1 X93.79 Y57.462 E4.06148
G1 X93.895 Y56.928 E4.07001
G1 X93.794 Y56.431 E4.07796
G1 X93.75 Y55.785 E4.08811
G1 X93.75 Y54.077 E4.11488
G1 X93.79 Y53.462 E4.12454
G1 X93.895 Y52.928 E4.13307
G1 X93.794 Y52.431 E4.14102
G1 X93.75 Y51.785 E4.15117
G1 X93.75 Y50.077 E4.17795
G1 X93.79 Y49.462 E4.18761
G1 X93.895 Y48.928 E4.19614
G1 X93.794 Y48.431 E4.20409
G1 X93.75 Y47.785 E4.21424
G1 X93.75 Y46.077 E4.24101
G1 X93.79 Y45.462 E4.25067
G1 X93.895 Y44.928 E4.2592
G1 X93.794 Y44.431 E4.26715
G1 X93.75 Y43.785 E4.2773
G1 X93.75 Y42.077 E4.30408
G1 X93.79 Y41.462 E4.31374
G1 X93.895 Y40.928 E4.32227
G1 X93.794 Y40.431 E4.33022
G1 X93.75 Y39.785 E4.34037
G1 X93.75 Y38.077 E4.36714
G1 X93.79 Y37.462 E4.3768
G1 X93.895 Y36.928 E4.38533
G1 X93.794 Y36.431 E4.39328
G1 X93.75 Y35.785 E4.40343
G1 X93.75 Y34.077 E4.43021
G1 X93.79 Y33.462 E4.43987
G1 X93.895 Y32.928 E4.4484
G1 X93.794 Y32.431 E4.45635
G1 X93.75 Y31.785 E4.4665
G1 X93.75 Y30.077 E4.49327
G1 X93.79 Y29.462 E4.50293
G1 X93.895 Y28.928 E4.51146
G1 X93.794 Y28.431 E4.51941
G1 X93.75 Y27.785 E4.52956
G1 X93.75 Y26.077 E4.55634
G1 X93.79 Y25.462 E4.566
G1 X93.909 Y24.858 E4.57565
G0 F2625 X94.409 Y24.925
G1 F900 X94.605 Y24.376 E4.58479
G1 X94.874 Y23.86 E4.59391
G1 X95.212 Y23.384 E4.60306
G1 X95.495 Y23.072 E4.60966
G1 X95.641 Y22.926 E4.6129
G1 X96.08 Y22.543 E4.62203
G1 X96.568 Y22.224 E4.63117
G1 X97.094 Y21.974 E4.6403
G1 X97.65 Y21.799 E4.64944
G1 X98.225 Y21.702 E4.65858
G1 X98.646 Y21.681 E4.66518
G1 X191.354 Y21.681 E6.11842
G1 X191.935 Y21.721 E6.12755
G1 X192.506 Y21.84 E6.1367
G1 X193.055 Y22.036 E6.14583
G1 X193.571 Y22.305 E6.15496
G1 X194.047 Y22.643 E6.16411
G1 X194.359 Y22.926 E6.17071
G1 X194.505 Y23.072 E6.17395
G1 X194.888 Y23.511 E6.18308
G1 X195.207 Y23.999 E6.19222
G1 X195.457 Y24.525 E6.20135
G1 X195.632 Y25.081 E6.21048
G1 X195.729 Y25.656 E6.21963
G1 X195.75 Y26.077 E6.22623
G1 X195.75 Y27.785 E6.25301
G1 X195.71 Y28.366 E6.26214
G1 X195.591 Y28.937 E6.27128
G1 X195.589 Y28.943 E6.27138
G1 X195.632 Y29.081 E6.27364
G1 X195.729 Y29.656 E6.28278
G1 X195.75 Y30.077 E6.28939
G1 X195.75 Y31.785 E6.31617
G1 X195.71 Y32.366 E6.32529
G1 X195.591 Y32.937 E6.33444
G1 X195.589 Y32.943 E6.33454
G1 X195.632 Y33.081 E6.3368
G1 X195.729 Y33.656 E6.34594
G1 X195.75 Y34.077 E6.35255
G1 X195.75 Y35.785 E6.37932
G1 X195.71 Y36.366 E6.38845
G1 X195.591 Y36.937 E6.3976
G1 X195.589 Y36.943 E6.3977
G1 X195.632 Y37.081 E6.39996
G1 X195.729 Y37.656 E6.4091
G1 X195.75 Y38.077 E6.41571
G1 X195.75 Y39.785 E6.44248
G1 X195.71 Y40.366 E6.45161
G1 X195.591 Y40.937 E6.46076
G1 X195.589 Y40.943 E6.46085
G1 X195.632 Y41.081 E6.46312
G1 X195.729 Y41.656 E6.47226
G1 X195.75 Y42.077 E6.47887
G1 X195.75 Y43.785 E6.50564
G1 X195.71 Y44.366 E6.51477
G1 X195.591 Y44.937 E6.52391
G1 X195.589 Y44.943 E6.52401
G1 X195.632 Y45.081 E6.52628
G1 X195.729 Y45.656 E6.53542
G1 X195.75 Y46.077 E6.54203
G1 X195.75 Y47.785 E6.5688
G1 X195.71 Y48.366 E6.57793
G1 X195.591 Y48.937 E6.58707
G1 X195.589 Y48.943 E6.58717
G1 X195.632 Y49.081 E6.58944
G1 X195.729 Y49.656 E6.59858
G1 X195.75 Y50.077 E6.60519
G1 X195.75 Y51.785 E6.63196
G1 X195.71 Y52.366 E6.64109
G1 X195.591 Y52.937 E6.65023
G1 X195.589 Y52.943 E6.65033
G1 X195.632 Y53.081 E6.6526
G1 X195.729 Y53.656 E6.66174
G1 X195.75 Y54.077 E6.66835
G1 X195.75 Y55.785 E6.69512
G1 X195.71 Y56.366 E6.70425
G1 X195.591 Y56.937 E6.71339
G1 X195.589 Y56.943 E6.71349
G1 X195.632 Y57.081 E6.71576
G1 X195.729 Y57.656 E6.7249
G1 X195.75 Y58.077 E6.7315
G1 X195.75 Y59.785 E6.75828
G1 X195.71 Y60.366 E6.76741
G1 X195.591 Y60.937 E6.77655
G1 X195.589 Y60.943 E6.77665
G1 X195.632 Y61.081 E6.77892
G1 X195.729 Y61.656 E6.78806
G1 X195.75 Y62.077 E6.79466
G1 X195.75 Y63.785 E6.82144
G1 X195.71 Y64.366 E6.83057
G1 X195.591 Y64.937 E6.83971
G1 X195.395 Y65.486 E6.84885
G1 X195.126 Y66.002 E6.85797
G1 X194.788 Y66.478 E6.86712
G1 X194.505 Y66.79 E6.87372
G1 X194.359 Y66.936 E6.87696
G1 X193.92 Y67.319 E6.88609
G1 X193.432 Y67.638 E6.89523
G1 X192.906 Y67.888 E6.90436
G1 X192.35 Y68.063 E6.9135
G1 X191.775 Y68.16 E6.92264
G1 X191.354 Y68.181 E6.92925
G1 X98.646 Y68.181 E8.38249
G1 X98.065 Y68.141 E8.39162
G1 X97.494 Y68.022 E8.40076
G1 X96.945 Y67.826 E8.4099
G1 X96.429 Y67.557 E8.41902
G1 X95.953 Y67.219 E8.42817
G1 X95.641 Y66.936 E8.43477
G1 X95.495 Y66.79 E8.43801
G1 X95.112 Y66.351 E8.44714
G1 X94.793 Y65.863 E8.45628
G1 X94.543 Y65.337 E8.46541
G1 X94.368 Y64.781 E8.47455
G1 X94.271 Y64.206 E8.48369
G1 X94.25 Y63.785 E8.49029
G1 X94.25 Y62.077 E8.51707
G1 X94.29 Y61.496 E8.5262
G1 X94.409 Y60.925 E8.53534
G1 X94.411 Y60.919 E8.53544
G1 X94.368 Y60.781 E8.53771
G1 X94.271 Y60.206 E8.54685
G1 X94.25 Y59.785 E8.55345
G1 X94.25 Y58.077 E8.58023
G1 X94.29 Y57.496 E8.58936
G1 X94.409 Y56.925 E8.5985
G1 X94.411 Y56.919 E8.5986
G1 X94.368 Y56.781 E8.60086
G1 X94.271 Y56.206 E8.61001
G1 X94.25 Y55.785 E8.61661
G1 X94.25 Y54.077 E8.64339
G1 X94.29 Y53.496 E8.65252
G1 X94.409 Y52.925 E8.66166
G1 X94.411 Y52.919 E8.66176
G1 X94.368 Y52.781 E8.66402
G1 X94.271 Y52.206 E8.67316
G1 X94.25 Y51.785 E8.67977
G1 X94.25 Y50.077 E8.70655
G1 X94.29 Y49.496 E8.71567
G1 X94.409 Y48.925 E8.72482
G1 X94.411 Y48.919 E8.72492
G1 X94.368 Y48.781 E8.72718
G1 X94.271 Y48.206 E8.73632
G1 X94.25 Y47.785 E8.74293
G1 X94.25 Y46.077 E8.7697
G1 X94.29 Y45.496 E8.77883
G1 X94.409 Y44.925 E8.78798
G1 X94.411 Y44.919 E8.78808
G1 X94.368 Y44.781 E8.79034
G1 X94.271 Y44.206 E8.79948
G1 X94.25 Y43.785 E8.80609
G1 X94.25 Y42.077 E8.83286
G1 X94.29 Y41.496 E8.84199
G1 X94.409 Y40.925 E8.85114
G1 X94.411 Y40.919 E8.85123
G1 X94.368 Y40.781 E8.8535
G1 X94.271 Y40.206 E8.86264
G1 X94.25 Y39.785 E8.86925
G1 X94.25 Y38.077 E8.89602
G1 X94.29 Y37.496 E8.90515
G1 X94.409 Y36.925 E8.91429
G1 X94.411 Y36.919 E8.91439
G1 X94.368 Y36.781 E8.91666
G1 X94.271 Y36.206 E8.9258
G1 X94.25 Y35.785 E8.93241
G1 X94.25 Y34.077 E8.95918
G1 X94.29 Y33.496 E8.96831
G1 X94.409 Y32.925 E8.97745
G1 X94.411 Y32.919 E8.97755
G1 X94.368 Y32.781 E8.97982
G1 X94.271 Y32.206 E8.98896
G1 X94.25 Y31.785 E8.99557
G1 X94.25 Y30.077 E9.02234
G1 X94.29 Y29.496 E9.03147
G1 X94.409 Y28.925 E9.04061
G1 X94.411 Y28.919 E9.04071
G1 X94.368 Y28.781 E9.04298
G1 X94.271 Y28.206 E9.05212
G1 X94.25 Y27.785 E9.05873
G1 X94.25 Y26.077 E9.0855
G1 X94.29 Y25.496 E9.09463
G1 X94.409 Y24.925 E9.10377
G0 F2625 X94.909 Y24.997
G1 F900 X95.104 Y24.486 E9.11234
G1 X95.372 Y24.008 E9.12094
G1 X95.848 Y23.425 E9.13273
G1 X95.994 Y23.279 E9.13597
G1 X96.409 Y22.922 E9.14455
G1 X96.871 Y22.628 E9.15313
G1 X97.37 Y22.405 E9.1617
G1 X97.897 Y22.257 E9.17028
G1 X98.646 Y22.181 E9.18208
G1 X191.354 Y22.181 E10.63533
G1 X191.9 Y22.221 E10.64391
G1 X192.434 Y22.34 E10.65248
G1 X192.945 Y22.535 E10.66106
G1 X193.423 Y22.803 E10.66965
G1 X194.006 Y23.279 E10.68144
G1 X194.152 Y23.425 E10.68468
G1 X194.509 Y23.84 E10.69326
G1 X194.803 Y24.302 E10.70185
G1 X195.026 Y24.801 E10.71041
G1 X195.174 Y25.328 E10.71899
G1 X195.25 Y26.077 E10.7308
G1 X195.25 Y27.785 E10.75757
G1 X195.21 Y28.331 E10.76615
G1 X195.091 Y28.865 E10.77473
G1 X195.064 Y28.936 E10.77592
G1 X195.174 Y29.328 E10.7823
G1 X195.25 Y30.077 E10.7941
G1 X195.25 Y31.785 E10.82087
G1 X195.21 Y32.331 E10.82946
G1 X195.091 Y32.865 E10.83803
G1 X195.064 Y32.936 E10.83922
G1 X195.174 Y33.328 E10.84561
G1 X195.25 Y34.077 E10.85741
G1 X195.25 Y35.785 E10.88418
G1 X195.21 Y36.331 E10.89276
G1 X195.091 Y36.865 E10.90134
G1 X195.064 Y36.936 E10.90253
G1 X195.174 Y37.328 E10.90891
G1 X195.25 Y38.077 E10.92071
G1 X195.25 Y39.785 E10.94749
G1 X195.21 Y40.331 E10.95607
G1 X195.091 Y40.865 E10.96464
G1 X195.064 Y40.936 E10.96583
G1 X195.174 Y41.328 E10.97222
G1 X195.25 Y42.077 E10.98402
G1 X195.25 Y43.785 E11.01079
G1 X195.21 Y44.331 E11.01937
G1 X195.091 Y44.865 E11.02795
G1 X195.064 Y44.936 E11.02914
G1 X195.174 Y45.328 E11.03552
G1 X195.25 Y46.077 E11.04732
G1 X195.25 Y47.785 E11.0741
G1 X195.21 Y48.331 E11.08268
G1 X195.091 Y48.865 E11.09125
G1 X195.064 Y48.936 E11.09245
G1 X195.174 Y49.328 E11.09883
G1 X195.25 Y50.077 E11.11063
G1 X195.25 Y51.785 E11.1374
G1 X195.21 Y52.331 E11.14598
G1 X195.091 Y52.865 E11.15456
G1 X195.064 Y52.936 E11.15575
G1 X195.174 Y53.328 E11.16213
G1 X195.25 Y54.077 E11.17393
G1 X195.25 Y55.785 E11.20071
G1 X195.21 Y56.331 E11.20929
G1 X195.091 Y56.865 E11.21787
G1 X195.064 Y56.936 E11.21906
G1 X195.174 Y57.328 E11.22544
G1 X195.25 Y58.077 E11.23724
G1 X195.25 Y59.785 E11.26401
G1 X195.21 Y60.331 E11.2726
G1 X195.091 Y60.865 E11.28117
G1 X195.064 Y60.936 E11.28236
G1 X195.174 Y61.328 E11.28874
G1 X195.25 Y62.077 E11.30055
G1 X195.25 Y63.785 E11.32732
G1 X195.21 Y64.331 E11.3359
G1 X195.091 Y64.865 E11.34448
G1 X194.896 Y65.376 E11.35305
G1 X194.628 Y65.854 E11.36164
G1 X194.152 Y66.437 E11.37344
G1 X194.006 Y66.583 E11.37668
G1 X193.591 Y66.94 E11.38526
G1 X193.129 Y67.234 E11.39384
G1 X192.63 Y67.457 E11.40241
G1 X192.103 Y67.605 E11.41099
G1 X191.354 Y67.681 E11.42279
G1 X98.646 Y67.681 E12.87603
G1 X98.1 Y67.641 E12.88461
G1 X97.566 Y67.522 E12.89319
G1 X97.055 Y67.327 E12.90176
G1 X96.577 Y67.059 E12.91035
G1 X95.994 Y66.583 E12.92215
G1 X95.848 Y66.437 E12.92539
G1 X95.491 Y66.022 E12.93397
G1 X95.197 Y65.56 E12.94255
G1 X94.974 Y65.061 E12.95112
G1 X94.826 Y64.534 E12.9597
G1 X94.75 Y63.785 E12.9715
G1 X94.75 Y62.077 E12.99828
G1 X94.79 Y61.531 E13.00686
G1 X94.909 Y60.997 E13.01543
G1 X94.936 Y60.926 E13.01662
G1 X94.826 Y60.534 E13.02301
G1 X94.75 Y59.785 E13.03481
G1 X94.75 Y58.077 E13.06158
G1 X94.79 Y57.531 E13.07016
G1 X94.909 Y56.997 E13.07874
G1 X94.936 Y56.926 E13.07993
G1 X94.826 Y56.534 E13.08631
G1 X94.75 Y55.785 E13.09811
G1 X94.75 Y54.077 E13.12489
G1 X94.79 Y53.531 E13.13347
G1 X94.909 Y52.997 E13.14204
G1 X94.936 Y52.926 E13.14323
G1 X94.826 Y52.534 E13.14962
G1 X94.75 Y51.785 E13.16142
G1 X94.75 Y50.077 E13.18819
G1 X94.79 Y49.531 E13.19677
G1 X94.909 Y48.997 E13.20535
G1 X94.936 Y48.926 E13.20654
G1 X94.826 Y48.534 E13.21292
G1 X94.75 Y47.785 E13.22472
G1 X94.75 Y46.077 E13.2515
G1 X94.79 Y45.531 E13.26008
G1 X94.909 Y44.997 E13.26865
G1 X94.936 Y44.926 E13.26985
G1 X94.826 Y44.534 E13.27623
G1 X94.75 Y43.785 E13.28803
G1 X94.75 Y42.077 E13.3148
G1 X94.79 Y41.531 E13.32338
G1 X94.909 Y40.997 E13.33196
G1 X94.936 Y40.926 E13.33315
G1 X94.826 Y40.534 E13.33953
G1 X94.75 Y39.785 E13.35133
G1 X94.75 Y38.077 E13.37811
G1 X94.79 Y37.531 E13.38669
G1 X94.909 Y36.997 E13.39527
G1 X94.936 Y36.926 E13.39646
G1 X94.826 Y36.534 E13.40284
G1 X94.75 Y35.785 E13.41464
G1 X94.75 Y34.077 E13.44141
G1 X94.79 Y33.531 E13.45
G1 X94.909 Y32.997 E13.45857
G1 X94.936 Y32.926 E13.45976
G1 X94.826 Y32.534 E13.46614
G1 X94.75 Y31.785 E13.47795
G1 X94.75 Y30.077 E13.50472
G1 X94.79 Y29.531 E13.5133
G1 X94.909 Y28.997 E13.52188
G1 X94.936 Y28.926 E13.52307
G1 X94.826 Y28.534 E13.52945
G1 X94.75 Y27.785 E13.54125
G1 X94.75 Y26.077 E13.56802
G1 X94.79 Y25.531 E13.57661
G1 X94.909 Y24.997 E13.58518
G0 F2625 X95.409 Y25.074
G1 F900 X95.604 Y24.603 E13.59317
G1 X95.87 Y24.168 E13.60117
G1 X96.202 Y23.779 E13.60918
G1 X96.348 Y23.633 E13.61242
G1 X96.735 Y23.302 E13.6204
G1 X97.17 Y23.036 E13.62839
G1 X97.64 Y22.841 E13.63637
G1 X98.136 Y22.721 E13.64437
G1 X98.646 Y22.681 E13.65239
G1 X191.354 Y22.681 E15.10563
G1 X191.862 Y22.721 E15.11362
G1 X192.357 Y22.84 E15.1216
G1 X192.828 Y23.035 E15.12959
G1 X193.263 Y23.301 E15.13758
G1 X193.652 Y23.633 E15.1456
G1 X193.798 Y23.779 E15.14884
G1 X194.129 Y24.166 E15.15682
G1 X194.395 Y24.601 E15.16481
G1 X194.59 Y25.071 E15.17279
G1 X194.71 Y25.567 E15.18079
G1 X194.75 Y26.077 E15.18881
G1 X194.75 Y27.785 E15.21558
G1 X194.71 Y28.293 E15.22357
G1 X194.591 Y28.788 E15.23155
G1 X194.532 Y28.931 E15.23397
G1 X194.59 Y29.071 E15.23635
G1 X194.71 Y29.567 E15.24435
G1 X194.75 Y30.077 E15.25237
G1 X194.75 Y31.785 E15.27914
G1 X194.71 Y32.293 E15.28713
G1 X194.591 Y32.788 E15.29511
G1 X194.532 Y32.931 E15.29753
G1 X194.59 Y33.071 E15.29991
G1 X194.71 Y33.567 E15.30791
G1 X194.75 Y34.077 E15.31593
G1 X194.75 Y35.785 E15.3427
G1 X194.71 Y36.293 E15.35069
G1 X194.591 Y36.788 E15.35867
G1 X194.532 Y36.931 E15.36109
G1 X194.59 Y37.071 E15.36347
G1 X194.71 Y37.567 E15.37147
G1 X194.75 Y38.077 E15.37949
G1 X194.75 Y39.785 E15.40626
G1 X194.71 Y40.293 E15.41425
G1 X194.591 Y40.788 E15.42223
G1 X194.532 Y40.931 E15.42465
G1 X194.59 Y41.071 E15.42703
G1 X194.71 Y41.567 E15.43503
G1 X194.75 Y42.077 E15.44305
G1 X194.75 Y43.785 E15.46982
G1 X194.71 Y44.293 E15.47781
G1 X194.591 Y44.788 E15.48579
G1 X194.532 Y44.931 E15.48821
G1 X194.59 Y45.071 E15.49059
G1 X194.71 Y45.567 E15.49859
G1 X194.75 Y46.077 E15.50661
G1 X194.75 Y47.785 E15.53338
G1 X194.71 Y48.293 E15.54137
G1 X194.591 Y48.788 E15.54935
G1 X194.532 Y48.931 E15.55178
G1 X194.59 Y49.071 E15.55415
G1 X194.71 Y49.567 E15.56215
G1 X194.75 Y50.077 E15.57017
G1 X194.75 Y51.785 E15.59694
G1 X194.71 Y52.293 E15.60493
G1 X194.591 Y52.788 E15.61291
G1 X194.532 Y52.931 E15.61534
G1 X194.59 Y53.071 E15.61771
G1 X194.71 Y53.567 E15.62571
G1 X194.75 Y54.077 E15.63373
G1 X194.75 Y55.785 E15.6605
G1 X194.71 Y56.293 E15.66849
G1 X194.591 Y56.788 E15.67647
G1 X194.532 Y56.931 E15.6789
G1 X194.59 Y57.071 E15.68127
G1 X194.71 Y57.567 E15.68927
G1 X194.75 Y58.077 E15.69729
G1 X194.75 Y59.785 E15.72406
G1 X194.71 Y60.293 E15.73205
G1 X194.591 Y60.788 E15.74003
G1 X194.532 Y60.931 E15.74246
G1 X194.59 Y61.071 E15.74483
G1 X194.71 Y61.567 E15.75283
G1 X194.75 Y62.077 E15.76085
G1 X194.75 Y63.785 E15.78762
G1 X194.71 Y64.293 E15.79561
G1 X194.591 Y64.788 E15.80359
G1 X194.396 Y65.259 E15.81158
G1 X194.13 Y65.694 E15.81958
G1 X193.798 Y66.083 E15.82759
G1 X193.652 Y66.229 E15.83083
G1 X193.265 Y66.56 E15.83881
G1 X192.83 Y66.826 E15.8468
G1 X192.36 Y67.021 E15.85478
G1 X191.864 Y67.141 E15.86278
G1 X191.354 Y67.181 E15.8708
G1 X98.646 Y67.181 E17.32404
G1 X98.138 Y67.141 E17.33203
G1 X97.643 Y67.022 E17.34001
G1 X97.172 Y66.827 E17.348
G1 X96.737 Y66.561 E17.35599
G1 X96.348 Y66.229 E17.36401
G1 X96.202 Y66.083 E17.36725
G1 X95.871 Y65.696 E17.37523
G1 X95.605 Y65.261 E17.38322
G1 X95.41 Y64.791 E17.3912
G1 X95.29 Y64.295 E17.3992
G1 X95.25 Y63.785 E17.40722
G1 X95.25 Y62.077 E17.43399
G1 X95.29 Y61.569 E17.44198
G1 X95.409 Y61.074 E17.44996
G1 X95.468 Y60.931 E17.45238
G1 X95.41 Y60.791 E17.45476
G1 X95.29 Y60.295 E17.46276
G1 X95.25 Y59.785 E17.47078
G1 X95.25 Y58.077 E17.49755
G1 X95.29 Y57.569 E17.50554
G1 X95.409 Y57.074 E17.51352
G1 X95.468 Y56.931 E17.51594
G1 X95.41 Y56.791 E17.51832
G1 X95.29 Y56.295 E17.52632
G1 X95.25 Y55.785 E17.53434
G1 X95.25 Y54.077 E17.56111
G1 X95.29 Y53.569 E17.5691
G1 X95.409 Y53.074 E17.57708
G1 X95.468 Y52.931 E17.5795
G1 X95.41 Y52.791 E17.58188
G1 X95.29 Y52.295 E17.58988
G1 X95.25 Y51.785 E17.5979
G1 X95.25 Y50.077 E17.62467
G1 X95.29 Y49.569 E17.63266
G1 X95.409 Y49.074 E17.64064
G1 X95.468 Y48.931 E17.64306
G1 X95.41 Y48.791 E17.64544
G1 X95.29 Y48.295 E17.65344
G1 X95.25 Y47.785 E17.66146
G1 X95.25 Y46.077 E17.68823
G1 X95.29 Y45.569 E17.69622
G1 X95.409 Y45.074 E17.7042
G1 X95.468 Y44.931 E17.70662
G1 X95.41 Y44.791 E17.709
G1 X95.29 Y44.295 E17.717
G1 X95.25 Y43.785 E17.72502
G1 X95.25 Y42.077 E17.75179
G1 X95.29 Y41.569 E17.75978
G1 X95.409 Y41.074 E17.76776
G1 X95.468 Y40.931 E17.77019
G1 X95.41 Y40.791 E17.77256
G1 X95.29 Y40.295 E17.78056
G1 X95.25 Y39.785 E17.78858
G1 X95.25 Y38.077 E17.81535
G1 X95.29 Y37.569 E17.82334
G1 X95.409 Y37.074 E17.83132
G1 X95.468 Y36.931 E17.83375
G1 X95.41 Y36.791 E17.83612
G1 X95.29 Y36.295 E17.84412
G1 X95.25 Y35.785 E17.85214
G1 X95.25 Y34.077 E17.87891
G1 X95.29 Y33.569 E17.8869
G1 X95.409 Y33.074 E17.89488
G1 X95.468 Y32.931 E17.89731
G1 X95.41 Y32.791 E17.89968
G1 X95.29 Y32.295 E17.90768
G1 X95.25 Y31.785 E17.9157
G1 X95.25 Y30.077 E17.94247
G1 X95.29 Y29.569 E17.95046
G1 X95.409 Y29.074 E17.95844
G1 X95.468 Y28.931 E17.96087
G1 X95.41 Y28.791 E17.96324
G1 X95.29 Y28.295 E17.97124
G1 X95.25 Y27.785 E17.97926
G1 X95.25 Y26.077 E18.00603
G1 X95.29 Y25.569 E18.01402
G1 X95.409 Y25.074 E18.022
G0 F2625 X95.909 Y25.157
G1 F900 X96.102 Y24.73 E18.02935
G1 X96.366 Y24.343 E18.03669
G1 X96.555 Y24.132 E18.04113
G1 X96.701 Y23.986 E18.04437
G1 X97.06 Y23.685 E18.05171
G1 X97.464 Y23.448 E18.05905
G1 X97.903 Y23.283 E18.06641
G1 X98.363 Y23.196 E18.07374
G1 X98.646 Y23.181 E18.07819
G1 X191.354 Y23.181 E19.53143
G1 X191.821 Y23.221 E19.53878
G1 X192.274 Y23.34 E19.54612
G1 X192.701 Y23.533 E19.55346
G1 X193.088 Y23.797 E19.56081
G1 X193.299 Y23.986 E19.56525
G1 X193.445 Y24.132 E19.56848
G1 X193.746 Y24.491 E19.57583
G1 X193.983 Y24.895 E19.58317
G1 X194.148 Y25.334 E19.59052
G1 X194.235 Y25.794 E19.59786
G1 X194.25 Y26.077 E19.6023
G1 X194.25 Y27.785 E19.62908
G1 X194.21 Y28.252 E19.63642
G1 X194.091 Y28.705 E19.64376
G1 X193.993 Y28.922 E19.6475
G1 X194.148 Y29.334 E19.6544
G1 X194.235 Y29.794 E19.66174
G1 X194.25 Y30.077 E19.66618
G1 X194.25 Y31.785 E19.69295
G1 X194.21 Y32.252 E19.7003
G1 X194.091 Y32.705 E19.70764
G1 X193.993 Y32.922 E19.71137
G1 X194.148 Y33.334 E19.71827
G1 X194.235 Y33.794 E19.72561
G1 X194.25 Y34.077 E19.73005
G1 X194.25 Y35.785 E19.75683
G1 X194.21 Y36.252 E19.76418
G1 X194.091 Y36.705 E19.77152
G1 X193.993 Y36.922 E19.77525
G1 X194.148 Y37.334 E19.78215
G1 X194.235 Y37.794 E19.78949
G1 X194.25 Y38.077 E19.79393
G1 X194.25 Y39.785 E19.8207
G1 X194.21 Y40.252 E19.82805
G1 X194.091 Y40.705 E19.83539
G1 X193.993 Y40.922 E19.83913
G1 X194.148 Y41.334 E19.84603
G1 X194.235 Y41.794 E19.85336
G1 X194.25 Y42.077 E19.85781
G1 X194.25 Y43.785 E19.88458
G1 X194.21 Y44.252 E19.89193
G1 X194.091 Y44.705 E19.89927
G1 X193.993 Y44.922 E19.903
G1 X194.148 Y45.334 E19.9099
G1 X194.235 Y45.794 E19.91724
G1 X194.25 Y46.077 E19.92168
G1 X194.25 Y47.785 E19.94846
G1 X194.21 Y48.252 E19.9558
G1 X194.091 Y48.705 E19.96315
G1 X193.993 Y48.922 E19.96688
G1 X194.148 Y49.334 E19.97378
G1 X194.235 Y49.794 E19.98112
G1 X194.25 Y50.077 E19.98556
G1 X194.25 Y51.785 E20.01233
G1 X194.21 Y52.252 E20.01968
G1 X194.091 Y52.705 E20.02702
G1 X193.993 Y52.922 E20.03076
G1 X194.148 Y53.334 E20.03766
G1 X194.235 Y53.794 E20.04499
G1 X194.25 Y54.077 E20.04944
G1 X194.25 Y55.785 E20.07621
G1 X194.21 Y56.252 E20.08356
G1 X194.091 Y56.705 E20.0909
G1 X193.993 Y56.922 E20.09463
G1 X194.148 Y57.334 E20.10153
G1 X194.235 Y57.794 E20.10887
G1 X194.25 Y58.077 E20.11331
G1 X194.25 Y59.785 E20.14009
G1 X194.21 Y60.252 E20.14743
G1 X194.091 Y60.705 E20.15478
G1 X193.993 Y60.922 E20.15851
G1 X194.148 Y61.334 E20.16541
G1 X194.235 Y61.794 E20.17275
G1 X194.25 Y62.077 E20.17719
G1 X194.25 Y63.785 E20.20396
G1 X194.21 Y64.252 E20.21131
G1 X194.091 Y64.705 E20.21865
G1 X193.898 Y65.132 E20.226
G1 X193.634 Y65.519 E20.23334
G1 X193.445 Y65.73 E20.23778
G1 X193.299 Y65.876 E20.24102
G1 X192.94 Y66.177 E20.24836
G1 X192.536 Y66.414 E20.2557
G1 X192.097 Y66.579 E20.26306
G1 X191.637 Y66.666 E20.27039
G1 X191.354 Y66.681 E20.27484
G1 X98.646 Y66.681 E21.72808
G1 X98.179 Y66.641 E21.73542
G1 X97.726 Y66.522 E21.74277
G1 X97.299 Y66.329 E21.75011
G1 X96.912 Y66.065 E21.75745
G1 X96.701 Y65.876 E21.7619
G1 X96.555 Y65.73 E21.76513
G1 X96.254 Y65.371 E21.77248
G1 X96.017 Y64.967 E21.77982
G1 X95.852 Y64.528 E21.78717
G1 X95.765 Y64.068 E21.79451
G1 X95.75 Y63.785 E21.79895
G1 X95.75 Y62.077 E21.82572
G1 X95.79 Y61.61 E21.83307
G1 X95.909 Y61.157 E21.84041
G1 X96.007 Y60.94 E21.84415
G1 X95.852 Y60.528 E21.85105
G1 X95.765 Y60.068 E21.85838
G1 X95.75 Y59.785 E21.86283
G1 X95.75 Y58.077 E21.8896
G1 X95.79 Y57.61 E21.89695
G1 X95.909 Y57.157 E21.90429
G1 X96.007 Y56.94 E21.90802
G1 X95.852 Y56.528 E21.91492
G1 X95.765 Y56.068 E21.92226
G1 X95.75 Y55.785 E21.9267
G1 X95.75 Y54.077 E21.95348
G1 X95.79 Y53.61 E21.96082
G1 X95.909 Y53.157 E21.96817
G1 X96.007 Y52.94 E21.9719
G1 X95.852 Y52.528 E21.9788
G1 X95.765 Y52.068 E21.98614
G1 X95.75 Y51.785 E21.99058
G1 X95.75 Y50.077 E22.01735
G1 X95.79 Y49.61 E22.0247
G1 X95.909 Y49.157 E22.03204
G1 X96.007 Y48.94 E22.03577
G1 X95.852 Y48.528 E22.04267
G1 X95.765 Y48.068 E22.05001
G1 X95.75 Y47.785 E22.05446
G1 X95.75 Y46.077 E22.08123
G1 X95.79 Y45.61 E22.08858
G1 X95.909 Y45.157 E22.09592
G1 X96.007 Y44.94 E22.09965
G1 X95.852 Y44.528 E22.10655
G1 X95.765 Y44.068 E22.11389
G1 X95.75 Y43.785 E22.11833
G1 X95.75 Y42.077 E22.14511
G1 X95.79 Y41.61 E22.15245
G1 X95.909 Y41.157 E22.1598
G1 X96.007 Y40.94 E22.16353
G1 X95.852 Y40.528 E22.17043
G1 X95.765 Y40.068 E22.17777
G1 X95.75 Y39.785 E22.18221
G1 X95.75 Y38.077 E22.20898
G1 X95.79 Y37.61 E22.21633
G1 X95.909 Y37.157 E22.22367
G1 X96.007 Y36.94 E22.2274
G1 X95.852 Y36.528 E22.2343
G1 X95.765 Y36.068 E22.24164
G1 X95.75 Y35.785 E22.24608
G1 X95.75 Y34.077 E22.27286
G1 X95.79 Y33.61 E22.28021
G1 X95.909 Y33.157 E22.28755
G1 X96.007 Y32.94 E22.29128
G1 X95.852 Y32.528 E22.29818
G1 X95.765 Y32.068 E22.30552
G1 X95.75 Y31.785 E22.30996
G1 X95.75 Y30.077 E22.33673
G1 X95.79 Y29.61 E22.34408
G1 X95.909 Y29.157 E22.35142
G1 X96.007 Y28.94 E22.35516
G1 X95.852 Y28.528 E22.36206
G1 X95.765 Y28.068 E22.3694
G1 X95.75 Y27.785 E22.37384
G1 X95.75 Y26.077 E22.40061
G1 X95.79 Y25.61 E22.40796
G1 X95.909 Y25.157 E22.4153
G0 F2625 X96.29 Y25.655
G1 F900 X96.408 Y25.248 E22.42194
G1 X96.601 Y24.871 E22.42858
G1 X96.909 Y24.486 E22.43631
G1 X97.055 Y24.34 E22.43955
G1 X97.382 Y24.07 E22.44619
G1 X97.753 Y23.866 E22.45283
G1 X98.156 Y23.735 E22.45947
G1 X98.646 Y23.681 E22.4672
G1 X191.354 Y23.681 E23.92044
G1 X191.776 Y23.721 E23.92709
G1 X192.183 Y23.839 E23.93373
G1 X192.56 Y24.032 E23.94037
G1 X192.945 Y24.34 E23.9481
G1 X193.091 Y24.486 E23.95133
G1 X193.361 Y24.813 E23.95798
G1 X193.565 Y25.184 E23.96462
G1 X193.696 Y25.587 E23.97126
G1 X193.75 Y26.077 E23.97899
G1 X193.75 Y27.785 E24.00576
G1 X193.71 Y28.207 E24.01241
G1 X193.592 Y28.614 E24.01905
G1 X193.428 Y28.935 E24.0247
G1 X193.565 Y29.184 E24.02915
G1 X193.696 Y29.587 E24.0358
G1 X193.75 Y30.077 E24.04352
G1 X193.75 Y31.785 E24.0703
G1 X193.71 Y32.207 E24.07694
G1 X193.592 Y32.614 E24.08359
G1 X193.428 Y32.935 E24.08924
G1 X193.565 Y33.184 E24.09369
G1 X193.696 Y33.587 E24.10033
G1 X193.75 Y34.077 E24.10806
G1 X193.75 Y35.785 E24.13484
G1 X193.71 Y36.207 E24.14148
G1 X193.592 Y36.614 E24.14812
G1 X193.428 Y36.935 E24.15377
G1 X193.565 Y37.184 E24.15823
G1 X193.696 Y37.587 E24.16487
G1 X193.75 Y38.077 E24.1726
G1 X193.75 Y39.785 E24.19937
G1 X193.71 Y40.207 E24.20602
G1 X193.592 Y40.614 E24.21266
G1 X193.428 Y40.935 E24.21831
G1 X193.565 Y41.184 E24.22276
G1 X193.696 Y41.587 E24.22941
G1 X193.75 Y42.077 E24.23713
G1 X193.75 Y43.785 E24.26391
G1 X193.71 Y44.207 E24.27055
G1 X193.592 Y44.614 E24.2772
G1 X193.428 Y44.935 E24.28285
G1 X193.565 Y45.184 E24.2873
G1 X193.696 Y45.587 E24.29394
G1 X193.75 Y46.077 E24.30167
G1 X193.75 Y47.785 E24.32844
G1 X193.71 Y48.207 E24.33509
G1 X193.592 Y48.614 E24.34173
G1 X193.428 Y48.935 E24.34738
G1 X193.565 Y49.184 E24.35184
G1 X193.696 Y49.587 E24.35848
G1 X193.75 Y50.077 E24.36621
G1 X193.75 Y51.785 E24.39298
G1 X193.71 Y52.207 E24.39963
G1 X193.592 Y52.614 E24.40627
G1 X193.428 Y52.935 E24.41192
G1 X193.565 Y53.184 E24.41637
G1 X193.696 Y53.587 E24.42302
G1 X193.75 Y54.077 E24.43074
G1 X193.75 Y55.785 E24.45752
G1 X193.71 Y56.207 E24.46416
G1 X193.592 Y56.614 E24.47081
G1 X193.428 Y56.935 E24.47646
G1 X193.565 Y57.184 E24.48091
G1 X193.696 Y57.587 E24.48755
G1 X193.75 Y58.077 E24.49528
G1 X193.75 Y59.785 E24.52205
G1 X193.71 Y60.207 E24.5287
G1 X193.592 Y60.614 E24.53534
G1 X193.428 Y60.935 E24.54099
G1 X193.565 Y61.184 E24.54545
G1 X193.696 Y61.587 E24.55209
G1 X193.75 Y62.077 E24.55982
G1 X193.75 Y63.785 E24.58659
G1 X193.71 Y64.207 E24.59324
G1 X193.592 Y64.614 E24.59988
G1 X193.399 Y64.991 E24.60652
G1 X193.091 Y65.376 E24.61425
G1 X192.945 Y65.522 E24.61748
G1 X192.618 Y65.792 E24.62413
G1 X192.247 Y65.996 E24.63077
G1 X191.844 Y66.127 E24.63741
G1 X191.354 Y66.181 E24.64514
G1 X98.646 Y66.181 E26.09838
G1 X98.224 Y66.141 E26.10502
G1 X97.817 Y66.023 E26.11167
G1 X97.44 Y65.83 E26.1183
G1 X97.055 Y65.522 E26.12603
G1 X96.909 Y65.376 E26.12927
G1 X96.639 Y65.049 E26.13592
G1 X96.435 Y64.678 E26.14255
G1 X96.304 Y64.275 E26.1492
G1 X96.25 Y63.785 E26.15692
G1 X96.25 Y62.077 E26.1837
G1 X96.29 Y61.655 E26.19034
G1 X96.408 Y61.248 E26.19698
G1 X96.572 Y60.927 E26.20264
G1 X96.435 Y60.678 E26.20709
G1 X96.304 Y60.275 E26.21373
G1 X96.25 Y59.785 E26.22146
G1 X96.25 Y58.077 E26.24823
G1 X96.29 Y57.655 E26.25488
G1 X96.408 Y57.248 E26.26152
G1 X96.572 Y56.927 E26.26717
G1 X96.435 Y56.678 E26.27163
G1 X96.304 Y56.275 E26.27827
G1 X96.25 Y55.785 E26.286
G1 X96.25 Y54.077 E26.31277
G1 X96.29 Y53.655 E26.31942
G1 X96.408 Y53.248 E26.32606
G1 X96.572 Y52.927 E26.33171
G1 X96.435 Y52.678 E26.33616
G1 X96.304 Y52.275 E26.34281
G1 X96.25 Y51.785 E26.35053
G1 X96.25 Y50.077 E26.37731
G1 X96.29 Y49.655 E26.38395
G1 X96.408 Y49.248 E26.39059
G1 X96.572 Y48.927 E26.39625
G1 X96.435 Y48.678 E26.4007
G1 X96.304 Y48.275 E26.40734
G1 X96.25 Y47.785 E26.41507
G1 X96.25 Y46.077 E26.44184
G1 X96.29 Y45.655 E26.44849
G1 X96.408 Y45.248 E26.45513
G1 X96.572 Y44.927 E26.46078
G1 X96.435 Y44.678 E26.46524
G1 X96.304 Y44.275 E26.47188
G1 X96.25 Y43.785 E26.47961
G1 X96.25 Y42.077 E26.50638
G1 X96.29 Y41.655 E26.51303
G1 X96.408 Y41.248 E26.51967
G1 X96.572 Y40.927 E26.52532
G1 X96.435 Y40.678 E26.52977
G1 X96.304 Y40.275 E26.53642
G1 X96.25 Y39.785 E26.54414
G1 X96.25 Y38.077 E26.57092
G1 X96.29 Y37.655 E26.57756
G1 X96.408 Y37.248 E26.5842
G1 X96.572 Y36.927 E26.58985
G1 X96.435 Y36.678 E26.59431
G1 X96.304 Y36.275 E26.60095
G1 X96.25 Y35.785 E26.60868
G1 X96.25 Y34.077 E26.63545
G1 X96.29 Y33.655 E26.6421
G1 X96.408 Y33.248 E26.64874
G1 X96.572 Y32.927 E26.65439
G1 X96.435 Y32.678 E26.65885
G1 X96.304 Y32.275 E26.66549
G1 X96.25 Y31.785 E26.67322
G1 X96.25 Y30.077 E26.69999
G1 X96.29 Y29.655 E26.70663
G1 X96.408 Y29.248 E26.71328
G1 X96.572 Y28.927 E26.71893
G1 X96.435 Y28.678 E26.72338
G1 X96.304 Y28.275 E26.73003
G1 X96.25 Y27.785 E26.73775
G1 X96.25 Y26.077 E26.76453
G1 X96.29 Y25.655 E26.77117
G0 F2625 X96.79 Y25.706
G1 F900 X96.908 Y25.351 E26.77704
G1 X97.098 Y25.029 E26.7829
G1 X97.263 Y24.84 E26.78683
G1 X97.409 Y24.694 E26.79007
G1 X97.699 Y24.459 E26.79592
G1 X98.033 Y24.292 E26.80177
G1 X98.395 Y24.199 E26.80763
G1 X98.646 Y24.181 E26.81157
G1 X191.354 Y24.181 E28.26481
G1 X191.725 Y24.221 E28.27066
G1 X192.08 Y24.339 E28.27653
G1 X192.402 Y24.529 E28.28239
G1 X192.591 Y24.694 E28.28632
G1 X192.737 Y24.84 E28.28956
G1 X192.972 Y25.13 E28.29541
G1 X193.139 Y25.464 E28.30126
G1 X193.232 Y25.826 E28.30712
G1 X193.25 Y26.077 E28.31107
G1 X193.25 Y27.785 E28.33784
G1 X193.21 Y28.156 E28.34369
G1 X193.092 Y28.511 E28.34955
G1 X192.902 Y28.833 E28.35541
G1 X192.813 Y28.934 E28.35752
G1 X192.972 Y29.13 E28.36148
G1 X193.139 Y29.464 E28.36733
G1 X193.232 Y29.826 E28.37319
G1 X193.25 Y30.077 E28.37714
G1 X193.25 Y31.785 E28.40391
G1 X193.21 Y32.156 E28.40976
G1 X193.092 Y32.511 E28.41562
G1 X192.902 Y32.833 E28.42149
G1 X192.813 Y32.934 E28.4236
G1 X192.972 Y33.13 E28.42755
G1 X193.139 Y33.464 E28.43341
G1 X193.232 Y33.826 E28.43926
G1 X193.25 Y34.077 E28.44321
G1 X193.25 Y35.785 E28.46998
G1 X193.21 Y36.156 E28.47583
G1 X193.092 Y36.511 E28.4817
G1 X192.902 Y36.833 E28.48756
G1 X192.813 Y36.934 E28.48967
G1 X192.972 Y37.13 E28.49362
G1 X193.139 Y37.464 E28.49948
G1 X193.232 Y37.826 E28.50534
G1 X193.25 Y38.077 E28.50928
G1 X193.25 Y39.785 E28.53605
G1 X193.21 Y40.156 E28.5419
G1 X193.092 Y40.511 E28.54777
G1 X192.902 Y40.833 E28.55363
G1 X192.813 Y40.934 E28.55574
G1 X192.972 Y41.13 E28.55969
G1 X193.139 Y41.464 E28.56555
G1 X193.232 Y41.826 E28.57141
G1 X193.25 Y42.077 E28.57535
G1 X193.25 Y43.785 E28.60213
G1 X193.21 Y44.156 E28.60797
G1 X193.092 Y44.511 E28.61384
G1 X192.902 Y44.833 E28.6197
G1 X192.813 Y44.934 E28.62181
G1 X192.972 Y45.13 E28.62577
G1 X193.139 Y45.464 E28.63162
G1 X193.232 Y45.826 E28.63748
G1 X193.25 Y46.077 E28.64142
G1 X193.25 Y47.785 E28.6682
G1 X193.21 Y48.156 E28.67405
G1 X193.092 Y48.511 E28.67991
G1 X192.902 Y48.833 E28.68577
G1 X192.813 Y48.934 E28.68788
G1 X192.972 Y49.13 E28.69184
G1 X193.139 Y49.464 E28.69769
G1 X193.232 Y49.826 E28.70355
G1 X193.25 Y50.077 E28.70749
G1 X193.25 Y51.785 E28.73427
G1 X193.21 Y52.156 E28.74012
G1 X193.092 Y52.511 E28.74598
G1 X192.902 Y52.833 E28.75184
G1 X192.813 Y52.934 E28.75395
G1 X192.972 Y53.13 E28.75791
G1 X193.139 Y53.464 E28.76376
G1 X193.232 Y53.826 E28.76962
G1 X193.25 Y54.077 E28.77357
G1 X193.25 Y55.785 E28.80034
G1 X193.21 Y56.156 E28.80619
G1 X193.092 Y56.511 E28.81205
G1 X192.902 Y56.833 E28.81791
G1 X192.813 Y56.934 E28.82002
G1 X192.972 Y57.13 E28.82398
G1 X193.139 Y57.464 E28.82983
G1 X193.232 Y57.826 E28.83569
G1 X193.25 Y58.077 E28.83964
G1 X193.25 Y59.785 E28.86641
G1 X193.21 Y60.156 E28.87226
G1 X193.092 Y60.511 E28.87812
G1 X192.902 Y60.833 E28.88398
G1 X192.813 Y60.934 E28.88609
G1 X192.972 Y61.13 E28.89005
G1 X193.139 Y61.464 E28.8959
G1 X193.232 Y61.826 E28.90176
G1 X193.25 Y62.077 E28.90571
G1 X193.25 Y63.785 E28.93248
G1 X193.21 Y64.156 E28.93833
G1 X193.092 Y64.511 E28.94419
G1 X192.902 Y64.833 E28.95006
G1 X192.737 Y65.022 E28.95399
G1 X192.591 Y65.168 E28.95722
G1 X192.301 Y65.403 E28.96308
G1 X191.967 Y65.57 E28.96893
G1 X191.605 Y65.663 E28.97479
G1 X191.354 Y65.681 E28.97873
G1 X98.646 Y65.681 E30.43197
G1 X98.275 Y65.641 E30.43782
G1 X97.92 Y65.523 E30.44369
G1 X97.598 Y65.333 E30.44955
G1 X97.409 Y65.168 E30.45348
G1 X97.263 Y65.022 E30.45672
G1 X97.028 Y64.732 E30.46257
G1 X96.861 Y64.398 E30.46842
G1 X96.768 Y64.036 E30.47428
G1 X96.75 Y63.785 E30.47823
G1 X96.75 Y62.077 E30.505
G1 X96.79 Y61.706 E30.51085
G1 X96.908 Y61.351 E30.51671
G1 X97.098 Y61.029 E30.52257
G1 X97.187 Y60.928 E30.52468
G1 X97.028 Y60.732 E30.52864
G1 X96.861 Y60.398 E30.53449
G1 X96.768 Y60.036 E30.54035
G1 X96.75 Y59.785 E30.5443
G1 X96.75 Y58.077 E30.57107
G1 X96.79 Y57.706 E30.57692
G1 X96.908 Y57.351 E30.58278
G1 X97.098 Y57.029 E30.58864
G1 X97.187 Y56.928 E30.59075
G1 X97.028 Y56.732 E30.59471
G1 X96.861 Y56.398 E30.60056
G1 X96.768 Y56.036 E30.60642
G1 X96.75 Y55.785 E30.61037
G1 X96.75 Y54.077 E30.63714
G1 X96.79 Y53.706 E30.64299
G1 X96.908 Y53.351 E30.64886
G1 X97.098 Y53.029 E30.65472
G1 X97.187 Y52.928 E30.65683
G1 X97.028 Y52.732 E30.66078
G1 X96.861 Y52.398 E30.66664
G1 X96.768 Y52.036 E30.67249
G1 X96.75 Y51.785 E30.67644
G1 X96.75 Y50.077 E30.70321
G1 X96.79 Y49.706 E30.70906
G1 X96.908 Y49.351 E30.71493
G1 X97.098 Y49.029 E30.72079
G1 X97.187 Y48.928 E30.7229
G1 X97.028 Y48.732 E30.72685
G1 X96.861 Y48.398 E30.73271
G1 X96.768 Y48.036 E30.73857
G1 X96.75 Y47.785 E30.74251
G1 X96.75 Y46.077 E30.76928
G1 X96.79 Y45.706 E30.77513
G1 X96.908 Y45.351 E30.781
G1 X97.098 Y45.029 E30.78686
G1 X97.187 Y44.928 E30.78897
G1 X97.028 Y44.732 E30.79292
G1 X96.861 Y44.398 E30.79878
G1 X96.768 Y44.036 E30.80464
G1 X96.75 Y43.785 E30.80858
G1 X96.75 Y42.077 E30.83536
G1 X96.79 Y41.706 E30.8412
G1 X96.908 Y41.351 E30.84707
G1 X97.098 Y41.029 E30.85293
G1 X97.187 Y40.928 E30.85504
G1 X97.028 Y40.732 E30.859
G1 X96.861 Y40.398 E30.86485
G1 X96.768 Y40.036 E30.87071
G1 X96.75 Y39.785 E30.87465
G1 X96.75 Y38.077 E30.90143
G1 X96.79 Y37.706 E30.90728
G1 X96.908 Y37.351 E30.91314
G1 X97.098 Y37.029 E30.919
G1 X97.187 Y36.928 E30.92111
G1 X97.028 Y36.732 E30.92507
G1 X96.861 Y36.398 E30.93092
G1 X96.768 Y36.036 E30.93678
G1 X96.75 Y35.785 E30.94072
G1 X96.75 Y34.077 E30.9675
G1 X96.79 Y33.706 E30.97335
G1 X96.908 Y33.351 E30.97921
G1 X97.098 Y33.029 E30.98507
G1 X97.187 Y32.928 E30.98718
G1 X97.028 Y32.732 E30.99114
G1 X96.861 Y32.398 E30.99699
G1 X96.768 Y32.036 E31.00285
G1 X96.75 Y31.785 E31.0068
G1 X96.75 Y30.077 E31.03357
G1 X96.79 Y29.706 E31.03942
G1 X96.908 Y29.351 E31.04528
G1 X97.098 Y29.029 E31.05114
G1 X97.187 Y28.928 E31.05325
G1 X97.028 Y28.732 E31.05721
G1 X96.861 Y28.398 E31.06306
G1 X96.768 Y28.036 E31.06892
G1 X96.75 Y27.785 E31.07287
G1 X96.75 Y26.077 E31.09964
G1 X96.79 Y25.706 E31.10549
G0 F2625 X97.29 Y25.764
G1 F900 X97.407 Y25.471 E31.11044
G1 X97.616 Y25.193 E31.11589
G1 X97.762 Y25.047 E31.11912
G1 X98.012 Y24.854 E31.12407
G1 X98.302 Y24.729 E31.12903
G1 X98.646 Y24.681 E31.13447
G1 X191.354 Y24.681 E32.58771
G1 X191.667 Y24.721 E32.59266
G1 X191.96 Y24.838 E32.5976
G1 X192.238 Y25.047 E32.60305
G1 X192.384 Y25.193 E32.60629
G1 X192.577 Y25.443 E32.61124
G1 X192.702 Y25.733 E32.61619
G1 X192.75 Y26.077 E32.62164
G1 X192.75 Y27.785 E32.64841
G1 X192.71 Y28.098 E32.65336
G1 X192.593 Y28.391 E32.6583
G1 X192.384 Y28.669 E32.66375
G1 X192.238 Y28.815 E32.66699
G1 X192.086 Y28.933 E32.67001
G1 X192.238 Y29.047 E32.67299
G1 X192.384 Y29.193 E32.67622
G1 X192.577 Y29.443 E32.68117
G1 X192.702 Y29.733 E32.68612
G1 X192.75 Y30.077 E32.69157
G1 X192.75 Y31.785 E32.71834
G1 X192.71 Y32.098 E32.72329
G1 X192.593 Y32.391 E32.72823
G1 X192.384 Y32.669 E32.73369
G1 X192.238 Y32.815 E32.73692
G1 X192.086 Y32.933 E32.73994
G1 X192.238 Y33.047 E32.74292
G1 X192.384 Y33.193 E32.74615
G1 X192.577 Y33.443 E32.7511
G1 X192.702 Y33.733 E32.75605
G1 X192.75 Y34.077 E32.7615
G1 X192.75 Y35.785 E32.78827
G1 X192.71 Y36.098 E32.79322
G1 X192.593 Y36.391 E32.79816
G1 X192.384 Y36.669 E32.80362
G1 X192.238 Y36.815 E32.80685
G1 X192.086 Y36.933 E32.80987
G1 X192.238 Y37.047 E32.81285
G1 X192.384 Y37.193 E32.81608
G1 X192.577 Y37.443 E32.82103
G1 X192.702 Y37.733 E32.82598
G1 X192.75 Y38.077 E32.83143
G1 X192.75 Y39.785 E32.8582
G1 X192.71 Y40.098 E32.86315
G1 X192.593 Y40.391 E32.8681
G1 X192.384 Y40.669 E32.87355
G1 X192.238 Y40.815 E32.87678
G1 X192.086 Y40.933 E32.8798
G1 X192.238 Y41.047 E32.88278
G1 X192.384 Y41.193 E32.88601
G1 X192.577 Y41.443 E32.89097
G1 X192.702 Y41.733 E32.89592
G1 X192.75 Y42.077 E32.90136
G1 X192.75 Y43.785 E32.92813
G1 X192.71 Y44.098 E32.93308
G1 X192.593 Y44.391 E32.93803
G1 X192.384 Y44.669 E32.94348
G1 X192.238 Y44.815 E32.94671
G1 X192.086 Y44.933 E32.94973
G1 X192.238 Y45.047 E32.95271
G1 X192.384 Y45.193 E32.95595
G1 X192.577 Y45.443 E32.9609
G1 X192.702 Y45.733 E32.96585
G1 X192.75 Y46.077 E32.97129
G1 X192.75 Y47.785 E32.99807
G1 X192.71 Y48.098 E33.00301
G1 X192.593 Y48.391 E33.00796
G1 X192.384 Y48.669 E33.01341
G1 X192.238 Y48.815 E33.01665
G1 X192.086 Y48.933 E33.01966
G1 X192.238 Y49.047 E33.02264
G1 X192.384 Y49.193 E33.02588
G1 X192.577 Y49.443 E33.03083
G1 X192.702 Y49.733 E33.03578
G1 X192.75 Y50.077 E33.04122
G1 X192.75 Y51.785 E33.068
G1 X192.71 Y52.098 E33.07294
G1 X192.593 Y52.391 E33.07789
G1 X192.384 Y52.669 E33.08334
G1 X192.238 Y52.815 E33.08658
G1 X192.086 Y52.933 E33.08959
G1 X192.238 Y53.047 E33.09257
G1 X192.384 Y53.193 E33.09581
G1 X192.577 Y53.443 E33.10076
G1 X192.702 Y53.733 E33.10571
G1 X192.75 Y54.077 E33.11115
G1 X192.75 Y55.785 E33.13793
G1 X192.71 Y56.098 E33.14287
G1 X192.593 Y56.391 E33.14782
G1 X192.384 Y56.669 E33.15327
G1 X192.238 Y56.815 E33.15651
G1 X192.086 Y56.933 E33.15952
G1 X192.238 Y57.047 E33.1625
G1 X192.384 Y57.193 E33.16574
G1 X192.577 Y57.443 E33.17069
G1 X192.702 Y57.733 E33.17564
G1 X192.75 Y58.077 E33.18108
G1 X192.75 Y59.785 E33.20786
G1 X192.71 Y60.098 E33.2128
G1 X192.593 Y60.391 E33.21775
G1 X192.384 Y60.669 E33.2232
G1 X192.238 Y60.815 E33.22644
G1 X192.086 Y60.933 E33.22946
G1 X192.238 Y61.047 E33.23243
G1 X192.384 Y61.193 E33.23567
G1 X192.577 Y61.443 E33.24062
G1 X192.702 Y61.733 E33.24557
G1 X192.75 Y62.077 E33.25102
G1 X192.75 Y63.785 E33.27779
G1 X192.71 Y64.098 E33.28274
G1 X192.593 Y64.391 E33.28768
G1 X192.384 Y64.669 E33.29313
G1 X192.238 Y64.815 E33.29637
G1 X191.988 Y65.008 E33.30132
G1 X191.698 Y65.133 E33.30627
G1 X191.354 Y65.181 E33.31172
G1 X98.646 Y65.181 E34.76496
G1 X98.333 Y65.141 E34.7699
G1 X98.04 Y65.024 E34.77485
G1 X97.762 Y64.815 E34.7803
G1 X97.616 Y64.669 E34.78354
G1 X97.423 Y64.419 E34.78849
G1 X97.298 Y64.129 E34.79344
G1 X97.25 Y63.785 E34.79888
G1 X97.25 Y62.077 E34.82566
G1 X97.29 Y61.764 E34.8306
G1 X97.407 Y61.471 E34.83555
G1 X97.616 Y61.193 E34.841
G1 X97.762 Y61.047 E34.84424
G1 X97.914 Y60.929 E34.84725
G1 X97.762 Y60.815 E34.85023
G1 X97.616 Y60.669 E34.85347
G1 X97.423 Y60.419 E34.85842
G1 X97.298 Y60.129 E34.86337
G1 X97.25 Y59.785 E34.86881
G1 X97.25 Y58.077 E34.89559
G1 X97.29 Y57.764 E34.90053
G1 X97.407 Y57.471 E34.90548
G1 X97.616 Y57.193 E34.91093
G1 X97.762 Y57.047 E34.91417
G1 X97.914 Y56.929 E34.91718
G1 X97.762 Y56.815 E34.92016
G1 X97.616 Y56.669 E34.9234
G1 X97.423 Y56.419 E34.92835
G1 X97.298 Y56.129 E34.9333
G1 X97.25 Y55.785 E34.93874
G1 X97.25 Y54.077 E34.96552
G1 X97.29 Y53.764 E34.97046
G1 X97.407 Y53.471 E34.97541
G1 X97.616 Y53.193 E34.98086
G1 X97.762 Y53.047 E34.9841
G1 X97.914 Y52.929 E34.98711
G1 X97.762 Y52.815 E34.99009
G1 X97.616 Y52.669 E34.99333
G1 X97.423 Y52.419 E34.99828
G1 X97.298 Y52.129 E35.00323
G1 X97.25 Y51.785 E35.00868
G1 X97.25 Y50.077 E35.03545
G1 X97.29 Y49.764 E35.0404
G1 X97.407 Y49.471 E35.04534
G1 X97.616 Y49.193 E35.05079
G1 X97.762 Y49.047 E35.05403
G1 X97.914 Y48.929 E35.05705
G1 X97.762 Y48.815 E35.06002
G1 X97.616 Y48.669 E35.06326
G1 X97.423 Y48.419 E35.06821
G1 X97.298 Y48.129 E35.07316
G1 X97.25 Y47.785 E35.07861
G1 X97.25 Y46.077 E35.10538
G1 X97.29 Y45.764 E35.11033
G1 X97.407 Y45.471 E35.11527
G1 X97.616 Y45.193 E35.12072
G1 X97.762 Y45.047 E35.12396
G1 X97.914 Y44.929 E35.12698
G1 X97.762 Y44.815 E35.12995
G1 X97.616 Y44.669 E35.13319
G1 X97.423 Y44.419 E35.13814
G1 X97.298 Y44.129 E35.14309
G1 X97.25 Y43.785 E35.14854
G1 X97.25 Y42.077 E35.17531
G1 X97.29 Y41.764 E35.18026
G1 X97.407 Y41.471 E35.1852
G1 X97.616 Y41.193 E35.19065
G1 X97.762 Y41.047 E35.19389
G1 X97.914 Y40.929 E35.19691
G1 X97.762 Y40.815 E35.19989
G1 X97.616 Y40.669 E35.20312
G1 X97.423 Y40.419 E35.20807
G1 X97.298 Y40.129 E35.21302
G1 X97.25 Y39.785 E35.21847
G1 X97.25 Y38.077 E35.24524
G1 X97.29 Y37.764 E35.25019
G1 X97.407 Y37.471 E35.25513
G1 X97.616 Y37.193 E35.26059
G1 X97.762 Y37.047 E35.26382
G1 X97.914 Y36.929 E35.26684
G1 X97.762 Y36.815 E35.26982
G1 X97.616 Y36.669 E35.27305
G1 X97.423 Y36.419 E35.278
G1 X97.298 Y36.129 E35.28295
G1 X97.25 Y35.785 E35.2884
G1 X97.25 Y34.077 E35.31517
G1 X97.29 Y33.764 E35.32012
G1 X97.407 Y33.471 E35.32506
G1 X97.616 Y33.193 E35.33052
G1 X97.762 Y33.047 E35.33375
G1 X97.914 Y32.929 E35.33677
G1 X97.762 Y32.815 E35.33975
G1 X97.616 Y32.669 E35.34298
G1 X97.423 Y32.419 E35.34794
G1 X97.298 Y32.129 E35.35289
G1 X97.25 Y31.785 E35.35833
G1 X97.25 Y30.077 E35.3851
G1 X97.29 Y29.764 E35.39005
G1 X97.407 Y29.471 E35.395
G1 X97.616 Y29.193 E35.40045
G1 X97.762 Y29.047 E35.40368
G1 X97.914 Y28.929 E35.4067
G1 X97.762 Y28.815 E35.40968
G1 X97.616 Y28.669 E35.41292
G1 X97.423 Y28.419 E35.41787
G1 X97.298 Y28.129 E35.42282
G1 X97.25 Y27.785 E35.42826
G1 X97.25 Y26.077 E35.45503
G1 X97.29 Y25.764 E35.45998
G0 F2625 X97.79 Y25.836
G1 F900 X97.97 Y25.547 E35.46532
G1 X98.116 Y25.401 E35.46855
G1 X98.314 Y25.258 E35.47238
G1 X98.646 Y25.181 E35.47773
G1 X191.354 Y25.181 E36.93097
G1 X191.595 Y25.221 E36.9348
G1 X191.884 Y25.401 E36.94013
G1 X192.03 Y25.547 E36.94337
G1 X192.173 Y25.745 E36.9472
G1 X192.25 Y26.077 E36.95254
G1 X192.25 Y27.785 E36.97931
G1 X192.21 Y28.026 E36.98314
G1 X192.03 Y28.315 E36.98848
G1 X191.884 Y28.461 E36.99172
G1 X191.686 Y28.604 E36.99555
G1 X191.354 Y28.681 E37.00089
G1 X98.646 Y28.681 E38.45413
G1 X98.405 Y28.641 E38.45796
G1 X98.116 Y28.461 E38.4633
G1 X97.97 Y28.315 E38.46653
G1 X97.827 Y28.117 E38.47036
G1 X97.75 Y27.785 E38.4757
G1 X97.75 Y26.077 E38.50248
G1 X97.79 Y25.836 E38.50631
G0 F2625 X98.25 Y26.077
G1 F900 X98.323 Y25.9 E38.50931
G1 X98.469 Y25.754 E38.51254
G1 X98.646 Y25.681 E38.51555
G1 X191.354 Y25.681 E39.96879
G1 X191.531 Y25.754 E39.97179
G1 X191.677 Y25.9 E39.97502
G1 X191.75 Y26.077 E39.97803
G1 X191.75 Y27.785 E40.0048
G1 X191.677 Y27.962 E40.0078
G1 X191.531 Y28.108 E40.01104
G1 X191.354 Y28.181 E40.01404
G1 X98.646 Y28.181 E41.46728
G1 X98.469 Y28.108 E41.47028
G1 X98.323 Y27.962 E41.47352
G1 X98.25 Y27.785 E41.47652
G1 X98.25 Y26.077 E41.50329
G1 F600 E40.50329
G0 F2625 X97.835 Y26.077
G0 X97.838 Y27.86
G0 X98.116 Y29.401
G1 F600 E41.50329
G1 F900 X98.314 Y29.258 E41.50712
G1 X98.646 Y29.181 E41.51246
G1 X191.354 Y29.181 E42.9657
G1 X191.595 Y29.221 E42.96953
G1 X191.884 Y29.401 E42.97487
G1 X192.03 Y29.547 E42.97811
G1 X192.173 Y29.745 E42.98194
G1 X192.25 Y30.077 E42.98728
G1 X192.25 Y31.785 E43.01405
G1 X192.21 Y32.026 E43.01788
G1 X192.03 Y32.315 E43.02322
G1 X191.884 Y32.461 E43.02645
G1 X191.686 Y32.604 E43.03028
G1 X191.354 Y32.681 E43.03563
G1 X98.646 Y32.681 E44.48887
G1 X98.405 Y32.641 E44.4927
G1 X98.116 Y32.461 E44.49803
G1 X97.97 Y32.315 E44.50127
G1 X97.827 Y32.117 E44.5051
G1 X97.75 Y31.785 E44.51044
G1 X97.75 Y30.077 E44.53721
G1 X97.79 Y29.836 E44.54104
G1 X97.97 Y29.547 E44.54638
G1 X98.116 Y29.401 E44.54962
G0 F2625 X98.469 Y29.754
G1 F900 X98.646 Y29.681 E44.55262
G1 X191.354 Y29.681 E46.00586
G1 X191.531 Y29.754 E46.00886
G1 X191.677 Y29.9 E46.0121
G1 X191.75 Y30.077 E46.0151
G1 X191.75 Y31.785 E46.04187
G1 X191.677 Y31.962 E46.04487
G1 X191.531 Y32.108 E46.04811
G1 X191.354 Y32.181 E46.05111
G1 X98.646 Y32.181 E47.50435
G1 X98.469 Y32.108 E47.50735
G1 X98.323 Y31.962 E47.51059
G1 X98.25 Y31.785 E47.51359
G1 X98.25 Y30.077 E47.54037
G1 X98.323 Y29.9 E47.54337
G1 X98.469 Y29.754 E47.5466
G1 F600 E46.5466
G0 F2625 X97.839 Y29.803
G0 X97.839 Y32.059
G0 X98.314 Y33.258
G1 F600 E47.5466
G1 F900 X98.646 Y33.181 E47.55195
G1 X191.354 Y33.181 E49.00519
G1 X191.595 Y33.221 E49.00902
G1 X191.884 Y33.401 E49.01435
G1 X192.03 Y33.547 E49.01759
G1 X192.173 Y33.745 E49.02142
G1 X192.25 Y34.077 E49.02676
G1 X192.25 Y35.785 E49.05353
G1 X192.21 Y36.026 E49.05736
G1 X192.03 Y36.315 E49.0627
G1 X191.884 Y36.461 E49.06594
G1 X191.686 Y36.604 E49.06977
G1 X191.354 Y36.681 E49.07511
G1 X98.646 Y36.681 E50.52835
G1 X98.405 Y36.641 E50.53218
G1 X98.116 Y36.461 E50.53752
G1 X97.97 Y36.315 E50.54075
G1 X97.827 Y36.117 E50.54458
G1 X97.75 Y35.785 E50.54992
G1 X97.75 Y34.077 E50.5767
G1 X97.79 Y33.836 E50.58053
G1 X97.97 Y33.547 E50.58586
G1 X98.116 Y33.401 E50.5891
G1 X98.314 Y33.258 E50.59293
G0 F2625 X98.469 Y33.754
G1 F900 X98.646 Y33.681 E50.59593
G1 X191.354 Y33.681 E52.04917
G1 X191.531 Y33.754 E52.05217
G1 X191.677 Y33.9 E52.05541
G1 X191.75 Y34.077 E52.05841
G1 X191.75 Y35.785 E52.08518
G1 X191.677 Y35.962 E52.08819
G1 X191.531 Y36.108 E52.09142
G1 X191.354 Y36.181 E52.09442
G1 X98.646 Y36.181 E53.54766
G1 X98.469 Y36.108 E53.55067
G1 X98.323 Y35.962 E53.5539
G1 X98.25 Y35.785 E53.5569
G1 X98.25 Y34.077 E53.58368
G1 X98.323 Y33.9 E53.58668
G1 X98.469 Y33.754 E53.58991
G1 F600 E52.58991
G0 F2625 X97.839 Y33.803
G0 X97.839 Y36.059
G0 X98.314 Y37.258
G1 F600 E53.58991
G1 F900 X98.646 Y37.181 E53.59526
G1 X191.354 Y37.181 E55.0485
G1 X191.595 Y37.221 E55.05233
G1 X191.884 Y37.401 E55.05766
G1 X192.03 Y37.547 E55.0609
G1 X192.173 Y37.745 E55.06473
G1 X192.25 Y38.077 E55.07007
G1 X192.25 Y39.785 E55.09685
G1 X192.21 Y40.026 E55.10068
G1 X192.03 Y40.315 E55.10601
G1 X191.884 Y40.461 E55.10925
G1 X191.686 Y40.604 E55.11308
G1 X191.354 Y40.681 E55.11842
G1 X98.646 Y40.681 E56.57166
G1 X98.405 Y40.641 E56.57549
G1 X98.116 Y40.461 E56.58083
G1 X97.97 Y40.315 E56.58406
G1 X97.827 Y40.117 E56.58789
G1 X97.75 Y39.785 E56.59323
G1 X97.75 Y38.077 E56.62001
G1 X97.79 Y37.836 E56.62384
G1 X97.97 Y37.547 E56.62917
G1 X98.116 Y37.401 E56.63241
G1 X98.314 Y37.258 E56.63624
G0 F2625 X98.646 Y37.681
G1 F900 X191.354 Y37.681 E58.08948
G1 X191.531 Y37.754 E58.09248
G1 X191.677 Y37.9 E58.09572
G1 X191.75 Y38.077 E58.09872
G1 X191.75 Y39.785 E58.12549
G1 X191.677 Y39.962 E58.12849
G1 X191.531 Y40.108 E58.13173
G1 X191.354 Y40.181 E58.13473
G1 X98.646 Y40.181 E59.58797
G1 X98.469 Y40.108 E59.59098
G1 X98.323 Y39.962 E59.59421
G1 X98.25 Y39.785 E59.59721
G1 X98.25 Y38.077 E59.62399
G1 X98.323 Y37.9 E59.62699
G1 X98.469 Y37.754 E59.63022
G1 X98.646 Y37.681 E59.63323
G1 F600 E58.63323
G0 F2625 X98.646 Y37.266
G0 X98.372 Y37.27
G0 X97.839 Y37.803
G0 X97.839 Y40.059
G0 X98.314 Y41.258
G1 F600 E59.63323
G1 F900 X98.646 Y41.181 E59.63857
G1 X191.354 Y41.181 E61.09181
G1 X191.595 Y41.221 E61.09564
G1 X191.884 Y41.401 E61.10098
G1 X192.03 Y41.547 E61.10421
G1 X192.173 Y41.745 E61.10804
G1 X192.25 Y42.077 E61.11338
G1 X192.25 Y43.785 E61.14016
G1 X192.21 Y44.026 E61.14399
G1 X192.03 Y44.315 E61.14932
G1 X191.884 Y44.461 E61.15256
G1 X191.686 Y44.604 E61.15639
G1 X191.354 Y44.681 E61.16173
G1 X98.646 Y44.681 E62.61497
G1 X98.405 Y44.641 E62.6188
G1 X98.116 Y44.461 E62.62414
G1 X97.97 Y44.315 E62.62737
G1 X97.827 Y44.117 E62.6312
G1 X97.75 Y43.785 E62.63655
G1 X97.75 Y42.077 E62.66332
G1 X97.79 Y41.836 E62.66715
G1 X97.97 Y41.547 E62.67249
G1 X98.116 Y41.401 E62.67572
G1 X98.314 Y41.258 E62.67955
G0 F2625 X98.646 Y41.681
G1 F900 X191.354 Y41.681 E64.13279
G1 X191.531 Y41.754 E64.13579
G1 X191.677 Y41.9 E64.13903
G1 X191.75 Y42.077 E64.14203
G1 X191.75 Y43.785 E64.1688
G1 X191.677 Y43.962 E64.17181
G1 X191.531 Y44.108 E64.17504
G1 X191.354 Y44.181 E64.17804
G1 X98.646 Y44.181 E65.63128
G1 X98.469 Y44.108 E65.63429
G1 X98.323 Y43.962 E65.63752
G1 X98.25 Y43.785 E65.64052
G1 X98.25 Y42.077 E65.6673
G1 X98.323 Y41.9 E65.6703
G1 X98.469 Y41.754 E65.67354
G1 X98.646 Y41.681 E65.67654
G1 F600 E64.67654
G0 F2625 X98.646 Y41.266
G0 X98.372 Y41.27
G0 X97.839 Y41.803
G0 X97.839 Y44.059
G0 X98.646 Y45.181
G1 F600 E65.67654
G1 F900 X191.354 Y45.181 E67.12978
G1 X191.595 Y45.221 E67.13361
G1 X191.884 Y45.401 E67.13894
G1 X192.03 Y45.547 E67.14218
G1 X192.173 Y45.745 E67.14601
G1 X192.25 Y46.077 E67.15135
G1 X192.25 Y47.785 E67.17813
G1 X192.21 Y48.026 E67.18195
G1 X192.03 Y48.315 E67.18729
G1 X191.884 Y48.461 E67.19053
G1 X191.686 Y48.604 E67.19436
G1 X191.354 Y48.681 E67.1997
G1 X98.646 Y48.681 E68.65294
G1 X98.405 Y48.641 E68.65677
G1 X98.116 Y48.461 E68.66211
G1 X97.97 Y48.315 E68.66534
G1 X97.827 Y48.117 E68.66917
G1 X97.75 Y47.785 E68.67451
G1 X97.75 Y46.077 E68.70129
G1 X97.79 Y45.836 E68.70512
G1 X97.97 Y45.547 E68.71045
G1 X98.116 Y45.401 E68.71369
G1 X98.314 Y45.258 E68.71752
G1 X98.646 Y45.181 E68.72286
G0 F2625 X98.646 Y45.681
G1 F900 X191.354 Y45.681 E70.1761
G1 X191.531 Y45.754 E70.1791
G1 X191.677 Y45.9 E70.18234
G1 X191.75 Y46.077 E70.18534
G1 X191.75 Y47.785 E70.21212
G1 X191.677 Y47.962 E70.21512
G1 X191.531 Y48.108 E70.21835
G1 X191.354 Y48.181 E70.22136
G1 X98.646 Y48.181 E71.6746
G1 X98.469 Y48.108 E71.6776
G1 X98.323 Y47.962 E71.68083
G1 X98.25 Y47.785 E71.68384
G1 X98.25 Y46.077 E71.71061
G1 X98.323 Y45.9 E71.71361
G1 X98.469 Y45.754 E71.71685
G1 X98.646 Y45.681 E71.71985
G1 F600 E70.71985
G0 F2625 X98.646 Y45.266
G0 X98.372 Y45.27
G0 X97.839 Y45.803
G0 X97.839 Y48.059
G0 X98.646 Y49.181
G1 F600 E71.71985
G1 F900 X191.354 Y49.181 E73.17309
G1 X191.595 Y49.221 E73.17692
G1 X191.884 Y49.401 E73.18226
G1 X192.03 Y49.547 E73.18549
G1 X192.173 Y49.745 E73.18932
G1 X192.25 Y50.077 E73.19466
G1 X192.25 Y51.785 E73.22144
G1 X192.21 Y52.026 E73.22527
G1 X192.03 Y52.315 E73.2306
G1 X191.884 Y52.461 E73.23384
G1 X191.686 Y52.604 E73.23767
G1 X191.354 Y52.681 E73.24301
G1 X98.646 Y52.681 E74.69625
G1 X98.405 Y52.641 E74.70008
G1 X98.116 Y52.461 E74.70542
G1 X97.97 Y52.315 E74.70865
G1 X97.827 Y52.117 E74.71248
G1 X97.75 Y51.785 E74.71783
G1 X97.75 Y50.077 E74.7446
G1 X97.79 Y49.836 E74.74843
G1 X97.97 Y49.547 E74.75377
G1 X98.116 Y49.401 E74.757
G1 X98.314 Y49.258 E74.76083
G1 X98.646 Y49.181 E74.76617
G0 F2625 X98.646 Y49.681
G1 F900 X191.354 Y49.681 E76.21941
G1 X191.531 Y49.754 E76.22242
G1 X191.677 Y49.9 E76.22565
G1 X191.75 Y50.077 E76.22865
G1 X191.75 Y51.785 E76.25543
G1 X191.677 Y51.962 E76.25843
G1 X191.531 Y52.108 E76.26167
G1 X191.354 Y52.181 E76.26467
G1 X98.646 Y52.181 E77.71791
G1 X98.469 Y52.108 E77.72091
G1 X98.323 Y51.962 E77.72415
G1 X98.25 Y51.785 E77.72715
G1 X98.25 Y50.077 E77.75392
G1 X98.323 Y49.9 E77.75692
G1 X98.469 Y49.754 E77.76016
G1 X98.646 Y49.681 E77.76316
G1 F600 E76.76316
G0 F2625 X98.646 Y49.266
G0 X98.372 Y49.27
G0 X97.839 Y49.803
G0 X97.839 Y52.059
G0 X98.646 Y53.181
G1 F600 E77.76316
G1 F900 X191.354 Y53.181 E79.2164
G1 X191.595 Y53.221 E79.22023
G1 X191.884 Y53.401 E79.22557
G1 X192.03 Y53.547 E79.2288
G1 X192.173 Y53.745 E79.23263
G1 X192.25 Y54.077 E79.23797
G1 X192.25 Y55.785 E79.26475
G1 X192.21 Y56.026 E79.26858
G1 X192.03 Y56.315 E79.27391
G1 X191.884 Y56.461 E79.27715
G1 X191.686 Y56.604 E79.28098
G1 X191.354 Y56.681 E79.28632
G1 X98.646 Y56.681 E80.73956
G1 X98.405 Y56.641 E80.74339
G1 X98.116 Y56.461 E80.74873
G1 X97.97 Y56.315 E80.75197
G1 X97.827 Y56.117 E80.75579
G1 X97.75 Y55.785 E80.76114
G1 X97.75 Y54.077 E80.78791
G1 X97.79 Y53.836 E80.79174
G1 X97.97 Y53.547 E80.79708
G1 X98.116 Y53.401 E80.80031
G1 X98.314 Y53.258 E80.80414
G1 X98.646 Y53.181 E80.80948
G0 F2625 X98.646 Y53.681
G1 F900 X191.354 Y53.681 E82.26273
G1 X191.531 Y53.754 E82.26573
G1 X191.677 Y53.9 E82.26896
G1 X191.75 Y54.077 E82.27196
G1 X191.75 Y55.785 E82.29874
G1 X191.677 Y55.962 E82.30174
G1 X191.531 Y56.108 E82.30498
G1 X191.354 Y56.181 E82.30798
G1 X98.646 Y56.181 E83.76122
G1 X98.469 Y56.108 E83.76422
G1 X98.323 Y55.962 E83.76746
G1 X98.25 Y55.785 E83.77046
G1 X98.25 Y54.077 E83.79723
G1 X98.323 Y53.9 E83.80023
G1 X98.469 Y53.754 E83.80347
G1 X98.646 Y53.681 E83.80647
G1 F600 E82.80647
G0 F2625 X98.646 Y53.266
G0 X98.372 Y53.27
G0 X97.839 Y53.803
G0 X97.839 Y56.059
G0 X98.646 Y57.181
G1 F600 E83.80647
G1 F900 X191.354 Y57.181 E85.25971
G1 X191.595 Y57.221 E85.26354
G1 X191.884 Y57.401 E85.26888
G1 X192.03 Y57.547 E85.27211
G1 X192.173 Y57.745 E85.27594
G1 X192.25 Y58.077 E85.28129
G1 X192.25 Y59.785 E85.30806
G1 X192.21 Y60.026 E85.31189
G1 X192.03 Y60.315 E85.31723
G1 X191.884 Y60.461 E85.32046
G1 X191.686 Y60.604 E85.32429
G1 X191.354 Y60.681 E85.32963
G1 X98.646 Y60.681 E86.78287
G1 X98.405 Y60.641 E86.7867
G1 X98.116 Y60.461 E86.79204
G1 X97.97 Y60.315 E86.79528
G1 X97.827 Y60.117 E86.79911
G1 X97.75 Y59.785 E86.80445
G1 X97.75 Y58.077 E86.83122
G1 X97.79 Y57.836 E86.83505
G1 X97.97 Y57.547 E86.84039
G1 X98.116 Y57.401 E86.84362
G1 X98.314 Y57.258 E86.84745
G1 X98.646 Y57.181 E86.8528
G0 F2625 X98.646 Y57.681
G1 F900 X191.354 Y57.681 E88.30604
G1 X191.531 Y57.754 E88.30904
G1 X191.677 Y57.9 E88.31227
G1 X191.75 Y58.077 E88.31528
G1 X191.75 Y59.785 E88.34205
G1 X191.677 Y59.962 E88.34505
G1 X191.531 Y60.108 E88.34829
G1 X191.354 Y60.181 E88.35129
G1 X98.646 Y60.181 E89.80453
G1 X98.469 Y60.108 E89.80753
G1 X98.323 Y59.962 E89.81077
G1 X98.25 Y59.785 E89.81377
G1 X98.25 Y58.077 E89.84054
G1 X98.323 Y57.9 E89.84354
G1 X98.469 Y57.754 E89.84678
G1 X98.646 Y57.681 E89.84978
G1 F600 E88.84978
G0 F2625 X98.646 Y57.266
G0 X98.372 Y57.27
G0 X97.839 Y57.803
G0 X97.839 Y60.059
G0 X98.646 Y61.181
G1 F600 E89.84978
G1 F900 X191.354 Y61.181 E91.30302
G1 X191.595 Y61.221 E91.30685
G1 X191.884 Y61.401 E91.31219
G1 X192.03 Y61.547 E91.31543
G1 X192.173 Y61.745 E91.31925
G1 X192.25 Y62.077 E91.3246
G1 X192.25 Y63.785 E91.35137
G1 X192.21 Y64.026 E91.3552
G1 X192.03 Y64.315 E91.36054
G1 X191.884 Y64.461 E91.36377
G1 X191.686 Y64.604 E91.3676
G1 X191.354 Y64.681 E91.37294
G1 X98.646 Y64.681 E92.82619
G1 X98.405 Y64.641 E92.83001
G1 X98.116 Y64.461 E92.83535
G1 X97.97 Y64.315 E92.83859
G1 X97.827 Y64.117 E92.84242
G1 X97.75 Y63.785 E92.84776
G1 X97.75 Y62.077 E92.87453
G1 X97.79 Y61.836 E92.87836
G1 X97.97 Y61.547 E92.8837
G1 X98.116 Y61.401 E92.88694
G1 X98.314 Y61.258 E92.89076
G1 X98.646 Y61.181 E92.89611
G0 F2625 X98.646 Y61.681
G1 F900 X191.354 Y61.681 E94.34935
G1 X191.531 Y61.754 E94.35235
G1 X191.677 Y61.9 E94.35559
G1 X191.75 Y62.077 E94.35859
G1 X191.75 Y63.785 E94.38536
G1 X191.677 Y63.962 E94.38836
G1 X191.531 Y64.108 E94.3916
G1 X191.354 Y64.181 E94.3946
G1 X98.646 Y64.181 E95.84784
G1 X98.469 Y64.108 E95.85084
G1 X98.323 Y63.962 E95.85408
G1 X98.25 Y63.785 E95.85708
G1 X98.25 Y62.077 E95.88385
G1 X98.323 Y61.9 E95.88685
G1 X98.469 Y61.754 E95.89009
G1 X98.646 Y61.681 E95.89309
G1 F600 E94.89309
G0 F2625 X98.646 Y61.266
G0 X98.372 Y61.27
G0 X97.839 Y61.803
G0 X97.839 Y64.059
G0 X98.27 Y64.49
G0 X108.39 Y70.348
G1 F600 E95.89309
G1 F900 X108.994 Y70.225 E95.90276
G1 X109.64 Y70.181 E95.9129
G1 X191.354 Y70.181 E97.19381
G1 X191.969 Y70.221 E97.20347
G1 X192.573 Y70.34 E97.21312
G1 X193.157 Y70.537 E97.22278
G1 X193.711 Y70.807 E97.23244
G1 X194.225 Y71.147 E97.2421
G1 X194.713 Y71.572 E97.25225
G1 X194.859 Y71.718 E97.25548
G1 X195.265 Y72.181 E97.26514
G1 X195.608 Y72.693 E97.2748
G1 X195.882 Y73.245 E97.28446
G1 X196.083 Y73.827 E97.29411
G1 X196.206 Y74.431 E97.30377
G1 X196.25 Y75.077 E97.31392
G1 X196.25 Y96.653 E97.65213
G1 X196.21 Y97.268 E97.6618
G1 X196.091 Y97.872 E97.67145
G1 X195.894 Y98.456 E97.68111
G1 X195.624 Y99.01 E97.69077
G1 X195.284 Y99.524 E97.70043
G1 X194.859 Y100.012 E97.71057
G1 X194.713 Y100.158 E97.71381
G1 X194.25 Y100.564 E97.72346
G1 X193.738 Y100.907 E97.73312
G1 X193.186 Y101.181 E97.74278
G1 X192.604 Y101.382 E97.75243
G1 X192 Y101.505 E97.7621
G1 X191.354 Y101.549 E97.77225
G1 X109.64 Y101.549 E99.05315
G1 X109.025 Y101.509 E99.06281
G1 X108.421 Y101.39 E99.07246
G1 X107.837 Y101.193 E99.08212
G1 X107.283 Y100.923 E99.09178
G1 X106.769 Y100.583 E99.10144
G1 X106.281 Y100.158 E99.11159
G1 X106.135 Y100.012 E99.11482
G1 X105.729 Y99.549 E99.12448
G1 X105.386 Y99.037 E99.13414
G1 X105.112 Y98.485 E99.1438
G1 X104.911 Y97.903 E99.15345
G1 X104.788 Y97.299 E99.16311
G1 X104.744 Y96.653 E99.17326
G1 X104.744 Y75.077 E99.51148
G1 X104.784 Y74.462 E99.52114
G1 X104.903 Y73.858 E99.53079
G1 X105.1 Y73.274 E99.54045
G1 X105.37 Y72.72 E99.55011
G1 X105.71 Y72.206 E99.55977
G1 X106.135 Y71.718 E99.56991
G1 X106.281 Y71.572 E99.57315
G1 X106.744 Y71.166 E99.5828
G1 X107.256 Y70.823 E99.59246
G1 X107.808 Y70.549 E99.60212
G1 X108.39 Y70.348 E99.61177
G0 F2625 X108.644 Y70.799
G1 F900 X109.219 Y70.702 E99.62092
G1 X109.64 Y70.681 E99.62752
G1 X191.354 Y70.681 E100.90843
G1 X191.935 Y70.721 E100.91756
G1 X192.506 Y70.84 E100.9267
G1 X193.055 Y71.036 E100.93584
G1 X193.571 Y71.305 E100.94496
G1 X194.047 Y71.643 E100.95411
G1 X194.359 Y71.926 E100.96071
G1 X194.505 Y72.072 E100.96395
G1 X194.888 Y72.511 E100.97308
G1 X195.207 Y72.999 E100.98222
G1 X195.457 Y73.525 E100.99135
G1 X195.632 Y74.081 E101.00049
G1 X195.729 Y74.656 E101.00963
G1 X195.75 Y75.077 E101.01624
G1 X195.75 Y96.653 E101.35445
G1 X195.71 Y97.234 E101.36358
G1 X195.591 Y97.805 E101.37272
G1 X195.395 Y98.354 E101.38186
G1 X195.126 Y98.87 E101.39098
G1 X194.788 Y99.346 E101.40013
G1 X194.505 Y99.658 E101.40674
G1 X194.359 Y99.804 E101.40997
G1 X193.92 Y100.187 E101.4191
G1 X193.432 Y100.506 E101.42824
G1 X192.906 Y100.756 E101.43737
G1 X192.35 Y100.931 E101.44651
G1 X191.775 Y101.028 E101.45565
G1 X191.354 Y101.049 E101.46226
G1 X109.64 Y101.049 E102.74316
G1 X109.059 Y101.009 E102.75229
G1 X108.488 Y100.89 E102.76144
G1 X107.939 Y100.694 E102.77057
G1 X107.423 Y100.425 E102.77969
G1 X106.947 Y100.087 E102.78885
G1 X106.635 Y99.804 E102.79545
G1 X106.489 Y99.658 E102.79869
G1 X106.106 Y99.219 E102.80782
G1 X105.787 Y98.731 E102.81696
G1 X105.537 Y98.205 E102.82609
G1 X105.362 Y97.649 E102.83522
G1 X105.265 Y97.074 E102.84436
G1 X105.244 Y96.653 E102.85097
G1 X105.244 Y75.077 E103.18919
G1 X105.284 Y74.496 E103.19831
G1 X105.403 Y73.925 E103.20746
G1 X105.599 Y73.376 E103.2166
G1 X105.868 Y72.86 E103.22572
G1 X106.206 Y72.384 E103.23487
G1 X106.489 Y72.072 E103.24147
G1 X106.635 Y71.926 E103.24471
G1 X107.074 Y71.543 E103.25384
G1 X107.562 Y71.224 E103.26298
G1 X108.088 Y70.974 E103.27211
G1 X108.644 Y70.799 E103.28125
G0 F2625 X108.364 Y71.405
G1 F900 X108.891 Y71.257 E103.28983
G1 X109.64 Y71.181 E103.30163
G1 X191.354 Y71.181 E104.58253
G1 X191.9 Y71.221 E104.59111
G1 X192.434 Y71.34 E104.59969
G1 X192.945 Y71.535 E104.60826
G1 X193.423 Y71.803 E104.61685
G1 X194.006 Y72.279 E104.62865
G1 X194.152 Y72.425 E104.63189
G1 X194.509 Y72.84 E104.64047
G1 X194.803 Y73.302 E104.64905
G1 X195.026 Y73.801 E104.65762
G1 X195.174 Y74.328 E104.6662
G1 X195.25 Y75.077 E104.678
G1 X195.25 Y96.653 E105.01622
G1 X195.21 Y97.199 E105.0248
G1 X195.091 Y97.733 E105.03337
G1 X194.896 Y98.244 E105.04195
G1 X194.628 Y98.722 E105.05054
G1 X194.152 Y99.305 E105.06234
G1 X194.006 Y99.451 E105.06557
G1 X193.591 Y99.808 E105.07415
G1 X193.129 Y100.102 E105.08274
G1 X192.63 Y100.325 E105.09131
G1 X192.103 Y100.473 E105.09989
G1 X191.354 Y100.549 E105.11169
G1 X109.64 Y100.549 E106.39259
G1 X109.094 Y100.509 E106.40117
G1 X108.56 Y100.39 E106.40975
G1 X108.049 Y100.195 E106.41832
G1 X107.571 Y99.927 E106.42691
G1 X106.988 Y99.451 E106.43871
G1 X106.842 Y99.305 E106.44195
G1 X106.485 Y98.89 E106.45053
G1 X106.191 Y98.428 E106.45911
G1 X105.968 Y97.929 E106.46768
G1 X105.82 Y97.402 E106.47626
G1 X105.744 Y96.653 E106.48806
G1 X105.744 Y75.077 E106.82628
G1 X105.784 Y74.531 E106.83486
G1 X105.903 Y73.997 E106.84343
G1 X106.098 Y73.486 E106.85201
G1 X106.366 Y73.008 E106.8606
G1 X106.842 Y72.425 E106.8724
G1 X106.988 Y72.279 E106.87563
G1 X107.403 Y71.922 E106.88421
G1 X107.865 Y71.628 E106.8928
G1 X108.364 Y71.405 E106.90137
G0 F2625 X108.634 Y71.841
G1 F900 X109.13 Y71.721 E106.90936
G1 X109.64 Y71.681 E106.91738
G1 X191.354 Y71.681 E108.19829
G1 X191.862 Y71.721 E108.20628
G1 X192.357 Y71.84 E108.21426
G1 X192.828 Y72.035 E108.22225
G1 X193.263 Y72.301 E108.23024
G1 X193.652 Y72.633 E108.23826
G1 X193.798 Y72.779 E108.24149
G1 X194.129 Y73.166 E108.24948
G1 X194.395 Y73.601 E108.25747
G1 X194.59 Y74.071 E108.26545
G1 X194.71 Y74.567 E108.27344
G1 X194.75 Y75.077 E108.28146
G1 X194.75 Y96.653 E108.61968
G1 X194.71 Y97.161 E108.62767
G1 X194.591 Y97.656 E108.63565
G1 X194.396 Y98.127 E108.64364
G1 X194.13 Y98.562 E108.65163
G1 X193.798 Y98.951 E108.65965
G1 X193.652 Y99.097 E108.66288
G1 X193.265 Y99.428 E108.67087
G1 X192.83 Y99.694 E108.67886
G1 X192.36 Y99.889 E108.68683
G1 X191.864 Y100.009 E108.69483
G1 X191.354 Y100.049 E108.70285
G1 X109.64 Y100.049 E109.98376
G1 X109.132 Y100.009 E109.99175
G1 X108.637 Y99.89 E109.99973
G1 X108.166 Y99.695 E110.00772
G1 X107.731 Y99.429 E110.01571
G1 X107.342 Y99.097 E110.02373
G1 X107.196 Y98.951 E110.02696
G1 X106.865 Y98.564 E110.03495
G1 X106.599 Y98.129 E110.04294
G1 X106.404 Y97.659 E110.05091
G1 X106.284 Y97.163 E110.05891
G1 X106.244 Y96.653 E110.06693
G1 X106.244 Y75.077 E110.40515
G1 X106.284 Y74.569 E110.41313
G1 X106.403 Y74.074 E110.42111
G1 X106.598 Y73.603 E110.42911
G1 X106.864 Y73.168 E110.4371
G1 X107.196 Y72.779 E110.44511
G1 X107.342 Y72.633 E110.44835
G1 X107.729 Y72.302 E110.45633
G1 X108.164 Y72.036 E110.46433
G1 X108.634 Y71.841 E110.4723
G0 F2625 X108.897 Y72.283
G1 F900 X109.357 Y72.196 E110.47964
G1 X109.64 Y72.181 E110.48408
G1 X191.354 Y72.181 E111.76499
G1 X191.821 Y72.221 E111.77234
G1 X192.274 Y72.34 E111.77968
G1 X192.701 Y72.533 E111.78702
G1 X193.088 Y72.797 E111.79437
G1 X193.299 Y72.986 E111.79881
G1 X193.445 Y73.132 E111.80204
G1 X193.746 Y73.491 E111.80939
G1 X193.983 Y73.895 E111.81673
G1 X194.148 Y74.334 E111.82408
G1 X194.235 Y74.794 E111.83142
G1 X194.25 Y75.077 E111.83586
G1 X194.25 Y96.653 E112.17408
G1 X194.21 Y97.12 E112.18142
G1 X194.091 Y97.573 E112.18877
G1 X193.898 Y98 E112.19611
G1 X193.634 Y98.387 E112.20345
G1 X193.445 Y98.598 E112.20789
G1 X193.299 Y98.744 E112.21113
G1 X192.94 Y99.045 E112.21847
G1 X192.536 Y99.282 E112.22582
G1 X192.097 Y99.447 E112.23317
G1 X191.637 Y99.534 E112.24051
G1 X191.354 Y99.549 E112.24495
G1 X109.64 Y99.549 E113.52585
G1 X109.173 Y99.509 E113.5332
G1 X108.72 Y99.39 E113.54054
G1 X108.293 Y99.197 E113.54789
G1 X107.906 Y98.933 E113.55523
G1 X107.695 Y98.744 E113.55967
G1 X107.549 Y98.598 E113.56291
G1 X107.248 Y98.239 E113.57025
G1 X107.011 Y97.835 E113.5776
G1 X106.846 Y97.396 E113.58495
G1 X106.759 Y96.936 E113.59229
G1 X106.744 Y96.653 E113.59673
G1 X106.744 Y75.077 E113.93494
G1 X106.784 Y74.61 E113.94229
G1 X106.903 Y74.157 E113.94963
G1 X107.096 Y73.73 E113.95698
G1 X107.36 Y73.343 E113.96432
G1 X107.549 Y73.132 E113.96876
G1 X107.695 Y72.986 E113.972
G1 X108.054 Y72.685 E113.97934
G1 X108.458 Y72.448 E113.98668
G1 X108.897 Y72.283 E113.99403
G0 F2625 X109.15 Y72.735
G1 F900 X109.64 Y72.681 E114.00176
G1 X191.354 Y72.681 E115.28267
G1 X191.776 Y72.721 E115.28931
G1 X192.183 Y72.839 E115.29595
G1 X192.56 Y73.032 E115.30259
G1 X192.945 Y73.34 E115.31032
G1 X193.091 Y73.486 E115.31356
G1 X193.361 Y73.813 E115.32021
G1 X193.565 Y74.184 E115.32684
G1 X193.696 Y74.587 E115.33348
G1 X193.75 Y75.077 E115.34121
G1 X193.75 Y96.653 E115.67943
G1 X193.71 Y97.075 E115.68607
G1 X193.592 Y97.482 E115.69271
G1 X193.399 Y97.859 E115.69935
G1 X193.091 Y98.244 E115.70708
G1 X192.945 Y98.39 E115.71032
G1 X192.618 Y98.66 E115.71697
G1 X192.247 Y98.864 E115.7236
G1 X191.844 Y98.995 E115.73024
G1 X191.354 Y99.049 E115.73797
G1 X109.64 Y99.049 E117.01888
G1 X109.218 Y99.009 E117.02552
G1 X108.811 Y98.891 E117.03216
G1 X108.434 Y98.698 E117.0388
G1 X108.049 Y98.39 E117.04653
G1 X107.903 Y98.244 E117.04977
G1 X107.633 Y97.917 E117.05642
G1 X107.429 Y97.546 E117.06305
G1 X107.298 Y97.143 E117.0697
G1 X107.244 Y96.653 E117.07742
G1 X107.244 Y75.077 E117.41564
G1 X107.284 Y74.655 E117.42228
G1 X107.402 Y74.248 E117.42892
G1 X107.595 Y73.871 E117.43556
G1 X107.903 Y73.486 E117.44329
G1 X108.049 Y73.34 E117.44653
G1 X108.376 Y73.07 E117.45318
G1 X108.747 Y72.866 E117.45981
G1 X109.15 Y72.735 E117.46645
G0 F2625 X109.027 Y73.292
G1 F900 X109.389 Y73.199 E117.47231
G1 X109.64 Y73.181 E117.47626
G1 X191.354 Y73.181 E118.75716
G1 X191.725 Y73.221 E118.76301
G1 X192.08 Y73.339 E118.76888
G1 X192.402 Y73.529 E118.77474
G1 X192.591 Y73.694 E118.77867
G1 X192.737 Y73.84 E118.78191
G1 X192.972 Y74.13 E118.78776
G1 X193.139 Y74.464 E118.79361
G1 X193.232 Y74.826 E118.79947
G1 X193.25 Y75.077 E118.80341
G1 X193.25 Y96.653 E119.14163
G1 X193.21 Y97.024 E119.14748
G1 X193.092 Y97.379 E119.15334
G1 X192.902 Y97.701 E119.1592
G1 X192.737 Y97.89 E119.16314
G1 X192.591 Y98.036 E119.16637
G1 X192.301 Y98.271 E119.17222
G1 X191.967 Y98.438 E119.17808
G1 X191.605 Y98.531 E119.18394
G1 X191.354 Y98.549 E119.18788
G1 X109.64 Y98.549 E120.46879
G1 X109.269 Y98.509 E120.47463
G1 X108.914 Y98.391 E120.4805
G1 X108.592 Y98.201 E120.48636
G1 X108.403 Y98.036 E120.49029
G1 X108.257 Y97.89 E120.49353
G1 X108.022 Y97.6 E120.49938
G1 X107.855 Y97.266 E120.50523
G1 X107.762 Y96.904 E120.51109
G1 X107.744 Y96.653 E120.51504
G1 X107.744 Y75.077 E120.85325
G1 X107.784 Y74.706 E120.8591
G1 X107.902 Y74.351 E120.86496
G1 X108.092 Y74.029 E120.87082
G1 X108.257 Y73.84 E120.87476
G1 X108.403 Y73.694 E120.87799
G1 X108.693 Y73.459 E120.88385
G1 X109.027 Y73.292 E120.8897
G0 F2625 X109.296 Y73.729
G1 F900 X109.64 Y73.681 E120.89514
G1 X191.354 Y73.681 E122.17605
G1 X191.667 Y73.721 E122.18099
G1 X191.96 Y73.838 E122.18594
G1 X192.238 Y74.047 E122.19139
G1 X192.384 Y74.193 E122.19463
G1 X192.577 Y74.443 E122.19958
G1 X192.702 Y74.733 E122.20453
G1 X192.75 Y75.077 E122.20997
G1 X192.75 Y96.653 E122.54819
G1 X192.71 Y96.966 E122.55313
G1 X192.593 Y97.259 E122.55808
G1 X192.384 Y97.537 E122.56353
G1 X192.238 Y97.683 E122.56677
G1 X191.988 Y97.876 E122.57172
G1 X191.698 Y98.001 E122.57667
G1 X191.354 Y98.049 E122.58211
G1 X109.64 Y98.049 E123.86302
G1 X109.327 Y98.009 E123.86797
G1 X109.034 Y97.892 E123.87291
G1 X108.756 Y97.683 E123.87836
G1 X108.61 Y97.537 E123.8816
G1 X108.417 Y97.287 E123.88655
G1 X108.292 Y96.997 E123.8915
G1 X108.244 Y96.653 E123.89694
G1 X108.244 Y75.077 E124.23516
G1 X108.284 Y74.764 E124.2401
G1 X108.401 Y74.471 E124.24505
G1 X108.61 Y74.193 E124.2505
G1 X108.756 Y74.047 E124.25374
G1 X109.006 Y73.854 E124.25869
G1 X109.296 Y73.729 E124.26364
G0 F2625 X109.308 Y74.258
G1 F900 X109.64 Y74.181 E124.26898
G1 X191.354 Y74.181 E125.54989
G1 X191.595 Y74.221 E125.55372
G1 X191.884 Y74.401 E125.55905
G1 X192.03 Y74.547 E125.56229
G1 X192.173 Y74.745 E125.56612
G1 X192.25 Y75.077 E125.57146
G1 X192.25 Y96.653 E125.90968
G1 X192.21 Y96.894 E125.9135
G1 X192.03 Y97.183 E125.91884
G1 X191.884 Y97.329 E125.92208
G1 X191.686 Y97.472 E125.92591
G1 X191.354 Y97.549 E125.93125
G1 X109.64 Y97.549 E127.21215
G1 X109.399 Y97.509 E127.21598
G1 X109.11 Y97.329 E127.22132
G1 X108.964 Y97.183 E127.22456
G1 X108.821 Y96.985 E127.22839
G1 X108.744 Y96.653 E127.23373
G1 X108.744 Y75.077 E127.57194
G1 X108.784 Y74.836 E127.57577
G1 X108.964 Y74.547 E127.58111
G1 X109.11 Y74.401 E127.58435
G1 X109.308 Y74.258 E127.58817
G0 F2625 X109.64 Y74.681
G1 F900 X191.354 Y74.681 E128.86908
G1 X191.531 Y74.754 E128.87208
G1 X191.677 Y74.9 E128.87532
G1 X191.75 Y75.077 E128.87832
G1 X191.75 Y96.653 E129.21653
G1 X191.677 Y96.83 E129.21953
G1 X191.531 Y96.976 E129.22277
G1 X191.354 Y97.049 E129.22577
G1 X109.64 Y97.049 E130.50668
G1 X109.463 Y96.976 E130.50968
G1 X109.317 Y96.83 E130.51291
G1 X109.244 Y96.653 E130.51591
G1 X109.244 Y75.077 E130.85413
G1 X109.317 Y74.9 E130.85713
G1 X109.463 Y74.754 E130.86037
G1 X109.64 Y74.681 E130.86337
G1 F600 E129.86337
;MESH:
G0 F2625 X109.64 Y74.266
G0 X98.372 Y64.592
G0 X97.839 Y64.059
G0 X97.839 Y29.803
G0 X98.372 Y29.27
G0 X109.64 Y28.596
G0 X109.64 Y27.161
G0 X190.68 Y27.111
G0 X191.25 Y27.681
;TYPE:WALL-OUTER
G1 F600 E130.86337
G1 F900 X98.75 Y27.681 E132.31335
G1 X98.75 Y26.181 E132.33686
G1 X191.25 Y26.181 E133.78684
G1 X191.25 Y27.681 E133.81035
G0 F2625 X191 Y27.681
G0 X190.75 Y27.181
;TYPE:WALL-INNER
G1 F900 X99.25 Y27.181 E135.24466
G1 X99.25 Y26.681 E135.2525
G1 X190.75 Y26.681 E136.6868
G1 X190.75 Y27.181 E136.69464
G1 F600 E135.69464
G0 F2625 X190.68 Y27.111
G0 X190.68 Y27.161
G0 X190.68 Y28.596
G0 X190.68 Y29.266
G0 X190.68 Y30.701
G0 X190.68 Y31.111
G0 X191.25 Y31.681
;TYPE:WALL-OUTER
G1 F600 E136.69464
G1 F900 X98.75 Y31.681 E138.14462
G1 X98.75 Y30.181 E138.16813
G1 X191.25 Y30.181 E139.61811
G1 X191.25 Y31.681 E139.64163
G0 F2625 X191 Y31.681
G0 X190.75 Y31.181
;TYPE:WALL-INNER
G1 F900 X99.25 Y31.181 E141.07593
G1 X99.25 Y30.681 E141.08377
G1 X190.75 Y30.681 E142.51807
G1 X190.75 Y31.181 E142.52591
G1 F600 E141.52591
G0 F2625 X190.68 Y31.111
G0 X190.68 Y31.161
G0 X190.68 Y32.596
G0 X190.68 Y33.266
G0 X190.68 Y34.701
G0 X190.68 Y35.111
G0 X191.25 Y35.681
;TYPE:WALL-OUTER
G1 F600 E142.52591
G1 F900 X98.75 Y35.681 E143.97589
G1 X98.75 Y34.181 E143.99941
G1 X191.25 Y34.181 E145.44939
G1 X191.25 Y35.681 E145.4729
G0 F2625 X191 Y35.681
G0 X190.75 Y35.181
;TYPE:WALL-INNER
G1 F900 X99.25 Y35.181 E146.9072
G1 X99.25 Y34.681 E146.91504
G1 X190.75 Y34.681 E148.34935
G1 X190.75 Y35.181 E148.35718
G1 F600 E147.35718
G0 F2625 X190.68 Y35.111
G0 X190.68 Y35.161
G0 X190.68 Y36.596
G0 X190.68 Y37.266
G0 X190.68 Y38.701
G0 X190.68 Y39.111
G0 X191.25 Y39.681
;TYPE:WALL-OUTER
G1 F600 E148.35718
G1 F900 X98.75 Y39.681 E149.80717
G1 X98.75 Y38.181 E149.83068
G1 X191.25 Y38.181 E151.28066
G1 X191.25 Y39.681 E151.30417
G0 F2625 X191 Y39.681
G0 X190.75 Y39.181
;TYPE:WALL-INNER
G1 F900 X99.25 Y39.181 E152.73848
G1 X99.25 Y38.681 E152.74631
G1 X190.75 Y38.681 E154.18062
G1 X190.75 Y39.181 E154.18846
G1 F600 E153.18846
G0 F2625 X190.68 Y39.111
G0 X190.68 Y39.161
G0 X190.68 Y40.596
G0 X190.68 Y41.266
G0 X190.68 Y42.701
G0 X190.68 Y43.111
G0 X191.25 Y43.681
;TYPE:WALL-OUTER
G1 F600 E154.18846
G1 F900 X98.75 Y43.681 E155.63844
G1 X98.75 Y42.181 E155.66195
G1 X191.25 Y42.181 E157.11193
G1 X191.25 Y43.681 E157.13544
G0 F2625 X191 Y43.681
G0 X190.75 Y43.181
;TYPE:WALL-INNER
G1 F900 X99.25 Y43.181 E158.56975
G1 X99.25 Y42.681 E158.57759
G1 X190.75 Y42.681 E160.01189
G1 X190.75 Y43.181 E160.01973
G1 F600 E159.01973
G0 F2625 X190.68 Y43.111
G0 X190.68 Y43.161
G0 X190.68 Y44.596
G0 X190.68 Y45.266
G0 X190.68 Y46.701
G0 X190.68 Y47.111
G0 X191.25 Y47.681
;TYPE:WALL-OUTER
G1 F600 E160.01973
G1 F900 X98.75 Y47.681 E161.46971
G1 X98.75 Y46.181 E161.49322
G1 X191.25 Y46.181 E162.9432
G1 X191.25 Y47.681 E162.96672
G0 F2625 X191 Y47.681
G0 X190.75 Y47.181
;TYPE:WALL-INNER
G1 F900 X99.25 Y47.181 E164.40102
G1 X99.25 Y46.681 E164.40886
G1 X190.75 Y46.681 E165.84316
G1 X190.75 Y47.181 E165.851
G1 F600 E164.851
G0 F2625 X190.68 Y47.111
G0 X190.68 Y47.161
G0 X190.68 Y48.596
G0 X190.68 Y49.266
G0 X190.68 Y50.701
G0 X190.68 Y51.111
G0 X191.25 Y51.681
;TYPE:WALL-OUTER
G1 F600 E165.851
G1 F900 X98.75 Y51.681 E167.30098
G1 X98.75 Y50.181 E167.3245
G1 X191.25 Y50.181 E168.77448
G1 X191.25 Y51.681 E168.79799
G0 F2625 X191 Y51.681
G0 X190.75 Y51.181
;TYPE:WALL-INNER
G1 F900 X99.25 Y51.181 E170.23229
G1 X99.25 Y50.681 E170.24013
G1 X190.75 Y50.681 E171.67444
G1 X190.75 Y51.181 E171.68228
G1 F600 E170.68228
G0 F2625 X190.68 Y51.111
G0 X190.68 Y51.161
G0 X190.68 Y52.596
G0 X190.68 Y53.266
G0 X190.68 Y54.701
G0 X190.68 Y55.111
G0 X191.25 Y55.681
;TYPE:WALL-OUTER
G1 F600 E171.68228
G1 F900 X98.75 Y55.681 E173.13226
G1 X98.75 Y54.181 E173.15577
G1 X191.25 Y54.181 E174.60575
G1 X191.25 Y55.681 E174.62926
G0 F2625 X191 Y55.681
G0 X190.75 Y55.181
;TYPE:WALL-INNER
G1 F900 X99.25 Y55.181 E176.06357
G1 X99.25 Y54.681 E176.0714
G1 X190.75 Y54.681 E177.50571
G1 X190.75 Y55.181 E177.51355
G1 F600 E176.51355
G0 F2625 X190.68 Y55.111
G0 X190.68 Y55.161
G0 X190.68 Y56.596
G0 X190.68 Y57.266
G0 X190.68 Y58.701
G0 X190.68 Y59.111
G0 X191.25 Y59.681
;TYPE:WALL-OUTER
G1 F600 E177.51355
G1 F900 X98.75 Y59.681 E178.96353
G1 X98.75 Y58.181 E178.98704
G1 X191.25 Y58.181 E180.43702
G1 X191.25 Y59.681 E180.46053
G0 F2625 X191 Y59.681
G0 X190.75 Y59.181
;TYPE:WALL-INNER
G1 F900 X99.25 Y59.181 E181.89484
G1 X99.25 Y58.681 E181.90268
G1 X190.75 Y58.681 E183.33698
G1 X190.75 Y59.181 E183.34482
G1 F600 E182.34482
G0 F2625 X190.68 Y59.111
G0 X190.68 Y59.161
G0 X190.68 Y60.596
G0 X190.68 Y61.266
G0 X190.68 Y62.701
G0 X190.68 Y63.111
G0 X191.25 Y63.681
;TYPE:WALL-OUTER
G1 F600 E183.34482
G1 F900 X98.75 Y63.681 E184.7948
G1 X98.75 Y62.181 E184.81831
G1 X191.25 Y62.181 E186.26829
G1 X191.25 Y63.681 E186.29181
G0 F2625 X191 Y63.681
G0 X190.75 Y63.181
;TYPE:WALL-INNER
G1 F900 X99.25 Y63.181 E187.72611
G1 X99.25 Y62.681 E187.73395
G1 X190.75 Y62.681 E189.16825
G1 X190.75 Y63.181 E189.17609
G1 F600 E188.17609
G0 F2625 X190.68 Y63.111
G0 X190.68 Y63.161
G0 X190.68 Y64.596
G0 X190.68 Y74.266
G0 X190.68 Y75.701
G0 X190.68 Y95.979
G0 X191.25 Y96.549
;TYPE:WALL-OUTER
G1 F600 E189.17609
G1 F900 X109.744 Y96.549 E190.45374
G1 X109.744 Y75.181 E190.78869
G1 X191.25 Y75.181 E192.06633
G1 X191.25 Y96.549 E192.40129
G0 F2625 X191 Y96.549
G0 X190.75 Y96.049
;TYPE:WALL-INNER
G1 F900 X110.244 Y96.049 E193.66326
G1 X110.244 Y75.681 E193.98253
G1 X190.75 Y75.681 E195.2445
G1 X190.75 Y96.049 E195.56378
G0 F2625 X190.25 Y95.549
G1 F900 X110.744 Y95.549 E196.81007
G1 X110.744 Y76.181 E197.11368
G1 X190.25 Y76.181 E198.35997
G1 X190.25 Y95.549 E198.66357
G0 F2625 X189.75 Y95.049
G1 F900 X111.244 Y95.049 E199.89419
G1 X111.244 Y76.681 E200.18212
G1 X189.75 Y76.681 E201.41274
G1 X189.75 Y95.049 E201.70066
G0 F2625 X189.26 Y94.559
;TYPE:SKIN
G1 F900 X111.734 Y94.559 E202.91592
G1 X111.734 Y77.171 E203.18848
G1 X189.26 Y77.171 E204.40374
G1 X189.26 Y94.559 E204.6763
G0 F2625 X189.034 Y78.018
G1 F900 X188.412 Y77.396 E204.69009
G0 F2625 X187.705 Y77.396
G1 F900 X189.034 Y78.725 E204.71956
G0 F2625 X189.034 Y79.432
G1 F900 X186.997 Y77.396 E204.7647
G0 F2625 X186.29 Y77.396
G1 F900 X189.034 Y80.139 E204.82552
G0 F2625 X189.034 Y80.847
G1 F900 X185.583 Y77.396 E204.90202
G0 F2625 X184.876 Y77.396
G1 F900 X189.034 Y81.554 E204.9942
G0 F2625 X189.034 Y82.261
G1 F900 X184.169 Y77.396 E205.10205
G0 F2625 X183.462 Y77.396
G1 F900 X189.034 Y82.968 E205.22557
G0 F2625 X189.034 Y83.675
G1 F900 X182.755 Y77.396 E205.36477
G0 F2625 X182.048 Y77.396
G1 F900 X189.034 Y84.382 E205.51964
G0 F2625 X189.034 Y85.089
G1 F900 X181.341 Y77.396 E205.69018
G0 F2625 X180.633 Y77.396
G1 F900 X189.034 Y85.796 E205.87641
G0 F2625 X189.034 Y86.503
G1 F900 X179.926 Y77.396 E206.0783
G0 F2625 X179.219 Y77.396
G1 F900 X189.034 Y87.211 E206.29589
G0 F2625 X189.034 Y87.918
G1 F900 X178.512 Y77.396 E206.52914
G0 F2625 X177.805 Y77.396
G1 F900 X189.034 Y88.625 E206.77807
G0 F2625 X189.034 Y89.332
G1 F900 X177.098 Y77.396 E207.04268
G0 F2625 X176.391 Y77.396
G1 F900 X189.034 Y90.039 E207.32295
G0 F2625 X189.034 Y90.746
G1 F900 X175.684 Y77.396 E207.6189
G0 F2625 X174.977 Y77.396
G1 F900 X189.034 Y91.453 E207.93052
G0 F2625 X189.034 Y92.16
G1 F900 X174.27 Y77.396 E208.25782
G0 F2625 X173.562 Y77.396
G1 F900 X189.034 Y92.867 E208.6008
G0 F2625 X189.034 Y93.574
G1 F900 X172.855 Y77.396 E208.95945
G0 F2625 X172.148 Y77.396
G1 F900 X189.034 Y94.282 E209.33379
G0 F2625 X188.379 Y94.334
G1 F900 X171.441 Y77.396 E209.70928
G0 F2625 X170.734 Y77.396
G1 F900 X187.672 Y94.334 E210.08476
G0 F2625 X186.965 Y94.334
G1 F900 X170.027 Y77.396 E210.46025
G0 F2625 X169.32 Y77.396
G1 F900 X186.258 Y94.334 E210.83574
G0 F2625 X185.551 Y94.334
G1 F900 X168.613 Y77.396 E211.21123
G0 F2625 X167.906 Y77.396
G1 F900 X184.844 Y94.334 E211.58672
G0 F2625 X184.136 Y94.334
G1 F900 X167.198 Y77.396 E211.96221
G0 F2625 X166.491 Y77.396
G1 F900 X183.429 Y94.334 E212.3377
G0 F2625 X182.722 Y94.334
G1 F900 X165.784 Y77.396 E212.71319
G0 F2625 X165.077 Y77.396
G1 F900 X182.015 Y94.334 E213.08868
G0 F2625 X181.308 Y94.334
G1 F900 X164.37 Y77.396 E213.46417
G0 F2625 X163.663 Y77.396
G1 F900 X180.601 Y94.334 E213.83966
G0 F2625 X179.894 Y94.334
G1 F900 X162.956 Y77.396 E214.21515
G0 F2625 X162.249 Y77.396
G1 F900 X179.187 Y94.334 E214.59064
G0 F2625 X178.48 Y94.334
G1 F900 X161.542 Y77.396 E214.96612
G0 F2625 X160.834 Y77.396
G1 F900 X177.773 Y94.334 E215.34163
G0 F2625 X177.065 Y94.334
G1 F900 X160.127 Y77.396 E215.71711
G0 F2625 X159.42 Y77.396
G1 F900 X176.358 Y94.334 E216.0926
G0 F2625 X175.651 Y94.334
G1 F900 X158.713 Y77.396 E216.46809
G0 F2625 X158.006 Y77.396
G1 F900 X174.944 Y94.334 E216.84358
G0 F2625 X174.237 Y94.334
G1 F900 X157.299 Y77.396 E217.21907
G0 F2625 X156.592 Y77.396
G1 F900 X173.53 Y94.334 E217.59456
G0 F2625 X172.823 Y94.334
G1 F900 X155.885 Y77.396 E217.97005
G0 F2625 X155.178 Y77.396
G1 F900 X172.116 Y94.334 E218.34554
G0 F2625 X171.409 Y94.334
G1 F900 X154.471 Y77.396 E218.72103
G0 F2625 X153.763 Y77.396
G1 F900 X170.701 Y94.334 E219.09652
G0 F2625 X169.994 Y94.334
G1 F900 X153.056 Y77.396 E219.47201
G0 F2625 X152.349 Y77.396
G1 F900 X169.287 Y94.334 E219.8475
G0 F2625 X168.58 Y94.334
G1 F900 X151.642 Y77.396 E220.22299
G0 F2625 X150.935 Y77.396
G1 F900 X167.873 Y94.334 E220.59847
G0 F2625 X167.166 Y94.334
G1 F900 X150.228 Y77.396 E220.97396
G0 F2625 X149.521 Y77.396
G1 F900 X166.459 Y94.334 E221.34945
G0 F2625 X165.752 Y94.334
G1 F900 X148.814 Y77.396 E221.72494
G0 F2625 X148.107 Y77.396
G1 F900 X165.045 Y94.334 E222.10043
G0 F2625 X164.337 Y94.334
G1 F900 X147.399 Y77.396 E222.47592
G0 F2625 X146.692 Y77.396
G1 F900 X163.63 Y94.334 E222.85141
G0 F2625 X162.923 Y94.334
G1 F900 X145.985 Y77.396 E223.2269
G0 F2625 X145.278 Y77.396
G1 F900 X162.216 Y94.334 E223.60239
G0 F2625 X161.509 Y94.334
G1 F900 X144.571 Y77.396 E223.97788
G0 F2625 X143.864 Y77.396
G1 F900 X160.802 Y94.334 E224.35337
G0 F2625 X160.095 Y94.334
G1 F900 X143.157 Y77.396 E224.72886
G0 F2625 X142.45 Y77.396
G1 F900 X159.388 Y94.334 E225.10435
G0 F2625 X158.681 Y94.334
G1 F900 X141.743 Y77.396 E225.47984
G0 F2625 X141.035 Y77.396
G1 F900 X157.974 Y94.334 E225.85534
G0 F2625 X157.266 Y94.334
G1 F900 X140.328 Y77.396 E226.23083
G0 F2625 X139.621 Y77.396
G1 F900 X156.559 Y94.334 E226.60631
G0 F2625 X155.852 Y94.334
G1 F900 X138.914 Y77.396 E226.9818
G0 F2625 X138.207 Y77.396
G1 F900 X155.145 Y94.334 E227.35729
G0 F2625 X154.438 Y94.334
G1 F900 X137.5 Y77.396 E227.73278
G0 F2625 X136.793 Y77.396
G1 F900 X153.731 Y94.334 E228.10827
G0 F2625 X153.024 Y94.334
G1 F900 X136.086 Y77.396 E228.48376
G0 F2625 X135.379 Y77.396
G1 F900 X152.317 Y94.334 E228.85925
G0 F2625 X151.61 Y94.334
G1 F900 X134.672 Y77.396 E229.23474
G0 F2625 X133.964 Y77.396
G1 F900 X150.902 Y94.334 E229.61023
G0 F2625 X150.195 Y94.334
G1 F900 X133.257 Y77.396 E229.98572
G0 F2625 X132.55 Y77.396
G1 F900 X149.488 Y94.334 E230.36121
G0 F2625 X148.781 Y94.334
G1 F900 X131.843 Y77.396 E230.7367
G0 F2625 X131.136 Y77.396
G1 F900 X148.074 Y94.334 E231.11219
G0 F2625 X147.367 Y94.334
G1 F900 X130.429 Y77.396 E231.48767
G0 F2625 X129.722 Y77.396
G1 F900 X146.66 Y94.334 E231.86316
G0 F2625 X145.953 Y94.334
G1 F900 X129.015 Y77.396 E232.23865
G0 F2625 X128.308 Y77.396
G1 F900 X145.246 Y94.334 E232.61414
G0 F2625 X144.538 Y94.334
G1 F900 X127.6 Y77.396 E232.98963
G0 F2625 X126.893 Y77.396
G1 F900 X143.831 Y94.334 E233.36512
G0 F2625 X143.124 Y94.334
G1 F900 X126.186 Y77.396 E233.74061
G0 F2625 X125.479 Y77.396
G1 F900 X142.417 Y94.334 E234.1161
G0 F2625 X141.71 Y94.334
G1 F900 X124.772 Y77.396 E234.49159
G0 F2625 X124.065 Y77.396
G1 F900 X141.003 Y94.334 E234.86708
G0 F2625 X140.296 Y94.334
G1 F900 X123.358 Y77.396 E235.24257
G0 F2625 X122.651 Y77.396
G1 F900 X139.589 Y94.334 E235.61806
G0 F2625 X138.882 Y94.334
G1 F900 X121.944 Y77.396 E235.99355
G0 F2625 X121.236 Y77.396
G1 F900 X138.175 Y94.334 E236.36905
G0 F2625 X137.467 Y94.334
G1 F900 X120.529 Y77.396 E236.74454
G0 F2625 X119.822 Y77.396
G1 F900 X136.76 Y94.334 E237.12002
G0 F2625 X136.053 Y94.334
G1 F900 X119.115 Y77.396 E237.49551
G0 F2625 X118.408 Y77.396
G1 F900 X135.346 Y94.334 E237.871
G0 F2625 X134.639 Y94.334
G1 F900 X117.701 Y77.396 E238.24649
G0 F2625 X116.994 Y77.396
G1 F900 X133.932 Y94.334 E238.62198
G0 F2625 X133.225 Y94.334
G1 F900 X116.287 Y77.396 E238.99747
G0 F2625 X115.58 Y77.396
G1 F900 X132.518 Y94.334 E239.37296
G0 F2625 X131.811 Y94.334
G1 F900 X114.873 Y77.396 E239.74845
G0 F2625 X114.165 Y77.396
G1 F900 X131.103 Y94.334 E240.12394
G0 F2625 X130.396 Y94.334
G1 F900 X113.458 Y77.396 E240.49943
G0 F2625 X112.751 Y77.396
G1 F900 X129.689 Y94.334 E240.87492
G0 F2625 X128.982 Y94.334
G1 F900 X112.044 Y77.396 E241.25041
G0 F2625 X111.958 Y78.017
G1 F900 X128.275 Y94.334 E241.61213
G0 F2625 X127.568 Y94.334
G1 F900 X111.958 Y78.724 E241.95818
G0 F2625 X111.958 Y79.431
G1 F900 X126.861 Y94.334 E242.28856
G0 F2625 X126.154 Y94.334
G1 F900 X111.958 Y80.138 E242.60326
G0 F2625 X111.958 Y80.845
G1 F900 X125.447 Y94.334 E242.90229
G0 F2625 X124.74 Y94.334
G1 F900 X111.958 Y81.552 E243.18565
G0 F2625 X111.958 Y82.259
G1 F900 X124.032 Y94.334 E243.45332
G0 F2625 X123.325 Y94.334
G1 F900 X111.958 Y82.966 E243.70532
G0 F2625 X111.958 Y83.674
G1 F900 X122.618 Y94.334 E243.94163
G0 F2625 X121.911 Y94.334
G1 F900 X111.958 Y84.381 E244.16228
G0 F2625 X111.958 Y85.088
G1 F900 X121.204 Y94.334 E244.36725
G0 F2625 X120.497 Y94.334
G1 F900 X111.958 Y85.795 E244.55654
G0 F2625 X111.958 Y86.502
G1 F900 X119.79 Y94.334 E244.73017
G0 F2625 X119.083 Y94.334
G1 F900 X111.958 Y87.209 E244.88812
G0 F2625 X111.958 Y87.916
G1 F900 X118.376 Y94.334 E245.03039
G0 F2625 X117.668 Y94.334
G1 F900 X111.958 Y88.623 E245.15699
G0 F2625 X111.958 Y89.33
G1 F900 X116.961 Y94.334 E245.26791
G0 F2625 X116.254 Y94.334
G1 F900 X111.958 Y90.038 E245.36314
G0 F2625 X111.958 Y90.745
M104 S240
G1 F900 X115.547 Y94.334 E245.44271
G0 F2625 X114.84 Y94.334
G1 F900 X111.958 Y91.452 E245.50659
G0 F2625 X111.958 Y92.159
G1 F900 X114.133 Y94.334 E245.55481
G0 F2625 X113.426 Y94.334
G1 F900 X111.958 Y92.866 E245.58735
G0 F2625 X111.958 Y93.573
G1 F900 X112.719 Y94.334 E245.60422
G1 X112.807 Y94.422
G1 F600 E244.60422
;MESH:NONMESH
G0 F2625 X110.258 Y75.695
G0 X110.258 Y74.266
G0 X98.372 Y64.592
G0 X97.839 Y64.059
G0 X97.839 Y25.803
G0 X100.02 Y21.981
;TIME_ELAPSED:1080.727299
;LAYER:1
M140 S110
M221 S100 T0
M106 S1.5
G0 F6562.5 X100.02 Y21.981 Z0.4
;TYPE:SUPPORT
G1 F600 E245.60422
G1 F2250 X99.426 Y21.981 E245.61354
G1 X99.309 Y22.098 E245.61613
G1 X99.309 Y24.181 E245.64878
G1 X100.02 Y24.181 E245.65993
G1 X100.02 Y21.981 E245.69441
G1 X101.092 Y21.981 E245.71122
G1 X101.687 Y22.576 E245.72441
G1 X101.687 Y24.181 E245.74957
G1 X103.354 Y24.181 E245.7757
G1 X103.354 Y23.745 E245.78253
G1 X103.562 Y23.745 E245.78579
G1 X105.021 Y22.286 E245.81814
G1 X105.021 Y24.181 E245.84784
G1 X106.688 Y24.181 E245.87397
G1 X106.688 Y21.981 E245.90846
G1 X106.992 Y21.981 E245.91322
G1 X108.355 Y23.344 E245.94344
G1 X108.355 Y24.181 E245.95656
G1 X110.022 Y24.181 E245.98269
G1 X110.022 Y23.285 E245.99674
G1 X111.326 Y21.981 E246.02564
G1 X111.689 Y21.981 E246.03133
G1 X111.689 Y24.181 E246.06582
G1 X113.356 Y24.181 E246.09195
G1 X113.356 Y22.345 E246.12073
G1 X114.756 Y23.745 E246.15177
G1 X115.023 Y23.745 E246.15595
G1 X115.023 Y24.181 E246.16279
G1 X116.69 Y24.181 E246.18892
G1 X116.69 Y22.517 E246.215
G1 X117.226 Y21.981 E246.22688
G1 X118.357 Y21.981 E246.24461
G1 X118.357 Y24.181 E246.2791
G1 X120.024 Y24.181 E246.30523
G1 X120.024 Y23.113 E246.32197
G1 X120.706 Y23.795 E246.33709
G1 X121.412 Y23.795 E246.34816
G1 X121.691 Y23.516 E246.35434
G1 X121.691 Y24.181 E246.36477
G1 X123.358 Y24.181 E246.3909
G1 X123.358 Y21.981 E246.42538
G1 X124.892 Y21.981 E246.44943
G1 X125.025 Y22.114 E246.45238
G1 X125.025 Y24.181 E246.48478
G1 X126.692 Y24.181 E246.51091
G1 X126.692 Y23.745 E246.51774
G1 X127.362 Y23.745 E246.52825
G1 X128.359 Y22.748 E246.55035
G1 X128.359 Y24.181 E246.57281
G1 X130.026 Y24.181 E246.59894
G1 X130.026 Y21.981 E246.63343
G1 X130.792 Y21.981 E246.64544
G1 X131.693 Y22.882 E246.66541
G1 X131.693 Y24.181 E246.68577
G1 X133.36 Y24.181 E246.7119
G1 X133.36 Y23.747 E246.71871
G1 X135.027 Y22.08 E246.75566
G1 X135.027 Y24.181 E246.7886
G1 X136.694 Y24.181 E246.81473
G1 X136.694 Y21.981 E246.84921
G1 X136.792 Y21.981 E246.85075
G1 X138.361 Y23.55 E246.88553
G1 X138.361 Y24.181 E246.89542
G1 X140.028 Y24.181 E246.92155
G1 X140.028 Y22.979 E246.94039
G1 X141.026 Y21.981 E246.96252
G1 X141.695 Y21.981 E246.97301
G1 X141.695 Y24.181 E247.00749
G1 X143.362 Y24.181 E247.03362
G1 X143.362 Y22.651 E247.05761
G1 X144.506 Y23.795 E247.08297
G1 X145.029 Y23.795 E247.09117
G1 X145.029 Y24.181 E247.09722
G1 X146.696 Y24.181 E247.12335
G1 X146.696 Y22.311 E247.15266
G1 X147.026 Y21.981 E247.15998
G1 X148.363 Y21.981 E247.18093
G1 X148.363 Y24.181 E247.21542
G1 X150.03 Y24.181 E247.24155
G1 X150.03 Y23.319 E247.25506
G1 X150.456 Y23.745 E247.26451
G1 X151.162 Y23.745 E247.27557
G1 X151.697 Y23.21 E247.28743
G1 X151.697 Y24.181 E247.30265
G1 X153.364 Y24.181 E247.32879
G1 X153.364 Y21.981 E247.36327
G1 X154.592 Y21.981 E247.38252
G1 X155.031 Y22.42 E247.39225
G1 X155.031 Y24.181 E247.41986
G1 X156.698 Y24.181 E247.44599
G1 X156.698 Y23.795 E247.45204
G1 X157.112 Y23.795 E247.45853
G1 X158.365 Y22.542 E247.48631
G1 X158.365 Y24.181 E247.512
G1 X160.032 Y24.181 E247.53813
G1 X160.032 Y21.981 E247.57262
G1 X160.592 Y21.981 E247.58139
G1 X161.699 Y23.088 E247.60593
G1 X161.699 Y24.181 E247.62307
G1 X163.366 Y24.181 E247.6492
G1 X163.366 Y23.441 E247.6608
G1 X164.826 Y21.981 E247.69316
G1 X165.033 Y21.981 E247.69641
G1 X165.033 Y24.181 E247.73089
G1 X166.7 Y24.181 E247.75703
G1 X166.7 Y22.189 E247.78825
G1 X168.306 Y23.795 E247.82385
G1 X168.367 Y23.795 E247.82481
G1 X168.367 Y24.181 E247.83086
G1 X170.034 Y24.181 E247.85699
G1 X170.034 Y22.773 E247.87906
G1 X170.826 Y21.981 E247.89662
G1 X171.701 Y21.981 E247.91034
G1 X171.701 Y24.181 E247.94482
G1 X173.368 Y24.181 E247.97095
G1 X173.368 Y22.857 E247.99171
G1 X174.256 Y23.745 E248.01139
G1 X174.962 Y23.745 E248.02246
G1 X175.035 Y23.672 E248.02408
G1 X175.035 Y24.181 E248.03206
G1 X176.702 Y24.181 E248.05819
G1 X176.702 Y22.005 E248.0923
G1 X176.726 Y21.981 E248.09283
G1 X178.369 Y21.981 E248.11858
G1 X178.369 Y24.181 E248.15307
G1 X180.036 Y24.181 E248.1792
G1 X180.036 Y23.625 E248.18792
G1 X180.206 Y23.795 E248.19169
G1 X180.912 Y23.795 E248.20275
G1 X181.703 Y23.004 E248.22029
G1 X181.703 Y24.181 E248.23874
G1 X183.37 Y24.181 E248.26487
G1 X183.37 Y21.981 E248.29936
G1 X184.392 Y21.981 E248.31538
G1 X185.037 Y22.626 E248.32967
G1 X185.037 Y24.181 E248.35405
G1 X186.704 Y24.181 E248.38018
G1 X186.704 Y23.745 E248.38702
G1 X186.862 Y23.745 E248.38949
G1 X188.371 Y22.236 E248.42294
G1 X188.371 Y24.181 E248.45343
G1 X190.038 Y24.181 E248.47956
G1 X190.409 Y24.181 E248.48538
G1 X190.409 Y22.098 E248.51803
G1 X190.292 Y21.981 E248.52063
G1 X190.038 Y21.981 E248.52461
G1 X190.038 Y24.181 E248.55909
G1 F600 E247.55909
G0 F6562.5 X191.628 Y25.27
G0 X192.161 Y25.803
G0 X192.161 Y44.059
G0 X191.628 Y44.592
G0 X98.372 Y45.27
G0 X97.839 Y45.803
G0 X97.839 Y64.059
G0 X98.318 Y64.538
G0 X101.687 Y65.681
G1 F600 E248.55909
G1 F2250 X102.292 Y65.681 E248.56858
G1 X101.687 Y66.286 E248.58199
G1 X101.687 Y65.681 E248.59147
G1 X100.02 Y65.681 E248.6176
G1 X99.309 Y65.681 E248.62875
G1 X99.309 Y66.764 E248.64572
G1 X99.426 Y66.881 E248.64832
G1 X100.02 Y66.881 E248.65763
G1 X100.02 Y65.681 E248.67644
G0 F6562.5 X105.021 Y66.576
G1 F2250 X105.326 Y66.881 E248.6832
G1 X106.688 Y66.881 E248.70455
G1 X106.992 Y66.881 E248.70932
G1 X108.192 Y65.681 E248.73592
G1 X106.688 Y65.681 E248.75949
G1 X106.688 Y66.881 E248.77831
G0 F6562.5 X105.021 Y66.576
G1 F2250 X104.126 Y65.681 E248.79815
G1 X105.021 Y65.681 E248.81218
G1 X105.021 Y66.576 E248.82621
G0 F6562.5 X111.689 Y66.881
G1 F2250 X112.992 Y66.881 E248.84663
G1 X113.356 Y66.517 E248.8547
G1 X114.192 Y65.681 E248.87323
G1 X113.356 Y65.681 E248.88634
G1 X113.356 Y66.517 E248.89944
G0 F6562.5 X111.689 Y66.881
G1 F2250 X111.326 Y66.881 E248.90513
G1 X110.126 Y65.681 E248.93173
G1 X111.689 Y65.681 E248.95623
G1 X111.689 Y66.881 E248.97505
G0 F6562.5 X116.69 Y65.681
G1 F2250 X116.026 Y65.681 E248.98545
G1 X116.69 Y66.345 E249.00017
G1 X116.69 Y65.681 E249.01058
G1 X118.357 Y65.681 E249.03671
G1 X118.357 Y66.881 E249.05552
G1 X118.892 Y66.881 E249.06391
G1 X120.024 Y65.749 E249.08901
G1 X120.092 Y65.681 E249.09051
G1 X120.024 Y65.681 E249.09158
G0 F6562.5 X123.358 Y65.681
G1 F2250 X122.026 Y65.681 E249.11246
G1 X123.226 Y66.881 E249.13906
G1 X123.358 Y66.881 E249.14113
G1 X123.358 Y65.681 E249.15994
G1 X125.025 Y65.681 E249.18607
G1 X126.092 Y65.681 E249.2028
G1 X125.025 Y66.748 E249.22645
G1 X125.025 Y65.681 E249.24318
G0 F6562.5 X128.359 Y66.114
G1 F2250 X129.126 Y66.881 E249.26018
G1 X130.026 Y66.881 E249.27429
G1 X130.026 Y65.681 E249.2931
G1 X131.693 Y65.681 E249.31923
G1 X131.992 Y65.681 E249.32392
G1 X131.693 Y65.98 E249.33054
G1 X131.693 Y65.681 E249.33523
G0 F6562.5 X128.359 Y66.114
G1 F2250 X127.926 Y65.681 E249.34483
G1 X128.359 Y65.681 E249.35162
G1 X128.359 Y66.114 E249.35841
G0 F6562.5 X135.027 Y66.782
G1 F2250 X135.126 Y66.881 E249.3606
G1 X136.694 Y66.881 E249.38518
G1 X136.792 Y66.881 E249.38672
G1 X137.992 Y65.681 E249.41332
G1 X136.694 Y65.681 E249.43366
G1 X136.694 Y66.881 E249.45247
G0 F6562.5 X135.027 Y66.782
G1 F2250 X133.926 Y65.681 E249.47688
G1 X135.027 Y65.681 E249.49414
G1 X135.027 Y66.782 E249.5114
G0 F6562.5 X140.028 Y65.681
G1 F2250 X139.826 Y65.681 E249.51457
G1 X140.028 Y65.883 E249.51904
G1 X140.028 Y65.681 E249.52221
G1 X141.695 Y65.681 E249.54834
G1 X141.695 Y66.881 E249.56715
G1 X142.692 Y66.881 E249.58278
G1 X143.362 Y66.211 E249.59763
G1 X143.892 Y65.681 E249.60938
G1 X143.362 Y65.681 E249.61769
G1 X143.362 Y66.211 E249.626
G0 F6562.5 X146.696 Y65.681
G1 F2250 X145.826 Y65.681 E249.63964
G1 X146.696 Y66.551 E249.65892
G1 X146.696 Y65.681 E249.67256
G1 X148.363 Y65.681 E249.69869
G1 X149.892 Y65.681 E249.72266
G1 X148.692 Y66.881 E249.74926
G1 X148.363 Y66.881 E249.75442
G1 X148.363 Y65.681 E249.77323
G0 F6562.5 X153.364 Y65.681
G1 F2250 X151.726 Y65.681 E249.79891
G1 X152.926 Y66.881 E249.82551
G1 X153.364 Y66.881 E249.83237
G1 X153.364 Y65.681 E249.85118
G1 X155.031 Y65.681 E249.87731
G1 X155.792 Y65.681 E249.88924
G1 X155.031 Y66.442 E249.90611
G1 X155.031 Y65.681 E249.91804
G0 F6562.5 X158.365 Y66.32
G1 F2250 X158.926 Y66.881 E249.93048
G1 X160.032 Y66.881 E249.94782
G1 X160.032 Y65.681 E249.96663
G1 X161.699 Y65.681 E249.99276
G1 X161.792 Y65.681 E249.99422
G1 X161.699 Y65.774 E249.99628
G0 F6562.5 X158.365 Y66.32
G1 F2250 X157.726 Y65.681 E250.01044
G1 X158.365 Y65.681 E250.02046
G1 X158.365 Y66.32 E250.03048
G0 F6562.5 X165.033 Y66.881
G1 F2250 X166.492 Y66.881 E250.05335
G1 X166.7 Y66.673 E250.05796
G1 X167.692 Y65.681 E250.07995
G1 X166.7 Y65.681 E250.0955
G1 X166.7 Y66.673 E250.11105
G0 F6562.5 X165.033 Y66.881
G1 F2250 X164.826 Y66.881 E250.11429
G1 X163.626 Y65.681 E250.1409
G1 X165.033 Y65.681 E250.16295
G1 X165.033 Y66.881 E250.18176
G0 F6562.5 X170.034 Y65.681
G1 F2250 X169.626 Y65.681 E250.18816
G1 X170.034 Y66.089 E250.1972
G1 X170.034 Y65.681 E250.2036
G1 X171.701 Y65.681 E250.22973
G1 X171.701 Y66.881 E250.24854
G1 X172.492 Y66.881 E250.26094
G1 X173.368 Y66.005 E250.28036
G1 X173.692 Y65.681 E250.28754
G1 X173.368 Y65.681 E250.29262
G1 X173.368 Y66.005 E250.2977
G0 F6562.5 X176.702 Y65.681
G1 F2250 X175.526 Y65.681 E250.31613
G1 X176.702 Y66.857 E250.3422
G1 X176.702 Y65.681 E250.36064
G1 X178.369 Y65.681 E250.38677
G1 X179.592 Y65.681 E250.40594
G1 X178.392 Y66.881 E250.43254
G1 X178.369 Y66.881 E250.4329
G1 X178.369 Y65.681 E250.45171
G0 F6562.5 X181.703 Y65.858
G1 F2250 X182.726 Y66.881 E250.47439
G1 X183.37 Y66.881 E250.48449
G1 X183.37 Y65.681 E250.5033
G1 X185.037 Y65.681 E250.52943
G1 X185.592 Y65.681 E250.53813
G1 X185.037 Y66.236 E250.55043
G1 X185.037 Y65.681 E250.55913
G0 F6562.5 X181.703 Y65.858
G1 F2250 X181.526 Y65.681 E250.56305
G1 X181.703 Y65.681 E250.56583
G1 X181.703 Y65.858 E250.5686
G0 F6562.5 X188.371 Y66.626
G1 F2250 X188.626 Y66.881 E250.57426
G1 X190.038 Y66.881 E250.59639
G1 X190.292 Y66.881 E250.60037
G1 X190.409 Y66.764 E250.60297
G1 X190.409 Y65.681 E250.61994
G1 X190.038 Y65.681 E250.62576
G1 X190.038 Y66.881 E250.64457
G0 F6562.5 X188.371 Y66.626
G1 F2250 X187.426 Y65.681 E250.66552
G1 X188.371 Y65.681 E250.68033
G1 X188.371 Y66.626 E250.69514
G1 F600 E249.69514
;MESH:
G0 F6562.5 X191.628 Y64.592
G0 X192.161 Y64.059
G0 X192.161 Y29.803
G0 X191.628 Y29.27
G0 X188.371 Y28.596
G0 X188.371 Y27.161
G0 X190.68 Y27.111
G0 X190.75 Y27.181
;TYPE:WALL-INNER
G1 F600 E250.69514
G1 F2250 X99.25 Y27.181 E252.12945
G1 X99.25 Y26.681 E252.13729
G1 X190.75 Y26.681 E253.57159
G1 X190.75 Y27.181 E253.57943
G0 F6562.5 X191.25 Y27.681
;TYPE:WALL-OUTER
G1 F1800 X98.75 Y27.681 E255.02941
G1 X98.75 Y26.181 E255.05292
G1 X191.25 Y26.181 E256.5029
G1 X191.25 Y27.681 E256.52642
G0 F6562.5 X191 Y27.681
G1 F600 E255.52642
G0 F6562.5 X190.68 Y27.111
G0 X190.68 Y27.161
G0 X190.68 Y28.596
G0 X190.68 Y29.266
G0 X190.68 Y30.701
G0 X190.68 Y31.111
G0 X190.75 Y31.181
;TYPE:WALL-INNER
G1 F600 E256.52642
G1 F2250 X99.25 Y31.181 E257.96072
G1 X99.25 Y30.681 E257.96856
G1 X190.75 Y30.681 E259.40286
G1 X190.75 Y31.181 E259.4107
G0 F6562.5 X191.25 Y31.681
;TYPE:WALL-OUTER
G1 F1800 X98.75 Y31.681 E260.86068
G1 X98.75 Y30.181 E260.8842
G1 X191.25 Y30.181 E262.33418
G1 X191.25 Y31.681 E262.35769
G0 F6562.5 X191 Y31.681
G1 F600 E261.35769
G0 F6562.5 X190.68 Y31.111
G0 X190.68 Y31.161
G0 X190.68 Y32.596
G0 X190.68 Y33.266
G0 X190.68 Y34.701
G0 X190.68 Y35.111
G0 X190.75 Y35.181
;TYPE:WALL-INNER
G1 F600 E262.35769
G1 F2250 X99.25 Y35.181 E263.79199
G1 X99.25 Y34.681 E263.79983
G1 X190.75 Y34.681 E265.23414
G1 X190.75 Y35.181 E265.24197
G0 F6562.5 X191.25 Y35.681
;TYPE:WALL-OUTER
G1 F1800 X98.75 Y35.681 E266.69196
G1 X98.75 Y34.181 E266.71547
G1 X191.25 Y34.181 E268.16545
G1 X191.25 Y35.681 E268.18896
G0 F6562.5 X191 Y35.681
G1 F600 E267.18896
G0 F6562.5 X190.68 Y35.111
G0 X190.68 Y35.161
G0 X190.68 Y36.596
G0 X190.68 Y37.266
G0 X190.68 Y38.701
G0 X190.68 Y39.111
G0 X190.75 Y39.181
;TYPE:WALL-INNER
G1 F600 E268.18896
G1 F2250 X99.25 Y39.181 E269.62327
G1 X99.25 Y38.681 E269.6311
G1 X190.75 Y38.681 E271.06541
G1 X190.75 Y39.181 E271.07325
G0 F6562.5 X191.25 Y39.681
;TYPE:WALL-OUTER
G1 F1800 X98.75 Y39.681 E272.52323
G1 X98.75 Y38.181 E272.54674
G1 X191.25 Y38.181 E273.99672
G1 X191.25 Y39.681 E274.02023
G0 F6562.5 X191 Y39.681
G1 F600 E273.02023
G0 F6562.5 X190.68 Y39.111
G0 X190.68 Y39.161
G0 X190.68 Y40.596
G0 X190.68 Y41.266
G0 X190.68 Y42.701
G0 X190.68 Y43.111
G0 X190.75 Y43.181
;TYPE:WALL-INNER
G1 F600 E274.02023
G1 F2250 X99.25 Y43.181 E275.45454
G1 X99.25 Y42.681 E275.46238
G1 X190.75 Y42.681 E276.89668
G1 X190.75 Y43.181 E276.90452
G0 F6562.5 X191.25 Y43.681
;TYPE:WALL-OUTER
G1 F1800 X98.75 Y43.681 E278.3545
G1 X98.75 Y42.181 E278.37801
G1 X191.25 Y42.181 E279.82799
G1 X191.25 Y43.681 E279.85151
G0 F6562.5 X191 Y43.681
G1 F600 E278.85151
G0 F6562.5 X190.68 Y43.111
G0 X190.68 Y43.161
G0 X190.68 Y44.596
G0 X190.68 Y45.266
G0 X190.68 Y46.701
G0 X190.68 Y47.111
G0 X190.75 Y47.181
;TYPE:WALL-INNER
G1 F600 E279.85151
G1 F2250 X99.25 Y47.181 E281.28581
G1 X99.25 Y46.681 E281.29365
G1 X190.75 Y46.681 E282.72795
G1 X190.75 Y47.181 E282.73579
G0 F6562.5 X191.25 Y47.681
;TYPE:WALL-OUTER
G1 F1800 X98.75 Y47.681 E284.18577
G1 X98.75 Y46.181 E284.20929
G1 X191.25 Y46.181 E285.65927
G1 X191.25 Y47.681 E285.68278
G0 F6562.5 X191 Y47.681
G1 F600 E284.68278
G0 F6562.5 X190.68 Y47.111
G0 X190.68 Y47.161
G0 X190.68 Y48.596
G0 X190.68 Y49.266
G0 X190.68 Y50.701
G0 X190.68 Y51.111
G0 X190.75 Y51.181
;TYPE:WALL-INNER
G1 F600 E285.68278
G1 F2250 X99.25 Y51.181 E287.11708
G1 X99.25 Y50.681 E287.12492
G1 X190.75 Y50.681 E288.55923
G1 X190.75 Y51.181 E288.56707
G0 F6562.5 X191.25 Y51.681
;TYPE:WALL-OUTER
G1 F1800 X98.75 Y51.681 E290.01705
G1 X98.75 Y50.181 E290.04056
G1 X191.25 Y50.181 E291.49054
G1 X191.25 Y51.681 E291.51405
G0 F6562.5 X191 Y51.681
G1 F600 E290.51405
G0 F6562.5 X190.68 Y51.111
G0 X190.68 Y51.161
G0 X190.68 Y52.596
G0 X190.68 Y53.266
G0 X190.68 Y54.701
G0 X190.68 Y55.111
G0 X190.75 Y55.181
;TYPE:WALL-INNER
G1 F600 E291.51405
G1 F2250 X99.25 Y55.181 E292.94836
G1 X99.25 Y54.681 E292.95619
G1 X190.75 Y54.681 E294.3905
G1 X190.75 Y55.181 E294.39834
G0 F6562.5 X191.25 Y55.681
;TYPE:WALL-OUTER
G1 F1800 X98.75 Y55.681 E295.84832
G1 X98.75 Y54.181 E295.87183
G1 X191.25 Y54.181 E297.32181
G1 X191.25 Y55.681 E297.34532
G0 F6562.5 X191 Y55.681
G1 F600 E296.34532
G0 F6562.5 X190.68 Y55.111
G0 X190.68 Y55.161
G0 X190.68 Y56.596
G0 X190.68 Y57.266
G0 X190.68 Y58.701
G0 X190.68 Y59.111
G0 X190.75 Y59.181
;TYPE:WALL-INNER
G1 F600 E297.34532
G1 F2250 X99.25 Y59.181 E298.77963
G1 X99.25 Y58.681 E298.78747
G1 X190.75 Y58.681 E300.22177
G1 X190.75 Y59.181 E300.22961
G0 F6562.5 X191.25 Y59.681
;TYPE:WALL-OUTER
G1 F1800 X98.75 Y59.681 E301.67959
G1 X98.75 Y58.181 E301.7031
G1 X191.25 Y58.181 E303.15308
G1 X191.25 Y59.681 E303.1766
G0 F6562.5 X191 Y59.681
G1 F600 E302.1766
G0 F6562.5 X190.68 Y59.111
G0 X190.68 Y59.161
G0 X190.68 Y60.596
G0 X190.68 Y61.266
G0 X190.68 Y62.701
G0 X190.68 Y63.111
G0 X190.75 Y63.181
;TYPE:WALL-INNER
G1 F600 E303.1766
G1 F2250 X99.25 Y63.181 E304.6109
G1 X99.25 Y62.681 E304.61874
G1 X190.75 Y62.681 E306.05304
G1 X190.75 Y63.181 E306.06088
G0 F6562.5 X191.25 Y63.681
;TYPE:WALL-OUTER
G1 F1800 X98.75 Y63.681 E307.51086
G1 X98.75 Y62.181 E307.53438
G1 X191.25 Y62.181 E308.98436
G1 X191.25 Y63.681 E309.00787
G0 F6562.5 X191 Y63.681
G1 F600 E308.00787
G0 F6562.5 X190.68 Y63.111
G0 X189.75 Y63.161
G0 X189.75 Y64.596
G0 X189.75 Y74.266
G0 X189.75 Y75.701
G0 X189.75 Y95.049
;TYPE:WALL-INNER
G1 F600 E309.00787
G1 F2250 X111.244 Y95.049 E310.23849
G1 X111.244 Y76.681 E310.52641
G1 X189.75 Y76.681 E311.75703
G1 X189.75 Y95.049 E312.04496
G0 F6562.5 X190.25 Y95.549
G1 F2250 X110.744 Y95.549 E313.29125
G1 X110.744 Y76.181 E313.59486
G1 X190.25 Y76.181 E314.84115
G1 X190.25 Y95.549 E315.14475
G0 F6562.5 X190.75 Y96.049
G1 F2250 X110.244 Y96.049 E316.40672
G1 X110.244 Y75.681 E316.726
G1 X190.75 Y75.681 E317.98797
G1 X190.75 Y96.049 E318.30724
G0 F6562.5 X191.25 Y96.549
;TYPE:WALL-OUTER
G1 F1800 X109.744 Y96.549 E319.58489
G1 X109.744 Y75.181 E319.91984
G1 X191.25 Y75.181 E321.19749
G1 X191.25 Y96.549 E321.53244
G0 F6562.5 X191 Y96.549
G0 X190.68 Y95.979
G0 X189.26 Y94.559
;TYPE:SKIN
G1 F1800 X111.734 Y94.559 E322.7477
G1 X111.734 Y77.171 E323.02026
G1 X189.26 Y77.171 E324.23552
G1 X189.26 Y94.559 E324.50808
G0 F6562.5 X189.034 Y93.808
G1 F1800 X188.508 Y94.334 E324.51974
G0 F6562.5 X187.801 Y94.334
G1 F1800 X189.034 Y93.101 E324.54708
G0 F6562.5 X189.034 Y92.394
G1 F1800 X187.094 Y94.334 E324.59008
G0 F6562.5 X186.386 Y94.334
G1 F1800 X189.034 Y91.687 E324.64877
G0 F6562.5 X189.034 Y90.979
G1 F1800 X185.679 Y94.334 E324.72315
G0 F6562.5 X184.972 Y94.334
G1 F1800 X189.034 Y90.272 E324.8132
G0 F6562.5 X189.034 Y89.565
G1 F1800 X184.265 Y94.334 E324.91892
G0 F6562.5 X183.558 Y94.334
G1 F1800 X189.034 Y88.858 E325.04031
G0 F6562.5 X189.034 Y88.151
G1 F1800 X182.851 Y94.334 E325.17738
G0 F6562.5 X182.144 Y94.334
G1 F1800 X189.034 Y87.444 E325.33012
G0 F6562.5 X189.034 Y86.737
G1 F1800 X181.437 Y94.334 E325.49854
G0 F6562.5 X180.73 Y94.334
G1 F1800 X189.034 Y86.03 E325.68262
G0 F6562.5 X189.034 Y85.323
G1 F1800 X180.023 Y94.334 E325.88238
G0 F6562.5 X179.315 Y94.334
G1 F1800 X189.034 Y84.615 E326.09784
G0 F6562.5 X189.034 Y83.908
G1 F1800 X178.608 Y94.334 E326.32897
G0 F6562.5 X177.901 Y94.334
G1 F1800 X189.034 Y83.201 E326.57577
G0 F6562.5 X189.034 Y82.494
G1 F1800 X177.194 Y94.334 E326.83824
G0 F6562.5 X176.487 Y94.334
G1 F1800 X189.034 Y81.787 E327.11639
G0 F6562.5 X189.034 Y81.08
G1 F1800 X175.78 Y94.334 E327.41021
G0 F6562.5 X175.073 Y94.334
G1 F1800 X189.034 Y80.373 E327.7197
G0 F6562.5 X189.034 Y79.666
G1 F1800 X174.366 Y94.334 E328.04487
G0 F6562.5 X173.659 Y94.334
G1 F1800 X189.034 Y78.959 E328.38571
G0 F6562.5 X189.034 Y78.251
G1 F1800 X172.951 Y94.334 E328.74225
G0 F6562.5 X172.244 Y94.334
G1 F1800 X189.034 Y77.544 E329.11445
G0 F6562.5 X188.475 Y77.396
G1 F1800 X171.537 Y94.334 E329.48994
G0 F6562.5 X170.83 Y94.334
G1 F1800 X187.768 Y77.396 E329.86543
G0 F6562.5 X187.061 Y77.396
G1 F1800 X170.123 Y94.334 E330.24092
G0 F6562.5 X169.416 Y94.334
G1 F1800 X186.354 Y77.396 E330.61641
G0 F6562.5 X185.647 Y77.396
G1 F1800 X168.709 Y94.334 E330.9919
G0 F6562.5 X168.002 Y94.334
G1 F1800 X184.94 Y77.396 E331.36739
G0 F6562.5 X184.233 Y77.396
G1 F1800 X167.295 Y94.334 E331.74288
G0 F6562.5 X166.587 Y94.334
G1 F1800 X183.526 Y77.396 E332.11838
G0 F6562.5 X182.818 Y77.396
G1 F1800 X165.88 Y94.334 E332.49387
G0 F6562.5 X165.173 Y94.334
G1 F1800 X182.111 Y77.396 E332.86936
G0 F6562.5 X181.404 Y77.396
G1 F1800 X164.466 Y94.334 E333.24485
G0 F6562.5 X163.759 Y94.334
G1 F1800 X180.697 Y77.396 E333.62034
G0 F6562.5 X179.99 Y77.396
G1 F1800 X163.052 Y94.334 E333.99583
G0 F6562.5 X162.345 Y94.334
G1 F1800 X179.283 Y77.396 E334.37131
G0 F6562.5 X178.576 Y77.396
G1 F1800 X161.638 Y94.334 E334.7468
G0 F6562.5 X160.931 Y94.334
G1 F1800 X177.869 Y77.396 E335.12229
G0 F6562.5 X177.162 Y77.396
G1 F1800 X160.224 Y94.334 E335.49778
G0 F6562.5 X159.516 Y94.334
G1 F1800 X176.454 Y77.396 E335.87327
G0 F6562.5 X175.747 Y77.396
G1 F1800 X158.809 Y94.334 E336.24876
G0 F6562.5 X158.102 Y94.334
G1 F1800 X175.04 Y77.396 E336.62425
G0 F6562.5 X174.333 Y77.396
G1 F1800 X157.395 Y94.334 E336.99974
G0 F6562.5 X156.688 Y94.334
G1 F1800 X173.626 Y77.396 E337.37523
G0 F6562.5 X172.919 Y77.396
G1 F1800 X155.981 Y94.334 E337.75072
G0 F6562.5 X155.274 Y94.334
G1 F1800 X172.212 Y77.396 E338.12621
G0 F6562.5 X171.505 Y77.396
G1 F1800 X154.567 Y94.334 E338.5017
G0 F6562.5 X153.86 Y94.334
G1 F1800 X170.798 Y77.396 E338.87719
G0 F6562.5 X170.091 Y77.396
G1 F1800 X153.152 Y94.334 E339.25269
G0 F6562.5 X152.445 Y94.334
G1 F1800 X169.383 Y77.396 E339.62818
G0 F6562.5 X168.676 Y77.396
G1 F1800 X151.738 Y94.334 E340.00366
G0 F6562.5 X151.031 Y94.334
G1 F1800 X167.969 Y77.396 E340.37915
G0 F6562.5 X167.262 Y77.396
G1 F1800 X150.324 Y94.334 E340.75464
G0 F6562.5 X149.617 Y94.334
G1 F1800 X166.555 Y77.396 E341.13013
G0 F6562.5 X165.848 Y77.396
G1 F1800 X148.91 Y94.334 E341.50562
G0 F6562.5 X148.203 Y94.334
G1 F1800 X165.141 Y77.396 E341.88111
G0 F6562.5 X164.434 Y77.396
G1 F1800 X147.496 Y94.334 E342.2566
G0 F6562.5 X146.789 Y94.334
G1 F1800 X163.727 Y77.396 E342.63209
G0 F6562.5 X163.019 Y77.396
G1 F1800 X146.081 Y94.334 E343.00758
G0 F6562.5 X145.374 Y94.334
G1 F1800 X162.312 Y77.396 E343.38307
G0 F6562.5 X161.605 Y77.396
G1 F1800 X144.667 Y94.334 E343.75856
G0 F6562.5 X143.96 Y94.334
G1 F1800 X160.898 Y77.396 E344.13405
G0 F6562.5 X160.191 Y77.396
G1 F1800 X143.253 Y94.334 E344.50954
G0 F6562.5 X142.546 Y94.334
G1 F1800 X159.484 Y77.396 E344.88503
G0 F6562.5 X158.777 Y77.396
G1 F1800 X141.839 Y94.334 E345.26051
G0 F6562.5 X141.132 Y94.334
G1 F1800 X158.07 Y77.396 E345.636
G0 F6562.5 X157.363 Y77.396
G1 F1800 X140.425 Y94.334 E346.01149
G0 F6562.5 X139.717 Y94.334
G1 F1800 X156.655 Y77.396 E346.38698
G0 F6562.5 X155.948 Y77.396
G1 F1800 X139.01 Y94.334 E346.76247
G0 F6562.5 X138.303 Y94.334
G1 F1800 X155.241 Y77.396 E347.13796
G0 F6562.5 X154.534 Y77.396
G1 F1800 X137.596 Y94.334 E347.51345
G0 F6562.5 X136.889 Y94.334
G1 F1800 X153.827 Y77.396 E347.88894
G0 F6562.5 X153.12 Y77.396
G1 F1800 X136.182 Y94.334 E348.26443
G0 F6562.5 X135.475 Y94.334
G1 F1800 X152.413 Y77.396 E348.63992
G0 F6562.5 X151.706 Y77.396
G1 F1800 X134.768 Y94.334 E349.01541
G0 F6562.5 X134.061 Y94.334
G1 F1800 X150.999 Y77.396 E349.3909
G0 F6562.5 X150.292 Y77.396
G1 F1800 X133.353 Y94.334 E349.7664
G0 F6562.5 X132.646 Y94.334
G1 F1800 X149.584 Y77.396 E350.14189
G0 F6562.5 X148.877 Y77.396
G1 F1800 X131.939 Y94.334 E350.51738
G0 F6562.5 X131.232 Y94.334
G1 F1800 X148.17 Y77.396 E350.89286
G0 F6562.5 X147.463 Y77.396
G1 F1800 X130.525 Y94.334 E351.26835
G0 F6562.5 X129.818 Y94.334
G1 F1800 X146.756 Y77.396 E351.64384
G0 F6562.5 X146.049 Y77.396
G1 F1800 X129.111 Y94.334 E352.01933
G0 F6562.5 X128.404 Y94.334
G1 F1800 X145.342 Y77.396 E352.39482
G0 F6562.5 X144.635 Y77.396
G1 F1800 X127.697 Y94.334 E352.77031
G0 F6562.5 X126.99 Y94.334
G1 F1800 X143.928 Y77.396 E353.1458
G0 F6562.5 X143.22 Y77.396
G1 F1800 X126.282 Y94.334 E353.52129
G0 F6562.5 X125.575 Y94.334
G1 F1800 X142.513 Y77.396 E353.89678
G0 F6562.5 X141.806 Y77.396
G1 F1800 X124.868 Y94.334 E354.27227
G0 F6562.5 X124.161 Y94.334
G1 F1800 X141.099 Y77.396 E354.64776
G0 F6562.5 X140.392 Y77.396
G1 F1800 X123.454 Y94.334 E355.02325
G0 F6562.5 X122.747 Y94.334
G1 F1800 X139.685 Y77.396 E355.39874
G0 F6562.5 X138.978 Y77.396
G1 F1800 X122.04 Y94.334 E355.77422
G0 F6562.5 X121.333 Y94.334
G1 F1800 X138.271 Y77.396 E356.14971
G0 F6562.5 X137.564 Y77.396
G1 F1800 X120.626 Y94.334 E356.5252
G0 F6562.5 X119.918 Y94.334
G1 F1800 X136.856 Y77.396 E356.90069
G0 F6562.5 X136.149 Y77.396
G1 F1800 X119.211 Y94.334 E357.27618
G0 F6562.5 X118.504 Y94.334
G1 F1800 X135.442 Y77.396 E357.65167
G0 F6562.5 X134.735 Y77.396
G1 F1800 X117.797 Y94.334 E358.02716
G0 F6562.5 X117.09 Y94.334
G1 F1800 X134.028 Y77.396 E358.40265
G0 F6562.5 X133.321 Y77.396
G1 F1800 X116.383 Y94.334 E358.77814
G0 F6562.5 X115.676 Y94.334
G1 F1800 X132.614 Y77.396 E359.15363
G0 F6562.5 X131.907 Y77.396
G1 F1800 X114.969 Y94.334 E359.52912
G0 F6562.5 X114.262 Y94.334
G1 F1800 X131.2 Y77.396 E359.90461
G0 F6562.5 X130.493 Y77.396
G1 F1800 X113.554 Y94.334 E360.28011
G0 F6562.5 X112.847 Y94.334
G1 F1800 X129.785 Y77.396 E360.6556
G0 F6562.5 X129.078 Y77.396
G1 F1800 X112.14 Y94.334 E361.03109
G0 F6562.5 X111.958 Y93.809
G1 F1800 X128.371 Y77.396 E361.39494
G0 F6562.5 X127.664 Y77.396
G1 F1800 X111.958 Y93.102 E361.74311
G0 F6562.5 X111.958 Y92.395
G1 F1800 X126.957 Y77.396 E362.07562
G0 F6562.5 X126.25 Y77.396
G1 F1800 X111.958 Y91.688 E362.39245
G0 F6562.5 X111.958 Y90.981
G1 F1800 X125.543 Y77.396 E362.69361
G0 F6562.5 X124.836 Y77.396
G1 F1800 X111.958 Y90.274 E362.97909
G0 F6562.5 X111.958 Y89.567
G1 F1800 X124.129 Y77.396 E363.24891
G0 F6562.5 X123.421 Y77.396
G1 F1800 X111.958 Y88.859 E363.50302
G0 F6562.5 X111.958 Y88.152
G1 F1800 X122.714 Y77.396 E363.74147
G0 F6562.5 X122.007 Y77.396
G1 F1800 X111.958 Y87.445 E363.96424
G0 F6562.5 X111.958 Y86.738
G1 F1800 X121.3 Y77.396 E364.17134
G0 F6562.5 X120.593 Y77.396
G1 F1800 X111.958 Y86.031 E364.36276
G0 F6562.5 X111.958 Y85.324
G1 F1800 X119.886 Y77.396 E364.53851
G0 F6562.5 X119.179 Y77.396
G1 F1800 X111.958 Y84.617 E364.69859
G0 F6562.5 X111.958 Y83.91
G1 F1800 X118.472 Y77.396 E364.843
G0 F6562.5 X117.765 Y77.396
G1 F1800 X111.958 Y83.203 E364.97173
G0 F6562.5 X111.958 Y82.496
G1 F1800 X117.057 Y77.396 E365.08478
G0 F6562.5 X116.35 Y77.396
G1 F1800 X111.958 Y81.788 E365.18214
G0 F6562.5 X111.958 Y81.081
G1 F1800 X115.643 Y77.396 E365.26383
G0 F6562.5 X114.936 Y77.396
G1 F1800 X111.958 Y80.374 E365.32985
G0 F6562.5 X111.958 Y79.667
G1 F1800 X114.229 Y77.396 E365.38019
G0 F6562.5 X113.522 Y77.396
G1 F1800 X111.958 Y78.96 E365.41486
G0 F6562.5 X111.958 Y78.253
G1 F1800 X112.815 Y77.396 E365.43386
G0 F6562.5 X112.108 Y77.396
G1 F1800 X111.958 Y77.546 E365.43719
G1 F600 E364.43719
;MESH:NONMESH
G0 F6562.5 X110.258 Y75.695
G0 X110.258 Y74.266
G0 X98.372 Y64.592
G0 X97.839 Y64.059
G0 X97.839 Y25.803
G0 X100.02 Y21.981
;TIME_ELAPSED:1346.243442
;LAYER:2
M106 S3.1
G0 F10500 X100.02 Y21.981 Z0.6
;TYPE:SUPPORT
G1 F600 E365.43719
G1 F3600 X99.426 Y21.981 E365.4465
G1 X99.309 Y22.098 E365.44909
G1 X99.309 Y24.181 E365.48174
G1 X100.02 Y24.181 E365.49289
G1 X100.02 Y21.981 E365.52738
G1 X101.092 Y21.981 E365.54418
G1 X101.687 Y22.576 E365.55737
G1 X101.687 Y24.181 E365.58253
G1 X103.354 Y24.181 E365.60866
G1 X103.354 Y23.745 E365.61549
G1 X103.562 Y23.745 E365.61876
G1 X105.021 Y22.286 E365.6511
G1 X105.021 Y24.181 E365.6808
G1 X106.688 Y24.181 E365.70694
G1 X106.688 Y21.981 E365.74142
G1 X106.992 Y21.981 E365.74619
G1 X108.355 Y23.344 E365.7764
G1 X108.355 Y24.181 E365.78952
G1 X110.022 Y24.181 E365.81565
G1 X110.022 Y23.285 E365.8297
G1 X111.326 Y21.981 E365.85861
G1 X111.689 Y21.981 E365.8643
G1 X111.689 Y24.181 E365.89878
G1 X113.356 Y24.181 E365.92491
G1 X113.356 Y22.345 E365.95369
G1 X114.756 Y23.745 E365.98473
G1 X115.023 Y23.745 E365.98891
G1 X115.023 Y24.181 E365.99575
G1 X116.69 Y24.181 E366.02188
G1 X116.69 Y22.517 E366.04796
G1 X117.226 Y21.981 E366.05985
G1 X118.357 Y21.981 E366.07758
G1 X118.357 Y24.181 E366.11206
G1 X120.024 Y24.181 E366.13819
G1 X120.024 Y23.113 E366.15493
G1 X120.706 Y23.795 E366.17005
G1 X121.412 Y23.795 E366.18112
G1 X121.691 Y23.516 E366.1873
G1 X121.691 Y24.181 E366.19773
G1 X123.358 Y24.181 E366.22386
G1 X123.358 Y21.981 E366.25835
G1 X124.892 Y21.981 E366.28239
G1 X125.025 Y22.114 E366.28534
G1 X125.025 Y24.181 E366.31774
G1 X126.692 Y24.181 E366.34387
G1 X126.692 Y23.745 E366.35071
G1 X127.362 Y23.745 E366.36121
G1 X128.359 Y22.748 E366.38331
G1 X128.359 Y24.181 E366.40577
G1 X130.026 Y24.181 E366.43191
G1 X130.026 Y21.981 E366.46639
G1 X130.792 Y21.981 E366.4784
G1 X131.693 Y22.882 E366.49837
G1 X131.693 Y24.181 E366.51874
G1 X133.36 Y24.181 E366.54487
G1 X133.36 Y23.747 E366.55167
G1 X135.027 Y22.08 E366.58862
G1 X135.027 Y24.181 E366.62156
G1 X136.694 Y24.181 E366.64769
G1 X136.694 Y21.981 E366.68218
G1 X136.792 Y21.981 E366.68371
G1 X138.361 Y23.55 E366.71849
G1 X138.361 Y24.181 E366.72839
G1 X140.028 Y24.181 E366.75452
G1 X140.028 Y22.979 E366.77336
G1 X141.026 Y21.981 E366.79548
G1 X141.695 Y21.981 E366.80597
G1 X141.695 Y24.181 E366.84045
G1 X143.362 Y24.181 E366.86659
G1 X143.362 Y22.651 E366.89057
G1 X144.506 Y23.795 E366.91593
G1 X145.029 Y23.795 E366.92413
G1 X145.029 Y24.181 E366.93018
G1 X146.696 Y24.181 E366.95631
G1 X146.696 Y22.311 E366.98562
G1 X147.026 Y21.981 E366.99294
G1 X148.363 Y21.981 E367.0139
G1 X148.363 Y24.181 E367.04838
G1 X150.03 Y24.181 E367.07451
G1 X150.03 Y23.319 E367.08803
G1 X150.456 Y23.745 E367.09747
G1 X151.162 Y23.745 E367.10854
G1 X151.697 Y23.21 E367.1204
G1 X151.697 Y24.181 E367.13562
G1 X153.364 Y24.181 E367.16175
G1 X153.364 Y21.981 E367.19623
G1 X154.592 Y21.981 E367.21548
G1 X155.031 Y22.42 E367.22522
G1 X155.031 Y24.181 E367.25282
G1 X156.698 Y24.181 E367.27895
G1 X156.698 Y23.795 E367.285
G1 X157.112 Y23.795 E367.29149
G1 X158.365 Y22.542 E367.31927
G1 X158.365 Y24.181 E367.34496
G1 X160.032 Y24.181 E367.37109
G1 X160.032 Y21.981 E367.40558
G1 X160.592 Y21.981 E367.41436
G1 X161.699 Y23.088 E367.4389
G1 X161.699 Y24.181 E367.45603
G1 X163.366 Y24.181 E367.48216
G1 X163.366 Y23.441 E367.49376
G1 X164.826 Y21.981 E367.52613
G1 X165.033 Y21.981 E367.52937
G1 X165.033 Y24.181 E367.56386
G1 X166.7 Y24.181 E367.58999
G1 X166.7 Y22.189 E367.62121
G1 X168.306 Y23.795 E367.65682
G1 X168.367 Y23.795 E367.65777
G1 X168.367 Y24.181 E367.66382
G1 X170.034 Y24.181 E367.68995
G1 X170.034 Y22.773 E367.71203
G1 X170.826 Y21.981 E367.72958
G1 X171.701 Y21.981 E367.7433
G1 X171.701 Y24.181 E367.77779
G1 X173.368 Y24.181 E367.80392
G1 X173.368 Y22.857 E367.82467
G1 X174.256 Y23.745 E367.84436
G1 X174.962 Y23.745 E367.85542
G1 X175.035 Y23.672 E367.85704
G1 X175.035 Y24.181 E367.86502
G1 X176.702 Y24.181 E367.89115
G1 X176.702 Y22.005 E367.92526
G1 X176.726 Y21.981 E367.92579
G1 X178.369 Y21.981 E367.95155
G1 X178.369 Y24.181 E367.98603
G1 X180.036 Y24.181 E368.01217
G1 X180.036 Y23.625 E368.02088
G1 X180.206 Y23.795 E368.02465
G1 X180.912 Y23.795 E368.03572
G1 X181.703 Y23.004 E368.05325
G1 X181.703 Y24.181 E368.0717
G1 X183.37 Y24.181 E368.09783
G1 X183.37 Y21.981 E368.13232
G1 X184.392 Y21.981 E368.14834
G1 X185.037 Y22.626 E368.16264
G1 X185.037 Y24.181 E368.18701
G1 X186.704 Y24.181 E368.21314
G1 X186.704 Y23.745 E368.21998
G1 X186.862 Y23.745 E368.22245
G1 X188.371 Y22.236 E368.25591
G1 X188.371 Y24.181 E368.2864
G1 X190.038 Y24.181 E368.31253
G1 X190.409 Y24.181 E368.31834
G1 X190.409 Y22.098 E368.35099
G1 X190.292 Y21.981 E368.35359
G1 X190.038 Y21.981 E368.35757
G1 X190.038 Y24.181 E368.39206
G1 F600 E367.39206
G0 F10500 X191.628 Y25.27
G0 X192.161 Y25.803
G0 X192.161 Y44.059
G0 X191.628 Y44.592
G0 X98.372 Y45.27
G0 X97.839 Y45.803
G0 X97.839 Y64.059
G0 X98.318 Y64.538
G0 X101.687 Y65.681
G1 F600 E368.39206
G1 F3600 X102.292 Y65.681 E368.40154
G1 X101.687 Y66.286 E368.41495
G1 X101.687 Y65.681 E368.42444
G1 X100.02 Y65.681 E368.45057
G1 X99.309 Y65.681 E368.46171
G1 X99.309 Y66.764 E368.47869
G1 X99.426 Y66.881 E368.48128
G1 X100.02 Y66.881 E368.49059
G1 X100.02 Y65.681 E368.5094
G0 F10500 X105.021 Y66.576
G1 F3600 X105.326 Y66.881 E368.51616
G1 X106.688 Y66.881 E368.53751
G1 X106.992 Y66.881 E368.54228
G1 X108.192 Y65.681 E368.56888
G1 X106.688 Y65.681 E368.59246
G1 X106.688 Y66.881 E368.61127
G0 F10500 X105.021 Y66.576
G1 F3600 X104.126 Y65.681 E368.63111
G1 X105.021 Y65.681 E368.64514
G1 X105.021 Y66.576 E368.65917
G0 F10500 X111.689 Y66.881
G1 F3600 X112.992 Y66.881 E368.67959
G1 X113.356 Y66.517 E368.68766
G1 X114.192 Y65.681 E368.7062
G1 X113.356 Y65.681 E368.7193
G1 X113.356 Y66.517 E368.73241
G0 F10500 X111.689 Y66.881
G1 F3600 X111.326 Y66.881 E368.7381
G1 X110.126 Y65.681 E368.7647
G1 X111.689 Y65.681 E368.7892
G1 X111.689 Y66.881 E368.80801
G0 F10500 X116.69 Y65.681
G1 F3600 X116.026 Y65.681 E368.81842
G1 X116.69 Y66.345 E368.83314
G1 X116.69 Y65.681 E368.84355
G1 X118.357 Y65.681 E368.86968
G1 X118.357 Y66.881 E368.88849
G1 X118.892 Y66.881 E368.89687
G1 X120.024 Y65.749 E368.92197
G1 X120.092 Y65.681 E368.92348
G1 X120.024 Y65.681 E368.92454
G0 F10500 X123.358 Y65.681
G1 F3600 X122.026 Y65.681 E368.94542
G1 X123.226 Y66.881 E368.97202
G1 X123.358 Y66.881 E368.97409
G1 X123.358 Y65.681 E368.9929
G1 X125.025 Y65.681 E369.01903
G1 X126.092 Y65.681 E369.03576
G1 X125.025 Y66.748 E369.05941
G1 X125.025 Y65.681 E369.07614
G0 F10500 X128.359 Y66.114
G1 F3600 X129.126 Y66.881 E369.09314
G1 X130.026 Y66.881 E369.10725
G1 X130.026 Y65.681 E369.12606
G1 X131.693 Y65.681 E369.15219
G1 X131.992 Y65.681 E369.15688
G1 X131.693 Y65.98 E369.16351
G1 X131.693 Y65.681 E369.16819
G0 F10500 X128.359 Y66.114
G1 F3600 X127.926 Y65.681 E369.17779
G1 X128.359 Y65.681 E369.18458
G1 X128.359 Y66.114 E369.19137
G0 F10500 X135.027 Y66.782
G1 F3600 X135.126 Y66.881 E369.19356
G1 X136.694 Y66.881 E369.21814
G1 X136.792 Y66.881 E369.21968
G1 X137.992 Y65.681 E369.24628
G1 X136.694 Y65.681 E369.26663
G1 X136.694 Y66.881 E369.28544
G0 F10500 X135.027 Y66.782
G1 F3600 X133.926 Y65.681 E369.30985
G1 X135.027 Y65.681 E369.3271
G1 X135.027 Y66.782 E369.34436
G0 F10500 X140.028 Y65.681
G1 F3600 X139.826 Y65.681 E369.34753
G1 X140.028 Y65.883 E369.35201
G1 X140.028 Y65.681 E369.35517
G1 X141.695 Y65.681 E369.3813
G1 X141.695 Y66.881 E369.40011
G1 X142.692 Y66.881 E369.41574
G1 X143.362 Y66.211 E369.4306
G1 X143.892 Y65.681 E369.44235
G1 X143.362 Y65.681 E369.45065
G1 X143.362 Y66.211 E369.45896
G0 F10500 X146.696 Y65.681
G1 F3600 X145.826 Y65.681 E369.4726
G1 X146.696 Y66.551 E369.49189
G1 X146.696 Y65.681 E369.50552
G1 X148.363 Y65.681 E369.53165
G1 X149.892 Y65.681 E369.55562
G1 X148.692 Y66.881 E369.58222
G1 X148.363 Y66.881 E369.58738
G1 X148.363 Y65.681 E369.60619
G0 F10500 X153.364 Y65.681
G1 F3600 X151.726 Y65.681 E369.63187
G1 X152.926 Y66.881 E369.65847
G1 X153.364 Y66.881 E369.66534
G1 X153.364 Y65.681 E369.68415
G1 X155.031 Y65.681 E369.71028
G1 X155.792 Y65.681 E369.72221
G1 X155.031 Y66.442 E369.73908
G1 X155.031 Y65.681 E369.75101
G0 F10500 X158.365 Y66.32
G1 F3600 X158.926 Y66.881 E369.76344
G1 X160.032 Y66.881 E369.78078
G1 X160.032 Y65.681 E369.79959
G1 X161.699 Y65.681 E369.82572
G1 X161.792 Y65.681 E369.82718
G1 X161.699 Y65.774 E369.82924
G0 F10500 X158.365 Y66.32
G1 F3600 X157.726 Y65.681 E369.84341
G1 X158.365 Y65.681 E369.85342
G1 X158.365 Y66.32 E369.86344
G0 F10500 X165.033 Y66.881
G1 F3600 X166.492 Y66.881 E369.88631
G1 X166.7 Y66.673 E369.89092
G1 X167.692 Y65.681 E369.91291
G1 X166.7 Y65.681 E369.92846
G1 X166.7 Y66.673 E369.94401
G0 F10500 X165.033 Y66.881
G1 F3600 X164.826 Y66.881 E369.94726
G1 X163.626 Y65.681 E369.97386
G1 X165.033 Y65.681 E369.99591
G1 X165.033 Y66.881 E370.01473
G0 F10500 X170.034 Y65.681
G1 F3600 X169.626 Y65.681 E370.02112
G1 X170.034 Y66.089 E370.03017
G1 X170.034 Y65.681 E370.03656
G1 X171.701 Y65.681 E370.06269
G1 X171.701 Y66.881 E370.0815
G1 X172.492 Y66.881 E370.0939
G1 X173.368 Y66.005 E370.11332
G1 X173.692 Y65.681 E370.1205
G1 X173.368 Y65.681 E370.12558
G1 X173.368 Y66.005 E370.13066
G0 F10500 X176.702 Y65.681
G1 F3600 X175.526 Y65.681 E370.1491
G1 X176.702 Y66.857 E370.17517
G1 X176.702 Y65.681 E370.1936
G1 X178.369 Y65.681 E370.21973
G1 X179.592 Y65.681 E370.2389
G1 X178.392 Y66.881 E370.26551
G1 X178.369 Y66.881 E370.26587
G1 X178.369 Y65.681 E370.28468
G0 F10500 X181.703 Y65.858
G1 F3600 X182.726 Y66.881 E370.30735
G1 X183.37 Y66.881 E370.31745
G1 X183.37 Y65.681 E370.33626
G1 X185.037 Y65.681 E370.36239
G1 X185.592 Y65.681 E370.37109
G1 X185.037 Y66.236 E370.38339
G1 X185.037 Y65.681 E370.39209
G0 F10500 X181.703 Y65.858
G1 F3600 X181.526 Y65.681 E370.39602
G1 X181.703 Y65.681 E370.39879
G1 X181.703 Y65.858 E370.40157
G0 F10500 X188.371 Y66.626
G1 F3600 X188.626 Y66.881 E370.40722
G1 X190.038 Y66.881 E370.42935
G1 X190.292 Y66.881 E370.43334
G1 X190.409 Y66.764 E370.43593
G1 X190.409 Y65.681 E370.45291
G1 X190.038 Y65.681 E370.45872
G1 X190.038 Y66.881 E370.47753
G0 F10500 X188.371 Y66.626
G1 F3600 X187.426 Y65.681 E370.49848
G1 X188.371 Y65.681 E370.51329
G1 X188.371 Y66.626 E370.52811
G1 F600 E369.52811
;MESH:
G0 F10500 X191.628 Y64.592
G0 X192.161 Y64.059
G0 X192.161 Y29.803
G0 X191.628 Y29.27
G0 X188.371 Y28.596
G0 X188.371 Y27.161
G0 X190.68 Y27.111
G0 X190.75 Y27.181
;TYPE:WALL-INNER
G1 F600 E370.52811
G1 F3600 X99.25 Y27.181 E371.96241
G1 X99.25 Y26.681 E371.97025
G1 X190.75 Y26.681 E373.40456
G1 X190.75 Y27.181 E373.41239
G0 F10500 X191.25 Y27.681
;TYPE:WALL-OUTER
G1 F2700 X98.75 Y27.681 E374.86237
G1 X98.75 Y26.181 E374.88589
G1 X191.25 Y26.181 E376.33587
G1 X191.25 Y27.681 E376.35938
G0 F10500 X191 Y27.681
G1 F600 E375.35938
G0 F10500 X190.68 Y27.111
G0 X190.68 Y27.161
G0 X190.68 Y28.596
G0 X190.68 Y29.266
G0 X190.68 Y30.701
G0 X190.68 Y31.111
G0 X190.75 Y31.181
;TYPE:WALL-INNER
G1 F600 E376.35938
G1 F3600 X99.25 Y31.181 E377.79369
G1 X99.25 Y30.681 E377.80152
G1 X190.75 Y30.681 E379.23583
G1 X190.75 Y31.181 E379.24367
G0 F10500 X191.25 Y31.681
;TYPE:WALL-OUTER
G1 F2700 X98.75 Y31.681 E380.69365
G1 X98.75 Y30.181 E380.71716
G1 X191.25 Y30.181 E382.16714
G1 X191.25 Y31.681 E382.19065
G0 F10500 X191 Y31.681
G1 F600 E381.19065
G0 F10500 X190.68 Y31.111
G0 X190.68 Y31.161
G0 X190.68 Y32.596
G0 X190.68 Y33.266
G0 X190.68 Y34.701
G0 X190.68 Y35.111
G0 X190.75 Y35.181
;TYPE:WALL-INNER
G1 F600 E382.19065
G1 F3600 X99.25 Y35.181 E383.62496
G1 X99.25 Y34.681 E383.6328
G1 X190.75 Y34.681 E385.0671
G1 X190.75 Y35.181 E385.07494
G0 F10500 X191.25 Y35.681
;TYPE:WALL-OUTER
G1 F2700 X98.75 Y35.681 E386.52492
G1 X98.75 Y34.181 E386.54843
G1 X191.25 Y34.181 E387.99841
G1 X191.25 Y35.681 E388.02193
G0 F10500 X191 Y35.681
G1 F600 E387.02193
G0 F10500 X190.68 Y35.111
G0 X190.68 Y35.161
G0 X190.68 Y36.596
G0 X190.68 Y37.266
G0 X190.68 Y38.701
G0 X190.68 Y39.111
G0 X190.75 Y39.181
;TYPE:WALL-INNER
G1 F600 E388.02193
G1 F3600 X99.25 Y39.181 E389.45623
G1 X99.25 Y38.681 E389.46407
G1 X190.75 Y38.681 E390.89837
G1 X190.75 Y39.181 E390.90621
G0 F10500 X191.25 Y39.681
;TYPE:WALL-OUTER
G1 F2700 X98.75 Y39.681 E392.35619
G1 X98.75 Y38.181 E392.3797
G1 X191.25 Y38.181 E393.82968
G1 X191.25 Y39.681 E393.8532
G0 F10500 X191 Y39.681
G1 F600 E392.8532
G0 F10500 X190.68 Y39.111
G0 X190.68 Y39.161
G0 X190.68 Y40.596
G0 X190.68 Y41.266
G0 X190.68 Y42.701
G0 X190.68 Y43.111
G0 X190.75 Y43.181
;TYPE:WALL-INNER
G1 F600 E393.8532
G1 F3600 X99.25 Y43.181 E395.2875
G1 X99.25 Y42.681 E395.29534
G1 X190.75 Y42.681 E396.72965
G1 X190.75 Y43.181 E396.73748
G0 F10500 X191.25 Y43.681
;TYPE:WALL-OUTER
G1 F2700 X98.75 Y43.681 E398.18746
G1 X98.75 Y42.181 E398.21098
G1 X191.25 Y42.181 E399.66096
G1 X191.25 Y43.681 E399.68447
G0 F10500 X191 Y43.681
G1 F600 E398.68447
G0 F10500 X190.68 Y43.111
G0 X190.68 Y43.161
G0 X190.68 Y44.596
G0 X190.68 Y45.266
G0 X190.68 Y46.701
G0 X190.68 Y47.111
G0 X190.75 Y47.181
;TYPE:WALL-INNER
G1 F600 E399.68447
G1 F3600 X99.25 Y47.181 E401.11878
G1 X99.25 Y46.681 E401.12661
G1 X190.75 Y46.681 E402.56092
G1 X190.75 Y47.181 E402.56876
G0 F10500 X191.25 Y47.681
;TYPE:WALL-OUTER
G1 F2700 X98.75 Y47.681 E404.01874
G1 X98.75 Y46.181 E404.04225
G1 X191.25 Y46.181 E405.49223
G1 X191.25 Y47.681 E405.51574
G0 F10500 X191 Y47.681
G1 F600 E404.51574
G0 F10500 X190.68 Y47.111
G0 X190.68 Y47.161
G0 X190.68 Y48.596
G0 X190.68 Y49.266
G0 X190.68 Y50.701
G0 X190.68 Y51.111
G0 X190.75 Y51.181
;TYPE:WALL-INNER
G1 F600 E405.51574
G1 F3600 X99.25 Y51.181 E406.95005
G1 X99.25 Y50.681 E406.95789
G1 X190.75 Y50.681 E408.39219
G1 X190.75 Y51.181 E408.40003
G0 F10500 X191.25 Y51.681
;TYPE:WALL-OUTER
G1 F2700 X98.75 Y51.681 E409.85001
G1 X98.75 Y50.181 E409.87352
G1 X191.25 Y50.181 E411.3235
G1 X191.25 Y51.681 E411.34702
G0 F10500 X191 Y51.681
G1 F600 E410.34702
G0 F10500 X190.68 Y51.111
G0 X190.68 Y51.161
G0 X190.68 Y52.596
G0 X190.68 Y53.266
G0 X190.68 Y54.701
G0 X190.68 Y55.111
G0 X190.75 Y55.181
;TYPE:WALL-INNER
G1 F600 E411.34702
G1 F3600 X99.25 Y55.181 E412.78132
G1 X99.25 Y54.681 E412.78916
G1 X190.75 Y54.681 E414.22346
G1 X190.75 Y55.181 E414.2313
G0 F10500 X191.25 Y55.681
;TYPE:WALL-OUTER
G1 F2700 X98.75 Y55.681 E415.68128
G1 X98.75 Y54.181 E415.70479
G1 X191.25 Y54.181 E417.15477
G1 X191.25 Y55.681 E417.17829
G0 F10500 X191 Y55.681
G1 F600 E416.17829
G0 F10500 X190.68 Y55.111
G0 X190.68 Y55.161
G0 X190.68 Y56.596
G0 X190.68 Y57.266
G0 X190.68 Y58.701
G0 X190.68 Y59.111
G0 X190.75 Y59.181
;TYPE:WALL-INNER
G1 F600 E417.17829
G1 F3600 X99.25 Y59.181 E418.61259
G1 X99.25 Y58.681 E418.62043
G1 X190.75 Y58.681 E420.05474
G1 X190.75 Y59.181 E420.06257
G0 F10500 X191.25 Y59.681
;TYPE:WALL-OUTER
G1 F2700 X98.75 Y59.681 E421.51255
G1 X98.75 Y58.181 E421.53607
G1 X191.25 Y58.181 E422.98605
G1 X191.25 Y59.681 E423.00956
G0 F10500 X191 Y59.681
G1 F600 E422.00956
G0 F10500 X190.68 Y59.111
G0 X190.68 Y59.161
G0 X190.68 Y60.596
G0 X190.68 Y61.266
G0 X190.68 Y62.701
G0 X190.68 Y63.111
G0 X190.75 Y63.181
;TYPE:WALL-INNER
G1 F600 E423.00956
G1 F3600 X99.25 Y63.181 E424.44387
G1 X99.25 Y62.681 E424.4517
G1 X190.75 Y62.681 E425.88601
G1 X190.75 Y63.181 E425.89385
G0 F10500 X191.25 Y63.681
;TYPE:WALL-OUTER
G1 F2700 X98.75 Y63.681 E427.34383
G1 X98.75 Y62.181 E427.36734
G1 X191.25 Y62.181 E428.81732
G1 X191.25 Y63.681 E428.84083
G0 F10500 X191 Y63.681
G1 F600 E427.84083
G0 F10500 X190.68 Y63.111
G0 X189.75 Y63.161
G0 X189.75 Y64.596
G0 X189.75 Y74.266
G0 X189.75 Y75.701
G0 X189.75 Y95.049
;TYPE:WALL-INNER
G1 F600 E428.84083
G1 F3600 X111.244 Y95.049 E430.07145
G1 X111.244 Y76.681 E430.35938
G1 X189.75 Y76.681 E431.59
G1 X189.75 Y95.049 E431.87792
G0 F10500 X190.25 Y95.549
G1 F3600 X110.744 Y95.549 E433.12422
G1 X110.744 Y76.181 E433.42782
G1 X190.25 Y76.181 E434.67411
G1 X190.25 Y95.549 E434.97771
G0 F10500 X190.75 Y96.049
G1 F3600 X110.244 Y96.049 E436.23968
G1 X110.244 Y75.681 E436.55896
G1 X190.75 Y75.681 E437.82093
G1 X190.75 Y96.049 E438.14021
G0 F10500 X191.25 Y96.549
;TYPE:WALL-OUTER
G1 F2700 X109.744 Y96.549 E439.41785
G1 X109.744 Y75.181 E439.75281
G1 X191.25 Y75.181 E441.03045
G1 X191.25 Y96.549 E441.3654
G0 F10500 X191 Y96.549
G0 X190.68 Y95.979
G0 X189.26 Y94.559
;TYPE:SKIN
G1 F2700 X111.734 Y94.559 E442.58066
G1 X111.734 Y77.171 E442.85322
G1 X189.26 Y77.171 E444.06848
G1 X189.26 Y94.559 E444.34105
G0 F10500 X189.034 Y78.018
G1 F2700 X188.412 Y77.396 E444.35483
G0 F10500 X187.705 Y77.396
G1 F2700 X189.034 Y78.725 E444.3843
G0 F10500 X189.034 Y79.432
G1 F2700 X186.997 Y77.396 E444.42944
G0 F10500 X186.29 Y77.396
G1 F2700 X189.034 Y80.139 E444.49026
G0 F10500 X189.034 Y80.847
G1 F2700 X185.583 Y77.396 E444.56676
G0 F10500 X184.876 Y77.396
G1 F2700 X189.034 Y81.554 E444.65894
G0 F10500 X189.034 Y82.261
G1 F2700 X184.169 Y77.396 E444.76679
G0 F10500 X183.462 Y77.396
G1 F2700 X189.034 Y82.968 E444.89031
G0 F10500 X189.034 Y83.675
G1 F2700 X182.755 Y77.396 E445.02951
G0 F10500 X182.048 Y77.396
G1 F2700 X189.034 Y84.382 E445.18438
G0 F10500 X189.034 Y85.089
G1 F2700 X181.341 Y77.396 E445.35492
G0 F10500 X180.633 Y77.396
G1 F2700 X189.034 Y85.796 E445.54115
G0 F10500 X189.034 Y86.503
G1 F2700 X179.926 Y77.396 E445.74304
G0 F10500 X179.219 Y77.396
G1 F2700 X189.034 Y87.211 E445.96063
G0 F10500 X189.034 Y87.918
G1 F2700 X178.512 Y77.396 E446.19388
G0 F10500 X177.805 Y77.396
G1 F2700 X189.034 Y88.625 E446.44281
G0 F10500 X189.034 Y89.332
G1 F2700 X177.098 Y77.396 E446.70742
G0 F10500 X176.391 Y77.396
G1 F2700 X189.034 Y90.039 E446.98769
G0 F10500 X189.034 Y90.746
G1 F2700 X175.684 Y77.396 E447.28364
G0 F10500 X174.977 Y77.396
G1 F2700 X189.034 Y91.453 E447.59526
G0 F10500 X189.034 Y92.16
G1 F2700 X174.27 Y77.396 E447.92256
G0 F10500 X173.562 Y77.396
G1 F2700 X189.034 Y92.867 E448.26554
G0 F10500 X189.034 Y93.574
G1 F2700 X172.855 Y77.396 E448.62419
G0 F10500 X172.148 Y77.396
G1 F2700 X189.034 Y94.282 E448.99853
G0 F10500 X188.379 Y94.334
G1 F2700 X171.441 Y77.396 E449.37402
G0 F10500 X170.734 Y77.396
G1 F2700 X187.672 Y94.334 E449.7495
G0 F10500 X186.965 Y94.334
G1 F2700 X170.027 Y77.396 E450.12499
G0 F10500 X169.32 Y77.396
G1 F2700 X186.258 Y94.334 E450.50048
G0 F10500 X185.551 Y94.334
G1 F2700 X168.613 Y77.396 E450.87597
G0 F10500 X167.906 Y77.396
G1 F2700 X184.844 Y94.334 E451.25146
G0 F10500 X184.136 Y94.334
G1 F2700 X167.198 Y77.396 E451.62695
G0 F10500 X166.491 Y77.396
G1 F2700 X183.429 Y94.334 E452.00244
G0 F10500 X182.722 Y94.334
G1 F2700 X165.784 Y77.396 E452.37793
G0 F10500 X165.077 Y77.396
G1 F2700 X182.015 Y94.334 E452.75342
G0 F10500 X181.308 Y94.334
G1 F2700 X164.37 Y77.396 E453.12891
G0 F10500 X163.663 Y77.396
G1 F2700 X180.601 Y94.334 E453.5044
G0 F10500 X179.894 Y94.334
G1 F2700 X162.956 Y77.396 E453.87989
G0 F10500 X162.249 Y77.396
G1 F2700 X179.187 Y94.334 E454.25538
G0 F10500 X178.48 Y94.334
G1 F2700 X161.542 Y77.396 E454.63087
G0 F10500 X160.834 Y77.396
G1 F2700 X177.773 Y94.334 E455.00637
G0 F10500 X177.065 Y94.334
G1 F2700 X160.127 Y77.396 E455.38185
G0 F10500 X159.42 Y77.396
G1 F2700 X176.358 Y94.334 E455.75734
G0 F10500 X175.651 Y94.334
G1 F2700 X158.713 Y77.396 E456.13283
G0 F10500 X158.006 Y77.396
G1 F2700 X174.944 Y94.334 E456.50832
G0 F10500 X174.237 Y94.334
G1 F2700 X157.299 Y77.396 E456.88381
G0 F10500 X156.592 Y77.396
G1 F2700 X173.53 Y94.334 E457.2593
G0 F10500 X172.823 Y94.334
G1 F2700 X155.885 Y77.396 E457.63479
G0 F10500 X155.178 Y77.396
G1 F2700 X172.116 Y94.334 E458.01028
G0 F10500 X171.409 Y94.334
G1 F2700 X154.471 Y77.396 E458.38577
G0 F10500 X153.763 Y77.396
G1 F2700 X170.701 Y94.334 E458.76126
G0 F10500 X169.994 Y94.334
G1 F2700 X153.056 Y77.396 E459.13675
G0 F10500 X152.349 Y77.396
G1 F2700 X169.287 Y94.334 E459.51224
G0 F10500 X168.58 Y94.334
G1 F2700 X151.642 Y77.396 E459.88773
G0 F10500 X150.935 Y77.396
G1 F2700 X167.873 Y94.334 E460.26322
G0 F10500 X167.166 Y94.334
G1 F2700 X150.228 Y77.396 E460.6387
G0 F10500 X149.521 Y77.396
G1 F2700 X166.459 Y94.334 E461.01419
G0 F10500 X165.752 Y94.334
G1 F2700 X148.814 Y77.396 E461.38968
G0 F10500 X148.107 Y77.396
G1 F2700 X165.045 Y94.334 E461.76517
G0 F10500 X164.337 Y94.334
G1 F2700 X147.399 Y77.396 E462.14066
G0 F10500 X146.692 Y77.396
G1 F2700 X163.63 Y94.334 E462.51615
G0 F10500 X162.923 Y94.334
G1 F2700 X145.985 Y77.396 E462.89164
G0 F10500 X145.278 Y77.396
G1 F2700 X162.216 Y94.334 E463.26713
G0 F10500 X161.509 Y94.334
G1 F2700 X144.571 Y77.396 E463.64262
G0 F10500 X143.864 Y77.396
G1 F2700 X160.802 Y94.334 E464.01811
G0 F10500 X160.095 Y94.334
G1 F2700 X143.157 Y77.396 E464.3936
G0 F10500 X142.45 Y77.396
G1 F2700 X159.388 Y94.334 E464.76909
G0 F10500 X158.681 Y94.334
G1 F2700 X141.743 Y77.396 E465.14458
G0 F10500 X141.035 Y77.396
G1 F2700 X157.974 Y94.334 E465.52008
G0 F10500 X157.266 Y94.334
G1 F2700 X140.328 Y77.396 E465.89557
G0 F10500 X139.621 Y77.396
G1 F2700 X156.559 Y94.334 E466.27105
G0 F10500 X155.852 Y94.334
G1 F2700 X138.914 Y77.396 E466.64654
G0 F10500 X138.207 Y77.396
G1 F2700 X155.145 Y94.334 E467.02203
G0 F10500 X154.438 Y94.334
G1 F2700 X137.5 Y77.396 E467.39752
G0 F10500 X136.793 Y77.396
G1 F2700 X153.731 Y94.334 E467.77301
G0 F10500 X153.024 Y94.334
G1 F2700 X136.086 Y77.396 E468.1485
G0 F10500 X135.379 Y77.396
G1 F2700 X152.317 Y94.334 E468.52399
G0 F10500 X151.61 Y94.334
G1 F2700 X134.672 Y77.396 E468.89948
G0 F10500 X133.964 Y77.396
G1 F2700 X150.902 Y94.334 E469.27497
G0 F10500 X150.195 Y94.334
G1 F2700 X133.257 Y77.396 E469.65046
G0 F10500 X132.55 Y77.396
G1 F2700 X149.488 Y94.334 E470.02595
G0 F10500 X148.781 Y94.334
G1 F2700 X131.843 Y77.396 E470.40144
G0 F10500 X131.136 Y77.396
G1 F2700 X148.074 Y94.334 E470.77693
G0 F10500 X147.367 Y94.334
G1 F2700 X130.429 Y77.396 E471.15242
G0 F10500 X129.722 Y77.396
G1 F2700 X146.66 Y94.334 E471.5279
G0 F10500 X145.953 Y94.334
G1 F2700 X129.015 Y77.396 E471.90339
G0 F10500 X128.308 Y77.396
G1 F2700 X145.246 Y94.334 E472.27888
G0 F10500 X144.538 Y94.334
G1 F2700 X127.6 Y77.396 E472.65437
G0 F10500 X126.893 Y77.396
G1 F2700 X143.831 Y94.334 E473.02986
G0 F10500 X143.124 Y94.334
G1 F2700 X126.186 Y77.396 E473.40535
G0 F10500 X125.479 Y77.396
G1 F2700 X142.417 Y94.334 E473.78084
G0 F10500 X141.71 Y94.334
G1 F2700 X124.772 Y77.396 E474.15633
G0 F10500 X124.065 Y77.396
G1 F2700 X141.003 Y94.334 E474.53182
G0 F10500 X140.296 Y94.334
G1 F2700 X123.358 Y77.396 E474.90731
G0 F10500 X122.651 Y77.396
G1 F2700 X139.589 Y94.334 E475.2828
G0 F10500 X138.882 Y94.334
G1 F2700 X121.944 Y77.396 E475.65829
G0 F10500 X121.236 Y77.396
G1 F2700 X138.175 Y94.334 E476.03379
G0 F10500 X137.467 Y94.334
G1 F2700 X120.529 Y77.396 E476.40928
G0 F10500 X119.822 Y77.396
G1 F2700 X136.76 Y94.334 E476.78477
G0 F10500 X136.053 Y94.334
G1 F2700 X119.115 Y77.396 E477.16025
G0 F10500 X118.408 Y77.396
G1 F2700 X135.346 Y94.334 E477.53574
G0 F10500 X134.639 Y94.334
G1 F2700 X117.701 Y77.396 E477.91123
G0 F10500 X116.994 Y77.396
G1 F2700 X133.932 Y94.334 E478.28672
G0 F10500 X133.225 Y94.334
G1 F2700 X116.287 Y77.396 E478.66221
G0 F10500 X115.58 Y77.396
G1 F2700 X132.518 Y94.334 E479.0377
G0 F10500 X131.811 Y94.334
G1 F2700 X114.873 Y77.396 E479.41319
G0 F10500 X114.165 Y77.396
G1 F2700 X131.103 Y94.334 E479.78868
G0 F10500 X130.396 Y94.334
G1 F2700 X113.458 Y77.396 E480.16417
G0 F10500 X112.751 Y77.396
G1 F2700 X129.689 Y94.334 E480.53966
G0 F10500 X128.982 Y94.334
G1 F2700 X112.044 Y77.396 E480.91515
G0 F10500 X111.958 Y78.017
G1 F2700 X128.275 Y94.334 E481.27687
G0 F10500 X127.568 Y94.334
G1 F2700 X111.958 Y78.724 E481.62292
G0 F10500 X111.958 Y79.431
G1 F2700 X126.861 Y94.334 E481.9533
G0 F10500 X126.154 Y94.334
G1 F2700 X111.958 Y80.138 E482.268
G0 F10500 X111.958 Y80.845
G1 F2700 X125.447 Y94.334 E482.56703
G0 F10500 X124.74 Y94.334
G1 F2700 X111.958 Y81.552 E482.85039
G0 F10500 X111.958 Y82.259
G1 F2700 X124.032 Y94.334 E483.11806
G0 F10500 X123.325 Y94.334
G1 F2700 X111.958 Y82.966 E483.37006
G0 F10500 X111.958 Y83.674
G1 F2700 X122.618 Y94.334 E483.60638
G0 F10500 X121.911 Y94.334
G1 F2700 X111.958 Y84.381 E483.82702
G0 F10500 X111.958 Y85.088
G1 F2700 X121.204 Y94.334 E484.03199
G0 F10500 X120.497 Y94.334
G1 F2700 X111.958 Y85.795 E484.22128
G0 F10500 X111.958 Y86.502
G1 F2700 X119.79 Y94.334 E484.39491
G0 F10500 X119.083 Y94.334
G1 F2700 X111.958 Y87.209 E484.55286
G0 F10500 X111.958 Y87.916
G1 F2700 X118.376 Y94.334 E484.69513
G0 F10500 X117.668 Y94.334
G1 F2700 X111.958 Y88.623 E484.82173
G0 F10500 X111.958 Y89.33
G1 F2700 X116.961 Y94.334 E484.93265
G0 F10500 X116.254 Y94.334
G1 F2700 X111.958 Y90.038 E485.02788
G0 F10500 X111.958 Y90.745
G1 F2700 X115.547 Y94.334 E485.10745
G0 F10500 X114.84 Y94.334
G1 F2700 X111.958 Y91.452 E485.17133
G0 F10500 X111.958 Y92.159
G1 F2700 X114.133 Y94.334 E485.21955
G0 F10500 X113.426 Y94.334
G1 F2700 X111.958 Y92.866 E485.25209
G0 F10500 X111.958 Y93.573
G1 F2700 X112.719 Y94.334 E485.26896
G1 X112.807 Y94.422
G1 F600 E484.26896
;MESH:NONMESH
G0 F10500 X110.258 Y75.695
G0 X110.258 Y74.266
G0 X98.372 Y64.592
G0 X97.839 Y64.059
G0 X97.839 Y25.803
G0 X100.02 Y21.981
;TIME_ELAPSED:1539.153889
;LAYER:3
M106 S4.6
G0 X100.02 Y21.981 Z0.8
;TYPE:SUPPORT
G1 F600 E485.26896
G1 F3600 X99.426 Y21.981 E485.27828
G1 X99.309 Y22.098 E485.28087
G1 X99.309 Y24.181 E485.31352
G1 X100.02 Y24.181 E485.32467
G1 X100.02 Y21.981 E485.35915
G1 X101.092 Y21.981 E485.37596
G1 X101.687 Y22.576 E485.38915
G1 X101.687 Y24.181 E485.41431
G1 X103.354 Y24.181 E485.44044
G1 X103.354 Y23.745 E485.44727
G1 X103.562 Y23.745 E485.45053
G1 X105.021 Y22.286 E485.48288
G1 X105.021 Y24.181 E485.51258
G1 X106.688 Y24.181 E485.53871
G1 X106.688 Y21.981 E485.5732
G1 X106.992 Y21.981 E485.57796
G1 X108.355 Y23.344 E485.60818
G1 X108.355 Y24.181 E485.6213
G1 X110.022 Y24.181 E485.64743
G1 X110.022 Y23.285 E485.66148
G1 X111.326 Y21.981 E485.69038
G1 X111.689 Y21.981 E485.69607
G1 X111.689 Y24.181 E485.73056
G1 X113.356 Y24.181 E485.75669
G1 X113.356 Y22.345 E485.78547
G1 X114.756 Y23.745 E485.81651
G1 X115.023 Y23.745 E485.82069
G1 X115.023 Y24.181 E485.82753
G1 X116.69 Y24.181 E485.85366
G1 X116.69 Y22.517 E485.87974
G1 X117.226 Y21.981 E485.89162
G1 X118.357 Y21.981 E485.90935
G1 X118.357 Y24.181 E485.94384
G1 X120.024 Y24.181 E485.96997
G1 X120.024 Y23.113 E485.98671
G1 X120.706 Y23.795 E486.00183
G1 X121.412 Y23.795 E486.0129
G1 X121.691 Y23.516 E486.01908
G1 X121.691 Y24.181 E486.02951
G1 X123.358 Y24.181 E486.05564
G1 X123.358 Y21.981 E486.09012
G1 X124.892 Y21.981 E486.11417
G1 X125.025 Y22.114 E486.11712
G1 X125.025 Y24.181 E486.14952
G1 X126.692 Y24.181 E486.17565
G1 X126.692 Y23.745 E486.18248
G1 X127.362 Y23.745 E486.19299
G1 X128.359 Y22.748 E486.21509
G1 X128.359 Y24.181 E486.23755
G1 X130.026 Y24.181 E486.26368
G1 X130.026 Y21.981 E486.29817
G1 X130.792 Y21.981 E486.31018
G1 X131.693 Y22.882 E486.33015
G1 X131.693 Y24.181 E486.35051
G1 X133.36 Y24.181 E486.37664
G1 X133.36 Y23.747 E486.38345
G1 X135.027 Y22.08 E486.4204
G1 X135.027 Y24.181 E486.45334
G1 X136.694 Y24.181 E486.47947
G1 X136.694 Y21.981 E486.51395
G1 X136.792 Y21.981 E486.51549
G1 X138.361 Y23.55 E486.55027
G1 X138.361 Y24.181 E486.56016
G1 X140.028 Y24.181 E486.58629
G1 X140.028 Y22.979 E486.60514
G1 X141.026 Y21.981 E486.62726
G1 X141.695 Y21.981 E486.63775
G1 X141.695 Y24.181 E486.67223
G1 X143.362 Y24.181 E486.69836
G1 X143.362 Y22.651 E486.72235
G1 X144.506 Y23.795 E486.74771
G1 X145.029 Y23.795 E486.75591
G1 X145.029 Y24.181 E486.76196
G1 X146.696 Y24.181 E486.78809
G1 X146.696 Y22.311 E486.8174
G1 X147.026 Y21.981 E486.82472
G1 X148.363 Y21.981 E486.84567
G1 X148.363 Y24.181 E486.88016
G1 X150.03 Y24.181 E486.90629
G1 X150.03 Y23.319 E486.9198
G1 X150.456 Y23.745 E486.92925
G1 X151.162 Y23.745 E486.94031
G1 X151.697 Y23.21 E486.95217
G1 X151.697 Y24.181 E486.9674
G1 X153.364 Y24.181 E486.99353
G1 X153.364 Y21.981 E487.02801
G1 X154.592 Y21.981 E487.04726
G1 X155.031 Y22.42 E487.05699
G1 X155.031 Y24.181 E487.0846
G1 X156.698 Y24.181 E487.11073
G1 X156.698 Y23.795 E487.11678
G1 X157.112 Y23.795 E487.12327
G1 X158.365 Y22.542 E487.15105
G1 X158.365 Y24.181 E487.17674
G1 X160.032 Y24.181 E487.20287
G1 X160.032 Y21.981 E487.23736
G1 X160.592 Y21.981 E487.24613
G1 X161.699 Y23.088 E487.27067
G1 X161.699 Y24.181 E487.28781
G1 X163.366 Y24.181 E487.31394
G1 X163.366 Y23.441 E487.32554
G1 X164.826 Y21.981 E487.3579
G1 X165.033 Y21.981 E487.36115
G1 X165.033 Y24.181 E487.39564
G1 X166.7 Y24.181 E487.42177
G1 X166.7 Y22.189 E487.45299
G1 X168.306 Y23.795 E487.48859
G1 X168.367 Y23.795 E487.48955
G1 X168.367 Y24.181 E487.4956
G1 X170.034 Y24.181 E487.52173
G1 X170.034 Y22.773 E487.5438
G1 X170.826 Y21.981 E487.56136
G1 X171.701 Y21.981 E487.57508
G1 X171.701 Y24.181 E487.60956
G1 X173.368 Y24.181 E487.63569
G1 X173.368 Y22.857 E487.65645
G1 X174.256 Y23.745 E487.67613
G1 X174.962 Y23.745 E487.6872
G1 X175.035 Y23.672 E487.68882
G1 X175.035 Y24.181 E487.6968
G1 X176.702 Y24.181 E487.72293
G1 X176.702 Y22.005 E487.75704
G1 X176.726 Y21.981 E487.75757
G1 X178.369 Y21.981 E487.78333
G1 X178.369 Y24.181 E487.81781
G1 X180.036 Y24.181 E487.84394
G1 X180.036 Y23.625 E487.85266
G1 X180.206 Y23.795 E487.85643
G1 X180.912 Y23.795 E487.86749
G1 X181.703 Y23.004 E487.88503
G1 X181.703 Y24.181 E487.90348
G1 X183.37 Y24.181 E487.92961
G1 X183.37 Y21.981 E487.9641
G1 X184.392 Y21.981 E487.98012
G1 X185.037 Y22.626 E487.99441
G1 X185.037 Y24.181 E488.01879
G1 X186.704 Y24.181 E488.04492
G1 X186.704 Y23.745 E488.05176
G1 X186.862 Y23.745 E488.05423
G1 X188.371 Y22.236 E488.08768
G1 X188.371 Y24.181 E488.11817
G1 X190.038 Y24.181 E488.1443
G1 X190.409 Y24.181 E488.15012
G1 X190.409 Y22.098 E488.18277
G1 X190.292 Y21.981 E488.18537
G1 X190.038 Y21.981 E488.18935
G1 X190.038 Y24.181 E488.22383
G1 F600 E487.22383
G0 F10500 X191.628 Y25.27
G0 X192.161 Y25.803
G0 X192.161 Y44.059
G0 X191.628 Y44.592
G0 X98.372 Y45.27
G0 X97.839 Y45.803
G0 X97.839 Y64.059
G0 X98.318 Y64.538
G0 X101.687 Y65.681
G1 F600 E488.22383
G1 F3600 X102.292 Y65.681 E488.23332
G1 X101.687 Y66.286 E488.24673
G1 X101.687 Y65.681 E488.25621
G1 X100.02 Y65.681 E488.28234
G1 X99.309 Y65.681 E488.29349
G1 X99.309 Y66.764 E488.31046
G1 X99.426 Y66.881 E488.31306
G1 X100.02 Y66.881 E488.32237
G1 X100.02 Y65.681 E488.34118
G0 F10500 X105.021 Y66.576
G1 F3600 X105.326 Y66.881 E488.34794
G1 X106.688 Y66.881 E488.36929
G1 X106.992 Y66.881 E488.37406
G1 X108.192 Y65.681 E488.40066
G1 X106.688 Y65.681 E488.42424
G1 X106.688 Y66.881 E488.44305
G0 F10500 X105.021 Y66.576
G1 F3600 X104.126 Y65.681 E488.46289
G1 X105.021 Y65.681 E488.47692
G1 X105.021 Y66.576 E488.49095
G0 F10500 X111.689 Y66.881
G1 F3600 X112.992 Y66.881 E488.51137
G1 X113.356 Y66.517 E488.51944
G1 X114.192 Y65.681 E488.53797
G1 X113.356 Y65.681 E488.55108
G1 X113.356 Y66.517 E488.56418
G0 F10500 X111.689 Y66.881
G1 F3600 X111.326 Y66.881 E488.56987
G1 X110.126 Y65.681 E488.59647
G1 X111.689 Y65.681 E488.62098
G1 X111.689 Y66.881 E488.63979
G0 F10500 X116.69 Y65.681
G1 F3600 X116.026 Y65.681 E488.65019
G1 X116.69 Y66.345 E488.66491
G1 X116.69 Y65.681 E488.67532
G1 X118.357 Y65.681 E488.70145
G1 X118.357 Y66.881 E488.72026
G1 X118.892 Y66.881 E488.72865
G1 X120.024 Y65.749 E488.75375
G1 X120.092 Y65.681 E488.75525
G1 X120.024 Y65.681 E488.75632
G0 F10500 X123.358 Y65.681
G1 F3600 X122.026 Y65.681 E488.7772
G1 X123.226 Y66.881 E488.8038
G1 X123.358 Y66.881 E488.80587
G1 X123.358 Y65.681 E488.82468
G1 X125.025 Y65.681 E488.85081
G1 X126.092 Y65.681 E488.86754
G1 X125.025 Y66.748 E488.89119
G1 X125.025 Y65.681 E488.90792
G0 F10500 X128.359 Y66.114
G1 F3600 X129.126 Y66.881 E488.92492
G1 X130.026 Y66.881 E488.93903
G1 X130.026 Y65.681 E488.95784
G1 X131.693 Y65.681 E488.98397
G1 X131.992 Y65.681 E488.98866
G1 X131.693 Y65.98 E488.99528
G1 X131.693 Y65.681 E488.99997
G0 F10500 X128.359 Y66.114
G1 F3600 X127.926 Y65.681 E489.00957
G1 X128.359 Y65.681 E489.01636
G1 X128.359 Y66.114 E489.02315
G0 F10500 X135.027 Y66.782
G1 F3600 X135.126 Y66.881 E489.02534
G1 X136.694 Y66.881 E489.04992
G1 X136.792 Y66.881 E489.05146
G1 X137.992 Y65.681 E489.07806
G1 X136.694 Y65.681 E489.0984
G1 X136.694 Y66.881 E489.11721
G0 F10500 X135.027 Y66.782
G1 F3600 X133.926 Y65.681 E489.14162
G1 X135.027 Y65.681 E489.15888
G1 X135.027 Y66.782 E489.17614
G0 F10500 X140.028 Y65.681
G1 F3600 X139.826 Y65.681 E489.17931
G1 X140.028 Y65.883 E489.18378
G1 X140.028 Y65.681 E489.18695
G1 X141.695 Y65.681 E489.21308
G1 X141.695 Y66.881 E489.23189
G1 X142.692 Y66.881 E489.24752
G1 X143.362 Y66.211 E489.26237
G1 X143.892 Y65.681 E489.27412
G1 X143.362 Y65.681 E489.28243
G1 X143.362 Y66.211 E489.29074
G0 F10500 X146.696 Y65.681
G1 F3600 X145.826 Y65.681 E489.30438
G1 X146.696 Y66.551 E489.32366
G1 X146.696 Y65.681 E489.3373
G1 X148.363 Y65.681 E489.36343
G1 X149.892 Y65.681 E489.3874
G1 X148.692 Y66.881 E489.414
G1 X148.363 Y66.881 E489.41916
G1 X148.363 Y65.681 E489.43797
G0 F10500 X153.364 Y65.681
G1 F3600 X151.726 Y65.681 E489.46365
G1 X152.926 Y66.881 E489.49025
G1 X153.364 Y66.881 E489.49711
G1 X153.364 Y65.681 E489.51592
G1 X155.031 Y65.681 E489.54206
G1 X155.792 Y65.681 E489.55398
G1 X155.031 Y66.442 E489.57085
G1 X155.031 Y65.681 E489.58278
G0 F10500 X158.365 Y66.32
G1 F3600 X158.926 Y66.881 E489.59522
G1 X160.032 Y66.881 E489.61256
G1 X160.032 Y65.681 E489.63137
G1 X161.699 Y65.681 E489.6575
G1 X161.792 Y65.681 E489.65896
G1 X161.699 Y65.774 E489.66102
G0 F10500 X158.365 Y66.32
G1 F3600 X157.726 Y65.681 E489.67518
G1 X158.365 Y65.681 E489.6852
G1 X158.365 Y66.32 E489.69522
G0 F10500 X165.033 Y66.881
G1 F3600 X166.492 Y66.881 E489.71809
G1 X166.7 Y66.673 E489.7227
G1 X167.692 Y65.681 E489.74469
G1 X166.7 Y65.681 E489.76024
G1 X166.7 Y66.673 E489.77579
G0 F10500 X165.033 Y66.881
G1 F3600 X164.826 Y66.881 E489.77903
G1 X163.626 Y65.681 E489.80564
G1 X165.033 Y65.681 E489.82769
G1 X165.033 Y66.881 E489.8465
G0 F10500 X170.034 Y65.681
G1 F3600 X169.626 Y65.681 E489.8529
G1 X170.034 Y66.089 E489.86194
G1 X170.034 Y65.681 E489.86834
G1 X171.701 Y65.681 E489.89447
G1 X171.701 Y66.881 E489.91328
G1 X172.492 Y66.881 E489.92568
G1 X173.368 Y66.005 E489.9451
G1 X173.692 Y65.681 E489.95228
G1 X173.368 Y65.681 E489.95736
G1 X173.368 Y66.005 E489.96244
G0 F10500 X176.702 Y65.681
G1 F3600 X175.526 Y65.681 E489.98087
G1 X176.702 Y66.857 E490.00694
G1 X176.702 Y65.681 E490.02538
G1 X178.369 Y65.681 E490.05151
G1 X179.592 Y65.681 E490.07068
G1 X178.392 Y66.881 E490.09728
G1 X178.369 Y66.881 E490.09764
G1 X178.369 Y65.681 E490.11645
G0 F10500 X181.703 Y65.858
G1 F3600 X182.726 Y66.881 E490.13913
G1 X183.37 Y66.881 E490.14923
G1 X183.37 Y65.681 E490.16804
G1 X185.037 Y65.681 E490.19417
G1 X185.592 Y65.681 E490.20287
G1 X185.037 Y66.236 E490.21517
G1 X185.037 Y65.681 E490.22387
G0 F10500 X181.703 Y65.858
G1 F3600 X181.526 Y65.681 E490.2278
G1 X181.703 Y65.681 E490.23057
G1 X181.703 Y65.858 E490.23334
G0 F10500 X188.371 Y66.626
G1 F3600 X188.626 Y66.881 E490.239
G1 X190.038 Y66.881 E490.26113
G1 X190.292 Y66.881 E490.26511
G1 X190.409 Y66.764 E490.26771
G1 X190.409 Y65.681 E490.28468
G1 X190.038 Y65.681 E490.2905
G1 X190.038 Y66.881 E490.30931
G0 F10500 X188.371 Y66.626
G1 F3600 X187.426 Y65.681 E490.33026
G1 X188.371 Y65.681 E490.34507
G1 X188.371 Y66.626 E490.35988
G1 F600 E489.35988
;MESH:
G0 F10500 X191.628 Y64.592
G0 X192.161 Y64.059
G0 X192.161 Y29.803
G0 X191.628 Y29.27
G0 X188.371 Y28.596
G0 X188.371 Y27.161
G0 X190.68 Y27.111
G0 X190.75 Y27.181
;TYPE:WALL-INNER
G1 F600 E490.35988
G1 F3600 X99.25 Y27.181 E491.79419
G1 X99.25 Y26.681 E491.80203
G1 X190.75 Y26.681 E493.23633
G1 X190.75 Y27.181 E493.24417
G0 F10500 X191.25 Y27.681
;TYPE:WALL-OUTER
G1 F2700 X98.75 Y27.681 E494.69415
G1 X98.75 Y26.181 E494.71766
G1 X191.25 Y26.181 E496.16764
G1 X191.25 Y27.681 E496.19116
G0 F10500 X191 Y27.681
G1 F600 E495.19116
G0 F10500 X190.68 Y27.111
G0 X190.68 Y27.161
G0 X190.68 Y28.596
G0 X190.68 Y29.266
G0 X190.68 Y30.701
G0 X190.68 Y31.111
G0 X190.75 Y31.181
;TYPE:WALL-INNER
G1 F600 E496.19116
G1 F3600 X99.25 Y31.181 E497.62546
G1 X99.25 Y30.681 E497.6333
G1 X190.75 Y30.681 E499.06761
G1 X190.75 Y31.181 E499.07544
G0 F10500 X191.25 Y31.681
;TYPE:WALL-OUTER
G1 F2700 X98.75 Y31.681 E500.52542
G1 X98.75 Y30.181 E500.54894
G1 X191.25 Y30.181 E501.99892
G1 X191.25 Y31.681 E502.02243
G0 F10500 X191 Y31.681
G1 F600 E501.02243
G0 F10500 X190.68 Y31.111
G0 X190.68 Y31.161
G0 X190.68 Y32.596
G0 X190.68 Y33.266
G0 X190.68 Y34.701
G0 X190.68 Y35.111
G0 X190.75 Y35.181
;TYPE:WALL-INNER
G1 F600 E502.02243
G1 F3600 X99.25 Y35.181 E503.45673
G1 X99.25 Y34.681 E503.46457
G1 X190.75 Y34.681 E504.89888
G1 X190.75 Y35.181 E504.90672
G0 F10500 X191.25 Y35.681
;TYPE:WALL-OUTER
G1 F2700 X98.75 Y35.681 E506.3567
G1 X98.75 Y34.181 E506.38021
G1 X191.25 Y34.181 E507.83019
G1 X191.25 Y35.681 E507.8537
G0 F10500 X191 Y35.681
G1 F600 E506.8537
G0 F10500 X190.68 Y35.111
G0 X190.68 Y35.161
G0 X190.68 Y36.596
G0 X190.68 Y37.266
G0 X190.68 Y38.701
G0 X190.68 Y39.111
G0 X190.75 Y39.181
;TYPE:WALL-INNER
G1 F600 E507.8537
G1 F3600 X99.25 Y39.181 E509.28801
G1 X99.25 Y38.681 E509.29585
G1 X190.75 Y38.681 E510.73015
G1 X190.75 Y39.181 E510.73799
G0 F10500 X191.25 Y39.681
;TYPE:WALL-OUTER
G1 F2700 X98.75 Y39.681 E512.18797
G1 X98.75 Y38.181 E512.21148
G1 X191.25 Y38.181 E513.66146
G1 X191.25 Y39.681 E513.68498
G0 F10500 X191 Y39.681
G1 F600 E512.68498
G0 F10500 X190.68 Y39.111
G0 X190.68 Y39.161
G0 X190.68 Y40.596
G0 X190.68 Y41.266
G0 X190.68 Y42.701
G0 X190.68 Y43.111
G0 X190.75 Y43.181
;TYPE:WALL-INNER
G1 F600 E513.68498
G1 F3600 X99.25 Y43.181 E515.11928
G1 X99.25 Y42.681 E515.12712
G1 X190.75 Y42.681 E516.56142
G1 X190.75 Y43.181 E516.56926
G0 F10500 X191.25 Y43.681
;TYPE:WALL-OUTER
G1 F2700 X98.75 Y43.681 E518.01924
G1 X98.75 Y42.181 E518.04275
G1 X191.25 Y42.181 E519.49273
G1 X191.25 Y43.681 E519.51625
G0 F10500 X191 Y43.681
G1 F600 E518.51625
G0 F10500 X190.68 Y43.111
G0 X190.68 Y43.161
G0 X190.68 Y44.596
G0 X190.68 Y45.266
G0 X190.68 Y46.701
G0 X190.68 Y47.111
G0 X190.75 Y47.181
;TYPE:WALL-INNER
G1 F600 E519.51625
G1 F3600 X99.25 Y47.181 E520.95055
G1 X99.25 Y46.681 E520.95839
G1 X190.75 Y46.681 E522.3927
G1 X190.75 Y47.181 E522.40053
G0 F10500 X191.25 Y47.681
;TYPE:WALL-OUTER
G1 F2700 X98.75 Y47.681 E523.85051
G1 X98.75 Y46.181 E523.87403
G1 X191.25 Y46.181 E525.32401
G1 X191.25 Y47.681 E525.34752
G0 F10500 X191 Y47.681
G1 F600 E524.34752
G0 F10500 X190.68 Y47.111
G0 X190.68 Y47.161
G0 X190.68 Y48.596
G0 X190.68 Y49.266
G0 X190.68 Y50.701
G0 X190.68 Y51.111
G0 X190.75 Y51.181
;TYPE:WALL-INNER
G1 F600 E525.34752
G1 F3600 X99.25 Y51.181 E526.78183
G1 X99.25 Y50.681 E526.78966
G1 X190.75 Y50.681 E528.22397
G1 X190.75 Y51.181 E528.23181
G0 F10500 X191.25 Y51.681
;TYPE:WALL-OUTER
G1 F2700 X98.75 Y51.681 E529.68179
G1 X98.75 Y50.181 E529.7053
G1 X191.25 Y50.181 E531.15528
G1 X191.25 Y51.681 E531.17879
G0 F10500 X191 Y51.681
G1 F600 E530.17879
G0 F10500 X190.68 Y51.111
G0 X190.68 Y51.161
G0 X190.68 Y52.596
G0 X190.68 Y53.266
G0 X190.68 Y54.701
G0 X190.68 Y55.111
G0 X190.75 Y55.181
;TYPE:WALL-INNER
G1 F600 E531.17879
G1 F3600 X99.25 Y55.181 E532.6131
G1 X99.25 Y54.681 E532.62094
G1 X190.75 Y54.681 E534.05524
G1 X190.75 Y55.181 E534.06308
G0 F10500 X191.25 Y55.681
;TYPE:WALL-OUTER
G1 F2700 X98.75 Y55.681 E535.51306
G1 X98.75 Y54.181 E535.53657
G1 X191.25 Y54.181 E536.98655
G1 X191.25 Y55.681 E537.01007
G0 F10500 X191 Y55.681
G1 F600 E536.01007
G0 F10500 X190.68 Y55.111
G0 X190.68 Y55.161
G0 X190.68 Y56.596
G0 X190.68 Y57.266
G0 X190.68 Y58.701
G0 X190.68 Y59.111
G0 X190.75 Y59.181
;TYPE:WALL-INNER
G1 F600 E537.01007
G1 F3600 X99.25 Y59.181 E538.44437
G1 X99.25 Y58.681 E538.45221
G1 X190.75 Y58.681 E539.88651
G1 X190.75 Y59.181 E539.89435
G0 F10500 X191.25 Y59.681
;TYPE:WALL-OUTER
G1 F2700 X98.75 Y59.681 E541.34433
G1 X98.75 Y58.181 E541.36784
G1 X191.25 Y58.181 E542.81782
G1 X191.25 Y59.681 E542.84134
G0 F10500 X191 Y59.681
G1 F600 E541.84134
G0 F10500 X190.68 Y59.111
G0 X190.68 Y59.161
G0 X190.68 Y60.596
G0 X190.68 Y61.266
G0 X190.68 Y62.701
G0 X190.68 Y63.111
G0 X190.75 Y63.181
;TYPE:WALL-INNER
G1 F600 E542.84134
G1 F3600 X99.25 Y63.181 E544.27564
G1 X99.25 Y62.681 E544.28348
G1 X190.75 Y62.681 E545.71779
G1 X190.75 Y63.181 E545.72562
G0 F10500 X191.25 Y63.681
;TYPE:WALL-OUTER
G1 F2700 X98.75 Y63.681 E547.1756
G1 X98.75 Y62.181 E547.19912
G1 X191.25 Y62.181 E548.6491
G1 X191.25 Y63.681 E548.67261
G0 F10500 X191 Y63.681
G1 F600 E547.67261
G0 F10500 X190.68 Y63.111
G0 X189.75 Y63.161
G0 X189.75 Y64.596
G0 X189.75 Y74.266
G0 X189.75 Y75.701
G0 X189.75 Y95.049
;TYPE:WALL-INNER
G1 F600 E548.67261
G1 F3600 X111.244 Y95.049 E549.90323
G1 X111.244 Y76.681 E550.19116
G1 X189.75 Y76.681 E551.42177
G1 X189.75 Y95.049 E551.7097
G0 F10500 X190.25 Y95.549
G1 F3600 X110.744 Y95.549 E552.95599
G1 X110.744 Y76.181 E553.2596
G1 X190.25 Y76.181 E554.50589
G1 X190.25 Y95.549 E554.80949
G0 F10500 X190.75 Y96.049
G1 F3600 X110.244 Y96.049 E556.07146
G1 X110.244 Y75.681 E556.39074
G1 X190.75 Y75.681 E557.65271
G1 X190.75 Y96.049 E557.97198
G0 F10500 X191.25 Y96.549
;TYPE:WALL-OUTER
G1 F2700 X109.744 Y96.549 E559.24963
G1 X109.744 Y75.181 E559.58458
G1 X191.25 Y75.181 E560.86223
G1 X191.25 Y96.549 E561.19718
G0 F10500 X191 Y96.549
G0 X190.68 Y95.979
G0 X189.26 Y94.559
;TYPE:SKIN
G1 F2700 X111.734 Y94.559 E562.41244
G1 X111.734 Y77.171 E562.685
G1 X189.26 Y77.171 E563.90026
G1 X189.26 Y94.559 E564.17282
G0 F10500 X189.034 Y93.808
G1 F2700 X188.508 Y94.334 E564.18448
G0 F10500 X187.801 Y94.334
G1 F2700 X189.034 Y93.101 E564.21182
G0 F10500 X189.034 Y92.394
G1 F2700 X187.094 Y94.334 E564.25482
G0 F10500 X186.386 Y94.334
G1 F2700 X189.034 Y91.687 E564.31351
G0 F10500 X189.034 Y90.979
G1 F2700 X185.679 Y94.334 E564.38789
G0 F10500 X184.972 Y94.334
G1 F2700 X189.034 Y90.272 E564.47794
G0 F10500 X189.034 Y89.565
G1 F2700 X184.265 Y94.334 E564.58366
G0 F10500 X183.558 Y94.334
G1 F2700 X189.034 Y88.858 E564.70505
G0 F10500 X189.034 Y88.151
G1 F2700 X182.851 Y94.334 E564.84212
G0 F10500 X182.144 Y94.334
G1 F2700 X189.034 Y87.444 E564.99486
G0 F10500 X189.034 Y86.737
G1 F2700 X181.437 Y94.334 E565.16328
G0 F10500 X180.73 Y94.334
G1 F2700 X189.034 Y86.03 E565.34736
G0 F10500 X189.034 Y85.323
G1 F2700 X180.023 Y94.334 E565.54712
G0 F10500 X179.315 Y94.334
G1 F2700 X189.034 Y84.615 E565.76258
G0 F10500 X189.034 Y83.908
G1 F2700 X178.608 Y94.334 E565.99371
G0 F10500 X177.901 Y94.334
G1 F2700 X189.034 Y83.201 E566.24051
G0 F10500 X189.034 Y82.494
G1 F2700 X177.194 Y94.334 E566.50298
G0 F10500 X176.487 Y94.334
G1 F2700 X189.034 Y81.787 E566.78113
G0 F10500 X189.034 Y81.08
G1 F2700 X175.78 Y94.334 E567.07495
G0 F10500 X175.073 Y94.334
G1 F2700 X189.034 Y80.373 E567.38444
G0 F10500 X189.034 Y79.666
G1 F2700 X174.366 Y94.334 E567.70961
G0 F10500 X173.659 Y94.334
G1 F2700 X189.034 Y78.959 E568.05045
G0 F10500 X189.034 Y78.251
G1 F2700 X172.951 Y94.334 E568.40699
G0 F10500 X172.244 Y94.334
G1 F2700 X189.034 Y77.544 E568.77919
G0 F10500 X188.475 Y77.396
G1 F2700 X171.537 Y94.334 E569.15468
G0 F10500 X170.83 Y94.334
G1 F2700 X187.768 Y77.396 E569.53017
G0 F10500 X187.061 Y77.396
G1 F2700 X170.123 Y94.334 E569.90566
G0 F10500 X169.416 Y94.334
G1 F2700 X186.354 Y77.396 E570.28115
G0 F10500 X185.647 Y77.396
G1 F2700 X168.709 Y94.334 E570.65664
G0 F10500 X168.002 Y94.334
G1 F2700 X184.94 Y77.396 E571.03213
G0 F10500 X184.233 Y77.396
G1 F2700 X167.295 Y94.334 E571.40762
G0 F10500 X166.587 Y94.334
G1 F2700 X183.526 Y77.396 E571.78312
G0 F10500 X182.818 Y77.396
G1 F2700 X165.88 Y94.334 E572.15861
G0 F10500 X165.173 Y94.334
G1 F2700 X182.111 Y77.396 E572.5341
G0 F10500 X181.404 Y77.396
G1 F2700 X164.466 Y94.334 E572.90959
G0 F10500 X163.759 Y94.334
G1 F2700 X180.697 Y77.396 E573.28508
G0 F10500 X179.99 Y77.396
G1 F2700 X163.052 Y94.334 E573.66057
G0 F10500 X162.345 Y94.334
G1 F2700 X179.283 Y77.396 E574.03605
G0 F10500 X178.576 Y77.396
G1 F2700 X161.638 Y94.334 E574.41154
G0 F10500 X160.931 Y94.334
G1 F2700 X177.869 Y77.396 E574.78703
G0 F10500 X177.162 Y77.396
G1 F2700 X160.224 Y94.334 E575.16252
G0 F10500 X159.516 Y94.334
G1 F2700 X176.454 Y77.396 E575.53801
G0 F10500 X175.747 Y77.396
G1 F2700 X158.809 Y94.334 E575.9135
G0 F10500 X158.102 Y94.334
G1 F2700 X175.04 Y77.396 E576.28899
G0 F10500 X174.333 Y77.396
G1 F2700 X157.395 Y94.334 E576.66448
G0 F10500 X156.688 Y94.334
G1 F2700 X173.626 Y77.396 E577.03997
G0 F10500 X172.919 Y77.396
G1 F2700 X155.981 Y94.334 E577.41546
G0 F10500 X155.274 Y94.334
G1 F2700 X172.212 Y77.396 E577.79095
G0 F10500 X171.505 Y77.396
G1 F2700 X154.567 Y94.334 E578.16644
G0 F10500 X153.86 Y94.334
G1 F2700 X170.798 Y77.396 E578.54193
G0 F10500 X170.091 Y77.396
G1 F2700 X153.152 Y94.334 E578.91743
G0 F10500 X152.445 Y94.334
G1 F2700 X169.383 Y77.396 E579.29292
G0 F10500 X168.676 Y77.396
G1 F2700 X151.738 Y94.334 E579.6684
G0 F10500 X151.031 Y94.334
G1 F2700 X167.969 Y77.396 E580.04389
G0 F10500 X167.262 Y77.396
G1 F2700 X150.324 Y94.334 E580.41938
G0 F10500 X149.617 Y94.334
G1 F2700 X166.555 Y77.396 E580.79487
G0 F10500 X165.848 Y77.396
G1 F2700 X148.91 Y94.334 E581.17036
G0 F10500 X148.203 Y94.334
G1 F2700 X165.141 Y77.396 E581.54585
G0 F10500 X164.434 Y77.396
G1 F2700 X147.496 Y94.334 E581.92134
G0 F10500 X146.789 Y94.334
G1 F2700 X163.727 Y77.396 E582.29683
G0 F10500 X163.019 Y77.396
G1 F2700 X146.081 Y94.334 E582.67232
G0 F10500 X145.374 Y94.334
G1 F2700 X162.312 Y77.396 E583.04781
G0 F10500 X161.605 Y77.396
G1 F2700 X144.667 Y94.334 E583.4233
G0 F10500 X143.96 Y94.334
G1 F2700 X160.898 Y77.396 E583.79879
G0 F10500 X160.191 Y77.396
G1 F2700 X143.253 Y94.334 E584.17428
G0 F10500 X142.546 Y94.334
G1 F2700 X159.484 Y77.396 E584.54977
G0 F10500 X158.777 Y77.396
G1 F2700 X141.839 Y94.334 E584.92525
G0 F10500 X141.132 Y94.334
G1 F2700 X158.07 Y77.396 E585.30074
G0 F10500 X157.363 Y77.396
G1 F2700 X140.425 Y94.334 E585.67623
G0 F10500 X139.717 Y94.334
G1 F2700 X156.655 Y77.396 E586.05172
G0 F10500 X155.948 Y77.396
G1 F2700 X139.01 Y94.334 E586.42721
G0 F10500 X138.303 Y94.334
G1 F2700 X155.241 Y77.396 E586.8027
G0 F10500 X154.534 Y77.396
G1 F2700 X137.596 Y94.334 E587.17819
G0 F10500 X136.889 Y94.334
G1 F2700 X153.827 Y77.396 E587.55368
G0 F10500 X153.12 Y77.396
G1 F2700 X136.182 Y94.334 E587.92917
G0 F10500 X135.475 Y94.334
G1 F2700 X152.413 Y77.396 E588.30466
G0 F10500 X151.706 Y77.396
G1 F2700 X134.768 Y94.334 E588.68015
G0 F10500 X134.061 Y94.334
G1 F2700 X150.999 Y77.396 E589.05564
G0 F10500 X150.292 Y77.396
G1 F2700 X133.353 Y94.334 E589.43114
G0 F10500 X132.646 Y94.334
G1 F2700 X149.584 Y77.396 E589.80663
G0 F10500 X148.877 Y77.396
G1 F2700 X131.939 Y94.334 E590.18212
G0 F10500 X131.232 Y94.334
G1 F2700 X148.17 Y77.396 E590.5576
G0 F10500 X147.463 Y77.396
G1 F2700 X130.525 Y94.334 E590.93309
G0 F10500 X129.818 Y94.334
G1 F2700 X146.756 Y77.396 E591.30858
G0 F10500 X146.049 Y77.396
G1 F2700 X129.111 Y94.334 E591.68407
G0 F10500 X128.404 Y94.334
G1 F2700 X145.342 Y77.396 E592.05956
G0 F10500 X144.635 Y77.396
G1 F2700 X127.697 Y94.334 E592.43505
G0 F10500 X126.99 Y94.334
G1 F2700 X143.928 Y77.396 E592.81054
G0 F10500 X143.22 Y77.396
G1 F2700 X126.282 Y94.334 E593.18603
G0 F10500 X125.575 Y94.334
G1 F2700 X142.513 Y77.396 E593.56152
G0 F10500 X141.806 Y77.396
G1 F2700 X124.868 Y94.334 E593.93701
G0 F10500 X124.161 Y94.334
G1 F2700 X141.099 Y77.396 E594.3125
G0 F10500 X140.392 Y77.396
G1 F2700 X123.454 Y94.334 E594.68799
G0 F10500 X122.747 Y94.334
G1 F2700 X139.685 Y77.396 E595.06348
G0 F10500 X138.978 Y77.396
G1 F2700 X122.04 Y94.334 E595.43897
G0 F10500 X121.333 Y94.334
G1 F2700 X138.271 Y77.396 E595.81445
G0 F10500 X137.564 Y77.396
G1 F2700 X120.626 Y94.334 E596.18994
G0 F10500 X119.918 Y94.334
G1 F2700 X136.856 Y77.396 E596.56543
G0 F10500 X136.149 Y77.396
G1 F2700 X119.211 Y94.334 E596.94092
G0 F10500 X118.504 Y94.334
G1 F2700 X135.442 Y77.396 E597.31641
G0 F10500 X134.735 Y77.396
G1 F2700 X117.797 Y94.334 E597.6919
G0 F10500 X117.09 Y94.334
G1 F2700 X134.028 Y77.396 E598.06739
G0 F10500 X133.321 Y77.396
G1 F2700 X116.383 Y94.334 E598.44288
G0 F10500 X115.676 Y94.334
G1 F2700 X132.614 Y77.396 E598.81837
G0 F10500 X131.907 Y77.396
G1 F2700 X114.969 Y94.334 E599.19386
G0 F10500 X114.262 Y94.334
G1 F2700 X131.2 Y77.396 E599.56935
G0 F10500 X130.493 Y77.396
G1 F2700 X113.554 Y94.334 E599.94485
G0 F10500 X112.847 Y94.334
G1 F2700 X129.785 Y77.396 E600.32034
G0 F10500 X129.078 Y77.396
G1 F2700 X112.14 Y94.334 E600.69583
G0 F10500 X111.958 Y93.809
G1 F2700 X128.371 Y77.396 E601.05968
G0 F10500 X127.664 Y77.396
G1 F2700 X111.958 Y93.102 E601.40785
G0 F10500 X111.958 Y92.395
G1 F2700 X126.957 Y77.396 E601.74036
G0 F10500 X126.25 Y77.396
G1 F2700 X111.958 Y91.688 E602.05719
G0 F10500 X111.958 Y90.981
G1 F2700 X125.543 Y77.396 E602.35835
G0 F10500 X124.836 Y77.396
G1 F2700 X111.958 Y90.274 E602.64383
G0 F10500 X111.958 Y89.567
G1 F2700 X124.129 Y77.396 E602.91365
G0 F10500 X123.421 Y77.396
G1 F2700 X111.958 Y88.859 E603.16776
G0 F10500 X111.958 Y88.152
G1 F2700 X122.714 Y77.396 E603.40621
G0 F10500 X122.007 Y77.396
G1 F2700 X111.958 Y87.445 E603.62898
G0 F10500 X111.958 Y86.738
G1 F2700 X121.3 Y77.396 E603.83608
G0 F10500 X120.593 Y77.396
G1 F2700 X111.958 Y86.031 E604.0275
G0 F10500 X111.958 Y85.324
G1 F2700 X119.886 Y77.396 E604.20325
G0 F10500 X119.179 Y77.396
G1 F2700 X111.958 Y84.617 E604.36333
G0 F10500 X111.958 Y83.91
G1 F2700 X118.472 Y77.396 E604.50774
G0 F10500 X117.765 Y77.396
G1 F2700 X111.958 Y83.203 E604.63647
G0 F10500 X111.958 Y82.496
G1 F2700 X117.057 Y77.396 E604.74952
G0 F10500 X116.35 Y77.396
G1 F2700 X111.958 Y81.788 E604.84688
G0 F10500 X111.958 Y81.081
G1 F2700 X115.643 Y77.396 E604.92857
G0 F10500 X114.936 Y77.396
G1 F2700 X111.958 Y80.374 E604.99459
G0 F10500 X111.958 Y79.667
G1 F2700 X114.229 Y77.396 E605.04493
G0 F10500 X113.522 Y77.396
G1 F2700 X111.958 Y78.96 E605.0796
G0 F10500 X111.958 Y78.253
G1 F2700 X112.815 Y77.396 E605.0986
G0 F10500 X112.108 Y77.396
G1 F2700 X111.958 Y77.546 E605.10193
G1 F600 E604.10193
;MESH:NONMESH
G0 F10500 X110.258 Y75.695
G0 X110.258 Y74.266
G0 X98.372 Y64.592
G0 X97.839 Y64.059
G0 X97.839 Y25.803
G0 X100.02 Y21.981
;TIME_ELAPSED:1731.632726
;LAYER:4
M106 S6.1
G0 X100.02 Y21.981 Z1
;TYPE:SUPPORT
G1 F600 E605.10193
G1 F3600 X99.426 Y21.981 E605.11124
G1 X99.309 Y22.098 E605.11383
G1 X99.309 Y24.181 E605.14648
G1 X100.02 Y24.181 E605.15763
G1 X100.02 Y21.981 E605.19212
G1 X101.092 Y21.981 E605.20892
G1 X101.687 Y22.576 E605.22211
G1 X101.687 Y24.181 E605.24727
G1 X103.354 Y24.181 E605.2734
G1 X103.354 Y23.745 E605.28024
G1 X103.562 Y23.745 E605.2835
G1 X105.021 Y22.286 E605.31584
G1 X105.021 Y24.181 E605.34554
G1 X106.688 Y24.181 E605.37168
G1 X106.688 Y21.981 E605.40616
G1 X106.992 Y21.981 E605.41093
G1 X108.355 Y23.344 E605.44114
G1 X108.355 Y24.181 E605.45426
G1 X110.022 Y24.181 E605.48039
G1 X110.022 Y23.285 E605.49444
G1 X111.326 Y21.981 E605.52335
G1 X111.689 Y21.981 E605.52904
G1 X111.689 Y24.181 E605.56352
G1 X113.356 Y24.181 E605.58965
G1 X113.356 Y22.345 E605.61843
G1 X114.756 Y23.745 E605.64947
G1 X115.023 Y23.745 E605.65366
G1 X115.023 Y24.181 E605.66049
G1 X116.69 Y24.181 E605.68662
G1 X116.69 Y22.517 E605.7127
G1 X117.226 Y21.981 E605.72459
G1 X118.357 Y21.981 E605.74232
G1 X118.357 Y24.181 E605.7768
G1 X120.024 Y24.181 E605.80293
G1 X120.024 Y23.113 E605.81967
G1 X120.706 Y23.795 E605.83479
G1 X121.412 Y23.795 E605.84586
G1 X121.691 Y23.516 E605.85205
G1 X121.691 Y24.181 E605.86247
G1 X123.358 Y24.181 E605.8886
G1 X123.358 Y21.981 E605.92309
G1 X124.892 Y21.981 E605.94713
G1 X125.025 Y22.114 E605.95008
G1 X125.025 Y24.181 E605.98248
G1 X126.692 Y24.181 E606.00861
G1 X126.692 Y23.745 E606.01545
G1 X127.362 Y23.745 E606.02595
G1 X128.359 Y22.748 E606.04805
G1 X128.359 Y24.181 E606.07051
G1 X130.026 Y24.181 E606.09665
G1 X130.026 Y21.981 E606.13113
G1 X130.792 Y21.981 E606.14314
G1 X131.693 Y22.882 E606.16311
G1 X131.693 Y24.181 E606.18348
G1 X133.36 Y24.181 E606.20961
G1 X133.36 Y23.747 E606.21641
G1 X135.027 Y22.08 E606.25336
G1 X135.027 Y24.181 E606.2863
G1 X136.694 Y24.181 E606.31243
G1 X136.694 Y21.981 E606.34692
G1 X136.792 Y21.981 E606.34845
G1 X138.361 Y23.55 E606.38323
G1 X138.361 Y24.181 E606.39313
G1 X140.028 Y24.181 E606.41926
G1 X140.028 Y22.979 E606.4381
G1 X141.026 Y21.981 E606.46022
G1 X141.695 Y21.981 E606.47071
G1 X141.695 Y24.181 E606.5052
G1 X143.362 Y24.181 E606.53133
G1 X143.362 Y22.651 E606.55531
G1 X144.506 Y23.795 E606.58067
G1 X145.029 Y23.795 E606.58887
G1 X145.029 Y24.181 E606.59492
G1 X146.696 Y24.181 E606.62105
G1 X146.696 Y22.311 E606.65036
G1 X147.026 Y21.981 E606.65768
G1 X148.363 Y21.981 E606.67864
G1 X148.363 Y24.181 E606.71312
G1 X150.03 Y24.181 E606.73925
G1 X150.03 Y23.319 E606.75277
G1 X150.456 Y23.745 E606.76221
G1 X151.162 Y23.745 E606.77328
G1 X151.697 Y23.21 E606.78514
G1 X151.697 Y24.181 E606.80036
G1 X153.364 Y24.181 E606.82649
G1 X153.364 Y21.981 E606.86098
G1 X154.592 Y21.981 E606.88022
G1 X155.031 Y22.42 E606.88996
G1 X155.031 Y24.181 E606.91756
G1 X156.698 Y24.181 E606.94369
G1 X156.698 Y23.795 E606.94974
G1 X157.112 Y23.795 E606.95623
G1 X158.365 Y22.542 E606.98401
G1 X158.365 Y24.181 E607.0097
G1 X160.032 Y24.181 E607.03583
G1 X160.032 Y21.981 E607.07032
G1 X160.592 Y21.981 E607.0791
G1 X161.699 Y23.088 E607.10364
G1 X161.699 Y24.181 E607.12077
G1 X163.366 Y24.181 E607.1469
G1 X163.366 Y23.441 E607.1585
G1 X164.826 Y21.981 E607.19087
G1 X165.033 Y21.981 E607.19411
G1 X165.033 Y24.181 E607.2286
G1 X166.7 Y24.181 E607.25473
G1 X166.7 Y22.189 E607.28595
G1 X168.306 Y23.795 E607.32156
G1 X168.367 Y23.795 E607.32251
G1 X168.367 Y24.181 E607.32856
G1 X170.034 Y24.181 E607.3547
G1 X170.034 Y22.773 E607.37677
G1 X170.826 Y21.981 E607.39432
G1 X171.701 Y21.981 E607.40804
G1 X171.701 Y24.181 E607.44253
G1 X173.368 Y24.181 E607.46866
G1 X173.368 Y22.857 E607.48941
G1 X174.256 Y23.745 E607.5091
G1 X174.962 Y23.745 E607.52016
G1 X175.035 Y23.672 E607.52178
G1 X175.035 Y24.181 E607.52976
G1 X176.702 Y24.181 E607.55589
G1 X176.702 Y22.005 E607.59
G1 X176.726 Y21.981 E607.59053
G1 X178.369 Y21.981 E607.61629
G1 X178.369 Y24.181 E607.65077
G1 X180.036 Y24.181 E607.67691
G1 X180.036 Y23.625 E607.68562
G1 X180.206 Y23.795 E607.68939
G1 X180.912 Y23.795 E607.70046
G1 X181.703 Y23.004 E607.71799
G1 X181.703 Y24.181 E607.73644
G1 X183.37 Y24.181 E607.76257
G1 X183.37 Y21.981 E607.79706
G1 X184.392 Y21.981 E607.81308
G1 X185.037 Y22.626 E607.82738
G1 X185.037 Y24.181 E607.85175
G1 X186.704 Y24.181 E607.87788
G1 X186.704 Y23.745 E607.88472
G1 X186.862 Y23.745 E607.8872
G1 X188.371 Y22.236 E607.92065
G1 X188.371 Y24.181 E607.95114
G1 X190.038 Y24.181 E607.97727
G1 X190.409 Y24.181 E607.98308
G1 X190.409 Y22.098 E608.01573
G1 X190.292 Y21.981 E608.01833
G1 X190.038 Y21.981 E608.02231
G1 X190.038 Y24.181 E608.0568
G1 F600 E607.0568
G0 F10500 X191.628 Y25.27
G0 X192.161 Y25.803
G0 X192.161 Y44.059
G0 X191.628 Y44.592
G0 X98.372 Y45.27
G0 X97.839 Y45.803
G0 X97.839 Y64.059
G0 X98.318 Y64.538
G0 X101.687 Y65.681
G1 F600 E608.0568
G1 F3600 X102.292 Y65.681 E608.06628
G1 X101.687 Y66.286 E608.07969
G1 X101.687 Y65.681 E608.08918
G1 X100.02 Y65.681 E608.11531
G1 X99.309 Y65.681 E608.12645
G1 X99.309 Y66.764 E608.14343
G1 X99.426 Y66.881 E608.14602
G1 X100.02 Y66.881 E608.15533
G1 X100.02 Y65.681 E608.17414
G0 F10500 X105.021 Y66.576
G1 F3600 X105.326 Y66.881 E608.18091
G1 X106.688 Y66.881 E608.20226
G1 X106.992 Y66.881 E608.20702
G1 X108.192 Y65.681 E608.23362
G1 X106.688 Y65.681 E608.2572
G1 X106.688 Y66.881 E608.27601
G0 F10500 X105.021 Y66.576
G1 F3600 X104.126 Y65.681 E608.29585
G1 X105.021 Y65.681 E608.30988
G1 X105.021 Y66.576 E608.32391
G0 F10500 X111.689 Y66.881
G1 F3600 X112.992 Y66.881 E608.34433
G1 X113.356 Y66.517 E608.3524
G1 X114.192 Y65.681 E608.37094
G1 X113.356 Y65.681 E608.38404
G1 X113.356 Y66.517 E608.39715
G0 F10500 X111.689 Y66.881
G1 F3600 X111.326 Y66.881 E608.40284
G1 X110.126 Y65.681 E608.42944
G1 X111.689 Y65.681 E608.45394
G1 X111.689 Y66.881 E608.47275
G0 F10500 X116.69 Y65.681
G1 F3600 X116.026 Y65.681 E608.48316
G1 X116.69 Y66.345 E608.49788
G1 X116.69 Y65.681 E608.50829
G1 X118.357 Y65.681 E608.53442
G1 X118.357 Y66.881 E608.55323
G1 X118.892 Y66.881 E608.56161
G1 X120.024 Y65.749 E608.58671
G1 X120.092 Y65.681 E608.58822
G1 X120.024 Y65.681 E608.58928
G0 F10500 X123.358 Y65.681
G1 F3600 X122.026 Y65.681 E608.61016
G1 X123.226 Y66.881 E608.63676
G1 X123.358 Y66.881 E608.63883
G1 X123.358 Y65.681 E608.65764
G1 X125.025 Y65.681 E608.68377
G1 X126.092 Y65.681 E608.7005
G1 X125.025 Y66.748 E608.72415
G1 X125.025 Y65.681 E608.74088
G0 F10500 X128.359 Y66.114
G1 F3600 X129.126 Y66.881 E608.75788
G1 X130.026 Y66.881 E608.77199
G1 X130.026 Y65.681 E608.7908
G1 X131.693 Y65.681 E608.81693
G1 X131.992 Y65.681 E608.82162
G1 X131.693 Y65.98 E608.82825
G1 X131.693 Y65.681 E608.83293
G0 F10500 X128.359 Y66.114
G1 F3600 X127.926 Y65.681 E608.84253
G1 X128.359 Y65.681 E608.84932
G1 X128.359 Y66.114 E608.85611
G0 F10500 X135.027 Y66.782
G1 F3600 X135.126 Y66.881 E608.8583
G1 X136.694 Y66.881 E608.88288
G1 X136.792 Y66.881 E608.88442
G1 X137.992 Y65.681 E608.91102
G1 X136.694 Y65.681 E608.93137
G1 X136.694 Y66.881 E608.95018
G0 F10500 X135.027 Y66.782
G1 F3600 X133.926 Y65.681 E608.97459
G1 X135.027 Y65.681 E608.99184
G1 X135.027 Y66.782 E609.0091
G0 F10500 X140.028 Y65.681
G1 F3600 X139.826 Y65.681 E609.01227
G1 X140.028 Y65.883 E609.01675
G1 X140.028 Y65.681 E609.01991
G1 X141.695 Y65.681 E609.04604
G1 X141.695 Y66.881 E609.06486
G1 X142.692 Y66.881 E609.08048
G1 X143.362 Y66.211 E609.09534
G1 X143.892 Y65.681 E609.10709
G1 X143.362 Y65.681 E609.11539
G1 X143.362 Y66.211 E609.1237
G0 F10500 X146.696 Y65.681
G1 F3600 X145.826 Y65.681 E609.13734
G1 X146.696 Y66.551 E609.15663
G1 X146.696 Y65.681 E609.17026
G1 X148.363 Y65.681 E609.19639
G1 X149.892 Y65.681 E609.22036
G1 X148.692 Y66.881 E609.24696
G1 X148.363 Y66.881 E609.25212
G1 X148.363 Y65.681 E609.27093
G0 F10500 X153.364 Y65.681
G1 F3600 X151.726 Y65.681 E609.29661
G1 X152.926 Y66.881 E609.32321
G1 X153.364 Y66.881 E609.33008
G1 X153.364 Y65.681 E609.34889
G1 X155.031 Y65.681 E609.37502
G1 X155.792 Y65.681 E609.38695
G1 X155.031 Y66.442 E609.40382
G1 X155.031 Y65.681 E609.41575
G0 F10500 X158.365 Y66.32
G1 F3600 X158.926 Y66.881 E609.42818
G1 X160.032 Y66.881 E609.44552
G1 X160.032 Y65.681 E609.46433
G1 X161.699 Y65.681 E609.49046
G1 X161.792 Y65.681 E609.49192
G1 X161.699 Y65.774 E609.49398
G0 F10500 X158.365 Y66.32
G1 F3600 X157.726 Y65.681 E609.50815
G1 X158.365 Y65.681 E609.51816
G1 X158.365 Y66.32 E609.52818
G0 F10500 X165.033 Y66.881
G1 F3600 X166.492 Y66.881 E609.55105
G1 X166.7 Y66.673 E609.55566
G1 X167.692 Y65.681 E609.57765
G1 X166.7 Y65.681 E609.5932
G1 X166.7 Y66.673 E609.60875
G0 F10500 X165.033 Y66.881
G1 F3600 X164.826 Y66.881 E609.612
G1 X163.626 Y65.681 E609.6386
G1 X165.033 Y65.681 E609.66066
G1 X165.033 Y66.881 E609.67947
G0 F10500 X170.034 Y65.681
G1 F3600 X169.626 Y65.681 E609.68586
G1 X170.034 Y66.089 E609.69491
G1 X170.034 Y65.681 E609.7013
G1 X171.701 Y65.681 E609.72743
G1 X171.701 Y66.881 E609.74624
G1 X172.492 Y66.881 E609.75864
G1 X173.368 Y66.005 E609.77806
G1 X173.692 Y65.681 E609.78524
G1 X173.368 Y65.681 E609.79032
G1 X173.368 Y66.005 E609.7954
G0 F10500 X176.702 Y65.681
G1 F3600 X175.526 Y65.681 E609.81384
G1 X176.702 Y66.857 E609.83991
G1 X176.702 Y65.681 E609.85834
G1 X178.369 Y65.681 E609.88447
G1 X179.592 Y65.681 E609.90364
G1 X178.392 Y66.881 E609.93025
G1 X178.369 Y66.881 E609.93061
G1 X178.369 Y65.681 E609.94942
G0 F10500 X181.703 Y65.858
G1 F3600 X182.726 Y66.881 E609.97209
G1 X183.37 Y66.881 E609.98219
G1 X183.37 Y65.681 E610.001
G1 X185.037 Y65.681 E610.02713
G1 X185.592 Y65.681 E610.03583
G1 X185.037 Y66.236 E610.04813
G1 X185.037 Y65.681 E610.05683
G0 F10500 X181.703 Y65.858
G1 F3600 X181.526 Y65.681 E610.06076
G1 X181.703 Y65.681 E610.06353
G1 X181.703 Y65.858 E610.06631
G0 F10500 X188.371 Y66.626
G1 F3600 X188.626 Y66.881 E610.07196
G1 X190.038 Y66.881 E610.09409
G1 X190.292 Y66.881 E610.09808
G1 X190.409 Y66.764 E610.10067
G1 X190.409 Y65.681 E610.11765
G1 X190.038 Y65.681 E610.12346
G1 X190.038 Y66.881 E610.14227
G0 F10500 X188.371 Y66.626
G1 F3600 X187.426 Y65.681 E610.16322
G1 X188.371 Y65.681 E610.17803
G1 X188.371 Y66.626 E610.19285
G1 F600 E609.19285
;MESH:
G0 F10500 X191.628 Y64.592
G0 X192.161 Y64.059
G0 X192.161 Y29.803
G0 X191.628 Y29.27
G0 X188.371 Y28.596
G0 X188.371 Y27.161
G0 X190.68 Y27.111
G0 X190.75 Y27.181
;TYPE:WALL-INNER
G1 F600 E610.19285
G1 F3600 X99.25 Y27.181 E611.62715
G1 X99.25 Y26.681 E611.63499
G1 X190.75 Y26.681 E613.0693
G1 X190.75 Y27.181 E613.07713
G0 F10500 X191.25 Y27.681
;TYPE:WALL-OUTER
G1 F2700 X98.75 Y27.681 E614.52711
G1 X98.75 Y26.181 E614.55063
G1 X191.25 Y26.181 E616.00061
G1 X191.25 Y27.681 E616.02412
G0 F10500 X191 Y27.681
G1 F600 E615.02412
G0 F10500 X190.68 Y27.111
G0 X190.68 Y27.161
G0 X190.68 Y28.596
G0 X190.68 Y29.266
G0 X190.68 Y30.701
G0 X190.68 Y31.111
G0 X190.75 Y31.181
;TYPE:WALL-INNER
G1 F600 E616.02412
G1 F3600 X99.25 Y31.181 E617.45843
G1 X99.25 Y30.681 E617.46626
G1 X190.75 Y30.681 E618.90057
G1 X190.75 Y31.181 E618.90841
G0 F10500 X191.25 Y31.681
;TYPE:WALL-OUTER
G1 F2700 X98.75 Y31.681 E620.35839
G1 X98.75 Y30.181 E620.3819
G1 X191.25 Y30.181 E621.83188
G1 X191.25 Y31.681 E621.85539
G0 F10500 X191 Y31.681
G1 F600 E620.85539
G0 F10500 X190.68 Y31.111
G0 X190.68 Y31.161
G0 X190.68 Y32.596
G0 X190.68 Y33.266
G0 X190.68 Y34.701
G0 X190.68 Y35.111
G0 X190.75 Y35.181
;TYPE:WALL-INNER
G1 F600 E621.85539
G1 F3600 X99.25 Y35.181 E623.2897
G1 X99.25 Y34.681 E623.29754
G1 X190.75 Y34.681 E624.73184
G1 X190.75 Y35.181 E624.73968
G0 F10500 X191.25 Y35.681
;TYPE:WALL-OUTER
G1 F2700 X98.75 Y35.681 E626.18966
G1 X98.75 Y34.181 E626.21317
G1 X191.25 Y34.181 E627.66315
G1 X191.25 Y35.681 E627.68667
G0 F10500 X191 Y35.681
G1 F600 E626.68667
G0 F10500 X190.68 Y35.111
G0 X190.68 Y35.161
G0 X190.68 Y36.596
G0 X190.68 Y37.266
G0 X190.68 Y38.701
G0 X190.68 Y39.111
G0 X190.75 Y39.181
;TYPE:WALL-INNER
G1 F600 E627.68667
G1 F3600 X99.25 Y39.181 E629.12097
G1 X99.25 Y38.681 E629.12881
G1 X190.75 Y38.681 E630.56311
G1 X190.75 Y39.181 E630.57095
G0 F10500 X191.25 Y39.681
;TYPE:WALL-OUTER
G1 F2700 X98.75 Y39.681 E632.02093
G1 X98.75 Y38.181 E632.04444
G1 X191.25 Y38.181 E633.49443
G1 X191.25 Y39.681 E633.51794
G0 F10500 X191 Y39.681
G1 F600 E632.51794
G0 F10500 X190.68 Y39.111
G0 X190.68 Y39.161
G0 X190.68 Y40.596
G0 X190.68 Y41.266
G0 X190.68 Y42.701
G0 X190.68 Y43.111
G0 X190.75 Y43.181
;TYPE:WALL-INNER
G1 F600 E633.51794
G1 F3600 X99.25 Y43.181 E634.95224
G1 X99.25 Y42.681 E634.96008
G1 X190.75 Y42.681 E636.39439
G1 X190.75 Y43.181 E636.40222
G0 F10500 X191.25 Y43.681
;TYPE:WALL-OUTER
G1 F2700 X98.75 Y43.681 E637.8522
G1 X98.75 Y42.181 E637.87572
G1 X191.25 Y42.181 E639.3257
G1 X191.25 Y43.681 E639.34921
G0 F10500 X191 Y43.681
G1 F600 E638.34921
G0 F10500 X190.68 Y43.111
G0 X190.68 Y43.161
G0 X190.68 Y44.596
G0 X190.68 Y45.266
G0 X190.68 Y46.701
G0 X190.68 Y47.111
G0 X190.75 Y47.181
;TYPE:WALL-INNER
G1 F600 E639.34921
G1 F3600 X99.25 Y47.181 E640.78352
G1 X99.25 Y46.681 E640.79135
G1 X190.75 Y46.681 E642.22566
G1 X190.75 Y47.181 E642.2335
G0 F10500 X191.25 Y47.681
;TYPE:WALL-OUTER
G1 F2700 X98.75 Y47.681 E643.68348
G1 X98.75 Y46.181 E643.70699
G1 X191.25 Y46.181 E645.15697
G1 X191.25 Y47.681 E645.18048
G0 F10500 X191 Y47.681
G1 F600 E644.18048
G0 F10500 X190.68 Y47.111
G0 X190.68 Y47.161
G0 X190.68 Y48.596
G0 X190.68 Y49.266
G0 X190.68 Y50.701
G0 X190.68 Y51.111
G0 X190.75 Y51.181
;TYPE:WALL-INNER
G1 F600 E645.18048
G1 F3600 X99.25 Y51.181 E646.61479
G1 X99.25 Y50.681 E646.62263
G1 X190.75 Y50.681 E648.05693
G1 X190.75 Y51.181 E648.06477
G0 F10500 X191.25 Y51.681
;TYPE:WALL-OUTER
G1 F2700 X98.75 Y51.681 E649.51475
G1 X98.75 Y50.181 E649.53826
G1 X191.25 Y50.181 E650.98824
G1 X191.25 Y51.681 E651.01176
G0 F10500 X191 Y51.681
G1 F600 E650.01176
G0 F10500 X190.68 Y51.111
G0 X190.68 Y51.161
G0 X190.68 Y52.596
G0 X190.68 Y53.266
G0 X190.68 Y54.701
G0 X190.68 Y55.111
G0 X190.75 Y55.181
;TYPE:WALL-INNER
G1 F600 E651.01176
G1 F3600 X99.25 Y55.181 E652.44606
G1 X99.25 Y54.681 E652.4539
G1 X190.75 Y54.681 E653.8882
G1 X190.75 Y55.181 E653.89604
G0 F10500 X191.25 Y55.681
;TYPE:WALL-OUTER
G1 F2700 X98.75 Y55.681 E655.34602
G1 X98.75 Y54.181 E655.36953
G1 X191.25 Y54.181 E656.81952
G1 X191.25 Y55.681 E656.84303
G0 F10500 X191 Y55.681
G1 F600 E655.84303
G0 F10500 X190.68 Y55.111
G0 X190.68 Y55.161
G0 X190.68 Y56.596
G0 X190.68 Y57.266
G0 X190.68 Y58.701
G0 X190.68 Y59.111
G0 X190.75 Y59.181
;TYPE:WALL-INNER
G1 F600 E656.84303
G1 F3600 X99.25 Y59.181 E658.27733
G1 X99.25 Y58.681 E658.28517
G1 X190.75 Y58.681 E659.71948
G1 X190.75 Y59.181 E659.72731
G0 F10500 X191.25 Y59.681
;TYPE:WALL-OUTER
G1 F2700 X98.75 Y59.681 E661.17729
G1 X98.75 Y58.181 E661.20081
G1 X191.25 Y58.181 E662.65079
G1 X191.25 Y59.681 E662.6743
G0 F10500 X191 Y59.681
G1 F600 E661.6743
G0 F10500 X190.68 Y59.111
G0 X190.68 Y59.161
G0 X190.68 Y60.596
G0 X190.68 Y61.266
G0 X190.68 Y62.701
G0 X190.68 Y63.111
G0 X190.75 Y63.181
;TYPE:WALL-INNER
G1 F600 E662.6743
G1 F3600 X99.25 Y63.181 E664.10861
G1 X99.25 Y62.681 E664.11644
G1 X190.75 Y62.681 E665.55075
G1 X190.75 Y63.181 E665.55859
G0 F10500 X191.25 Y63.681
;TYPE:WALL-OUTER
G1 F2700 X98.75 Y63.681 E667.00857
G1 X98.75 Y62.181 E667.03208
G1 X191.25 Y62.181 E668.48206
G1 X191.25 Y63.681 E668.50557
G0 F10500 X191 Y63.681
G1 F600 E667.50557
G0 F10500 X190.68 Y63.111
G0 X189.75 Y63.161
G0 X189.75 Y64.596
G0 X189.75 Y74.266
G0 X189.75 Y75.701
G0 X189.75 Y95.049
;TYPE:WALL-INNER
G1 F600 E668.50557
G1 F3600 X111.244 Y95.049 E669.73619
G1 X111.244 Y76.681 E670.02412
G1 X189.75 Y76.681 E671.25474
G1 X189.75 Y95.049 E671.54266
G0 F10500 X190.25 Y95.549
G1 F3600 X110.744 Y95.549 E672.78896
G1 X110.744 Y76.181 E673.09256
G1 X190.25 Y76.181 E674.33885
G1 X190.25 Y95.549 E674.64245
G0 F10500 X190.75 Y96.049
G1 F3600 X110.244 Y96.049 E675.90442
G1 X110.244 Y75.681 E676.2237
G1 X190.75 Y75.681 E677.48567
G1 X190.75 Y96.049 E677.80495
G0 F10500 X191.25 Y96.549
;TYPE:WALL-OUTER
G1 F2700 X109.744 Y96.549 E679.08259
G1 X109.744 Y75.181 E679.41755
G1 X191.25 Y75.181 E680.69519
G1 X191.25 Y96.549 E681.03014
G0 F10500 X191 Y96.549
G0 X190.68 Y95.979
G0 X187.555 Y94.849
;TYPE:FILL
G1 F3300 X169.586 Y76.88 E681.42849
G0 F10500 X169.909 Y76.88
G1 F3300 X151.94 Y94.849 E681.82683
G0 F10500 X152.199 Y94.849
G1 F3300 X134.231 Y76.88 E682.22517
G0 F10500 X134.553 Y76.88
G1 F3300 X116.585 Y94.849 E682.6235
G0 F10500 X116.844 Y94.849
G1 F3300 X111.442 Y89.447 E682.74326
G1 X111.354 Y89.359
G0 F10500 X111.443 Y92.92
G1 F3300 X127.482 Y76.88 E683.09883
G0 F10500 X127.16 Y76.88
G1 F3300 X145.128 Y94.849 E683.49716
G0 F10500 X144.869 Y94.849
G1 F3300 X162.838 Y76.88 E683.8955
G0 F10500 X162.515 Y76.88
G1 F3300 X180.484 Y94.849 E684.29385
G0 F10500 X180.225 Y94.849
G1 F3300 X189.549 Y85.525 E684.50055
G1 X189.637 Y85.437
G0 F10500 X189.549 Y82.701
G1 F3300 X183.728 Y76.88 E684.62959
G0 F10500 X184.051 Y76.88
G1 F3300 X166.083 Y94.849 E685.02792
G0 F10500 X166.341 Y94.849
G1 F3300 X148.373 Y76.88 E685.42626
G0 F10500 X148.696 Y76.88
G1 F3300 X130.727 Y94.849 E685.8246
G0 F10500 X130.986 Y94.849
G1 F3300 X113.018 Y76.88 E686.22294
G0 F10500 X113.34 Y76.88
G1 F3300 X111.443 Y78.778 E686.265
G1 X111.355 Y78.866
G0 F10500 X111.442 Y82.376
G1 F3300 X123.915 Y94.849 E686.54151
G0 F10500 X123.656 Y94.849
G1 F3300 X141.625 Y76.88 E686.93985
G0 F10500 X141.302 Y76.88
G1 F3300 X159.27 Y94.849 E687.33819
G0 F10500 X159.012 Y94.849
G1 F3300 X176.98 Y76.88 E687.73652
G0 F10500 X176.657 Y76.88
G1 F3300 X189.549 Y89.772 E688.02232
G1 X189.637 Y89.86
G0 F10500 X189.549 Y92.596
G1 F3300 X187.296 Y94.849 E688.07226
G1 X187.208 Y94.937
G0 F10500 X173.412 Y94.849
G1 F3300 X155.444 Y76.88 E688.4706
G0 F10500 X155.767 Y76.88
G1 F3300 X137.798 Y94.849 E688.86894
G0 F10500 X138.057 Y94.849
G1 F3300 X120.089 Y76.88 E689.26728
G0 F10500 X120.411 Y76.88
G1 F3300 X111.443 Y85.849 E689.46609
G1 X111.355 Y85.937
G0 F10500 X173.154 Y94.849
G1 F3300 X189.549 Y78.454 E689.82955
G1 X189.637 Y78.366
G1 F600 E688.82955
;MESH:NONMESH
G0 F10500 X110.258 Y75.695
G0 X110.258 Y74.266
G0 X98.372 Y64.592
G0 X97.839 Y64.059
G0 X97.839 Y25.803
G0 X100.02 Y21.981
;TIME_ELAPSED:1863.962804
;LAYER:5
M106 S7.7
G0 X100.02 Y21.981 Z1.2
;TYPE:SUPPORT
G1 F600 E689.82955
G1 F3600 X99.426 Y21.981 E689.83886
G1 X99.309 Y22.098 E689.84145
G1 X99.309 Y24.181 E689.8741
G1 X100.02 Y24.181 E689.88525
G1 X100.02 Y21.981 E689.91973
G1 X101.092 Y21.981 E689.93654
G1 X101.687 Y22.576 E689.94973
G1 X101.687 Y24.181 E689.97489
G1 X103.354 Y24.181 E690.00102
G1 X103.354 Y23.745 E690.00785
G1 X103.562 Y23.745 E690.01111
G1 X105.021 Y22.286 E690.04346
G1 X105.021 Y24.181 E690.07316
G1 X106.688 Y24.181 E690.09929
G1 X106.688 Y21.981 E690.13378
G1 X106.992 Y21.981 E690.13854
G1 X108.355 Y23.344 E690.16876
G1 X108.355 Y24.181 E690.18188
G1 X110.022 Y24.181 E690.20801
G1 X110.022 Y23.285 E690.22206
G1 X111.326 Y21.981 E690.25096
G1 X111.689 Y21.981 E690.25665
G1 X111.689 Y24.181 E690.29114
G1 X113.356 Y24.181 E690.31727
G1 X113.356 Y22.345 E690.34605
G1 X114.756 Y23.745 E690.37709
G1 X115.023 Y23.745 E690.38127
G1 X115.023 Y24.181 E690.38811
G1 X116.69 Y24.181 E690.41424
G1 X116.69 Y22.517 E690.44032
G1 X117.226 Y21.981 E690.4522
G1 X118.357 Y21.981 E690.46993
G1 X118.357 Y24.181 E690.50442
G1 X120.024 Y24.181 E690.53055
G1 X120.024 Y23.113 E690.54729
G1 X120.706 Y23.795 E690.56241
G1 X121.412 Y23.795 E690.57348
G1 X121.691 Y23.516 E690.57966
G1 X121.691 Y24.181 E690.59009
G1 X123.358 Y24.181 E690.61622
G1 X123.358 Y21.981 E690.6507
G1 X124.892 Y21.981 E690.67475
G1 X125.025 Y22.114 E690.6777
G1 X125.025 Y24.181 E690.7101
G1 X126.692 Y24.181 E690.73623
G1 X126.692 Y23.745 E690.74306
G1 X127.362 Y23.745 E690.75357
G1 X128.359 Y22.748 E690.77567
G1 X128.359 Y24.181 E690.79813
G1 X130.026 Y24.181 E690.82426
G1 X130.026 Y21.981 E690.85875
G1 X130.792 Y21.981 E690.87076
G1 X131.693 Y22.882 E690.89073
G1 X131.693 Y24.181 E690.91109
G1 X133.36 Y24.181 E690.93722
G1 X133.36 Y23.747 E690.94403
G1 X135.027 Y22.08 E690.98098
G1 X135.027 Y24.181 E691.01392
G1 X136.694 Y24.181 E691.04005
G1 X136.694 Y21.981 E691.07453
G1 X136.792 Y21.981 E691.07607
G1 X138.361 Y23.55 E691.11085
G1 X138.361 Y24.181 E691.12074
G1 X140.028 Y24.181 E691.14687
G1 X140.028 Y22.979 E691.16572
G1 X141.026 Y21.981 E691.18784
G1 X141.695 Y21.981 E691.19833
G1 X141.695 Y24.181 E691.23281
G1 X143.362 Y24.181 E691.25894
G1 X143.362 Y22.651 E691.28293
G1 X144.506 Y23.795 E691.30829
G1 X145.029 Y23.795 E691.31649
G1 X145.029 Y24.181 E691.32254
G1 X146.696 Y24.181 E691.34867
G1 X146.696 Y22.311 E691.37798
G1 X147.026 Y21.981 E691.3853
G1 X148.363 Y21.981 E691.40625
G1 X148.363 Y24.181 E691.44074
G1 X150.03 Y24.181 E691.46687
G1 X150.03 Y23.319 E691.48038
G1 X150.456 Y23.745 E691.48983
G1 X151.162 Y23.745 E691.50089
G1 X151.697 Y23.21 E691.51275
G1 X151.697 Y24.181 E691.52798
G1 X153.364 Y24.181 E691.55411
G1 X153.364 Y21.981 E691.58859
G1 X154.592 Y21.981 E691.60784
G1 X155.031 Y22.42 E691.61757
G1 X155.031 Y24.181 E691.64518
G1 X156.698 Y24.181 E691.67131
G1 X156.698 Y23.795 E691.67736
G1 X157.112 Y23.795 E691.68385
G1 X158.365 Y22.542 E691.71163
G1 X158.365 Y24.181 E691.73732
G1 X160.032 Y24.181 E691.76345
G1 X160.032 Y21.981 E691.79794
G1 X160.592 Y21.981 E691.80671
G1 X161.699 Y23.088 E691.83125
G1 X161.699 Y24.181 E691.84839
G1 X163.366 Y24.181 E691.87452
G1 X163.366 Y23.441 E691.88612
G1 X164.826 Y21.981 E691.91848
G1 X165.033 Y21.981 E691.92173
G1 X165.033 Y24.181 E691.95622
G1 X166.7 Y24.181 E691.98235
G1 X166.7 Y22.189 E692.01357
G1 X168.306 Y23.795 E692.04917
G1 X168.367 Y23.795 E692.05013
G1 X168.367 Y24.181 E692.05618
G1 X170.034 Y24.181 E692.08231
G1 X170.034 Y22.773 E692.10438
G1 X170.826 Y21.981 E692.12194
G1 X171.701 Y21.981 E692.13566
G1 X171.701 Y24.181 E692.17014
G1 X173.368 Y24.181 E692.19627
G1 X173.368 Y22.857 E692.21703
G1 X174.256 Y23.745 E692.23671
G1 X174.962 Y23.745 E692.24778
G1 X175.035 Y23.672 E692.2494
G1 X175.035 Y24.181 E692.25738
G1 X176.702 Y24.181 E692.28351
G1 X176.702 Y22.005 E692.31762
G1 X176.726 Y21.981 E692.31815
G1 X178.369 Y21.981 E692.34391
G1 X178.369 Y24.181 E692.37839
G1 X180.036 Y24.181 E692.40452
G1 X180.036 Y23.625 E692.41324
G1 X180.206 Y23.795 E692.41701
G1 X180.912 Y23.795 E692.42807
G1 X181.703 Y23.004 E692.44561
G1 X181.703 Y24.181 E692.46406
G1 X183.37 Y24.181 E692.49019
G1 X183.37 Y21.981 E692.52468
G1 X184.392 Y21.981 E692.5407
G1 X185.037 Y22.626 E692.555
G1 X185.037 Y24.181 E692.57937
G1 X186.704 Y24.181 E692.6055
G1 X186.704 Y23.745 E692.61234
G1 X186.862 Y23.745 E692.61481
G1 X188.371 Y22.236 E692.64826
G1 X188.371 Y24.181 E692.67875
G1 X190.038 Y24.181 E692.70488
G1 X190.409 Y24.181 E692.7107
G1 X190.409 Y22.098 E692.74335
G1 X190.292 Y21.981 E692.74595
G1 X190.038 Y21.981 E692.74993
G1 X190.038 Y24.181 E692.78441
G1 F600 E691.78441
G0 F10500 X191.628 Y25.27
G0 X192.161 Y25.803
G0 X192.161 Y44.059
G0 X191.628 Y44.592
G0 X98.372 Y45.27
G0 X97.839 Y45.803
G0 X97.839 Y64.059
G0 X98.318 Y64.538
G0 X101.687 Y65.681
G1 F600 E692.78441
G1 F3600 X102.292 Y65.681 E692.7939
G1 X101.687 Y66.286 E692.80731
G1 X101.687 Y65.681 E692.81679
G1 X100.02 Y65.681 E692.84292
G1 X99.309 Y65.681 E692.85407
G1 X99.309 Y66.764 E692.87105
G1 X99.426 Y66.881 E692.87364
G1 X100.02 Y66.881 E692.88295
G1 X100.02 Y65.681 E692.90176
G0 F10500 X105.021 Y66.576
G1 F3600 X105.326 Y66.881 E692.90852
G1 X106.688 Y66.881 E692.92987
G1 X106.992 Y66.881 E692.93464
G1 X108.192 Y65.681 E692.96124
G1 X106.688 Y65.681 E692.98482
G1 X106.688 Y66.881 E693.00363
G0 F10500 X105.021 Y66.576
G1 F3600 X104.126 Y65.681 E693.02347
G1 X105.021 Y65.681 E693.0375
G1 X105.021 Y66.576 E693.05153
G0 F10500 X111.689 Y66.881
G1 F3600 X112.992 Y66.881 E693.07195
G1 X113.356 Y66.517 E693.08002
G1 X114.192 Y65.681 E693.09855
G1 X113.356 Y65.681 E693.11166
G1 X113.356 Y66.517 E693.12476
G0 F10500 X111.689 Y66.881
G1 F3600 X111.326 Y66.881 E693.13045
G1 X110.126 Y65.681 E693.15706
G1 X111.689 Y65.681 E693.18156
G1 X111.689 Y66.881 E693.20037
G0 F10500 X116.69 Y65.681
G1 F3600 X116.026 Y65.681 E693.21077
G1 X116.69 Y66.345 E693.22549
G1 X116.69 Y65.681 E693.2359
G1 X118.357 Y65.681 E693.26203
G1 X118.357 Y66.881 E693.28084
G1 X118.892 Y66.881 E693.28923
G1 X120.024 Y65.749 E693.31433
G1 X120.092 Y65.681 E693.31583
G1 X120.024 Y65.681 E693.3169
G0 F10500 X123.358 Y65.681
G1 F3600 X122.026 Y65.681 E693.33778
G1 X123.226 Y66.881 E693.36438
G1 X123.358 Y66.881 E693.36645
G1 X123.358 Y65.681 E693.38526
G1 X125.025 Y65.681 E693.41139
G1 X126.092 Y65.681 E693.42812
G1 X125.025 Y66.748 E693.45177
G1 X125.025 Y65.681 E693.4685
G0 F10500 X128.359 Y66.114
G1 F3600 X129.126 Y66.881 E693.4855
G1 X130.026 Y66.881 E693.49961
G1 X130.026 Y65.681 E693.51842
G1 X131.693 Y65.681 E693.54455
G1 X131.992 Y65.681 E693.54924
G1 X131.693 Y65.98 E693.55587
G1 X131.693 Y65.681 E693.56055
G0 F10500 X128.359 Y66.114
G1 F3600 X127.926 Y65.681 E693.57015
G1 X128.359 Y65.681 E693.57694
G1 X128.359 Y66.114 E693.58373
G0 F10500 X135.027 Y66.782
G1 F3600 X135.126 Y66.881 E693.58592
G1 X136.694 Y66.881 E693.6105
G1 X136.792 Y66.881 E693.61204
G1 X137.992 Y65.681 E693.63864
G1 X136.694 Y65.681 E693.65898
G1 X136.694 Y66.881 E693.6778
G0 F10500 X135.027 Y66.782
G1 F3600 X133.926 Y65.681 E693.7022
G1 X135.027 Y65.681 E693.71946
G1 X135.027 Y66.782 E693.73672
G0 F10500 X140.028 Y65.681
G1 F3600 X139.826 Y65.681 E693.73989
G1 X140.028 Y65.883 E693.74436
G1 X140.028 Y65.681 E693.74753
G1 X141.695 Y65.681 E693.77366
G1 X141.695 Y66.881 E693.79247
G1 X142.692 Y66.881 E693.8081
G1 X143.362 Y66.211 E693.82295
G1 X143.892 Y65.681 E693.8347
G1 X143.362 Y65.681 E693.84301
G1 X143.362 Y66.211 E693.85132
G0 F10500 X146.696 Y65.681
G1 F3600 X145.826 Y65.681 E693.86496
G1 X146.696 Y66.551 E693.88424
G1 X146.696 Y65.681 E693.89788
G1 X148.363 Y65.681 E693.92401
G1 X149.892 Y65.681 E693.94798
G1 X148.692 Y66.881 E693.97458
G1 X148.363 Y66.881 E693.97974
G1 X148.363 Y65.681 E693.99855
G0 F10500 X153.364 Y65.681
G1 F3600 X151.726 Y65.681 E694.02423
G1 X152.926 Y66.881 E694.05083
G1 X153.364 Y66.881 E694.05769
G1 X153.364 Y65.681 E694.0765
G1 X155.031 Y65.681 E694.10264
G1 X155.792 Y65.681 E694.11456
G1 X155.031 Y66.442 E694.13143
G1 X155.031 Y65.681 E694.14336
G0 F10500 X158.365 Y66.32
G1 F3600 X158.926 Y66.881 E694.1558
G1 X160.032 Y66.881 E694.17314
G1 X160.032 Y65.681 E694.19195
G1 X161.699 Y65.681 E694.21808
G1 X161.792 Y65.681 E694.21954
G1 X161.699 Y65.774 E694.2216
G0 F10500 X158.365 Y66.32
G1 F3600 X157.726 Y65.681 E694.23576
G1 X158.365 Y65.681 E694.24578
G1 X158.365 Y66.32 E694.2558
G0 F10500 X165.033 Y66.881
G1 F3600 X166.492 Y66.881 E694.27867
G1 X166.7 Y66.673 E694.28328
G1 X167.692 Y65.681 E694.30527
G1 X166.7 Y65.681 E694.32082
G1 X166.7 Y66.673 E694.33637
G0 F10500 X165.033 Y66.881
G1 F3600 X164.826 Y66.881 E694.33962
G1 X163.626 Y65.681 E694.36622
G1 X165.033 Y65.681 E694.38827
G1 X165.033 Y66.881 E694.40708
G0 F10500 X170.034 Y65.681
G1 F3600 X169.626 Y65.681 E694.41348
G1 X170.034 Y66.089 E694.42252
G1 X170.034 Y65.681 E694.42892
G1 X171.701 Y65.681 E694.45505
G1 X171.701 Y66.881 E694.47386
G1 X172.492 Y66.881 E694.48626
G1 X173.368 Y66.005 E694.50568
G1 X173.692 Y65.681 E694.51286
G1 X173.368 Y65.681 E694.51794
G1 X173.368 Y66.005 E694.52302
G0 F10500 X176.702 Y65.681
G1 F3600 X175.526 Y65.681 E694.54145
G1 X176.702 Y66.857 E694.56752
G1 X176.702 Y65.681 E694.58596
G1 X178.369 Y65.681 E694.61209
G1 X179.592 Y65.681 E694.63126
G1 X178.392 Y66.881 E694.65786
G1 X178.369 Y66.881 E694.65822
G1 X178.369 Y65.681 E694.67703
G0 F10500 X181.703 Y65.858
G1 F3600 X182.726 Y66.881 E694.69971
G1 X183.37 Y66.881 E694.70981
G1 X183.37 Y65.681 E694.72862
G1 X185.037 Y65.681 E694.75475
G1 X185.592 Y65.681 E694.76345
G1 X185.037 Y66.236 E694.77575
G1 X185.037 Y65.681 E694.78445
G0 F10500 X181.703 Y65.858
G1 F3600 X181.526 Y65.681 E694.78838
G1 X181.703 Y65.681 E694.79115
G1 X181.703 Y65.858 E694.79392
G0 F10500 X188.371 Y66.626
G1 F3600 X188.626 Y66.881 E694.79958
G1 X190.038 Y66.881 E694.82171
G1 X190.292 Y66.881 E694.82569
G1 X190.409 Y66.764 E694.82829
G1 X190.409 Y65.681 E694.84526
G1 X190.038 Y65.681 E694.85108
G1 X190.038 Y66.881 E694.86989
G0 F10500 X188.371 Y66.626
G1 F3600 X187.426 Y65.681 E694.89084
G1 X188.371 Y65.681 E694.90565
G1 X188.371 Y66.626 E694.92047
G1 F600 E693.92047
;MESH:
G0 F10500 X191.628 Y64.592
G0 X192.161 Y64.059
G0 X192.161 Y29.803
G0 X191.628 Y29.27
G0 X188.371 Y28.596
G0 X188.371 Y27.161
G0 X190.68 Y27.111
G0 X190.75 Y27.181
;TYPE:WALL-INNER
G1 F600 E694.92047
G1 F3600 X99.25 Y27.181 E696.35477
G1 X99.25 Y26.681 E696.36261
G1 X190.75 Y26.681 E697.79691
G1 X190.75 Y27.181 E697.80475
G0 F10500 X191.25 Y27.681
;TYPE:WALL-OUTER
G1 F2700 X98.75 Y27.681 E699.25473
G1 X98.75 Y26.181 E699.27824
G1 X191.25 Y26.181 E700.72822
G1 X191.25 Y27.681 E700.75174
G0 F10500 X191 Y27.681
G1 F600 E699.75174
G0 F10500 X190.68 Y27.111
G0 X190.68 Y27.161
G0 X190.68 Y28.596
G0 X190.68 Y29.266
G0 X190.68 Y30.701
G0 X190.68 Y31.111
G0 X190.75 Y31.181
;TYPE:WALL-INNER
G1 F600 E700.75174
G1 F3600 X99.25 Y31.181 E702.18604
G1 X99.25 Y30.681 E702.19388
G1 X190.75 Y30.681 E703.62819
G1 X190.75 Y31.181 E703.63602
G0 F10500 X191.25 Y31.681
;TYPE:WALL-OUTER
G1 F2700 X98.75 Y31.681 E705.086
G1 X98.75 Y30.181 E705.10952
G1 X191.25 Y30.181 E706.5595
G1 X191.25 Y31.681 E706.58301
G0 F10500 X191 Y31.681
G1 F600 E705.58301
G0 F10500 X190.68 Y31.111
G0 X190.68 Y31.161
G0 X190.68 Y32.596
G0 X190.68 Y33.266
G0 X190.68 Y34.701
G0 X190.68 Y35.111
G0 X190.75 Y35.181
;TYPE:WALL-INNER
G1 F600 E706.58301
G1 F3600 X99.25 Y35.181 E708.01732
G1 X99.25 Y34.681 E708.02515
G1 X190.75 Y34.681 E709.45946
G1 X190.75 Y35.181 E709.4673
G0 F10500 X191.25 Y35.681
;TYPE:WALL-OUTER
G1 F2700 X98.75 Y35.681 E710.91728
G1 X98.75 Y34.181 E710.94079
G1 X191.25 Y34.181 E712.39077
G1 X191.25 Y35.681 E712.41428
G0 F10500 X191 Y35.681
G1 F600 E711.41428
G0 F10500 X190.68 Y35.111
G0 X190.68 Y35.161
G0 X190.68 Y36.596
G0 X190.68 Y37.266
G0 X190.68 Y38.701
G0 X190.68 Y39.111
G0 X190.75 Y39.181
;TYPE:WALL-INNER
G1 F600 E712.41428
G1 F3600 X99.25 Y39.181 E713.84859
G1 X99.25 Y38.681 E713.85643
G1 X190.75 Y38.681 E715.29073
G1 X190.75 Y39.181 E715.29857
G0 F10500 X191.25 Y39.681
;TYPE:WALL-OUTER
G1 F2700 X98.75 Y39.681 E716.74855
G1 X98.75 Y38.181 E716.77206
G1 X191.25 Y38.181 E718.22204
G1 X191.25 Y39.681 E718.24556
G0 F10500 X191 Y39.681
G1 F600 E717.24556
G0 F10500 X190.68 Y39.111
G0 X190.68 Y39.161
G0 X190.68 Y40.596
G0 X190.68 Y41.266
G0 X190.68 Y42.701
G0 X190.68 Y43.111
G0 X190.75 Y43.181
;TYPE:WALL-INNER
G1 F600 E718.24556
G1 F3600 X99.25 Y43.181 E719.67986
G1 X99.25 Y42.681 E719.6877
G1 X190.75 Y42.681 E721.122
G1 X190.75 Y43.181 E721.12984
G0 F10500 X191.25 Y43.681
;TYPE:WALL-OUTER
G1 F2700 X98.75 Y43.681 E722.57982
G1 X98.75 Y42.181 E722.60333
G1 X191.25 Y42.181 E724.05331
G1 X191.25 Y43.681 E724.07683
G0 F10500 X191 Y43.681
G1 F600 E723.07683
G0 F10500 X190.68 Y43.111
G0 X190.68 Y43.161
G0 X190.68 Y44.596
G0 X190.68 Y45.266
G0 X190.68 Y46.701
G0 X190.68 Y47.111
G0 X190.75 Y47.181
;TYPE:WALL-INNER
G1 F600 E724.07683
G1 F3600 X99.25 Y47.181 E725.51113
G1 X99.25 Y46.681 E725.51897
G1 X190.75 Y46.681 E726.95328
G1 X190.75 Y47.181 E726.96111
G0 F10500 X191.25 Y47.681
;TYPE:WALL-OUTER
G1 F2700 X98.75 Y47.681 E728.41109
G1 X98.75 Y46.181 E728.43461
G1 X191.25 Y46.181 E729.88459
G1 X191.25 Y47.681 E729.9081
G0 F10500 X191 Y47.681
G1 F600 E728.9081
G0 F10500 X190.68 Y47.111
G0 X190.68 Y47.161
G0 X190.68 Y48.596
G0 X190.68 Y49.266
G0 X190.68 Y50.701
G0 X190.68 Y51.111
G0 X190.75 Y51.181
;TYPE:WALL-INNER
G1 F600 E729.9081
G1 F3600 X99.25 Y51.181 E731.34241
G1 X99.25 Y50.681 E731.35024
G1 X190.75 Y50.681 E732.78455
G1 X190.75 Y51.181 E732.79239
G0 F10500 X191.25 Y51.681
;TYPE:WALL-OUTER
G1 F2700 X98.75 Y51.681 E734.24237
G1 X98.75 Y50.181 E734.26588
G1 X191.25 Y50.181 E735.71586
G1 X191.25 Y51.681 E735.73937
G0 F10500 X191 Y51.681
G1 F600 E734.73937
G0 F10500 X190.68 Y51.111
G0 X190.68 Y51.161
G0 X190.68 Y52.596
G0 X190.68 Y53.266
G0 X190.68 Y54.701
G0 X190.68 Y55.111
G0 X190.75 Y55.181
;TYPE:WALL-INNER
G1 F600 E735.73937
G1 F3600 X99.25 Y55.181 E737.17368
G1 X99.25 Y54.681 E737.18152
G1 X190.75 Y54.681 E738.61582
G1 X190.75 Y55.181 E738.62366
G0 F10500 X191.25 Y55.681
;TYPE:WALL-OUTER
G1 F2700 X98.75 Y55.681 E740.07364
G1 X98.75 Y54.181 E740.09715
G1 X191.25 Y54.181 E741.54713
G1 X191.25 Y55.681 E741.57065
G0 F10500 X191 Y55.681
G1 F600 E740.57065
G0 F10500 X190.68 Y55.111
G0 X190.68 Y55.161
G0 X190.68 Y56.596
G0 X190.68 Y57.266
G0 X190.68 Y58.701
G0 X190.68 Y59.111
G0 X190.75 Y59.181
;TYPE:WALL-INNER
G1 F600 E741.57065
G1 F3600 X99.25 Y59.181 E743.00495
G1 X99.25 Y58.681 E743.01279
G1 X190.75 Y58.681 E744.44709
G1 X190.75 Y59.181 E744.45493
G0 F10500 X191.25 Y59.681
;TYPE:WALL-OUTER
G1 F2700 X98.75 Y59.681 E745.90491
G1 X98.75 Y58.181 E745.92842
G1 X191.25 Y58.181 E747.3784
G1 X191.25 Y59.681 E747.40192
G0 F10500 X191 Y59.681
G1 F600 E746.40192
G0 F10500 X190.68 Y59.111
G0 X190.68 Y59.161
G0 X190.68 Y60.596
G0 X190.68 Y61.266
G0 X190.68 Y62.701
G0 X190.68 Y63.111
G0 X190.75 Y63.181
;TYPE:WALL-INNER
G1 F600 E747.40192
G1 F3600 X99.25 Y63.181 E748.83622
G1 X99.25 Y62.681 E748.84406
G1 X190.75 Y62.681 E750.27837
G1 X190.75 Y63.181 E750.2862
G0 F10500 X191.25 Y63.681
;TYPE:WALL-OUTER
G1 F2700 X98.75 Y63.681 E751.73618
G1 X98.75 Y62.181 E751.7597
G1 X191.25 Y62.181 E753.20968
G1 X191.25 Y63.681 E753.23319
G0 F10500 X191 Y63.681
G1 F600 E752.23319
G0 F10500 X190.68 Y63.111
G0 X189.75 Y63.161
G0 X189.75 Y64.596
G0 X189.75 Y74.266
G0 X189.75 Y75.701
G0 X189.75 Y95.049
;TYPE:WALL-INNER
G1 F600 E753.23319
G1 F3600 X111.244 Y95.049 E754.46381
G1 X111.244 Y76.681 E754.75174
G1 X189.75 Y76.681 E755.98235
G1 X189.75 Y95.049 E756.27028
G0 F10500 X190.25 Y95.549
G1 F3600 X110.744 Y95.549 E757.51657
G1 X110.744 Y76.181 E757.82018
G1 X190.25 Y76.181 E759.06647
G1 X190.25 Y95.549 E759.37007
G0 F10500 X190.75 Y96.049
G1 F3600 X110.244 Y96.049 E760.63204
G1 X110.244 Y75.681 E760.95132
G1 X190.75 Y75.681 E762.21329
G1 X190.75 Y96.049 E762.53257
G0 F10500 X191.25 Y96.549
;TYPE:WALL-OUTER
G1 F2700 X109.744 Y96.549 E763.81021
G1 X109.744 Y75.181 E764.14516
G1 X191.25 Y75.181 E765.42281
G1 X191.25 Y96.549 E765.75776
G0 F10500 X191 Y96.549
G0 X190.68 Y95.979
G0 X189.26 Y94.559
;TYPE:SKIN
G1 F2700 X111.734 Y94.559 E766.97302
G1 X111.734 Y77.171 E767.24558
G1 X189.26 Y77.171 E768.46084
G1 X189.26 Y94.559 E768.7334
G0 F10500 X189.034 Y93.808
G1 F2700 X188.508 Y94.334 E768.74506
G0 F10500 X187.801 Y94.334
G1 F2700 X189.034 Y93.101 E768.7724
G0 F10500 X189.034 Y92.394
G1 F2700 X187.094 Y94.334 E768.8154
G0 F10500 X186.386 Y94.334
G1 F2700 X189.034 Y91.687 E768.87409
G0 F10500 X189.034 Y90.979
G1 F2700 X185.679 Y94.334 E768.94847
G0 F10500 X184.972 Y94.334
G1 F2700 X189.034 Y90.272 E769.03852
G0 F10500 X189.034 Y89.565
G1 F2700 X184.265 Y94.334 E769.14424
G0 F10500 X183.558 Y94.334
G1 F2700 X189.034 Y88.858 E769.26563
G0 F10500 X189.034 Y88.151
G1 F2700 X182.851 Y94.334 E769.4027
G0 F10500 X182.144 Y94.334
G1 F2700 X189.034 Y87.444 E769.55544
G0 F10500 X189.034 Y86.737
G1 F2700 X181.437 Y94.334 E769.72386
G0 F10500 X180.73 Y94.334
G1 F2700 X189.034 Y86.03 E769.90794
G0 F10500 X189.034 Y85.323
G1 F2700 X180.023 Y94.334 E770.1077
G0 F10500 X179.315 Y94.334
G1 F2700 X189.034 Y84.615 E770.32316
G0 F10500 X189.034 Y83.908
G1 F2700 X178.608 Y94.334 E770.55429
G0 F10500 X177.901 Y94.334
G1 F2700 X189.034 Y83.201 E770.80109
G0 F10500 X189.034 Y82.494
G1 F2700 X177.194 Y94.334 E771.06356
G0 F10500 X176.487 Y94.334
G1 F2700 X189.034 Y81.787 E771.34171
G0 F10500 X189.034 Y81.08
G1 F2700 X175.78 Y94.334 E771.63553
G0 F10500 X175.073 Y94.334
G1 F2700 X189.034 Y80.373 E771.94502
G0 F10500 X189.034 Y79.666
G1 F2700 X174.366 Y94.334 E772.27019
G0 F10500 X173.659 Y94.334
G1 F2700 X189.034 Y78.959 E772.61103
G0 F10500 X189.034 Y78.251
G1 F2700 X172.951 Y94.334 E772.96757
G0 F10500 X172.244 Y94.334
G1 F2700 X189.034 Y77.544 E773.33977
G0 F10500 X188.475 Y77.396
G1 F2700 X171.537 Y94.334 E773.71526
G0 F10500 X170.83 Y94.334
G1 F2700 X187.768 Y77.396 E774.09075
G0 F10500 X187.061 Y77.396
G1 F2700 X170.123 Y94.334 E774.46624
G0 F10500 X169.416 Y94.334
G1 F2700 X186.354 Y77.396 E774.84173
G0 F10500 X185.647 Y77.396
G1 F2700 X168.709 Y94.334 E775.21722
G0 F10500 X168.002 Y94.334
G1 F2700 X184.94 Y77.396 E775.59271
G0 F10500 X184.233 Y77.396
G1 F2700 X167.295 Y94.334 E775.9682
G0 F10500 X166.587 Y94.334
G1 F2700 X183.526 Y77.396 E776.3437
G0 F10500 X182.818 Y77.396
G1 F2700 X165.88 Y94.334 E776.71919
G0 F10500 X165.173 Y94.334
G1 F2700 X182.111 Y77.396 E777.09468
G0 F10500 X181.404 Y77.396
G1 F2700 X164.466 Y94.334 E777.47017
G0 F10500 X163.759 Y94.334
G1 F2700 X180.697 Y77.396 E777.84566
G0 F10500 X179.99 Y77.396
G1 F2700 X163.052 Y94.334 E778.22115
G0 F10500 X162.345 Y94.334
G1 F2700 X179.283 Y77.396 E778.59664
G0 F10500 X178.576 Y77.396
G1 F2700 X161.638 Y94.334 E778.97212
G0 F10500 X160.931 Y94.334
G1 F2700 X177.869 Y77.396 E779.34761
G0 F10500 X177.162 Y77.396
G1 F2700 X160.224 Y94.334 E779.7231
G0 F10500 X159.516 Y94.334
G1 F2700 X176.454 Y77.396 E780.09859
G0 F10500 X175.747 Y77.396
G1 F2700 X158.809 Y94.334 E780.47408
G0 F10500 X158.102 Y94.334
G1 F2700 X175.04 Y77.396 E780.84957
G0 F10500 X174.333 Y77.396
G1 F2700 X157.395 Y94.334 E781.22506
G0 F10500 X156.688 Y94.334
G1 F2700 X173.626 Y77.396 E781.60055
G0 F10500 X172.919 Y77.396
G1 F2700 X155.981 Y94.334 E781.97604
G0 F10500 X155.274 Y94.334
G1 F2700 X172.212 Y77.396 E782.35153
G0 F10500 X171.505 Y77.396
G1 F2700 X154.567 Y94.334 E782.72702
G0 F10500 X153.86 Y94.334
G1 F2700 X170.798 Y77.396 E783.10251
G0 F10500 X170.091 Y77.396
G1 F2700 X153.152 Y94.334 E783.47801
G0 F10500 X152.445 Y94.334
G1 F2700 X169.383 Y77.396 E783.8535
G0 F10500 X168.676 Y77.396
G1 F2700 X151.738 Y94.334 E784.22899
G0 F10500 X151.031 Y94.334
G1 F2700 X167.969 Y77.396 E784.60447
G0 F10500 X167.262 Y77.396
G1 F2700 X150.324 Y94.334 E784.97996
G0 F10500 X149.617 Y94.334
G1 F2700 X166.555 Y77.396 E785.35545
G0 F10500 X165.848 Y77.396
G1 F2700 X148.91 Y94.334 E785.73094
G0 F10500 X148.203 Y94.334
G1 F2700 X165.141 Y77.396 E786.10643
G0 F10500 X164.434 Y77.396
G1 F2700 X147.496 Y94.334 E786.48192
G0 F10500 X146.789 Y94.334
G1 F2700 X163.727 Y77.396 E786.85741
G0 F10500 X163.019 Y77.396
G1 F2700 X146.081 Y94.334 E787.2329
G0 F10500 X145.374 Y94.334
G1 F2700 X162.312 Y77.396 E787.60839
G0 F10500 X161.605 Y77.396
G1 F2700 X144.667 Y94.334 E787.98388
G0 F10500 X143.96 Y94.334
G1 F2700 X160.898 Y77.396 E788.35937
G0 F10500 X160.191 Y77.396
G1 F2700 X143.253 Y94.334 E788.73486
G0 F10500 X142.546 Y94.334
G1 F2700 X159.484 Y77.396 E789.11035
G0 F10500 X158.777 Y77.396
G1 F2700 X141.839 Y94.334 E789.48584
G0 F10500 X141.132 Y94.334
G1 F2700 X158.07 Y77.396 E789.86132
G0 F10500 X157.363 Y77.396
G1 F2700 X140.425 Y94.334 E790.23681
G0 F10500 X139.717 Y94.334
G1 F2700 X156.655 Y77.396 E790.6123
G0 F10500 X155.948 Y77.396
G1 F2700 X139.01 Y94.334 E790.98779
G0 F10500 X138.303 Y94.334
G1 F2700 X155.241 Y77.396 E791.36328
G0 F10500 X154.534 Y77.396
G1 F2700 X137.596 Y94.334 E791.73877
G0 F10500 X136.889 Y94.334
G1 F2700 X153.827 Y77.396 E792.11426
G0 F10500 X153.12 Y77.396
G1 F2700 X136.182 Y94.334 E792.48975
G0 F10500 X135.475 Y94.334
G1 F2700 X152.413 Y77.396 E792.86524
G0 F10500 X151.706 Y77.396
G1 F2700 X134.768 Y94.334 E793.24073
G0 F10500 X134.061 Y94.334
G1 F2700 X150.999 Y77.396 E793.61622
G0 F10500 X150.292 Y77.396
G1 F2700 X133.353 Y94.334 E793.99172
G0 F10500 X132.646 Y94.334
G1 F2700 X149.584 Y77.396 E794.36721
G0 F10500 X148.877 Y77.396
G1 F2700 X131.939 Y94.334 E794.7427
G0 F10500 X131.232 Y94.334
G1 F2700 X148.17 Y77.396 E795.11819
G0 F10500 X147.463 Y77.396
G1 F2700 X130.525 Y94.334 E795.49367
G0 F10500 X129.818 Y94.334
G1 F2700 X146.756 Y77.396 E795.86916
G0 F10500 X146.049 Y77.396
G1 F2700 X129.111 Y94.334 E796.24465
G0 F10500 X128.404 Y94.334
G1 F2700 X145.342 Y77.396 E796.62014
G0 F10500 X144.635 Y77.396
G1 F2700 X127.697 Y94.334 E796.99563
G0 F10500 X126.99 Y94.334
G1 F2700 X143.928 Y77.396 E797.37112
G0 F10500 X143.22 Y77.396
G1 F2700 X126.282 Y94.334 E797.74661
G0 F10500 X125.575 Y94.334
G1 F2700 X142.513 Y77.396 E798.1221
G0 F10500 X141.806 Y77.396
G1 F2700 X124.868 Y94.334 E798.49759
G0 F10500 X124.161 Y94.334
G1 F2700 X141.099 Y77.396 E798.87308
G0 F10500 X140.392 Y77.396
G1 F2700 X123.454 Y94.334 E799.24857
G0 F10500 X122.747 Y94.334
G1 F2700 X139.685 Y77.396 E799.62406
G0 F10500 X138.978 Y77.396
G1 F2700 X122.04 Y94.334 E799.99955
G0 F10500 X121.333 Y94.334
G1 F2700 X138.271 Y77.396 E800.37503
G0 F10500 X137.564 Y77.396
G1 F2700 X120.626 Y94.334 E800.75052
G0 F10500 X119.918 Y94.334
G1 F2700 X136.856 Y77.396 E801.12601
G0 F10500 X136.149 Y77.396
G1 F2700 X119.211 Y94.334 E801.5015
G0 F10500 X118.504 Y94.334
G1 F2700 X135.442 Y77.396 E801.87699
G0 F10500 X134.735 Y77.396
G1 F2700 X117.797 Y94.334 E802.25248
G0 F10500 X117.09 Y94.334
G1 F2700 X134.028 Y77.396 E802.62797
G0 F10500 X133.321 Y77.396
G1 F2700 X116.383 Y94.334 E803.00346
G0 F10500 X115.676 Y94.334
G1 F2700 X132.614 Y77.396 E803.37895
G0 F10500 X131.907 Y77.396
G1 F2700 X114.969 Y94.334 E803.75444
G0 F10500 X114.262 Y94.334
G1 F2700 X131.2 Y77.396 E804.12993
G0 F10500 X130.493 Y77.396
G1 F2700 X113.554 Y94.334 E804.50543
G0 F10500 X112.847 Y94.334
G1 F2700 X129.785 Y77.396 E804.88092
G0 F10500 X129.078 Y77.396
G1 F2700 X112.14 Y94.334 E805.25641
G0 F10500 X111.958 Y93.809
G1 F2700 X128.371 Y77.396 E805.62026
G0 F10500 X127.664 Y77.396
G1 F2700 X111.958 Y93.102 E805.96844
G0 F10500 X111.958 Y92.395
G1 F2700 X126.957 Y77.396 E806.30094
G0 F10500 X126.25 Y77.396
G1 F2700 X111.958 Y91.688 E806.61777
G0 F10500 X111.958 Y90.981
G1 F2700 X125.543 Y77.396 E806.91893
G0 F10500 X124.836 Y77.396
G1 F2700 X111.958 Y90.274 E807.20441
G0 F10500 X111.958 Y89.567
G1 F2700 X124.129 Y77.396 E807.47423
G0 F10500 X123.421 Y77.396
G1 F2700 X111.958 Y88.859 E807.72834
G0 F10500 X111.958 Y88.152
G1 F2700 X122.714 Y77.396 E807.96679
G0 F10500 X122.007 Y77.396
G1 F2700 X111.958 Y87.445 E808.18956
G0 F10500 X111.958 Y86.738
G1 F2700 X121.3 Y77.396 E808.39666
G0 F10500 X120.593 Y77.396
G1 F2700 X111.958 Y86.031 E808.58808
G0 F10500 X111.958 Y85.324
G1 F2700 X119.886 Y77.396 E808.76383
G0 F10500 X119.179 Y77.396
G1 F2700 X111.958 Y84.617 E808.92391
G0 F10500 X111.958 Y83.91
G1 F2700 X118.472 Y77.396 E809.06832
G0 F10500 X117.765 Y77.396
G1 F2700 X111.958 Y83.203 E809.19705
G0 F10500 X111.958 Y82.496
G1 F2700 X117.057 Y77.396 E809.3101
G0 F10500 X116.35 Y77.396
G1 F2700 X111.958 Y81.788 E809.40746
G0 F10500 X111.958 Y81.081
G1 F2700 X115.643 Y77.396 E809.48915
G0 F10500 X114.936 Y77.396
G1 F2700 X111.958 Y80.374 E809.55517
G0 F10500 X111.958 Y79.667
G1 F2700 X114.229 Y77.396 E809.60551
G0 F10500 X113.522 Y77.396
G1 F2700 X111.958 Y78.96 E809.64018
G0 F10500 X111.958 Y78.253
G1 F2700 X112.815 Y77.396 E809.65918
G0 F10500 X112.108 Y77.396
G1 F2700 X111.958 Y77.546 E809.66251
G1 F600 E808.66251
;MESH:NONMESH
G0 F10500 X110.258 Y75.695
G0 X110.258 Y74.266
G0 X98.372 Y64.592
G0 X97.839 Y64.059
G0 X97.839 Y25.803
G0 X100.02 Y21.981
;TIME_ELAPSED:2056.441640
;LAYER:6
G0 X100.02 Y21.981 Z1.4
;TYPE:SUPPORT
G1 F600 E809.66251
G1 F3600 X99.426 Y21.981 E809.67182
G1 X99.309 Y22.098 E809.67441
G1 X99.309 Y24.181 E809.70707
G1 X100.02 Y24.181 E809.71821
G1 X100.02 Y21.981 E809.7527
G1 X101.092 Y21.981 E809.7695
G1 X101.687 Y22.576 E809.78269
G1 X101.687 Y24.181 E809.80785
G1 X103.354 Y24.181 E809.83398
G1 X103.354 Y23.745 E809.84082
G1 X103.562 Y23.745 E809.84408
G1 X105.021 Y22.286 E809.87642
G1 X105.021 Y24.181 E809.90612
G1 X106.688 Y24.181 E809.93226
G1 X106.688 Y21.981 E809.96674
G1 X106.992 Y21.981 E809.97151
G1 X108.355 Y23.344 E810.00172
G1 X108.355 Y24.181 E810.01484
G1 X110.022 Y24.181 E810.04097
G1 X110.022 Y23.285 E810.05502
G1 X111.326 Y21.981 E810.08393
G1 X111.689 Y21.981 E810.08962
G1 X111.689 Y24.181 E810.1241
G1 X113.356 Y24.181 E810.15023
G1 X113.356 Y22.345 E810.17901
G1 X114.756 Y23.745 E810.21005
G1 X115.023 Y23.745 E810.21424
G1 X115.023 Y24.181 E810.22107
G1 X116.69 Y24.181 E810.2472
G1 X116.69 Y22.517 E810.27329
G1 X117.226 Y21.981 E810.28517
G1 X118.357 Y21.981 E810.3029
G1 X118.357 Y24.181 E810.33738
G1 X120.024 Y24.181 E810.36351
G1 X120.024 Y23.113 E810.38025
G1 X120.706 Y23.795 E810.39537
G1 X121.412 Y23.795 E810.40644
G1 X121.691 Y23.516 E810.41263
G1 X121.691 Y24.181 E810.42305
G1 X123.358 Y24.181 E810.44918
G1 X123.358 Y21.981 E810.48367
G1 X124.892 Y21.981 E810.50771
G1 X125.025 Y22.114 E810.51066
G1 X125.025 Y24.181 E810.54306
G1 X126.692 Y24.181 E810.56919
G1 X126.692 Y23.745 E810.57603
G1 X127.362 Y23.745 E810.58653
G1 X128.359 Y22.748 E810.60863
G1 X128.359 Y24.181 E810.6311
G1 X130.026 Y24.181 E810.65723
G1 X130.026 Y21.981 E810.69171
G1 X130.792 Y21.981 E810.70372
G1 X131.693 Y22.882 E810.72369
G1 X131.693 Y24.181 E810.74406
G1 X133.36 Y24.181 E810.77019
G1 X133.36 Y23.747 E810.77699
G1 X135.027 Y22.08 E810.81395
G1 X135.027 Y24.181 E810.84688
G1 X136.694 Y24.181 E810.87301
G1 X136.694 Y21.981 E810.9075
G1 X136.792 Y21.981 E810.90903
G1 X138.361 Y23.55 E810.94381
G1 X138.361 Y24.181 E810.95371
G1 X140.028 Y24.181 E810.97984
G1 X140.028 Y22.979 E810.99868
G1 X141.026 Y21.981 E811.0208
G1 X141.695 Y21.981 E811.03129
G1 X141.695 Y24.181 E811.06578
G1 X143.362 Y24.181 E811.09191
G1 X143.362 Y22.651 E811.11589
G1 X144.506 Y23.795 E811.14125
G1 X145.029 Y23.795 E811.14945
G1 X145.029 Y24.181 E811.1555
G1 X146.696 Y24.181 E811.18163
G1 X146.696 Y22.311 E811.21094
G1 X147.026 Y21.981 E811.21826
G1 X148.363 Y21.981 E811.23922
G1 X148.363 Y24.181 E811.2737
G1 X150.03 Y24.181 E811.29983
G1 X150.03 Y23.319 E811.31335
G1 X150.456 Y23.745 E811.32279
G1 X151.162 Y23.745 E811.33386
G1 X151.697 Y23.21 E811.34572
G1 X151.697 Y24.181 E811.36094
G1 X153.364 Y24.181 E811.38707
G1 X153.364 Y21.981 E811.42156
G1 X154.592 Y21.981 E811.44081
G1 X155.031 Y22.42 E811.45054
G1 X155.031 Y24.181 E811.47814
G1 X156.698 Y24.181 E811.50427
G1 X156.698 Y23.795 E811.51032
G1 X157.112 Y23.795 E811.51681
G1 X158.365 Y22.542 E811.54459
G1 X158.365 Y24.181 E811.57028
G1 X160.032 Y24.181 E811.59641
G1 X160.032 Y21.981 E811.6309
G1 X160.592 Y21.981 E811.63968
G1 X161.699 Y23.088 E811.66422
G1 X161.699 Y24.181 E811.68135
G1 X163.366 Y24.181 E811.70748
G1 X163.366 Y23.441 E811.71908
G1 X164.826 Y21.981 E811.75145
G1 X165.033 Y21.981 E811.75469
G1 X165.033 Y24.181 E811.78918
G1 X166.7 Y24.181 E811.81531
G1 X166.7 Y22.189 E811.84654
G1 X168.306 Y23.795 E811.88214
G1 X168.367 Y23.795 E811.88309
G1 X168.367 Y24.181 E811.88914
G1 X170.034 Y24.181 E811.91528
G1 X170.034 Y22.773 E811.93735
G1 X170.826 Y21.981 E811.9549
G1 X171.701 Y21.981 E811.96862
G1 X171.701 Y24.181 E812.00311
G1 X173.368 Y24.181 E812.02924
G1 X173.368 Y22.857 E812.04999
G1 X174.256 Y23.745 E812.06968
G1 X174.962 Y23.745 E812.08074
G1 X175.035 Y23.672 E812.08236
G1 X175.035 Y24.181 E812.09034
G1 X176.702 Y24.181 E812.11647
G1 X176.702 Y22.005 E812.15058
G1 X176.726 Y21.981 E812.15111
G1 X178.369 Y21.981 E812.17687
G1 X178.369 Y24.181 E812.21135
G1 X180.036 Y24.181 E812.23749
G1 X180.036 Y23.625 E812.2462
G1 X180.206 Y23.795 E812.24997
G1 X180.912 Y23.795 E812.26104
G1 X181.703 Y23.004 E812.27857
G1 X181.703 Y24.181 E812.29702
G1 X183.37 Y24.181 E812.32315
G1 X183.37 Y21.981 E812.35764
G1 X184.392 Y21.981 E812.37366
G1 X185.037 Y22.626 E812.38796
G1 X185.037 Y24.181 E812.41233
G1 X186.704 Y24.181 E812.43846
G1 X186.704 Y23.745 E812.4453
G1 X186.862 Y23.745 E812.44778
G1 X188.371 Y22.236 E812.48123
G1 X188.371 Y24.181 E812.51172
G1 X190.038 Y24.181 E812.53785
G1 X190.409 Y24.181 E812.54366
G1 X190.409 Y22.098 E812.57632
G1 X190.292 Y21.981 E812.57891
G1 X190.038 Y21.981 E812.58289
G1 X190.038 Y24.181 E812.61738
G1 F600 E811.61738
G0 F10500 X191.628 Y25.27
G0 X192.161 Y25.803
G0 X192.161 Y44.059
G0 X191.628 Y44.592
G0 X98.372 Y45.27
G0 X97.839 Y45.803
G0 X97.839 Y64.059
G0 X98.318 Y64.538
G0 X101.687 Y65.681
G1 F600 E812.61738
G1 F3600 X102.292 Y65.681 E812.62686
G1 X101.687 Y66.286 E812.64027
G1 X101.687 Y65.681 E812.64976
G1 X100.02 Y65.681 E812.67589
G1 X99.309 Y65.681 E812.68703
G1 X99.309 Y66.764 E812.70401
G1 X99.426 Y66.881 E812.7066
G1 X100.02 Y66.881 E812.71591
G1 X100.02 Y65.681 E812.73472
G0 F10500 X105.021 Y66.576
G1 F3600 X105.326 Y66.881 E812.74149
G1 X106.688 Y66.881 E812.76284
G1 X106.992 Y66.881 E812.7676
G1 X108.192 Y65.681 E812.7942
G1 X106.688 Y65.681 E812.81778
G1 X106.688 Y66.881 E812.83659
G0 F10500 X105.021 Y66.576
G1 F3600 X104.126 Y65.681 E812.85643
G1 X105.021 Y65.681 E812.87046
G1 X105.021 Y66.576 E812.88449
G0 F10500 X111.689 Y66.881
G1 F3600 X112.992 Y66.881 E812.90491
G1 X113.356 Y66.517 E812.91298
G1 X114.192 Y65.681 E812.93152
G1 X113.356 Y65.681 E812.94462
G1 X113.356 Y66.517 E812.95773
G0 F10500 X111.689 Y66.881
G1 F3600 X111.326 Y66.881 E812.96342
G1 X110.126 Y65.681 E812.99002
G1 X111.689 Y65.681 E813.01452
G1 X111.689 Y66.881 E813.03333
G0 F10500 X116.69 Y65.681
G1 F3600 X116.026 Y65.681 E813.04374
G1 X116.69 Y66.345 E813.05846
G1 X116.69 Y65.681 E813.06887
G1 X118.357 Y65.681 E813.095
G1 X118.357 Y66.881 E813.11381
G1 X118.892 Y66.881 E813.12219
G1 X120.024 Y65.749 E813.14729
G1 X120.092 Y65.681 E813.1488
G1 X120.024 Y65.681 E813.14986
G0 F10500 X123.358 Y65.681
G1 F3600 X122.026 Y65.681 E813.17074
G1 X123.226 Y66.881 E813.19734
G1 X123.358 Y66.881 E813.19941
G1 X123.358 Y65.681 E813.21822
G1 X125.025 Y65.681 E813.24436
G1 X126.092 Y65.681 E813.26108
G1 X125.025 Y66.748 E813.28473
G1 X125.025 Y65.681 E813.30146
G0 F10500 X128.359 Y66.114
G1 F3600 X129.126 Y66.881 E813.31846
G1 X130.026 Y66.881 E813.33257
G1 X130.026 Y65.681 E813.35138
G1 X131.693 Y65.681 E813.37751
G1 X131.992 Y65.681 E813.3822
G1 X131.693 Y65.98 E813.38883
G1 X131.693 Y65.681 E813.39352
G0 F10500 X128.359 Y66.114
G1 F3600 X127.926 Y65.681 E813.40311
G1 X128.359 Y65.681 E813.4099
G1 X128.359 Y66.114 E813.41669
G0 F10500 X135.027 Y66.782
G1 F3600 X135.126 Y66.881 E813.41888
G1 X136.694 Y66.881 E813.44346
G1 X136.792 Y66.881 E813.445
G1 X137.992 Y65.681 E813.4716
G1 X136.694 Y65.681 E813.49195
G1 X136.694 Y66.881 E813.51076
G0 F10500 X135.027 Y66.782
G1 F3600 X133.926 Y65.681 E813.53517
G1 X135.027 Y65.681 E813.55242
G1 X135.027 Y66.782 E813.56968
G0 F10500 X140.028 Y65.681
G1 F3600 X139.826 Y65.681 E813.57285
G1 X140.028 Y65.883 E813.57733
G1 X140.028 Y65.681 E813.58049
G1 X141.695 Y65.681 E813.60663
G1 X141.695 Y66.881 E813.62544
G1 X142.692 Y66.881 E813.64106
G1 X143.362 Y66.211 E813.65592
G1 X143.892 Y65.681 E813.66767
G1 X143.362 Y65.681 E813.67597
G1 X143.362 Y66.211 E813.68428
G0 F10500 X146.696 Y65.681
G1 F3600 X145.826 Y65.681 E813.69792
G1 X146.696 Y66.551 E813.71721
G1 X146.696 Y65.681 E813.73084
G1 X148.363 Y65.681 E813.75698
G1 X149.892 Y65.681 E813.78094
G1 X148.692 Y66.881 E813.80755
G1 X148.363 Y66.881 E813.8127
G1 X148.363 Y65.681 E813.83151
G0 F10500 X153.364 Y65.681
G1 F3600 X151.726 Y65.681 E813.85719
G1 X152.926 Y66.881 E813.88379
G1 X153.364 Y66.881 E813.89066
G1 X153.364 Y65.681 E813.90947
G1 X155.031 Y65.681 E813.9356
G1 X155.792 Y65.681 E813.94753
G1 X155.031 Y66.442 E813.9644
G1 X155.031 Y65.681 E813.97633
G0 F10500 X158.365 Y66.32
G1 F3600 X158.926 Y66.881 E813.98876
G1 X160.032 Y66.881 E814.0061
G1 X160.032 Y65.681 E814.02491
G1 X161.699 Y65.681 E814.05104
G1 X161.792 Y65.681 E814.0525
G1 X161.699 Y65.774 E814.05456
G0 F10500 X158.365 Y66.32
G1 F3600 X157.726 Y65.681 E814.06873
G1 X158.365 Y65.681 E814.07874
G1 X158.365 Y66.32 E814.08876
G0 F10500 X165.033 Y66.881
G1 F3600 X166.492 Y66.881 E814.11163
G1 X166.7 Y66.673 E814.11624
G1 X167.692 Y65.681 E814.13823
G1 X166.7 Y65.681 E814.15378
G1 X166.7 Y66.673 E814.16933
G0 F10500 X165.033 Y66.881
G1 F3600 X164.826 Y66.881 E814.17258
G1 X163.626 Y65.681 E814.19918
G1 X165.033 Y65.681 E814.22124
G1 X165.033 Y66.881 E814.24005
G0 F10500 X170.034 Y65.681
G1 F3600 X169.626 Y65.681 E814.24644
G1 X170.034 Y66.089 E814.25549
G1 X170.034 Y65.681 E814.26188
G1 X171.701 Y65.681 E814.28801
G1 X171.701 Y66.881 E814.30682
G1 X172.492 Y66.881 E814.31922
G1 X173.368 Y66.005 E814.33864
G1 X173.692 Y65.681 E814.34583
G1 X173.368 Y65.681 E814.3509
G1 X173.368 Y66.005 E814.35598
G0 F10500 X176.702 Y65.681
G1 F3600 X175.526 Y65.681 E814.37442
G1 X176.702 Y66.857 E814.40049
G1 X176.702 Y65.681 E814.41892
G1 X178.369 Y65.681 E814.44505
G1 X179.592 Y65.681 E814.46422
G1 X178.392 Y66.881 E814.49083
G1 X178.369 Y66.881 E814.49119
G1 X178.369 Y65.681 E814.51
G0 F10500 X181.703 Y65.858
G1 F3600 X182.726 Y66.881 E814.53268
G1 X183.37 Y66.881 E814.54277
G1 X183.37 Y65.681 E814.56158
G1 X185.037 Y65.681 E814.58771
G1 X185.592 Y65.681 E814.59641
G1 X185.037 Y66.236 E814.60872
G1 X185.037 Y65.681 E814.61742
G0 F10500 X181.703 Y65.858
G1 F3600 X181.526 Y65.681 E814.62134
G1 X181.703 Y65.681 E814.62411
G1 X181.703 Y65.858 E814.62689
G0 F10500 X188.371 Y66.626
G1 F3600 X188.626 Y66.881 E814.63254
G1 X190.038 Y66.881 E814.65467
G1 X190.292 Y66.881 E814.65866
G1 X190.409 Y66.764 E814.66125
G1 X190.409 Y65.681 E814.67823
G1 X190.038 Y65.681 E814.68404
G1 X190.038 Y66.881 E814.70285
G0 F10500 X188.371 Y66.626
G1 F3600 X187.426 Y65.681 E814.7238
G1 X188.371 Y65.681 E814.73862
G1 X188.371 Y66.626 E814.75343
G1 F600 E813.75343
;MESH:
G0 F10500 X191.628 Y64.592
G0 X192.161 Y64.059
G0 X192.161 Y29.803
G0 X191.628 Y29.27
G0 X188.371 Y28.596
G0 X188.371 Y27.161
G0 X190.68 Y27.111
G0 X190.75 Y27.181
;TYPE:WALL-INNER
G1 F600 E814.75343
G1 F3600 X99.25 Y27.181 E816.18773
G1 X99.25 Y26.681 E816.19557
G1 X190.75 Y26.681 E817.62988
G1 X190.75 Y27.181 E817.63771
G0 F10500 X191.25 Y27.681
;TYPE:WALL-OUTER
G1 F2700 X98.75 Y27.681 E819.08769
G1 X98.75 Y26.181 E819.11121
G1 X191.25 Y26.181 E820.56119
G1 X191.25 Y27.681 E820.5847
G0 F10500 X191 Y27.681
G1 F600 E819.5847
G0 F10500 X190.68 Y27.111
G0 X190.68 Y27.161
G0 X190.68 Y28.596
G0 X190.68 Y29.266
G0 X190.68 Y30.701
G0 X190.68 Y31.111
G0 X190.75 Y31.181
;TYPE:WALL-INNER
G1 F600 E820.5847
G1 F3600 X99.25 Y31.181 E822.01901
G1 X99.25 Y30.681 E822.02684
G1 X190.75 Y30.681 E823.46115
G1 X190.75 Y31.181 E823.46899
G0 F10500 X191.25 Y31.681
;TYPE:WALL-OUTER
G1 F2700 X98.75 Y31.681 E824.91897
G1 X98.75 Y30.181 E824.94248
G1 X191.25 Y30.181 E826.39246
G1 X191.25 Y31.681 E826.41597
G0 F10500 X191 Y31.681
G1 F600 E825.41597
G0 F10500 X190.68 Y31.111
G0 X190.68 Y31.161
G0 X190.68 Y32.596
G0 X190.68 Y33.266
G0 X190.68 Y34.701
G0 X190.68 Y35.111
G0 X190.75 Y35.181
;TYPE:WALL-INNER
G1 F600 E826.41597
G1 F3600 X99.25 Y35.181 E827.85028
G1 X99.25 Y34.681 E827.85812
G1 X190.75 Y34.681 E829.29242
G1 X190.75 Y35.181 E829.30026
G0 F10500 X191.25 Y35.681
;TYPE:WALL-OUTER
G1 F2700 X98.75 Y35.681 E830.75024
G1 X98.75 Y34.181 E830.77375
G1 X191.25 Y34.181 E832.22373
G1 X191.25 Y35.681 E832.24725
G0 F10500 X191 Y35.681
G1 F600 E831.24725
G0 F10500 X190.68 Y35.111
G0 X190.68 Y35.161
G0 X190.68 Y36.596
G0 X190.68 Y37.266
G0 X190.68 Y38.701
G0 X190.68 Y39.111
G0 X190.75 Y39.181
;TYPE:WALL-INNER
G1 F600 E832.24725
G1 F3600 X99.25 Y39.181 E833.68155
G1 X99.25 Y38.681 E833.68939
G1 X190.75 Y38.681 E835.12369
G1 X190.75 Y39.181 E835.13153
G0 F10500 X191.25 Y39.681
;TYPE:WALL-OUTER
G1 F2700 X98.75 Y39.681 E836.58151
G1 X98.75 Y38.181 E836.60503
G1 X191.25 Y38.181 E838.05501
G1 X191.25 Y39.681 E838.07852
G0 F10500 X191 Y39.681
G1 F600 E837.07852
G0 F10500 X190.68 Y39.111
G0 X190.68 Y39.161
G0 X190.68 Y40.596
G0 X190.68 Y41.266
G0 X190.68 Y42.701
G0 X190.68 Y43.111
G0 X190.75 Y43.181
;TYPE:WALL-INNER
G1 F600 E838.07852
G1 F3600 X99.25 Y43.181 E839.51282
G1 X99.25 Y42.681 E839.52066
G1 X190.75 Y42.681 E840.95497
G1 X190.75 Y43.181 E840.9628
G0 F10500 X191.25 Y43.681
;TYPE:WALL-OUTER
G1 F2700 X98.75 Y43.681 E842.41278
G1 X98.75 Y42.181 E842.4363
G1 X191.25 Y42.181 E843.88628
G1 X191.25 Y43.681 E843.90979
G0 F10500 X191 Y43.681
G1 F600 E842.90979
G0 F10500 X190.68 Y43.111
G0 X190.68 Y43.161
G0 X190.68 Y44.596
G0 X190.68 Y45.266
G0 X190.68 Y46.701
G0 X190.68 Y47.111
G0 X190.75 Y47.181
;TYPE:WALL-INNER
G1 F600 E843.90979
G1 F3600 X99.25 Y47.181 E845.3441
G1 X99.25 Y46.681 E845.35193
G1 X190.75 Y46.681 E846.78624
G1 X190.75 Y47.181 E846.79408
G0 F10500 X191.25 Y47.681
;TYPE:WALL-OUTER
G1 F2700 X98.75 Y47.681 E848.24406
G1 X98.75 Y46.181 E848.26757
G1 X191.25 Y46.181 E849.71755
G1 X191.25 Y47.681 E849.74106
G0 F10500 X191 Y47.681
G1 F600 E848.74106
G0 F10500 X190.68 Y47.111
G0 X190.68 Y47.161
G0 X190.68 Y48.596
G0 X190.68 Y49.266
G0 X190.68 Y50.701
G0 X190.68 Y51.111
G0 X190.75 Y51.181
;TYPE:WALL-INNER
G1 F600 E849.74106
G1 F3600 X99.25 Y51.181 E851.17537
G1 X99.25 Y50.681 E851.18321
G1 X190.75 Y50.681 E852.61751
G1 X190.75 Y51.181 E852.62535
G0 F10500 X191.25 Y51.681
;TYPE:WALL-OUTER
G1 F2700 X98.75 Y51.681 E854.07533
G1 X98.75 Y50.181 E854.09884
G1 X191.25 Y50.181 E855.54882
G1 X191.25 Y51.681 E855.57234
G0 F10500 X191 Y51.681
G1 F600 E854.57234
G0 F10500 X190.68 Y51.111
G0 X190.68 Y51.161
G0 X190.68 Y52.596
G0 X190.68 Y53.266
G0 X190.68 Y54.701
G0 X190.68 Y55.111
G0 X190.75 Y55.181
;TYPE:WALL-INNER
G1 F600 E855.57234
G1 F3600 X99.25 Y55.181 E857.00664
G1 X99.25 Y54.681 E857.01448
G1 X190.75 Y54.681 E858.44878
G1 X190.75 Y55.181 E858.45662
G0 F10500 X191.25 Y55.681
;TYPE:WALL-OUTER
G1 F2700 X98.75 Y55.681 E859.9066
G1 X98.75 Y54.181 E859.93012
G1 X191.25 Y54.181 E861.3801
G1 X191.25 Y55.681 E861.40361
G0 F10500 X191 Y55.681
G1 F600 E860.40361
G0 F10500 X190.68 Y55.111
G0 X190.68 Y55.161
G0 X190.68 Y56.596
G0 X190.68 Y57.266
G0 X190.68 Y58.701
G0 X190.68 Y59.111
G0 X190.75 Y59.181
;TYPE:WALL-INNER
G1 F600 E861.40361
G1 F3600 X99.25 Y59.181 E862.83791
G1 X99.25 Y58.681 E862.84575
G1 X190.75 Y58.681 E864.28006
G1 X190.75 Y59.181 E864.28789
G0 F10500 X191.25 Y59.681
;TYPE:WALL-OUTER
G1 F2700 X98.75 Y59.681 E865.73787
G1 X98.75 Y58.181 E865.76139
G1 X191.25 Y58.181 E867.21137
G1 X191.25 Y59.681 E867.23488
G0 F10500 X191 Y59.681
G1 F600 E866.23488
G0 F10500 X190.68 Y59.111
G0 X190.68 Y59.161
G0 X190.68 Y60.596
G0 X190.68 Y61.266
G0 X190.68 Y62.701
G0 X190.68 Y63.111
G0 X190.75 Y63.181
;TYPE:WALL-INNER
G1 F600 E867.23488
G1 F3600 X99.25 Y63.181 E868.66919
G1 X99.25 Y62.681 E868.67702
G1 X190.75 Y62.681 E870.11133
G1 X190.75 Y63.181 E870.11917
G0 F10500 X191.25 Y63.681
;TYPE:WALL-OUTER
G1 F2700 X98.75 Y63.681 E871.56915
G1 X98.75 Y62.181 E871.59266
G1 X191.25 Y62.181 E873.04264
G1 X191.25 Y63.681 E873.06615
G0 F10500 X191 Y63.681
G1 F600 E872.06615
G0 F10500 X190.68 Y63.111
G0 X189.75 Y63.161
G0 X189.75 Y64.596
G0 X189.75 Y74.266
G0 X189.75 Y75.701
G0 X189.75 Y95.049
;TYPE:WALL-INNER
G1 F600 E873.06615
G1 F3600 X111.244 Y95.049 E874.29677
G1 X111.244 Y76.681 E874.5847
G1 X189.75 Y76.681 E875.81532
G1 X189.75 Y95.049 E876.10324
G0 F10500 X190.25 Y95.549
G1 F3600 X110.744 Y95.549 E877.34954
G1 X110.744 Y76.181 E877.65314
G1 X190.25 Y76.181 E878.89943
G1 X190.25 Y95.549 E879.20304
G0 F10500 X190.75 Y96.049
G1 F3600 X110.244 Y96.049 E880.465
G1 X110.244 Y75.681 E880.78428
G1 X190.75 Y75.681 E882.04625
G1 X190.75 Y96.049 E882.36553
G0 F10500 X191.25 Y96.549
;TYPE:WALL-OUTER
G1 F2700 X109.744 Y96.549 E883.64317
G1 X109.744 Y75.181 E883.97813
G1 X191.25 Y75.181 E885.25577
G1 X191.25 Y96.549 E885.59072
G0 F10500 X191 Y96.549
G0 X190.68 Y95.979
G0 X189.26 Y94.559
;TYPE:SKIN
G1 F2700 X111.734 Y94.559 E886.80598
G1 X111.734 Y77.171 E887.07854
G1 X189.26 Y77.171 E888.2938
G1 X189.26 Y94.559 E888.56637
G0 F10500 X189.034 Y78.018
G1 F2700 X188.412 Y77.396 E888.58015
G0 F10500 X187.705 Y77.396
G1 F2700 X189.034 Y78.725 E888.60962
G0 F10500 X189.034 Y79.432
G1 F2700 X186.997 Y77.396 E888.65476
G0 F10500 X186.29 Y77.396
G1 F2700 X189.034 Y80.139 E888.71558
G0 F10500 X189.034 Y80.847
G1 F2700 X185.583 Y77.396 E888.79209
G0 F10500 X184.876 Y77.396
G1 F2700 X189.034 Y81.554 E888.88426
G0 F10500 X189.034 Y82.261
G1 F2700 X184.169 Y77.396 E888.99211
G0 F10500 X183.462 Y77.396
G1 F2700 X189.034 Y82.968 E889.11563
G0 F10500 X189.034 Y83.675
G1 F2700 X182.755 Y77.396 E889.25483
G0 F10500 X182.048 Y77.396
G1 F2700 X189.034 Y84.382 E889.4097
G0 F10500 X189.034 Y85.089
G1 F2700 X181.341 Y77.396 E889.58024
G0 F10500 X180.633 Y77.396
G1 F2700 X189.034 Y85.796 E889.76647
G0 F10500 X189.034 Y86.503
G1 F2700 X179.926 Y77.396 E889.96837
G0 F10500 X179.219 Y77.396
G1 F2700 X189.034 Y87.211 E890.18595
G0 F10500 X189.034 Y87.918
G1 F2700 X178.512 Y77.396 E890.41921
G0 F10500 X177.805 Y77.396
G1 F2700 X189.034 Y88.625 E890.66813
G0 F10500 X189.034 Y89.332
G1 F2700 X177.098 Y77.396 E890.93274
G0 F10500 X176.391 Y77.396
G1 F2700 X189.034 Y90.039 E891.21301
G0 F10500 X189.034 Y90.746
G1 F2700 X175.684 Y77.396 E891.50896
G0 F10500 X174.977 Y77.396
G1 F2700 X189.034 Y91.453 E891.82058
G0 F10500 X189.034 Y92.16
G1 F2700 X174.27 Y77.396 E892.14788
G0 F10500 X173.562 Y77.396
G1 F2700 X189.034 Y92.867 E892.49086
G0 F10500 X189.034 Y93.574
G1 F2700 X172.855 Y77.396 E892.84951
G0 F10500 X172.148 Y77.396
G1 F2700 X189.034 Y94.282 E893.22385
G0 F10500 X188.379 Y94.334
G1 F2700 X171.441 Y77.396 E893.59934
G0 F10500 X170.734 Y77.396
G1 F2700 X187.672 Y94.334 E893.97483
G0 F10500 X186.965 Y94.334
G1 F2700 X170.027 Y77.396 E894.35031
G0 F10500 X169.32 Y77.396
G1 F2700 X186.258 Y94.334 E894.7258
G0 F10500 X185.551 Y94.334
G1 F2700 X168.613 Y77.396 E895.10129
G0 F10500 X167.906 Y77.396
G1 F2700 X184.844 Y94.334 E895.47678
G0 F10500 X184.136 Y94.334
G1 F2700 X167.198 Y77.396 E895.85227
G0 F10500 X166.491 Y77.396
G1 F2700 X183.429 Y94.334 E896.22776
G0 F10500 X182.722 Y94.334
G1 F2700 X165.784 Y77.396 E896.60325
G0 F10500 X165.077 Y77.396
G1 F2700 X182.015 Y94.334 E896.97874
G0 F10500 X181.308 Y94.334
G1 F2700 X164.37 Y77.396 E897.35423
G0 F10500 X163.663 Y77.396
G1 F2700 X180.601 Y94.334 E897.72972
G0 F10500 X179.894 Y94.334
G1 F2700 X162.956 Y77.396 E898.10521
G0 F10500 X162.249 Y77.396
G1 F2700 X179.187 Y94.334 E898.4807
G0 F10500 X178.48 Y94.334
G1 F2700 X161.542 Y77.396 E898.85619
G0 F10500 X160.834 Y77.396
G1 F2700 X177.773 Y94.334 E899.23169
G0 F10500 X177.065 Y94.334
G1 F2700 X160.127 Y77.396 E899.60718
G0 F10500 X159.42 Y77.396
G1 F2700 X176.358 Y94.334 E899.98267
G0 F10500 X175.651 Y94.334
G1 F2700 X158.713 Y77.396 E900.35815
G0 F10500 X158.006 Y77.396
G1 F2700 X174.944 Y94.334 E900.73364
G0 F10500 X174.237 Y94.334
G1 F2700 X157.299 Y77.396 E901.10913
G0 F10500 X156.592 Y77.396
G1 F2700 X173.53 Y94.334 E901.48462
G0 F10500 X172.823 Y94.334
G1 F2700 X155.885 Y77.396 E901.86011
G0 F10500 X155.178 Y77.396
G1 F2700 X172.116 Y94.334 E902.2356
G0 F10500 X171.409 Y94.334
G1 F2700 X154.471 Y77.396 E902.61109
G0 F10500 X153.763 Y77.396
G1 F2700 X170.701 Y94.334 E902.98658
G0 F10500 X169.994 Y94.334
G1 F2700 X153.056 Y77.396 E903.36207
G0 F10500 X152.349 Y77.396
G1 F2700 X169.287 Y94.334 E903.73756
G0 F10500 X168.58 Y94.334
G1 F2700 X151.642 Y77.396 E904.11305
G0 F10500 X150.935 Y77.396
G1 F2700 X167.873 Y94.334 E904.48854
G0 F10500 X167.166 Y94.334
G1 F2700 X150.228 Y77.396 E904.86403
G0 F10500 X149.521 Y77.396
G1 F2700 X166.459 Y94.334 E905.23951
G0 F10500 X165.752 Y94.334
G1 F2700 X148.814 Y77.396 E905.615
G0 F10500 X148.107 Y77.396
G1 F2700 X165.045 Y94.334 E905.99049
G0 F10500 X164.337 Y94.334
G1 F2700 X147.399 Y77.396 E906.36598
G0 F10500 X146.692 Y77.396
G1 F2700 X163.63 Y94.334 E906.74147
G0 F10500 X162.923 Y94.334
G1 F2700 X145.985 Y77.396 E907.11696
G0 F10500 X145.278 Y77.396
G1 F2700 X162.216 Y94.334 E907.49245
G0 F10500 X161.509 Y94.334
G1 F2700 X144.571 Y77.396 E907.86794
G0 F10500 X143.864 Y77.396
G1 F2700 X160.802 Y94.334 E908.24343
G0 F10500 X160.095 Y94.334
G1 F2700 X143.157 Y77.396 E908.61892
G0 F10500 X142.45 Y77.396
G1 F2700 X159.388 Y94.334 E908.99441
G0 F10500 X158.681 Y94.334
G1 F2700 X141.743 Y77.396 E909.3699
G0 F10500 X141.035 Y77.396
G1 F2700 X157.974 Y94.334 E909.7454
G0 F10500 X157.266 Y94.334
G1 F2700 X140.328 Y77.396 E910.12089
G0 F10500 X139.621 Y77.396
G1 F2700 X156.559 Y94.334 E910.49638
G0 F10500 X155.852 Y94.334
G1 F2700 X138.914 Y77.396 E910.87186
G0 F10500 X138.207 Y77.396
G1 F2700 X155.145 Y94.334 E911.24735
G0 F10500 X154.438 Y94.334
G1 F2700 X137.5 Y77.396 E911.62284
G0 F10500 X136.793 Y77.396
G1 F2700 X153.731 Y94.334 E911.99833
G0 F10500 X153.024 Y94.334
G1 F2700 X136.086 Y77.396 E912.37382
G0 F10500 X135.379 Y77.396
G1 F2700 X152.317 Y94.334 E912.74931
G0 F10500 X151.61 Y94.334
G1 F2700 X134.672 Y77.396 E913.1248
G0 F10500 X133.964 Y77.396
G1 F2700 X150.902 Y94.334 E913.50029
G0 F10500 X150.195 Y94.334
G1 F2700 X133.257 Y77.396 E913.87578
G0 F10500 X132.55 Y77.396
G1 F2700 X149.488 Y94.334 E914.25127
G0 F10500 X148.781 Y94.334
G1 F2700 X131.843 Y77.396 E914.62676
G0 F10500 X131.136 Y77.396
G1 F2700 X148.074 Y94.334 E915.00225
G0 F10500 X147.367 Y94.334
G1 F2700 X130.429 Y77.396 E915.37774
G0 F10500 X129.722 Y77.396
G1 F2700 X146.66 Y94.334 E915.75323
G0 F10500 X145.953 Y94.334
G1 F2700 X129.015 Y77.396 E916.12871
G0 F10500 X128.308 Y77.396
G1 F2700 X145.246 Y94.334 E916.5042
G0 F10500 X144.538 Y94.334
G1 F2700 X127.6 Y77.396 E916.87969
G0 F10500 X126.893 Y77.396
G1 F2700 X143.831 Y94.334 E917.25518
G0 F10500 X143.124 Y94.334
G1 F2700 X126.186 Y77.396 E917.63067
G0 F10500 X125.479 Y77.396
G1 F2700 X142.417 Y94.334 E918.00616
G0 F10500 X141.71 Y94.334
G1 F2700 X124.772 Y77.396 E918.38165
G0 F10500 X124.065 Y77.396
G1 F2700 X141.003 Y94.334 E918.75714
G0 F10500 X140.296 Y94.334
G1 F2700 X123.358 Y77.396 E919.13263
G0 F10500 X122.651 Y77.396
G1 F2700 X139.589 Y94.334 E919.50812
G0 F10500 X138.882 Y94.334
G1 F2700 X121.944 Y77.396 E919.88361
G0 F10500 X121.236 Y77.396
G1 F2700 X138.175 Y94.334 E920.25911
G0 F10500 X137.467 Y94.334
G1 F2700 X120.529 Y77.396 E920.6346
G0 F10500 X119.822 Y77.396
G1 F2700 X136.76 Y94.334 E921.01009
G0 F10500 X136.053 Y94.334
G1 F2700 X119.115 Y77.396 E921.38558
G0 F10500 X118.408 Y77.396
G1 F2700 X135.346 Y94.334 E921.76106
G0 F10500 X134.639 Y94.334
G1 F2700 X117.701 Y77.396 E922.13655
G0 F10500 X116.994 Y77.396
G1 F2700 X133.932 Y94.334 E922.51204
G0 F10500 X133.225 Y94.334
G1 F2700 X116.287 Y77.396 E922.88753
G0 F10500 X115.58 Y77.396
G1 F2700 X132.518 Y94.334 E923.26302
G0 F10500 X131.811 Y94.334
G1 F2700 X114.873 Y77.396 E923.63851
G0 F10500 X114.165 Y77.396
G1 F2700 X131.103 Y94.334 E924.014
G0 F10500 X130.396 Y94.334
G1 F2700 X113.458 Y77.396 E924.38949
G0 F10500 X112.751 Y77.396
G1 F2700 X129.689 Y94.334 E924.76498
G0 F10500 X128.982 Y94.334
G1 F2700 X112.044 Y77.396 E925.14047
G0 F10500 X111.958 Y78.017
G1 F2700 X128.275 Y94.334 E925.50219
G0 F10500 X127.568 Y94.334
G1 F2700 X111.958 Y78.724 E925.84824
G0 F10500 X111.958 Y79.431
G1 F2700 X126.861 Y94.334 E926.17862
G0 F10500 X126.154 Y94.334
G1 F2700 X111.958 Y80.138 E926.49332
G0 F10500 X111.958 Y80.845
G1 F2700 X125.447 Y94.334 E926.79235
G0 F10500 X124.74 Y94.334
G1 F2700 X111.958 Y81.552 E927.07571
G0 F10500 X111.958 Y82.259
G1 F2700 X124.032 Y94.334 E927.34338
G0 F10500 X123.325 Y94.334
G1 F2700 X111.958 Y82.966 E927.59538
G0 F10500 X111.958 Y83.674
G1 F2700 X122.618 Y94.334 E927.8317
G0 F10500 X121.911 Y94.334
G1 F2700 X111.958 Y84.381 E928.05234
G0 F10500 X111.958 Y85.088
G1 F2700 X121.204 Y94.334 E928.25731
G0 F10500 X120.497 Y94.334
G1 F2700 X111.958 Y85.795 E928.4466
G0 F10500 X111.958 Y86.502
G1 F2700 X119.79 Y94.334 E928.62023
G0 F10500 X119.083 Y94.334
G1 F2700 X111.958 Y87.209 E928.77818
G0 F10500 X111.958 Y87.916
G1 F2700 X118.376 Y94.334 E928.92046
G0 F10500 X117.668 Y94.334
G1 F2700 X111.958 Y88.623 E929.04705
G0 F10500 X111.958 Y89.33
G1 F2700 X116.961 Y94.334 E929.15797
G0 F10500 X116.254 Y94.334
G1 F2700 X111.958 Y90.038 E929.2532
G0 F10500 X111.958 Y90.745
G1 F2700 X115.547 Y94.334 E929.33277
G0 F10500 X114.84 Y94.334
G1 F2700 X111.958 Y91.452 E929.39666
G0 F10500 X111.958 Y92.159
G1 F2700 X114.133 Y94.334 E929.44487
G0 F10500 X113.426 Y94.334
G1 F2700 X111.958 Y92.866 E929.47742
G0 F10500 X111.958 Y93.573
G1 F2700 X112.719 Y94.334 E929.49429
G1 X112.807 Y94.422
G1 F600 E928.49429
;MESH:NONMESH
G0 F10500 X110.258 Y75.695
G0 X110.258 Y74.266
G0 X98.372 Y64.592
G0 X97.839 Y64.059
G0 X97.839 Y25.803
G0 X100.02 Y21.981
;TIME_ELAPSED:2249.352087
;LAYER:7
G0 X100.02 Y21.981 Z1.6
;TYPE:SUPPORT
G1 F600 E929.49429
G1 F3600 X99.426 Y21.981 E929.5036
G1 X99.309 Y22.098 E929.50619
G1 X99.309 Y24.181 E929.53884
G1 X100.02 Y24.181 E929.54999
G1 X100.02 Y21.981 E929.58447
G1 X101.092 Y21.981 E929.60128
G1 X101.687 Y22.576 E929.61447
G1 X101.687 Y24.181 E929.63963
G1 X103.354 Y24.181 E929.66576
G1 X103.354 Y23.745 E929.67259
G1 X103.562 Y23.745 E929.67585
G1 X105.021 Y22.286 E929.7082
G1 X105.021 Y24.181 E929.7379
G1 X106.688 Y24.181 E929.76403
G1 X106.688 Y21.981 E929.79852
G1 X106.992 Y21.981 E929.80328
G1 X108.355 Y23.344 E929.8335
G1 X108.355 Y24.181 E929.84662
G1 X110.022 Y24.181 E929.87275
G1 X110.022 Y23.285 E929.8868
G1 X111.326 Y21.981 E929.9157
G1 X111.689 Y21.981 E929.92139
G1 X111.689 Y24.181 E929.95588
G1 X113.356 Y24.181 E929.98201
G1 X113.356 Y22.345 E930.01079
G1 X114.756 Y23.745 E930.04183
G1 X115.023 Y23.745 E930.04601
G1 X115.023 Y24.181 E930.05285
G1 X116.69 Y24.181 E930.07898
G1 X116.69 Y22.517 E930.10506
G1 X117.226 Y21.981 E930.11694
G1 X118.357 Y21.981 E930.13467
G1 X118.357 Y24.181 E930.16916
G1 X120.024 Y24.181 E930.19529
G1 X120.024 Y23.113 E930.21203
G1 X120.706 Y23.795 E930.22715
G1 X121.412 Y23.795 E930.23822
G1 X121.691 Y23.516 E930.2444
G1 X121.691 Y24.181 E930.25483
G1 X123.358 Y24.181 E930.28096
G1 X123.358 Y21.981 E930.31544
G1 X124.892 Y21.981 E930.33949
G1 X125.025 Y22.114 E930.34244
G1 X125.025 Y24.181 E930.37484
G1 X126.692 Y24.181 E930.40097
G1 X126.692 Y23.745 E930.40781
G1 X127.362 Y23.745 E930.41831
G1 X128.359 Y22.748 E930.44041
G1 X128.359 Y24.181 E930.46287
G1 X130.026 Y24.181 E930.489
G1 X130.026 Y21.981 E930.52349
G1 X130.792 Y21.981 E930.5355
G1 X131.693 Y22.882 E930.55547
G1 X131.693 Y24.181 E930.57583
G1 X133.36 Y24.181 E930.60196
G1 X133.36 Y23.747 E930.60877
G1 X135.027 Y22.08 E930.64572
G1 X135.027 Y24.181 E930.67866
G1 X136.694 Y24.181 E930.70479
G1 X136.694 Y21.981 E930.73927
G1 X136.792 Y21.981 E930.74081
G1 X138.361 Y23.55 E930.77559
G1 X138.361 Y24.181 E930.78548
G1 X140.028 Y24.181 E930.81161
G1 X140.028 Y22.979 E930.83046
G1 X141.026 Y21.981 E930.85258
G1 X141.695 Y21.981 E930.86307
G1 X141.695 Y24.181 E930.89755
G1 X143.362 Y24.181 E930.92368
G1 X143.362 Y22.651 E930.94767
G1 X144.506 Y23.795 E930.97303
G1 X145.029 Y23.795 E930.98123
G1 X145.029 Y24.181 E930.98728
G1 X146.696 Y24.181 E931.01341
G1 X146.696 Y22.311 E931.04272
G1 X147.026 Y21.981 E931.05004
G1 X148.363 Y21.981 E931.07099
G1 X148.363 Y24.181 E931.10548
G1 X150.03 Y24.181 E931.13161
G1 X150.03 Y23.319 E931.14512
G1 X150.456 Y23.745 E931.15457
G1 X151.162 Y23.745 E931.16563
G1 X151.697 Y23.21 E931.1775
G1 X151.697 Y24.181 E931.19272
G1 X153.364 Y24.181 E931.21885
G1 X153.364 Y21.981 E931.25333
G1 X154.592 Y21.981 E931.27258
G1 X155.031 Y22.42 E931.28231
G1 X155.031 Y24.181 E931.30992
G1 X156.698 Y24.181 E931.33605
G1 X156.698 Y23.795 E931.3421
G1 X157.112 Y23.795 E931.34859
G1 X158.365 Y22.542 E931.37637
G1 X158.365 Y24.181 E931.40206
G1 X160.032 Y24.181 E931.42819
G1 X160.032 Y21.981 E931.46268
G1 X160.592 Y21.981 E931.47145
G1 X161.699 Y23.088 E931.496
G1 X161.699 Y24.181 E931.51313
G1 X163.366 Y24.181 E931.53926
G1 X163.366 Y23.441 E931.55086
G1 X164.826 Y21.981 E931.58323
G1 X165.033 Y21.981 E931.58647
G1 X165.033 Y24.181 E931.62096
G1 X166.7 Y24.181 E931.64709
G1 X166.7 Y22.189 E931.67831
G1 X168.306 Y23.795 E931.71392
G1 X168.367 Y23.795 E931.71487
G1 X168.367 Y24.181 E931.72092
G1 X170.034 Y24.181 E931.74705
G1 X170.034 Y22.773 E931.76912
G1 X170.826 Y21.981 E931.78668
G1 X171.701 Y21.981 E931.8004
G1 X171.701 Y24.181 E931.83488
G1 X173.368 Y24.181 E931.86101
G1 X173.368 Y22.857 E931.88177
G1 X174.256 Y23.745 E931.90145
G1 X174.962 Y23.745 E931.91252
G1 X175.035 Y23.672 E931.91414
G1 X175.035 Y24.181 E931.92212
G1 X176.702 Y24.181 E931.94825
G1 X176.702 Y22.005 E931.98236
G1 X176.726 Y21.981 E931.98289
G1 X178.369 Y21.981 E932.00865
G1 X178.369 Y24.181 E932.04313
G1 X180.036 Y24.181 E932.06926
G1 X180.036 Y23.625 E932.07798
G1 X180.206 Y23.795 E932.08175
G1 X180.912 Y23.795 E932.09281
G1 X181.703 Y23.004 E932.11035
G1 X181.703 Y24.181 E932.1288
G1 X183.37 Y24.181 E932.15493
G1 X183.37 Y21.981 E932.18942
G1 X184.392 Y21.981 E932.20544
G1 X185.037 Y22.626 E932.21974
G1 X185.037 Y24.181 E932.24411
G1 X186.704 Y24.181 E932.27024
G1 X186.704 Y23.745 E932.27708
G1 X186.862 Y23.745 E932.27955
G1 X188.371 Y22.236 E932.31301
G1 X188.371 Y24.181 E932.34349
G1 X190.038 Y24.181 E932.36962
G1 X190.409 Y24.181 E932.37544
G1 X190.409 Y22.098 E932.40809
G1 X190.292 Y21.981 E932.41069
G1 X190.038 Y21.981 E932.41467
G1 X190.038 Y24.181 E932.44915
G1 F600 E931.44915
G0 F10500 X191.628 Y25.27
G0 X192.161 Y25.803
G0 X192.161 Y44.059
G0 X191.628 Y44.592
G0 X98.372 Y45.27
G0 X97.839 Y45.803
G0 X97.839 Y64.059
G0 X98.318 Y64.538
G0 X101.687 Y65.681
G1 F600 E932.44915
G1 F3600 X102.292 Y65.681 E932.45864
G1 X101.687 Y66.286 E932.47205
G1 X101.687 Y65.681 E932.48153
G1 X100.02 Y65.681 E932.50766
G1 X99.309 Y65.681 E932.51881
G1 X99.309 Y66.764 E932.53579
G1 X99.426 Y66.881 E932.53838
G1 X100.02 Y66.881 E932.54769
G1 X100.02 Y65.681 E932.5665
G0 F10500 X105.021 Y66.576
G1 F3600 X105.326 Y66.881 E932.57326
G1 X106.688 Y66.881 E932.59461
G1 X106.992 Y66.881 E932.59938
G1 X108.192 Y65.681 E932.62598
G1 X106.688 Y65.681 E932.64956
G1 X106.688 Y66.881 E932.66837
G0 F10500 X105.021 Y66.576
G1 F3600 X104.126 Y65.681 E932.68821
G1 X105.021 Y65.681 E932.70224
G1 X105.021 Y66.576 E932.71627
G0 F10500 X111.689 Y66.881
G1 F3600 X112.992 Y66.881 E932.73669
G1 X113.356 Y66.517 E932.74476
G1 X114.192 Y65.681 E932.76329
G1 X113.356 Y65.681 E932.7764
G1 X113.356 Y66.517 E932.7895
G0 F10500 X111.689 Y66.881
G1 F3600 X111.326 Y66.881 E932.79519
G1 X110.126 Y65.681 E932.8218
G1 X111.689 Y65.681 E932.8463
G1 X111.689 Y66.881 E932.86511
G0 F10500 X116.69 Y65.681
G1 F3600 X116.026 Y65.681 E932.87552
G1 X116.69 Y66.345 E932.89024
G1 X116.69 Y65.681 E932.90064
G1 X118.357 Y65.681 E932.92677
G1 X118.357 Y66.881 E932.94559
G1 X118.892 Y66.881 E932.95397
G1 X120.024 Y65.749 E932.97907
G1 X120.092 Y65.681 E932.98057
G1 X120.024 Y65.681 E932.98164
G0 F10500 X123.358 Y65.681
G1 F3600 X122.026 Y65.681 E933.00252
G1 X123.226 Y66.881 E933.02912
G1 X123.358 Y66.881 E933.03119
G1 X123.358 Y65.681 E933.05
G1 X125.025 Y65.681 E933.07613
G1 X126.092 Y65.681 E933.09286
G1 X125.025 Y66.748 E933.11651
G1 X125.025 Y65.681 E933.13324
G0 F10500 X128.359 Y66.114
G1 F3600 X129.126 Y66.881 E933.15024
G1 X130.026 Y66.881 E933.16435
G1 X130.026 Y65.681 E933.18316
G1 X131.693 Y65.681 E933.20929
G1 X131.992 Y65.681 E933.21398
G1 X131.693 Y65.98 E933.22061
G1 X131.693 Y65.681 E933.22529
G0 F10500 X128.359 Y66.114
G1 F3600 X127.926 Y65.681 E933.23489
G1 X128.359 Y65.681 E933.24168
G1 X128.359 Y66.114 E933.24847
G0 F10500 X135.027 Y66.782
G1 F3600 X135.126 Y66.881 E933.25066
G1 X136.694 Y66.881 E933.27524
G1 X136.792 Y66.881 E933.27678
G1 X137.992 Y65.681 E933.30338
G1 X136.694 Y65.681 E933.32373
G1 X136.694 Y66.881 E933.34254
G0 F10500 X135.027 Y66.782
G1 F3600 X133.926 Y65.681 E933.36694
G1 X135.027 Y65.681 E933.3842
G1 X135.027 Y66.782 E933.40146
G0 F10500 X140.028 Y65.681
G1 F3600 X139.826 Y65.681 E933.40463
G1 X140.028 Y65.883 E933.40911
G1 X140.028 Y65.681 E933.41227
G1 X141.695 Y65.681 E933.4384
G1 X141.695 Y66.881 E933.45721
G1 X142.692 Y66.881 E933.47284
G1 X143.362 Y66.211 E933.48769
G1 X143.892 Y65.681 E933.49944
G1 X143.362 Y65.681 E933.50775
G1 X143.362 Y66.211 E933.51606
G0 F10500 X146.696 Y65.681
G1 F3600 X145.826 Y65.681 E933.5297
G1 X146.696 Y66.551 E933.54898
G1 X146.696 Y65.681 E933.56262
G1 X148.363 Y65.681 E933.58875
G1 X149.892 Y65.681 E933.61272
G1 X148.692 Y66.881 E933.63932
G1 X148.363 Y66.881 E933.64448
G1 X148.363 Y65.681 E933.66329
G0 F10500 X153.364 Y65.681
G1 F3600 X151.726 Y65.681 E933.68897
G1 X152.926 Y66.881 E933.71557
G1 X153.364 Y66.881 E933.72243
G1 X153.364 Y65.681 E933.74125
G1 X155.031 Y65.681 E933.76738
G1 X155.792 Y65.681 E933.77931
G1 X155.031 Y66.442 E933.79618
G1 X155.031 Y65.681 E933.8081
G0 F10500 X158.365 Y66.32
G1 F3600 X158.926 Y66.881 E933.82054
G1 X160.032 Y66.881 E933.83788
G1 X160.032 Y65.681 E933.85669
G1 X161.699 Y65.681 E933.88282
G1 X161.792 Y65.681 E933.88428
G1 X161.699 Y65.774 E933.88634
G0 F10500 X158.365 Y66.32
G1 F3600 X157.726 Y65.681 E933.9005
G1 X158.365 Y65.681 E933.91052
G1 X158.365 Y66.32 E933.92054
G0 F10500 X165.033 Y66.881
G1 F3600 X166.492 Y66.881 E933.94341
G1 X166.7 Y66.673 E933.94802
G1 X167.692 Y65.681 E933.97001
G1 X166.7 Y65.681 E933.98556
G1 X166.7 Y66.673 E934.00111
G0 F10500 X165.033 Y66.881
G1 F3600 X164.826 Y66.881 E934.00436
G1 X163.626 Y65.681 E934.03096
G1 X165.033 Y65.681 E934.05301
G1 X165.033 Y66.881 E934.07182
G0 F10500 X170.034 Y65.681
G1 F3600 X169.626 Y65.681 E934.07822
G1 X170.034 Y66.089 E934.08726
G1 X170.034 Y65.681 E934.09366
G1 X171.701 Y65.681 E934.11979
G1 X171.701 Y66.881 E934.1386
G1 X172.492 Y66.881 E934.151
G1 X173.368 Y66.005 E934.17042
G1 X173.692 Y65.681 E934.1776
G1 X173.368 Y65.681 E934.18268
G1 X173.368 Y66.005 E934.18776
G0 F10500 X176.702 Y65.681
G1 F3600 X175.526 Y65.681 E934.20619
G1 X176.702 Y66.857 E934.23226
G1 X176.702 Y65.681 E934.2507
G1 X178.369 Y65.681 E934.27683
G1 X179.592 Y65.681 E934.296
G1 X178.392 Y66.881 E934.3226
G1 X178.369 Y66.881 E934.32296
G1 X178.369 Y65.681 E934.34177
G0 F10500 X181.703 Y65.858
G1 F3600 X182.726 Y66.881 E934.36445
G1 X183.37 Y66.881 E934.37455
G1 X183.37 Y65.681 E934.39336
G1 X185.037 Y65.681 E934.41949
G1 X185.592 Y65.681 E934.42819
G1 X185.037 Y66.236 E934.44049
G1 X185.037 Y65.681 E934.44919
G0 F10500 X181.703 Y65.858
G1 F3600 X181.526 Y65.681 E934.45312
G1 X181.703 Y65.681 E934.45589
G1 X181.703 Y65.858 E934.45867
G0 F10500 X188.371 Y66.626
G1 F3600 X188.626 Y66.881 E934.46432
G1 X190.038 Y66.881 E934.48645
G1 X190.292 Y66.881 E934.49043
G1 X190.409 Y66.764 E934.49303
G1 X190.409 Y65.681 E934.51
G1 X190.038 Y65.681 E934.51582
G1 X190.038 Y66.881 E934.53463
G0 F10500 X188.371 Y66.626
G1 F3600 X187.426 Y65.681 E934.55558
G1 X188.371 Y65.681 E934.57039
G1 X188.371 Y66.626 E934.58521
G1 F600 E933.58521
;MESH:
G0 F10500 X191.628 Y64.592
G0 X192.161 Y64.059
G0 X192.161 Y29.803
G0 X191.628 Y29.27
G0 X188.371 Y28.596
G0 X188.371 Y27.161
G0 X190.68 Y27.111
G0 X190.75 Y27.181
;TYPE:WALL-INNER
G1 F600 E934.58521
G1 F3600 X99.25 Y27.181 E936.01951
G1 X99.25 Y26.681 E936.02735
G1 X190.75 Y26.681 E937.46165
G1 X190.75 Y27.181 E937.46949
G0 F10500 X191.25 Y27.681
;TYPE:WALL-OUTER
G1 F2700 X98.75 Y27.681 E938.91947
G1 X98.75 Y26.181 E938.94298
G1 X191.25 Y26.181 E940.39297
G1 X191.25 Y27.681 E940.41648
G0 F10500 X191 Y27.681
G1 F600 E939.41648
G0 F10500 X190.68 Y27.111
G0 X190.68 Y27.161
G0 X190.68 Y28.596
G0 X190.68 Y29.266
G0 X190.68 Y30.701
G0 X190.68 Y31.111
G0 X190.75 Y31.181
;TYPE:WALL-INNER
G1 F600 E940.41648
G1 F3600 X99.25 Y31.181 E941.85078
G1 X99.25 Y30.681 E941.85862
G1 X190.75 Y30.681 E943.29293
G1 X190.75 Y31.181 E943.30076
G0 F10500 X191.25 Y31.681
;TYPE:WALL-OUTER
G1 F2700 X98.75 Y31.681 E944.75074
G1 X98.75 Y30.181 E944.77426
G1 X191.25 Y30.181 E946.22424
G1 X191.25 Y31.681 E946.24775
G0 F10500 X191 Y31.681
G1 F600 E945.24775
G0 F10500 X190.68 Y31.111
G0 X190.68 Y31.161
G0 X190.68 Y32.596
G0 X190.68 Y33.266
G0 X190.68 Y34.701
G0 X190.68 Y35.111
G0 X190.75 Y35.181
;TYPE:WALL-INNER
G1 F600 E946.24775
G1 F3600 X99.25 Y35.181 E947.68206
G1 X99.25 Y34.681 E947.68989
G1 X190.75 Y34.681 E949.1242
G1 X190.75 Y35.181 E949.13204
G0 F10500 X191.25 Y35.681
;TYPE:WALL-OUTER
G1 F2700 X98.75 Y35.681 E950.58202
G1 X98.75 Y34.181 E950.60553
G1 X191.25 Y34.181 E952.05551
G1 X191.25 Y35.681 E952.07902
G0 F10500 X191 Y35.681
G1 F600 E951.07902
G0 F10500 X190.68 Y35.111
G0 X190.68 Y35.161
G0 X190.68 Y36.596
G0 X190.68 Y37.266
G0 X190.68 Y38.701
G0 X190.68 Y39.111
G0 X190.75 Y39.181
;TYPE:WALL-INNER
G1 F600 E952.07902
G1 F3600 X99.25 Y39.181 E953.51333
G1 X99.25 Y38.681 E953.52117
G1 X190.75 Y38.681 E954.95547
G1 X190.75 Y39.181 E954.96331
G0 F10500 X191.25 Y39.681
;TYPE:WALL-OUTER
G1 F2700 X98.75 Y39.681 E956.41329
G1 X98.75 Y38.181 E956.4368
G1 X191.25 Y38.181 E957.88678
G1 X191.25 Y39.681 E957.9103
G0 F10500 X191 Y39.681
G1 F600 E956.9103
G0 F10500 X190.68 Y39.111
G0 X190.68 Y39.161
G0 X190.68 Y40.596
G0 X190.68 Y41.266
G0 X190.68 Y42.701
G0 X190.68 Y43.111
G0 X190.75 Y43.181
;TYPE:WALL-INNER
G1 F600 E957.9103
G1 F3600 X99.25 Y43.181 E959.3446
G1 X99.25 Y42.681 E959.35244
G1 X190.75 Y42.681 E960.78674
G1 X190.75 Y43.181 E960.79458
G0 F10500 X191.25 Y43.681
;TYPE:WALL-OUTER
G1 F2700 X98.75 Y43.681 E962.24456
G1 X98.75 Y42.181 E962.26807
G1 X191.25 Y42.181 E963.71806
G1 X191.25 Y43.681 E963.74157
G0 F10500 X191 Y43.681
G1 F600 E962.74157
G0 F10500 X190.68 Y43.111
G0 X190.68 Y43.161
G0 X190.68 Y44.596
G0 X190.68 Y45.266
G0 X190.68 Y46.701
G0 X190.68 Y47.111
G0 X190.75 Y47.181
;TYPE:WALL-INNER
G1 F600 E963.74157
G1 F3600 X99.25 Y47.181 E965.17587
G1 X99.25 Y46.681 E965.18371
G1 X190.75 Y46.681 E966.61802
G1 X190.75 Y47.181 E966.62585
G0 F10500 X191.25 Y47.681
;TYPE:WALL-OUTER
G1 F2700 X98.75 Y47.681 E968.07583
G1 X98.75 Y46.181 E968.09935
G1 X191.25 Y46.181 E969.54933
G1 X191.25 Y47.681 E969.57284
G0 F10500 X191 Y47.681
G1 F600 E968.57284
G0 F10500 X190.68 Y47.111
G0 X190.68 Y47.161
G0 X190.68 Y48.596
G0 X190.68 Y49.266
G0 X190.68 Y50.701
G0 X190.68 Y51.111
G0 X190.75 Y51.181
;TYPE:WALL-INNER
G1 F600 E969.57284
G1 F3600 X99.25 Y51.181 E971.00715
G1 X99.25 Y50.681 E971.01498
G1 X190.75 Y50.681 E972.44929
G1 X190.75 Y51.181 E972.45713
G0 F10500 X191.25 Y51.681
;TYPE:WALL-OUTER
G1 F2700 X98.75 Y51.681 E973.90711
G1 X98.75 Y50.181 E973.93062
G1 X191.25 Y50.181 E975.3806
G1 X191.25 Y51.681 E975.40411
G0 F10500 X191 Y51.681
G1 F600 E974.40411
G0 F10500 X190.68 Y51.111
G0 X190.68 Y51.161
G0 X190.68 Y52.596
G0 X190.68 Y53.266
G0 X190.68 Y54.701
G0 X190.68 Y55.111
G0 X190.75 Y55.181
;TYPE:WALL-INNER
G1 F600 E975.40411
G1 F3600 X99.25 Y55.181 E976.83842
G1 X99.25 Y54.681 E976.84626
G1 X190.75 Y54.681 E978.28056
G1 X190.75 Y55.181 E978.2884
G0 F10500 X191.25 Y55.681
;TYPE:WALL-OUTER
G1 F2700 X98.75 Y55.681 E979.73838
G1 X98.75 Y54.181 E979.76189
G1 X191.25 Y54.181 E981.21187
G1 X191.25 Y55.681 E981.23539
G0 F10500 X191 Y55.681
G1 F600 E980.23539
G0 F10500 X190.68 Y55.111
G0 X190.68 Y55.161
G0 X190.68 Y56.596
G0 X190.68 Y57.266
G0 X190.68 Y58.701
G0 X190.68 Y59.111
G0 X190.75 Y59.181
;TYPE:WALL-INNER
G1 F600 E981.23539
G1 F3600 X99.25 Y59.181 E982.66969
G1 X99.25 Y58.681 E982.67753
G1 X190.75 Y58.681 E984.11183
G1 X190.75 Y59.181 E984.11967
G0 F10500 X191.25 Y59.681
;TYPE:WALL-OUTER
G1 F2700 X98.75 Y59.681 E985.56965
G1 X98.75 Y58.181 E985.59316
G1 X191.25 Y58.181 E987.04315
G1 X191.25 Y59.681 E987.06666
G0 F10500 X191 Y59.681
G1 F600 E986.06666
G0 F10500 X190.68 Y59.111
G0 X190.68 Y59.161
G0 X190.68 Y60.596
G0 X190.68 Y61.266
G0 X190.68 Y62.701
G0 X190.68 Y63.111
G0 X190.75 Y63.181
;TYPE:WALL-INNER
G1 F600 E987.06666
G1 F3600 X99.25 Y63.181 E988.50096
G1 X99.25 Y62.681 E988.5088
G1 X190.75 Y62.681 E989.94311
G1 X190.75 Y63.181 E989.95094
G0 F10500 X191.25 Y63.681
;TYPE:WALL-OUTER
G1 F2700 X98.75 Y63.681 E991.40092
G1 X98.75 Y62.181 E991.42444
G1 X191.25 Y62.181 E992.87442
G1 X191.25 Y63.681 E992.89793
G0 F10500 X191 Y63.681
G1 F600 E991.89793
G0 F10500 X190.68 Y63.111
G0 X189.75 Y63.161
G0 X189.75 Y64.596
G0 X189.75 Y74.266
G0 X189.75 Y75.701
G0 X189.75 Y95.049
;TYPE:WALL-INNER
G1 F600 E992.89793
G1 F3600 X111.244 Y95.049 E994.12855
G1 X111.244 Y76.681 E994.41648
G1 X189.75 Y76.681 E995.64709
G1 X189.75 Y95.049 E995.93502
G0 F10500 X190.25 Y95.549
G1 F3600 X110.744 Y95.549 E997.18131
G1 X110.744 Y76.181 E997.48492
G1 X190.25 Y76.181 E998.73121
G1 X190.25 Y95.549 E999.03481
G0 F10500 X190.75 Y96.049
G1 F3600 X110.244 Y96.049 E1000.29678
G1 X110.244 Y75.681 E1000.61606
G1 X190.75 Y75.681 E1001.87803
G1 X190.75 Y96.049 E1002.19731
G0 F10500 X191.25 Y96.549
;TYPE:WALL-OUTER
G1 F2700 X109.744 Y96.549 E1003.47495
G1 X109.744 Y75.181 E1003.8099
G1 X191.25 Y75.181 E1005.08755
G1 X191.25 Y96.549 E1005.4225
G0 F10500 X191 Y96.549
G0 X190.68 Y95.979
G0 X189.26 Y94.559
;TYPE:SKIN
G1 F2700 X111.734 Y94.559 E1006.63776
G1 X111.734 Y77.171 E1006.91032
G1 X189.26 Y77.171 E1008.12558
G1 X189.26 Y94.559 E1008.39814
G0 F10500 X189.034 Y93.808
G1 F2700 X188.508 Y94.334 E1008.4098
G0 F10500 X187.801 Y94.334
G1 F2700 X189.034 Y93.101 E1008.43714
G0 F10500 X189.034 Y92.394
G1 F2700 X187.094 Y94.334 E1008.48014
G0 F10500 X186.386 Y94.334
G1 F2700 X189.034 Y91.687 E1008.53884
G0 F10500 X189.034 Y90.979
G1 F2700 X185.679 Y94.334 E1008.61321
G0 F10500 X184.972 Y94.334
G1 F2700 X189.034 Y90.272 E1008.70326
G0 F10500 X189.034 Y89.565
G1 F2700 X184.265 Y94.334 E1008.80898
G0 F10500 X183.558 Y94.334
G1 F2700 X189.034 Y88.858 E1008.93037
G0 F10500 X189.034 Y88.151
G1 F2700 X182.851 Y94.334 E1009.06744
G0 F10500 X182.144 Y94.334
G1 F2700 X189.034 Y87.444 E1009.22018
G0 F10500 X189.034 Y86.737
G1 F2700 X181.437 Y94.334 E1009.3886
G0 F10500 X180.73 Y94.334
G1 F2700 X189.034 Y86.03 E1009.57268
G0 F10500 X189.034 Y85.323
G1 F2700 X180.023 Y94.334 E1009.77244
G0 F10500 X179.315 Y94.334
G1 F2700 X189.034 Y84.615 E1009.9879
G0 F10500 X189.034 Y83.908
G1 F2700 X178.608 Y94.334 E1010.21903
G0 F10500 X177.901 Y94.334
G1 F2700 X189.034 Y83.201 E1010.46583
G0 F10500 X189.034 Y82.494
G1 F2700 X177.194 Y94.334 E1010.7283
G0 F10500 X176.487 Y94.334
G1 F2700 X189.034 Y81.787 E1011.00645
G0 F10500 X189.034 Y81.08
G1 F2700 X175.78 Y94.334 E1011.30027
G0 F10500 X175.073 Y94.334
G1 F2700 X189.034 Y80.373 E1011.60976
G0 F10500 X189.034 Y79.666
G1 F2700 X174.366 Y94.334 E1011.93493
G0 F10500 X173.659 Y94.334
G1 F2700 X189.034 Y78.959 E1012.27577
G0 F10500 X189.034 Y78.251
G1 F2700 X172.951 Y94.334 E1012.63231
G0 F10500 X172.244 Y94.334
G1 F2700 X189.034 Y77.544 E1013.00451
G0 F10500 X188.475 Y77.396
G1 F2700 X171.537 Y94.334 E1013.38
G0 F10500 X170.83 Y94.334
G1 F2700 X187.768 Y77.396 E1013.75549
G0 F10500 X187.061 Y77.396
G1 F2700 X170.123 Y94.334 E1014.13098
G0 F10500 X169.416 Y94.334
G1 F2700 X186.354 Y77.396 E1014.50647
G0 F10500 X185.647 Y77.396
G1 F2700 X168.709 Y94.334 E1014.88196
G0 F10500 X168.002 Y94.334
G1 F2700 X184.94 Y77.396 E1015.25745
G0 F10500 X184.233 Y77.396
G1 F2700 X167.295 Y94.334 E1015.63294
G0 F10500 X166.587 Y94.334
G1 F2700 X183.526 Y77.396 E1016.00844
G0 F10500 X182.818 Y77.396
G1 F2700 X165.88 Y94.334 E1016.38393
G0 F10500 X165.173 Y94.334
G1 F2700 X182.111 Y77.396 E1016.75942
G0 F10500 X181.404 Y77.396
G1 F2700 X164.466 Y94.334 E1017.13491
G0 F10500 X163.759 Y94.334
G1 F2700 X180.697 Y77.396 E1017.5104
G0 F10500 X179.99 Y77.396
G1 F2700 X163.052 Y94.334 E1017.88589
G0 F10500 X162.345 Y94.334
G1 F2700 X179.283 Y77.396 E1018.26138
G0 F10500 X178.576 Y77.396
G1 F2700 X161.638 Y94.334 E1018.63687
G0 F10500 X160.931 Y94.334
G1 F2700 X177.869 Y77.396 E1019.01235
G0 F10500 X177.162 Y77.396
G1 F2700 X160.224 Y94.334 E1019.38784
G0 F10500 X159.516 Y94.334
G1 F2700 X176.454 Y77.396 E1019.76333
G0 F10500 X175.747 Y77.396
G1 F2700 X158.809 Y94.334 E1020.13882
G0 F10500 X158.102 Y94.334
G1 F2700 X175.04 Y77.396 E1020.51431
G0 F10500 X174.333 Y77.396
G1 F2700 X157.395 Y94.334 E1020.8898
G0 F10500 X156.688 Y94.334
G1 F2700 X173.626 Y77.396 E1021.26529
G0 F10500 X172.919 Y77.396
G1 F2700 X155.981 Y94.334 E1021.64078
G0 F10500 X155.274 Y94.334
G1 F2700 X172.212 Y77.396 E1022.01627
G0 F10500 X171.505 Y77.396
G1 F2700 X154.567 Y94.334 E1022.39176
G0 F10500 X153.86 Y94.334
G1 F2700 X170.798 Y77.396 E1022.76725
G0 F10500 X170.091 Y77.396
G1 F2700 X153.152 Y94.334 E1023.14275
G0 F10500 X152.445 Y94.334
G1 F2700 X169.383 Y77.396 E1023.51824
G0 F10500 X168.676 Y77.396
G1 F2700 X151.738 Y94.334 E1023.89373
G0 F10500 X151.031 Y94.334
G1 F2700 X167.969 Y77.396 E1024.26922
G0 F10500 X167.262 Y77.396
G1 F2700 X150.324 Y94.334 E1024.6447
G0 F10500 X149.617 Y94.334
G1 F2700 X166.555 Y77.396 E1025.02019
G0 F10500 X165.848 Y77.396
G1 F2700 X148.91 Y94.334 E1025.39568
G0 F10500 X148.203 Y94.334
G1 F2700 X165.141 Y77.396 E1025.77117
G0 F10500 X164.434 Y77.396
G1 F2700 X147.496 Y94.334 E1026.14666
G0 F10500 X146.789 Y94.334
G1 F2700 X163.727 Y77.396 E1026.52215
G0 F10500 X163.019 Y77.396
G1 F2700 X146.081 Y94.334 E1026.89764
G0 F10500 X145.374 Y94.334
G1 F2700 X162.312 Y77.396 E1027.27313
G0 F10500 X161.605 Y77.396
G1 F2700 X144.667 Y94.334 E1027.64862
G0 F10500 X143.96 Y94.334
G1 F2700 X160.898 Y77.396 E1028.02411
G0 F10500 X160.191 Y77.396
G1 F2700 X143.253 Y94.334 E1028.3996
G0 F10500 X142.546 Y94.334
G1 F2700 X159.484 Y77.396 E1028.77509
G0 F10500 X158.777 Y77.396
G1 F2700 X141.839 Y94.334 E1029.15058
G0 F10500 X141.132 Y94.334
G1 F2700 X158.07 Y77.396 E1029.52606
G0 F10500 X157.363 Y77.396
G1 F2700 X140.425 Y94.334 E1029.90155
G0 F10500 X139.717 Y94.334
G1 F2700 X156.655 Y77.396 E1030.27704
G0 F10500 X155.948 Y77.396
G1 F2700 X139.01 Y94.334 E1030.65253
G0 F10500 X138.303 Y94.334
G1 F2700 X155.241 Y77.396 E1031.02802
G0 F10500 X154.534 Y77.396
G1 F2700 X137.596 Y94.334 E1031.40351
G0 F10500 X136.889 Y94.334
G1 F2700 X153.827 Y77.396 E1031.779
G0 F10500 X153.12 Y77.396
G1 F2700 X136.182 Y94.334 E1032.15449
G0 F10500 X135.475 Y94.334
G1 F2700 X152.413 Y77.396 E1032.52998
G0 F10500 X151.706 Y77.396
G1 F2700 X134.768 Y94.334 E1032.90547
G0 F10500 X134.061 Y94.334
G1 F2700 X150.999 Y77.396 E1033.28096
G0 F10500 X150.292 Y77.396
G1 F2700 X133.353 Y94.334 E1033.65646
G0 F10500 X132.646 Y94.334
G1 F2700 X149.584 Y77.396 E1034.03195
G0 F10500 X148.877 Y77.396
G1 F2700 X131.939 Y94.334 E1034.40744
G0 F10500 X131.232 Y94.334
G1 F2700 X148.17 Y77.396 E1034.78293
G0 F10500 X147.463 Y77.396
G1 F2700 X130.525 Y94.334 E1035.15841
G0 F10500 X129.818 Y94.334
G1 F2700 X146.756 Y77.396 E1035.5339
G0 F10500 X146.049 Y77.396
G1 F2700 X129.111 Y94.334 E1035.90939
G0 F10500 X128.404 Y94.334
G1 F2700 X145.342 Y77.396 E1036.28488
G0 F10500 X144.635 Y77.396
G1 F2700 X127.697 Y94.334 E1036.66037
G0 F10500 X126.99 Y94.334
G1 F2700 X143.928 Y77.396 E1037.03586
G0 F10500 X143.22 Y77.396
G1 F2700 X126.282 Y94.334 E1037.41135
G0 F10500 X125.575 Y94.334
G1 F2700 X142.513 Y77.396 E1037.78684
G0 F10500 X141.806 Y77.396
G1 F2700 X124.868 Y94.334 E1038.16233
G0 F10500 X124.161 Y94.334
G1 F2700 X141.099 Y77.396 E1038.53782
G0 F10500 X140.392 Y77.396
G1 F2700 X123.454 Y94.334 E1038.91331
G0 F10500 X122.747 Y94.334
G1 F2700 X139.685 Y77.396 E1039.2888
G0 F10500 X138.978 Y77.396
G1 F2700 X122.04 Y94.334 E1039.66429
G0 F10500 X121.333 Y94.334
G1 F2700 X138.271 Y77.396 E1040.03978
G0 F10500 X137.564 Y77.396
G1 F2700 X120.626 Y94.334 E1040.41526
G0 F10500 X119.918 Y94.334
G1 F2700 X136.856 Y77.396 E1040.79075
G0 F10500 X136.149 Y77.396
G1 F2700 X119.211 Y94.334 E1041.16624
G0 F10500 X118.504 Y94.334
G1 F2700 X135.442 Y77.396 E1041.54173
G0 F10500 X134.735 Y77.396
G1 F2700 X117.797 Y94.334 E1041.91722
G0 F10500 X117.09 Y94.334
G1 F2700 X134.028 Y77.396 E1042.29271
G0 F10500 X133.321 Y77.396
G1 F2700 X116.383 Y94.334 E1042.6682
G0 F10500 X115.676 Y94.334
G1 F2700 X132.614 Y77.396 E1043.04369
G0 F10500 X131.907 Y77.396
G1 F2700 X114.969 Y94.334 E1043.41918
G0 F10500 X114.262 Y94.334
G1 F2700 X131.2 Y77.396 E1043.79467
G0 F10500 X130.493 Y77.396
G1 F2700 X113.554 Y94.334 E1044.17017
G0 F10500 X112.847 Y94.334
G1 F2700 X129.785 Y77.396 E1044.54566
G0 F10500 X129.078 Y77.396
G1 F2700 X112.14 Y94.334 E1044.92115
G0 F10500 X111.958 Y93.809
G1 F2700 X128.371 Y77.396 E1045.285
G0 F10500 X127.664 Y77.396
G1 F2700 X111.958 Y93.102 E1045.63318
G0 F10500 X111.958 Y92.395
G1 F2700 X126.957 Y77.396 E1045.96568
G0 F10500 X126.25 Y77.396
G1 F2700 X111.958 Y91.688 E1046.28251
G0 F10500 X111.958 Y90.981
G1 F2700 X125.543 Y77.396 E1046.58367
G0 F10500 X124.836 Y77.396
G1 F2700 X111.958 Y90.274 E1046.86916
G0 F10500 X111.958 Y89.567
G1 F2700 X124.129 Y77.396 E1047.13897
G0 F10500 X123.421 Y77.396
G1 F2700 X111.958 Y88.859 E1047.39308
G0 F10500 X111.958 Y88.152
G1 F2700 X122.714 Y77.396 E1047.63153
G0 F10500 X122.007 Y77.396
G1 F2700 X111.958 Y87.445 E1047.8543
G0 F10500 X111.958 Y86.738
G1 F2700 X121.3 Y77.396 E1048.0614
G0 F10500 X120.593 Y77.396
G1 F2700 X111.958 Y86.031 E1048.25282
G0 F10500 X111.958 Y85.324
G1 F2700 X119.886 Y77.396 E1048.42857
G0 F10500 X119.179 Y77.396
G1 F2700 X111.958 Y84.617 E1048.58865
G0 F10500 X111.958 Y83.91
G1 F2700 X118.472 Y77.396 E1048.73306
G0 F10500 X117.765 Y77.396
G1 F2700 X111.958 Y83.203 E1048.86179
G0 F10500 X111.958 Y82.496
G1 F2700 X117.057 Y77.396 E1048.97484
G0 F10500 X116.35 Y77.396
G1 F2700 X111.958 Y81.788 E1049.0722
G0 F10500 X111.958 Y81.081
G1 F2700 X115.643 Y77.396 E1049.15389
G0 F10500 X114.936 Y77.396
G1 F2700 X111.958 Y80.374 E1049.21991
G0 F10500 X111.958 Y79.667
G1 F2700 X114.229 Y77.396 E1049.27025
G0 F10500 X113.522 Y77.396
G1 F2700 X111.958 Y78.96 E1049.30493
G0 F10500 X111.958 Y78.253
G1 F2700 X112.815 Y77.396 E1049.32392
G0 F10500 X112.108 Y77.396
G1 F2700 X111.958 Y77.546 E1049.32725
G1 F600 E1048.32725
;MESH:NONMESH
G0 F10500 X110.258 Y75.695
G0 X110.258 Y74.266
G0 X98.372 Y64.592
G0 X97.839 Y64.059
G0 X97.839 Y25.803
G0 X100.02 Y21.981
;TIME_ELAPSED:2441.830924
;LAYER:8
G0 X100.02 Y21.981 Z1.8
;TYPE:SUPPORT
G1 F600 E1049.32725
G1 F3600 X99.426 Y21.981 E1049.33656
G1 X99.309 Y22.098 E1049.33915
G1 X99.309 Y24.181 E1049.37181
G1 X100.02 Y24.181 E1049.38295
G1 X100.02 Y21.981 E1049.41744
G1 X101.092 Y21.981 E1049.43424
G1 X101.687 Y22.576 E1049.44743
G1 X101.687 Y24.181 E1049.47259
G1 X103.354 Y24.181 E1049.49872
G1 X103.354 Y23.745 E1049.50556
G1 X103.562 Y23.745 E1049.50882
G1 X105.021 Y22.286 E1049.54116
G1 X105.021 Y24.181 E1049.57087
G1 X106.688 Y24.181 E1049.597
G1 X106.688 Y21.981 E1049.63148
G1 X106.992 Y21.981 E1049.63625
G1 X108.355 Y23.344 E1049.66646
G1 X108.355 Y24.181 E1049.67958
G1 X110.022 Y24.181 E1049.70571
G1 X110.022 Y23.285 E1049.71976
G1 X111.326 Y21.981 E1049.74867
G1 X111.689 Y21.981 E1049.75436
G1 X111.689 Y24.181 E1049.78884
G1 X113.356 Y24.181 E1049.81497
G1 X113.356 Y22.345 E1049.84375
G1 X114.756 Y23.745 E1049.87479
G1 X115.023 Y23.745 E1049.87898
G1 X115.023 Y24.181 E1049.88581
G1 X116.69 Y24.181 E1049.91194
G1 X116.69 Y22.517 E1049.93803
G1 X117.226 Y21.981 E1049.94991
G1 X118.357 Y21.981 E1049.96764
G1 X118.357 Y24.181 E1050.00212
G1 X120.024 Y24.181 E1050.02825
G1 X120.024 Y23.113 E1050.045
G1 X120.706 Y23.795 E1050.06011
G1 X121.412 Y23.795 E1050.07118
G1 X121.691 Y23.516 E1050.07737
G1 X121.691 Y24.181 E1050.08779
G1 X123.358 Y24.181 E1050.11392
G1 X123.358 Y21.981 E1050.14841
G1 X124.892 Y21.981 E1050.17245
G1 X125.025 Y22.114 E1050.1754
G1 X125.025 Y24.181 E1050.2078
G1 X126.692 Y24.181 E1050.23393
G1 X126.692 Y23.745 E1050.24077
G1 X127.362 Y23.745 E1050.25127
G1 X128.359 Y22.748 E1050.27337
G1 X128.359 Y24.181 E1050.29584
G1 X130.026 Y24.181 E1050.32197
G1 X130.026 Y21.981 E1050.35645
G1 X130.792 Y21.981 E1050.36846
G1 X131.693 Y22.882 E1050.38843
G1 X131.693 Y24.181 E1050.4088
G1 X133.36 Y24.181 E1050.43493
G1 X133.36 Y23.747 E1050.44173
G1 X135.027 Y22.08 E1050.47869
G1 X135.027 Y24.181 E1050.51162
G1 X136.694 Y24.181 E1050.53775
G1 X136.694 Y21.981 E1050.57224
G1 X136.792 Y21.981 E1050.57377
G1 X138.361 Y23.55 E1050.60856
G1 X138.361 Y24.181 E1050.61845
G1 X140.028 Y24.181 E1050.64458
G1 X140.028 Y22.979 E1050.66342
G1 X141.026 Y21.981 E1050.68554
G1 X141.695 Y21.981 E1050.69603
G1 X141.695 Y24.181 E1050.73052
G1 X143.362 Y24.181 E1050.75665
G1 X143.362 Y22.651 E1050.78063
G1 X144.506 Y23.795 E1050.80599
G1 X145.029 Y23.795 E1050.81419
G1 X145.029 Y24.181 E1050.82024
G1 X146.696 Y24.181 E1050.84637
G1 X146.696 Y22.311 E1050.87568
G1 X147.026 Y21.981 E1050.883
G1 X148.363 Y21.981 E1050.90396
G1 X148.363 Y24.181 E1050.93844
G1 X150.03 Y24.181 E1050.96458
G1 X150.03 Y23.319 E1050.97809
G1 X150.456 Y23.745 E1050.98753
G1 X151.162 Y23.745 E1050.9986
G1 X151.697 Y23.21 E1051.01046
G1 X151.697 Y24.181 E1051.02568
G1 X153.364 Y24.181 E1051.05181
G1 X153.364 Y21.981 E1051.0863
G1 X154.592 Y21.981 E1051.10555
G1 X155.031 Y22.42 E1051.11528
G1 X155.031 Y24.181 E1051.14288
G1 X156.698 Y24.181 E1051.16901
G1 X156.698 Y23.795 E1051.17506
G1 X157.112 Y23.795 E1051.18155
G1 X158.365 Y22.542 E1051.20933
G1 X158.365 Y24.181 E1051.23502
G1 X160.032 Y24.181 E1051.26115
G1 X160.032 Y21.981 E1051.29564
G1 X160.592 Y21.981 E1051.30442
G1 X161.699 Y23.088 E1051.32896
G1 X161.699 Y24.181 E1051.34609
G1 X163.366 Y24.181 E1051.37222
G1 X163.366 Y23.441 E1051.38382
G1 X164.826 Y21.981 E1051.41619
G1 X165.033 Y21.981 E1051.41943
G1 X165.033 Y24.181 E1051.45392
G1 X166.7 Y24.181 E1051.48005
G1 X166.7 Y22.189 E1051.51128
G1 X168.306 Y23.795 E1051.54688
G1 X168.367 Y23.795 E1051.54783
G1 X168.367 Y24.181 E1051.55389
G1 X170.034 Y24.181 E1051.58002
G1 X170.034 Y22.773 E1051.60209
G1 X170.826 Y21.981 E1051.61964
G1 X171.701 Y21.981 E1051.63336
G1 X171.701 Y24.181 E1051.66785
G1 X173.368 Y24.181 E1051.69398
G1 X173.368 Y22.857 E1051.71473
G1 X174.256 Y23.745 E1051.73442
G1 X174.962 Y23.745 E1051.74548
G1 X175.035 Y23.672 E1051.7471
G1 X175.035 Y24.181 E1051.75508
G1 X176.702 Y24.181 E1051.78121
G1 X176.702 Y22.005 E1051.81532
G1 X176.726 Y21.981 E1051.81585
G1 X178.369 Y21.981 E1051.84161
G1 X178.369 Y24.181 E1051.8761
G1 X180.036 Y24.181 E1051.90223
G1 X180.036 Y23.625 E1051.91094
G1 X180.206 Y23.795 E1051.91471
G1 X180.912 Y23.795 E1051.92578
G1 X181.703 Y23.004 E1051.94331
G1 X181.703 Y24.181 E1051.96176
G1 X183.37 Y24.181 E1051.98789
G1 X183.37 Y21.981 E1052.02238
G1 X184.392 Y21.981 E1052.0384
G1 X185.037 Y22.626 E1052.0527
G1 X185.037 Y24.181 E1052.07707
G1 X186.704 Y24.181 E1052.1032
G1 X186.704 Y23.745 E1052.11004
G1 X186.862 Y23.745 E1052.11252
G1 X188.371 Y22.236 E1052.14597
G1 X188.371 Y24.181 E1052.17646
G1 X190.038 Y24.181 E1052.20259
G1 X190.409 Y24.181 E1052.2084
G1 X190.409 Y22.098 E1052.24106
G1 X190.292 Y21.981 E1052.24365
G1 X190.038 Y21.981 E1052.24763
G1 X190.038 Y24.181 E1052.28212
G1 F600 E1051.28212
G0 F10500 X191.628 Y25.27
G0 X192.161 Y25.803
G0 X192.161 Y44.059
G0 X191.628 Y44.592
G0 X98.372 Y45.27
G0 X97.839 Y45.803
G0 X97.839 Y64.059
G0 X98.318 Y64.538
G0 X101.687 Y65.681
G1 F600 E1052.28212
G1 F3600 X102.292 Y65.681 E1052.2916
G1 X101.687 Y66.286 E1052.30501
G1 X101.687 Y65.681 E1052.3145
G1 X100.02 Y65.681 E1052.34063
G1 X99.309 Y65.681 E1052.35177
G1 X99.309 Y66.764 E1052.36875
G1 X99.426 Y66.881 E1052.37134
G1 X100.02 Y66.881 E1052.38065
G1 X100.02 Y65.681 E1052.39946
G0 F10500 X105.021 Y66.576
G1 F3600 X105.326 Y66.881 E1052.40623
G1 X106.688 Y66.881 E1052.42758
G1 X106.992 Y66.881 E1052.43234
G1 X108.192 Y65.681 E1052.45894
G1 X106.688 Y65.681 E1052.48252
G1 X106.688 Y66.881 E1052.50133
G0 F10500 X105.021 Y66.576
G1 F3600 X104.126 Y65.681 E1052.52117
G1 X105.021 Y65.681 E1052.5352
G1 X105.021 Y66.576 E1052.54923
G0 F10500 X111.689 Y66.881
G1 F3600 X112.992 Y66.881 E1052.56965
G1 X113.356 Y66.517 E1052.57772
G1 X114.192 Y65.681 E1052.59626
G1 X113.356 Y65.681 E1052.60936
G1 X113.356 Y66.517 E1052.62247
G0 F10500 X111.689 Y66.881
G1 F3600 X111.326 Y66.881 E1052.62816
G1 X110.126 Y65.681 E1052.65476
G1 X111.689 Y65.681 E1052.67926
G1 X111.689 Y66.881 E1052.69807
G0 F10500 X116.69 Y65.681
G1 F3600 X116.026 Y65.681 E1052.70848
G1 X116.69 Y66.345 E1052.7232
G1 X116.69 Y65.681 E1052.73361
G1 X118.357 Y65.681 E1052.75974
G1 X118.357 Y66.881 E1052.77855
G1 X118.892 Y66.881 E1052.78693
G1 X120.024 Y65.749 E1052.81203
G1 X120.092 Y65.681 E1052.81354
G1 X120.024 Y65.681 E1052.8146
G0 F10500 X123.358 Y65.681
G1 F3600 X122.026 Y65.681 E1052.83548
G1 X123.226 Y66.881 E1052.86208
G1 X123.358 Y66.881 E1052.86415
G1 X123.358 Y65.681 E1052.88296
G1 X125.025 Y65.681 E1052.9091
G1 X126.092 Y65.681 E1052.92582
G1 X125.025 Y66.748 E1052.94947
G1 X125.025 Y65.681 E1052.9662
G0 F10500 X128.359 Y66.114
G1 F3600 X129.126 Y66.881 E1052.9832
G1 X130.026 Y66.881 E1052.99731
G1 X130.026 Y65.681 E1053.01612
G1 X131.693 Y65.681 E1053.04225
G1 X131.992 Y65.681 E1053.04694
G1 X131.693 Y65.98 E1053.05357
G1 X131.693 Y65.681 E1053.05826
G0 F10500 X128.359 Y66.114
G1 F3600 X127.926 Y65.681 E1053.06785
G1 X128.359 Y65.681 E1053.07464
G1 X128.359 Y66.114 E1053.08143
G0 F10500 X135.027 Y66.782
G1 F3600 X135.126 Y66.881 E1053.08362
G1 X136.694 Y66.881 E1053.1082
G1 X136.792 Y66.881 E1053.10974
G1 X137.992 Y65.681 E1053.13634
G1 X136.694 Y65.681 E1053.15669
G1 X136.694 Y66.881 E1053.1755
G0 F10500 X135.027 Y66.782
G1 F3600 X133.926 Y65.681 E1053.19991
G1 X135.027 Y65.681 E1053.21717
G1 X135.027 Y66.782 E1053.23442
G0 F10500 X140.028 Y65.681
G1 F3600 X139.826 Y65.681 E1053.23759
G1 X140.028 Y65.883 E1053.24207
G1 X140.028 Y65.681 E1053.24523
G1 X141.695 Y65.681 E1053.27137
G1 X141.695 Y66.881 E1053.29018
G1 X142.692 Y66.881 E1053.3058
G1 X143.362 Y66.211 E1053.32066
G1 X143.892 Y65.681 E1053.33241
G1 X143.362 Y65.681 E1053.34071
G1 X143.362 Y66.211 E1053.34902
G0 F10500 X146.696 Y65.681
G1 F3600 X145.826 Y65.681 E1053.36266
G1 X146.696 Y66.551 E1053.38195
G1 X146.696 Y65.681 E1053.39558
G1 X148.363 Y65.681 E1053.42172
G1 X149.892 Y65.681 E1053.44568
G1 X148.692 Y66.881 E1053.47229
G1 X148.363 Y66.881 E1053.47744
G1 X148.363 Y65.681 E1053.49625
G0 F10500 X153.364 Y65.681
G1 F3600 X151.726 Y65.681 E1053.52193
G1 X152.926 Y66.881 E1053.54853
G1 X153.364 Y66.881 E1053.5554
G1 X153.364 Y65.681 E1053.57421
G1 X155.031 Y65.681 E1053.60034
G1 X155.792 Y65.681 E1053.61227
G1 X155.031 Y66.442 E1053.62914
G1 X155.031 Y65.681 E1053.64107
G0 F10500 X158.365 Y66.32
G1 F3600 X158.926 Y66.881 E1053.6535
G1 X160.032 Y66.881 E1053.67084
G1 X160.032 Y65.681 E1053.68965
G1 X161.699 Y65.681 E1053.71578
G1 X161.792 Y65.681 E1053.71724
G1 X161.699 Y65.774 E1053.7193
G0 F10500 X158.365 Y66.32
G1 F3600 X157.726 Y65.681 E1053.73347
G1 X158.365 Y65.681 E1053.74348
G1 X158.365 Y66.32 E1053.7535
G0 F10500 X165.033 Y66.881
G1 F3600 X166.492 Y66.881 E1053.77637
G1 X166.7 Y66.673 E1053.78098
G1 X167.692 Y65.681 E1053.80297
G1 X166.7 Y65.681 E1053.81852
G1 X166.7 Y66.673 E1053.83407
G0 F10500 X165.033 Y66.881
G1 F3600 X164.826 Y66.881 E1053.83732
G1 X163.626 Y65.681 E1053.86392
G1 X165.033 Y65.681 E1053.88598
G1 X165.033 Y66.881 E1053.90479
G0 F10500 X170.034 Y65.681
G1 F3600 X169.626 Y65.681 E1053.91118
G1 X170.034 Y66.089 E1053.92023
G1 X170.034 Y65.681 E1053.92662
G1 X171.701 Y65.681 E1053.95275
G1 X171.701 Y66.881 E1053.97156
G1 X172.492 Y66.881 E1053.98396
G1 X173.368 Y66.005 E1054.00338
G1 X173.692 Y65.681 E1054.01057
G1 X173.368 Y65.681 E1054.01564
G1 X173.368 Y66.005 E1054.02072
G0 F10500 X176.702 Y65.681
G1 F3600 X175.526 Y65.681 E1054.03916
G1 X176.702 Y66.857 E1054.06523
G1 X176.702 Y65.681 E1054.08366
G1 X178.369 Y65.681 E1054.10979
G1 X179.592 Y65.681 E1054.12896
G1 X178.392 Y66.881 E1054.15557
G1 X178.369 Y66.881 E1054.15593
G1 X178.369 Y65.681 E1054.17474
G0 F10500 X181.703 Y65.858
G1 F3600 X182.726 Y66.881 E1054.19742
G1 X183.37 Y66.881 E1054.20751
G1 X183.37 Y65.681 E1054.22632
G1 X185.037 Y65.681 E1054.25245
G1 X185.592 Y65.681 E1054.26115
G1 X185.037 Y66.236 E1054.27346
G1 X185.037 Y65.681 E1054.28216
G0 F10500 X181.703 Y65.858
G1 F3600 X181.526 Y65.681 E1054.28608
G1 X181.703 Y65.681 E1054.28885
G1 X181.703 Y65.858 E1054.29163
G0 F10500 X188.371 Y66.626
G1 F3600 X188.626 Y66.881 E1054.29728
G1 X190.038 Y66.881 E1054.31942
G1 X190.292 Y66.881 E1054.3234
G1 X190.409 Y66.764 E1054.32599
G1 X190.409 Y65.681 E1054.34297
G1 X190.038 Y65.681 E1054.34878
G1 X190.038 Y66.881 E1054.36759
G0 F10500 X188.371 Y66.626
G1 F3600 X187.426 Y65.681 E1054.38854
G1 X188.371 Y65.681 E1054.40336
G1 X188.371 Y66.626 E1054.41817
G1 F600 E1053.41817
;MESH:
G0 F10500 X191.628 Y64.592
G0 X192.161 Y64.059
G0 X192.161 Y29.803
G0 X191.628 Y29.27
G0 X188.371 Y28.596
G0 X188.371 Y27.161
G0 X190.68 Y27.111
G0 X190.75 Y27.181
;TYPE:WALL-INNER
G1 F600 E1054.41817
G1 F3600 X99.25 Y27.181 E1055.85247
G1 X99.25 Y26.681 E1055.86031
G1 X190.75 Y26.681 E1057.29462
G1 X190.75 Y27.181 E1057.30245
G0 F10500 X191.25 Y27.681
;TYPE:WALL-OUTER
G1 F2700 X98.75 Y27.681 E1058.75243
G1 X98.75 Y26.181 E1058.77595
G1 X191.25 Y26.181 E1060.22593
G1 X191.25 Y27.681 E1060.24944
G0 F10500 X191 Y27.681
G1 F600 E1059.24944
G0 F10500 X190.68 Y27.111
G0 X190.68 Y27.161
G0 X190.68 Y28.596
G0 X190.68 Y29.266
G0 X190.68 Y30.701
G0 X190.68 Y31.111
G0 X190.75 Y31.181
;TYPE:WALL-INNER
G1 F600 E1060.24944
G1 F3600 X99.25 Y31.181 E1061.68375
G1 X99.25 Y30.681 E1061.69158
G1 X190.75 Y30.681 E1063.12589
G1 X190.75 Y31.181 E1063.13373
G0 F10500 X191.25 Y31.681
;TYPE:WALL-OUTER
G1 F2700 X98.75 Y31.681 E1064.58371
G1 X98.75 Y30.181 E1064.60722
G1 X191.25 Y30.181 E1066.0572
G1 X191.25 Y31.681 E1066.08071
G0 F10500 X191 Y31.681
G1 F600 E1065.08071
G0 F10500 X190.68 Y31.111
G0 X190.68 Y31.161
G0 X190.68 Y32.596
G0 X190.68 Y33.266
G0 X190.68 Y34.701
G0 X190.68 Y35.111
G0 X190.75 Y35.181
;TYPE:WALL-INNER
G1 F600 E1066.08071
G1 F3600 X99.25 Y35.181 E1067.51502
G1 X99.25 Y34.681 E1067.52286
G1 X190.75 Y34.681 E1068.95716
G1 X190.75 Y35.181 E1068.965
G0 F10500 X191.25 Y35.681
;TYPE:WALL-OUTER
G1 F2700 X98.75 Y35.681 E1070.41498
G1 X98.75 Y34.181 E1070.43849
G1 X191.25 Y34.181 E1071.88847
G1 X191.25 Y35.681 E1071.91199
G0 F10500 X191 Y35.681
G1 F600 E1070.91199
G0 F10500 X190.68 Y35.111
G0 X190.68 Y35.161
G0 X190.68 Y36.596
G0 X190.68 Y37.266
G0 X190.68 Y38.701
G0 X190.68 Y39.111
G0 X190.75 Y39.181
;TYPE:WALL-INNER
G1 F600 E1071.91199
G1 F3600 X99.25 Y39.181 E1073.34629
G1 X99.25 Y38.681 E1073.35413
G1 X190.75 Y38.681 E1074.78843
G1 X190.75 Y39.181 E1074.79627
G0 F10500 X191.25 Y39.681
;TYPE:WALL-OUTER
G1 F2700 X98.75 Y39.681 E1076.24625
G1 X98.75 Y38.181 E1076.26977
G1 X191.25 Y38.181 E1077.71975
G1 X191.25 Y39.681 E1077.74326
G0 F10500 X191 Y39.681
G1 F600 E1076.74326
G0 F10500 X190.68 Y39.111
G0 X190.68 Y39.161
G0 X190.68 Y40.596
G0 X190.68 Y41.266
G0 X190.68 Y42.701
G0 X190.68 Y43.111
G0 X190.75 Y43.181
;TYPE:WALL-INNER
G1 F600 E1077.74326
G1 F3600 X99.25 Y43.181 E1079.17756
G1 X99.25 Y42.681 E1079.1854
G1 X190.75 Y42.681 E1080.61971
G1 X190.75 Y43.181 E1080.62754
G0 F10500 X191.25 Y43.681
;TYPE:WALL-OUTER
G1 F2700 X98.75 Y43.681 E1082.07752
G1 X98.75 Y42.181 E1082.10104
G1 X191.25 Y42.181 E1083.55102
G1 X191.25 Y43.681 E1083.57453
G0 F10500 X191 Y43.681
G1 F600 E1082.57453
G0 F10500 X190.68 Y43.111
G0 X190.68 Y43.161
G0 X190.68 Y44.596
G0 X190.68 Y45.266
G0 X190.68 Y46.701
G0 X190.68 Y47.111
G0 X190.75 Y47.181
;TYPE:WALL-INNER
G1 F600 E1083.57453
G1 F3600 X99.25 Y47.181 E1085.00884
G1 X99.25 Y46.681 E1085.01667
G1 X190.75 Y46.681 E1086.45098
G1 X190.75 Y47.181 E1086.45882
G0 F10500 X191.25 Y47.681
;TYPE:WALL-OUTER
G1 F2700 X98.75 Y47.681 E1087.9088
G1 X98.75 Y46.181 E1087.93231
G1 X191.25 Y46.181 E1089.38229
G1 X191.25 Y47.681 E1089.4058
G0 F10500 X191 Y47.681
G1 F600 E1088.4058
G0 F10500 X190.68 Y47.111
G0 X190.68 Y47.161
G0 X190.68 Y48.596
G0 X190.68 Y49.266
G0 X190.68 Y50.701
G0 X190.68 Y51.111
G0 X190.75 Y51.181
;TYPE:WALL-INNER
G1 F600 E1089.4058
G1 F3600 X99.25 Y51.181 E1090.84011
G1 X99.25 Y50.681 E1090.84795
G1 X190.75 Y50.681 E1092.28225
G1 X190.75 Y51.181 E1092.29009
G0 F10500 X191.25 Y51.681
;TYPE:WALL-OUTER
G1 F2700 X98.75 Y51.681 E1093.74007
G1 X98.75 Y50.181 E1093.76358
G1 X191.25 Y50.181 E1095.21356
G1 X191.25 Y51.681 E1095.23708
G0 F10500 X191 Y51.681
G1 F600 E1094.23708
G0 F10500 X190.68 Y51.111
G0 X190.68 Y51.161
G0 X190.68 Y52.596
G0 X190.68 Y53.266
G0 X190.68 Y54.701
G0 X190.68 Y55.111
G0 X190.75 Y55.181
;TYPE:WALL-INNER
G1 F600 E1095.23708
G1 F3600 X99.25 Y55.181 E1096.67138
G1 X99.25 Y54.681 E1096.67922
G1 X190.75 Y54.681 E1098.11352
G1 X190.75 Y55.181 E1098.12136
G0 F10500 X191.25 Y55.681
;TYPE:WALL-OUTER
G1 F2700 X98.75 Y55.681 E1099.57134
G1 X98.75 Y54.181 E1099.59486
G1 X191.25 Y54.181 E1101.04484
G1 X191.25 Y55.681 E1101.06835
G0 F10500 X191 Y55.681
G1 F600 E1100.06835
G0 F10500 X190.68 Y55.111
G0 X190.68 Y55.161
G0 X190.68 Y56.596
G0 X190.68 Y57.266
G0 X190.68 Y58.701
G0 X190.68 Y59.111
G0 X190.75 Y59.181
;TYPE:WALL-INNER
G1 F600 E1101.06835
G1 F3600 X99.25 Y59.181 E1102.50265
G1 X99.25 Y58.681 E1102.51049
G1 X190.75 Y58.681 E1103.9448
G1 X190.75 Y59.181 E1103.95263
G0 F10500 X191.25 Y59.681
;TYPE:WALL-OUTER
G1 F2700 X98.75 Y59.681 E1105.40261
G1 X98.75 Y58.181 E1105.42613
G1 X191.25 Y58.181 E1106.87611
G1 X191.25 Y59.681 E1106.89962
G0 F10500 X191 Y59.681
G1 F600 E1105.89962
G0 F10500 X190.68 Y59.111
G0 X190.68 Y59.161
G0 X190.68 Y60.596
G0 X190.68 Y61.266
G0 X190.68 Y62.701
G0 X190.68 Y63.111
G0 X190.75 Y63.181
;TYPE:WALL-INNER
G1 F600 E1106.89962
G1 F3600 X99.25 Y63.181 E1108.33393
G1 X99.25 Y62.681 E1108.34176
G1 X190.75 Y62.681 E1109.77607
G1 X190.75 Y63.181 E1109.78391
G0 F10500 X191.25 Y63.681
;TYPE:WALL-OUTER
G1 F2700 X98.75 Y63.681 E1111.23389
G1 X98.75 Y62.181 E1111.2574
G1 X191.25 Y62.181 E1112.70738
G1 X191.25 Y63.681 E1112.73089
G0 F10500 X191 Y63.681
G1 F600 E1111.73089
G0 F10500 X190.68 Y63.111
G0 X189.75 Y63.161
G0 X189.75 Y64.596
G0 X189.75 Y74.266
G0 X189.75 Y75.701
G0 X189.75 Y95.049
;TYPE:WALL-INNER
G1 F600 E1112.73089
G1 F3600 X111.244 Y95.049 E1113.96151
G1 X111.244 Y76.681 E1114.24944
G1 X189.75 Y76.681 E1115.48006
G1 X189.75 Y95.049 E1115.76798
G0 F10500 X190.25 Y95.549
G1 F3600 X110.744 Y95.549 E1117.01428
G1 X110.744 Y76.181 E1117.31788
G1 X190.25 Y76.181 E1118.56417
G1 X190.25 Y95.549 E1118.86778
G0 F10500 X190.75 Y96.049
G1 F3600 X110.244 Y96.049 E1120.12974
G1 X110.244 Y75.681 E1120.44902
G1 X190.75 Y75.681 E1121.71099
G1 X190.75 Y96.049 E1122.03027
G0 F10500 X191.25 Y96.549
;TYPE:WALL-OUTER
G1 F2700 X109.744 Y96.549 E1123.30791
G1 X109.744 Y75.181 E1123.64287
G1 X191.25 Y75.181 E1124.92051
G1 X191.25 Y96.549 E1125.25546
G0 F10500 X191 Y96.549
G0 X190.68 Y95.979
G0 X189.26 Y94.559
;TYPE:SKIN
G1 F2700 X111.734 Y94.559 E1126.47072
G1 X111.734 Y77.171 E1126.74329
G1 X189.26 Y77.171 E1127.95854
G1 X189.26 Y94.559 E1128.23111
G0 F10500 X189.034 Y78.018
G1 F2700 X188.412 Y77.396 E1128.2449
G0 F10500 X187.705 Y77.396
G1 F2700 X189.034 Y78.725 E1128.27436
G0 F10500 X189.034 Y79.432
G1 F2700 X186.997 Y77.396 E1128.3195
G0 F10500 X186.29 Y77.396
G1 F2700 X189.034 Y80.139 E1128.38032
G0 F10500 X189.034 Y80.847
G1 F2700 X185.583 Y77.396 E1128.45683
G0 F10500 X184.876 Y77.396
G1 F2700 X189.034 Y81.554 E1128.549
G0 F10500 X189.034 Y82.261
G1 F2700 X184.169 Y77.396 E1128.65685
G0 F10500 X183.462 Y77.396
G1 F2700 X189.034 Y82.968 E1128.78037
G0 F10500 X189.034 Y83.675
G1 F2700 X182.755 Y77.396 E1128.91957
G0 F10500 X182.048 Y77.396
G1 F2700 X189.034 Y84.382 E1129.07444
G0 F10500 X189.034 Y85.089
G1 F2700 X181.341 Y77.396 E1129.24498
G0 F10500 X180.633 Y77.396
G1 F2700 X189.034 Y85.796 E1129.43121
G0 F10500 X189.034 Y86.503
G1 F2700 X179.926 Y77.396 E1129.63311
G0 F10500 X179.219 Y77.396
G1 F2700 X189.034 Y87.211 E1129.85069
G0 F10500 X189.034 Y87.918
G1 F2700 X178.512 Y77.396 E1130.08395
G0 F10500 X177.805 Y77.396
G1 F2700 X189.034 Y88.625 E1130.33288
G0 F10500 X189.034 Y89.332
G1 F2700 X177.098 Y77.396 E1130.59748
G0 F10500 X176.391 Y77.396
G1 F2700 X189.034 Y90.039 E1130.87775
G0 F10500 X189.034 Y90.746
G1 F2700 X175.684 Y77.396 E1131.1737
G0 F10500 X174.977 Y77.396
G1 F2700 X189.034 Y91.453 E1131.48532
G0 F10500 X189.034 Y92.16
G1 F2700 X174.27 Y77.396 E1131.81262
G0 F10500 X173.562 Y77.396
G1 F2700 X189.034 Y92.867 E1132.1556
G0 F10500 X189.034 Y93.574
G1 F2700 X172.855 Y77.396 E1132.51425
G0 F10500 X172.148 Y77.396
G1 F2700 X189.034 Y94.282 E1132.88859
G0 F10500 X188.379 Y94.334
G1 F2700 X171.441 Y77.396 E1133.26408
G0 F10500 X170.734 Y77.396
G1 F2700 X187.672 Y94.334 E1133.63957
G0 F10500 X186.965 Y94.334
G1 F2700 X170.027 Y77.396 E1134.01506
G0 F10500 X169.32 Y77.396
G1 F2700 X186.258 Y94.334 E1134.39054
G0 F10500 X185.551 Y94.334
G1 F2700 X168.613 Y77.396 E1134.76603
G0 F10500 X167.906 Y77.396
G1 F2700 X184.844 Y94.334 E1135.14152
G0 F10500 X184.136 Y94.334
G1 F2700 X167.198 Y77.396 E1135.51701
G0 F10500 X166.491 Y77.396
G1 F2700 X183.429 Y94.334 E1135.8925
G0 F10500 X182.722 Y94.334
G1 F2700 X165.784 Y77.396 E1136.26799
G0 F10500 X165.077 Y77.396
G1 F2700 X182.015 Y94.334 E1136.64348
G0 F10500 X181.308 Y94.334
G1 F2700 X164.37 Y77.396 E1137.01897
G0 F10500 X163.663 Y77.396
G1 F2700 X180.601 Y94.334 E1137.39446
G0 F10500 X179.894 Y94.334
G1 F2700 X162.956 Y77.396 E1137.76995
G0 F10500 X162.249 Y77.396
G1 F2700 X179.187 Y94.334 E1138.14544
G0 F10500 X178.48 Y94.334
G1 F2700 X161.542 Y77.396 E1138.52093
G0 F10500 X160.834 Y77.396
G1 F2700 X177.773 Y94.334 E1138.89643
G0 F10500 X177.065 Y94.334
G1 F2700 X160.127 Y77.396 E1139.27192
G0 F10500 X159.42 Y77.396
G1 F2700 X176.358 Y94.334 E1139.64741
G0 F10500 X175.651 Y94.334
G1 F2700 X158.713 Y77.396 E1140.02289
G0 F10500 X158.006 Y77.396
G1 F2700 X174.944 Y94.334 E1140.39838
G0 F10500 X174.237 Y94.334
G1 F2700 X157.299 Y77.396 E1140.77387
G0 F10500 X156.592 Y77.396
G1 F2700 X173.53 Y94.334 E1141.14936
G0 F10500 X172.823 Y94.334
G1 F2700 X155.885 Y77.396 E1141.52485
G0 F10500 X155.178 Y77.396
G1 F2700 X172.116 Y94.334 E1141.90034
G0 F10500 X171.409 Y94.334
G1 F2700 X154.471 Y77.396 E1142.27583
G0 F10500 X153.763 Y77.396
G1 F2700 X170.701 Y94.334 E1142.65132
G0 F10500 X169.994 Y94.334
G1 F2700 X153.056 Y77.396 E1143.02681
G0 F10500 X152.349 Y77.396
G1 F2700 X169.287 Y94.334 E1143.4023
G0 F10500 X168.58 Y94.334
G1 F2700 X151.642 Y77.396 E1143.77779
G0 F10500 X150.935 Y77.396
G1 F2700 X167.873 Y94.334 E1144.15328
G0 F10500 X167.166 Y94.334
G1 F2700 X150.228 Y77.396 E1144.52877
G0 F10500 X149.521 Y77.396
G1 F2700 X166.459 Y94.334 E1144.90426
G0 F10500 X165.752 Y94.334
G1 F2700 X148.814 Y77.396 E1145.27974
G0 F10500 X148.107 Y77.396
G1 F2700 X165.045 Y94.334 E1145.65523
G0 F10500 X164.337 Y94.334
G1 F2700 X147.399 Y77.396 E1146.03072
G0 F10500 X146.692 Y77.396
G1 F2700 X163.63 Y94.334 E1146.40621
G0 F10500 X162.923 Y94.334
G1 F2700 X145.985 Y77.396 E1146.7817
G0 F10500 X145.278 Y77.396
G1 F2700 X162.216 Y94.334 E1147.15719
G0 F10500 X161.509 Y94.334
G1 F2700 X144.571 Y77.396 E1147.53268
G0 F10500 X143.864 Y77.396
G1 F2700 X160.802 Y94.334 E1147.90817
G0 F10500 X160.095 Y94.334
G1 F2700 X143.157 Y77.396 E1148.28366
G0 F10500 X142.45 Y77.396
G1 F2700 X159.388 Y94.334 E1148.65915
G0 F10500 X158.681 Y94.334
G1 F2700 X141.743 Y77.396 E1149.03464
G0 F10500 X141.035 Y77.396
G1 F2700 X157.974 Y94.334 E1149.41014
G0 F10500 X157.266 Y94.334
G1 F2700 X140.328 Y77.396 E1149.78563
G0 F10500 X139.621 Y77.396
G1 F2700 X156.559 Y94.334 E1150.16112
G0 F10500 X155.852 Y94.334
G1 F2700 X138.914 Y77.396 E1150.53661
G0 F10500 X138.207 Y77.396
G1 F2700 X155.145 Y94.334 E1150.91209
G0 F10500 X154.438 Y94.334
G1 F2700 X137.5 Y77.396 E1151.28758
G0 F10500 X136.793 Y77.396
G1 F2700 X153.731 Y94.334 E1151.66307
G0 F10500 X153.024 Y94.334
G1 F2700 X136.086 Y77.396 E1152.03856
G0 F10500 X135.379 Y77.396
G1 F2700 X152.317 Y94.334 E1152.41405
G0 F10500 X151.61 Y94.334
G1 F2700 X134.672 Y77.396 E1152.78954
G0 F10500 X133.964 Y77.396
G1 F2700 X150.902 Y94.334 E1153.16503
G0 F10500 X150.195 Y94.334
G1 F2700 X133.257 Y77.396 E1153.54052
G0 F10500 X132.55 Y77.396
G1 F2700 X149.488 Y94.334 E1153.91601
G0 F10500 X148.781 Y94.334
G1 F2700 X131.843 Y77.396 E1154.2915
G0 F10500 X131.136 Y77.396
G1 F2700 X148.074 Y94.334 E1154.66699
G0 F10500 X147.367 Y94.334
G1 F2700 X130.429 Y77.396 E1155.04248
G0 F10500 X129.722 Y77.396
G1 F2700 X146.66 Y94.334 E1155.41797
G0 F10500 X145.953 Y94.334
G1 F2700 X129.015 Y77.396 E1155.79345
G0 F10500 X128.308 Y77.396
G1 F2700 X145.246 Y94.334 E1156.16894
G0 F10500 X144.538 Y94.334
G1 F2700 X127.6 Y77.396 E1156.54443
G0 F10500 X126.893 Y77.396
G1 F2700 X143.831 Y94.334 E1156.91992
G0 F10500 X143.124 Y94.334
G1 F2700 X126.186 Y77.396 E1157.29541
G0 F10500 X125.479 Y77.396
G1 F2700 X142.417 Y94.334 E1157.6709
G0 F10500 X141.71 Y94.334
G1 F2700 X124.772 Y77.396 E1158.04639
G0 F10500 X124.065 Y77.396
G1 F2700 X141.003 Y94.334 E1158.42188
G0 F10500 X140.296 Y94.334
G1 F2700 X123.358 Y77.396 E1158.79737
G0 F10500 X122.651 Y77.396
G1 F2700 X139.589 Y94.334 E1159.17286
G0 F10500 X138.882 Y94.334
G1 F2700 X121.944 Y77.396 E1159.54835
G0 F10500 X121.236 Y77.396
G1 F2700 X138.175 Y94.334 E1159.92385
G0 F10500 X137.467 Y94.334
G1 F2700 X120.529 Y77.396 E1160.29934
G0 F10500 X119.822 Y77.396
G1 F2700 X136.76 Y94.334 E1160.67483
G0 F10500 X136.053 Y94.334
G1 F2700 X119.115 Y77.396 E1161.05032
G0 F10500 X118.408 Y77.396
G1 F2700 X135.346 Y94.334 E1161.4258
G0 F10500 X134.639 Y94.334
G1 F2700 X117.701 Y77.396 E1161.80129
G0 F10500 X116.994 Y77.396
G1 F2700 X133.932 Y94.334 E1162.17678
G0 F10500 X133.225 Y94.334
G1 F2700 X116.287 Y77.396 E1162.55227
G0 F10500 X115.58 Y77.396
G1 F2700 X132.518 Y94.334 E1162.92776
G0 F10500 X131.811 Y94.334
G1 F2700 X114.873 Y77.396 E1163.30325
G0 F10500 X114.165 Y77.396
G1 F2700 X131.103 Y94.334 E1163.67874
G0 F10500 X130.396 Y94.334
G1 F2700 X113.458 Y77.396 E1164.05423
G0 F10500 X112.751 Y77.396
G1 F2700 X129.689 Y94.334 E1164.42972
G0 F10500 X128.982 Y94.334
G1 F2700 X112.044 Y77.396 E1164.80521
G0 F10500 X111.958 Y78.017
G1 F2700 X128.275 Y94.334 E1165.16693
G0 F10500 X127.568 Y94.334
G1 F2700 X111.958 Y78.724 E1165.51298
G0 F10500 X111.958 Y79.431
G1 F2700 X126.861 Y94.334 E1165.84336
G0 F10500 X126.154 Y94.334
G1 F2700 X111.958 Y80.138 E1166.15806
G0 F10500 X111.958 Y80.845
G1 F2700 X125.447 Y94.334 E1166.45709
G0 F10500 X124.74 Y94.334
G1 F2700 X111.958 Y81.552 E1166.74045
G0 F10500 X111.958 Y82.259
G1 F2700 X124.032 Y94.334 E1167.00812
G0 F10500 X123.325 Y94.334
G1 F2700 X111.958 Y82.966 E1167.26012
G0 F10500 X111.958 Y83.674
G1 F2700 X122.618 Y94.334 E1167.49644
G0 F10500 X121.911 Y94.334
G1 F2700 X111.958 Y84.381 E1167.71708
G0 F10500 X111.958 Y85.088
G1 F2700 X121.204 Y94.334 E1167.92205
G0 F10500 X120.497 Y94.334
G1 F2700 X111.958 Y85.795 E1168.11134
G0 F10500 X111.958 Y86.502
G1 F2700 X119.79 Y94.334 E1168.28497
G0 F10500 X119.083 Y94.334
G1 F2700 X111.958 Y87.209 E1168.44292
G0 F10500 X111.958 Y87.916
G1 F2700 X118.376 Y94.334 E1168.5852
G0 F10500 X117.668 Y94.334
G1 F2700 X111.958 Y88.623 E1168.71179
G0 F10500 X111.958 Y89.33
G1 F2700 X116.961 Y94.334 E1168.82271
G0 F10500 X116.254 Y94.334
G1 F2700 X111.958 Y90.038 E1168.91794
G0 F10500 X111.958 Y90.745
G1 F2700 X115.547 Y94.334 E1168.99751
G0 F10500 X114.84 Y94.334
G1 F2700 X111.958 Y91.452 E1169.0614
G0 F10500 X111.958 Y92.159
G1 F2700 X114.133 Y94.334 E1169.10961
G0 F10500 X113.426 Y94.334
G1 F2700 X111.958 Y92.866 E1169.14216
G0 F10500 X111.958 Y93.573
G1 F2700 X112.719 Y94.334 E1169.15903
G1 X112.807 Y94.422
G1 F600 E1168.15903
;MESH:NONMESH
G0 F10500 X110.258 Y75.695
G0 X110.258 Y74.266
G0 X98.372 Y64.592
G0 X97.839 Y64.059
G0 X97.839 Y25.803
G0 X100.02 Y21.981
;TIME_ELAPSED:2634.741371
;LAYER:9
G0 X100.02 Y21.981 Z2
;TYPE:SUPPORT
G1 F600 E1169.15903
G1 F3600 X99.426 Y21.981 E1169.16834
G1 X99.309 Y22.098 E1169.17093
G1 X99.309 Y24.181 E1169.20358
G1 X100.02 Y24.181 E1169.21473
G1 X100.02 Y21.981 E1169.24921
G1 X101.092 Y21.981 E1169.26602
G1 X101.687 Y22.576 E1169.27921
G1 X101.687 Y24.181 E1169.30437
G1 X103.354 Y24.181 E1169.3305
G1 X103.354 Y23.745 E1169.33733
G1 X103.562 Y23.745 E1169.34059
G1 X105.021 Y22.286 E1169.37294
G1 X105.021 Y24.181 E1169.40264
G1 X106.688 Y24.181 E1169.42877
G1 X106.688 Y21.981 E1169.46326
G1 X106.992 Y21.981 E1169.46802
G1 X108.355 Y23.344 E1169.49824
G1 X108.355 Y24.181 E1169.51136
G1 X110.022 Y24.181 E1169.53749
G1 X110.022 Y23.285 E1169.55154
G1 X111.326 Y21.981 E1169.58044
G1 X111.689 Y21.981 E1169.58613
G1 X111.689 Y24.181 E1169.62062
G1 X113.356 Y24.181 E1169.64675
G1 X113.356 Y22.345 E1169.67553
G1 X114.756 Y23.745 E1169.70657
G1 X115.023 Y23.745 E1169.71075
G1 X115.023 Y24.181 E1169.71759
G1 X116.69 Y24.181 E1169.74372
G1 X116.69 Y22.517 E1169.7698
G1 X117.226 Y21.981 E1169.78168
G1 X118.357 Y21.981 E1169.79941
G1 X118.357 Y24.181 E1169.8339
G1 X120.024 Y24.181 E1169.86003
G1 X120.024 Y23.113 E1169.87677
G1 X120.706 Y23.795 E1169.89189
G1 X121.412 Y23.795 E1169.90296
G1 X121.691 Y23.516 E1169.90914
G1 X121.691 Y24.181 E1169.91957
G1 X123.358 Y24.181 E1169.9457
G1 X123.358 Y21.981 E1169.98018
G1 X124.892 Y21.981 E1170.00423
G1 X125.025 Y22.114 E1170.00718
G1 X125.025 Y24.181 E1170.03958
G1 X126.692 Y24.181 E1170.06571
G1 X126.692 Y23.745 E1170.07255
G1 X127.362 Y23.745 E1170.08305
G1 X128.359 Y22.748 E1170.10515
G1 X128.359 Y24.181 E1170.12761
G1 X130.026 Y24.181 E1170.15374
G1 X130.026 Y21.981 E1170.18823
G1 X130.792 Y21.981 E1170.20024
G1 X131.693 Y22.882 E1170.22021
G1 X131.693 Y24.181 E1170.24057
G1 X133.36 Y24.181 E1170.2667
G1 X133.36 Y23.747 E1170.27351
G1 X135.027 Y22.08 E1170.31046
G1 X135.027 Y24.181 E1170.3434
G1 X136.694 Y24.181 E1170.36953
G1 X136.694 Y21.981 E1170.40401
G1 X136.792 Y21.981 E1170.40555
G1 X138.361 Y23.55 E1170.44033
G1 X138.361 Y24.181 E1170.45022
G1 X140.028 Y24.181 E1170.47635
G1 X140.028 Y22.979 E1170.4952
G1 X141.026 Y21.981 E1170.51732
G1 X141.695 Y21.981 E1170.52781
G1 X141.695 Y24.181 E1170.56229
G1 X143.362 Y24.181 E1170.58842
G1 X143.362 Y22.651 E1170.61241
G1 X144.506 Y23.795 E1170.63777
G1 X145.029 Y23.795 E1170.64597
G1 X145.029 Y24.181 E1170.65202
G1 X146.696 Y24.181 E1170.67815
G1 X146.696 Y22.311 E1170.70746
G1 X147.026 Y21.981 E1170.71478
G1 X148.363 Y21.981 E1170.73574
G1 X148.363 Y24.181 E1170.77022
G1 X150.03 Y24.181 E1170.79635
G1 X150.03 Y23.319 E1170.80986
G1 X150.456 Y23.745 E1170.81931
G1 X151.162 Y23.745 E1170.83038
G1 X151.697 Y23.21 E1170.84224
G1 X151.697 Y24.181 E1170.85746
G1 X153.364 Y24.181 E1170.88359
G1 X153.364 Y21.981 E1170.91807
G1 X154.592 Y21.981 E1170.93732
G1 X155.031 Y22.42 E1170.94705
G1 X155.031 Y24.181 E1170.97466
G1 X156.698 Y24.181 E1171.00079
G1 X156.698 Y23.795 E1171.00684
G1 X157.112 Y23.795 E1171.01333
G1 X158.365 Y22.542 E1171.04111
G1 X158.365 Y24.181 E1171.0668
G1 X160.032 Y24.181 E1171.09293
G1 X160.032 Y21.981 E1171.12742
G1 X160.592 Y21.981 E1171.13619
G1 X161.699 Y23.088 E1171.16074
G1 X161.699 Y24.181 E1171.17787
G1 X163.366 Y24.181 E1171.204
G1 X163.366 Y23.441 E1171.2156
G1 X164.826 Y21.981 E1171.24797
G1 X165.033 Y21.981 E1171.25121
G1 X165.033 Y24.181 E1171.2857
G1 X166.7 Y24.181 E1171.31183
G1 X166.7 Y22.189 E1171.34305
G1 X168.306 Y23.795 E1171.37866
G1 X168.367 Y23.795 E1171.37961
G1 X168.367 Y24.181 E1171.38566
G1 X170.034 Y24.181 E1171.41179
G1 X170.034 Y22.773 E1171.43386
G1 X170.826 Y21.981 E1171.45142
G1 X171.701 Y21.981 E1171.46514
G1 X171.701 Y24.181 E1171.49962
G1 X173.368 Y24.181 E1171.52575
G1 X173.368 Y22.857 E1171.54651
G1 X174.256 Y23.745 E1171.56619
G1 X174.962 Y23.745 E1171.57726
G1 X175.035 Y23.672 E1171.57888
G1 X175.035 Y24.181 E1171.58686
G1 X176.702 Y24.181 E1171.61299
G1 X176.702 Y22.005 E1171.6471
G1 X176.726 Y21.981 E1171.64763
G1 X178.369 Y21.981 E1171.67339
G1 X178.369 Y24.181 E1171.70787
G1 X180.036 Y24.181 E1171.734
G1 X180.036 Y23.625 E1171.74272
G1 X180.206 Y23.795 E1171.74649
G1 X180.912 Y23.795 E1171.75755
G1 X181.703 Y23.004 E1171.77509
G1 X181.703 Y24.181 E1171.79354
G1 X183.37 Y24.181 E1171.81967
G1 X183.37 Y21.981 E1171.85416
G1 X184.392 Y21.981 E1171.87018
G1 X185.037 Y22.626 E1171.88448
G1 X185.037 Y24.181 E1171.90885
G1 X186.704 Y24.181 E1171.93498
G1 X186.704 Y23.745 E1171.94182
G1 X186.862 Y23.745 E1171.94429
G1 X188.371 Y22.236 E1171.97775
G1 X188.371 Y24.181 E1172.00823
G1 X190.038 Y24.181 E1172.03437
G1 X190.409 Y24.181 E1172.04018
G1 X190.409 Y22.098 E1172.07283
G1 X190.292 Y21.981 E1172.07543
G1 X190.038 Y21.981 E1172.07941
G1 X190.038 Y24.181 E1172.11389
G1 F600 E1171.11389
G0 F10500 X191.628 Y25.27
G0 X192.161 Y25.803
G0 X192.161 Y44.059
G0 X191.628 Y44.592
G0 X98.372 Y45.27
G0 X97.839 Y45.803
G0 X97.839 Y64.059
G0 X98.318 Y64.538
G0 X101.687 Y65.681
G1 F600 E1172.11389
G1 F3600 X102.292 Y65.681 E1172.12338
G1 X101.687 Y66.286 E1172.13679
G1 X101.687 Y65.681 E1172.14627
G1 X100.02 Y65.681 E1172.1724
G1 X99.309 Y65.681 E1172.18355
G1 X99.309 Y66.764 E1172.20053
G1 X99.426 Y66.881 E1172.20312
G1 X100.02 Y66.881 E1172.21243
G1 X100.02 Y65.681 E1172.23124
G0 F10500 X105.021 Y66.576
G1 F3600 X105.326 Y66.881 E1172.238
G1 X106.688 Y66.881 E1172.25935
G1 X106.992 Y66.881 E1172.26412
G1 X108.192 Y65.681 E1172.29072
G1 X106.688 Y65.681 E1172.3143
G1 X106.688 Y66.881 E1172.33311
G0 F10500 X105.021 Y66.576
G1 F3600 X104.126 Y65.681 E1172.35295
G1 X105.021 Y65.681 E1172.36698
G1 X105.021 Y66.576 E1172.38101
G0 F10500 X111.689 Y66.881
G1 F3600 X112.992 Y66.881 E1172.40143
G1 X113.356 Y66.517 E1172.4095
G1 X114.192 Y65.681 E1172.42803
G1 X113.356 Y65.681 E1172.44114
G1 X113.356 Y66.517 E1172.45424
G0 F10500 X111.689 Y66.881
G1 F3600 X111.326 Y66.881 E1172.45993
G1 X110.126 Y65.681 E1172.48654
G1 X111.689 Y65.681 E1172.51104
G1 X111.689 Y66.881 E1172.52985
G0 F10500 X116.69 Y65.681
G1 F3600 X116.026 Y65.681 E1172.54026
G1 X116.69 Y66.345 E1172.55498
G1 X116.69 Y65.681 E1172.56538
G1 X118.357 Y65.681 E1172.59151
G1 X118.357 Y66.881 E1172.61033
G1 X118.892 Y66.881 E1172.61871
G1 X120.024 Y65.749 E1172.64381
G1 X120.092 Y65.681 E1172.64531
G1 X120.024 Y65.681 E1172.64638
G0 F10500 X123.358 Y65.681
G1 F3600 X122.026 Y65.681 E1172.66726
G1 X123.226 Y66.881 E1172.69386
G1 X123.358 Y66.881 E1172.69593
G1 X123.358 Y65.681 E1172.71474
G1 X125.025 Y65.681 E1172.74087
G1 X126.092 Y65.681 E1172.7576
G1 X125.025 Y66.748 E1172.78125
G1 X125.025 Y65.681 E1172.79798
G0 F10500 X128.359 Y66.114
G1 F3600 X129.126 Y66.881 E1172.81498
G1 X130.026 Y66.881 E1172.82909
G1 X130.026 Y65.681 E1172.8479
G1 X131.693 Y65.681 E1172.87403
G1 X131.992 Y65.681 E1172.87872
G1 X131.693 Y65.98 E1172.88535
G1 X131.693 Y65.681 E1172.89003
G0 F10500 X128.359 Y66.114
G1 F3600 X127.926 Y65.681 E1172.89963
G1 X128.359 Y65.681 E1172.90642
G1 X128.359 Y66.114 E1172.91321
G0 F10500 X135.027 Y66.782
G1 F3600 X135.126 Y66.881 E1172.9154
G1 X136.694 Y66.881 E1172.93998
G1 X136.792 Y66.881 E1172.94152
G1 X137.992 Y65.681 E1172.96812
G1 X136.694 Y65.681 E1172.98847
G1 X136.694 Y66.881 E1173.00728
G0 F10500 X135.027 Y66.782
G1 F3600 X133.926 Y65.681 E1173.03168
G1 X135.027 Y65.681 E1173.04894
G1 X135.027 Y66.782 E1173.0662
G0 F10500 X140.028 Y65.681
G1 F3600 X139.826 Y65.681 E1173.06937
G1 X140.028 Y65.883 E1173.07385
G1 X140.028 Y65.681 E1173.07701
G1 X141.695 Y65.681 E1173.10314
G1 X141.695 Y66.881 E1173.12195
G1 X142.692 Y66.881 E1173.13758
G1 X143.362 Y66.211 E1173.15243
G1 X143.892 Y65.681 E1173.16418
G1 X143.362 Y65.681 E1173.17249
G1 X143.362 Y66.211 E1173.1808
G0 F10500 X146.696 Y65.681
G1 F3600 X145.826 Y65.681 E1173.19444
G1 X146.696 Y66.551 E1173.21372
G1 X146.696 Y65.681 E1173.22736
G1 X148.363 Y65.681 E1173.25349
G1 X149.892 Y65.681 E1173.27746
G1 X148.692 Y66.881 E1173.30406
G1 X148.363 Y66.881 E1173.30922
G1 X148.363 Y65.681 E1173.32803
G0 F10500 X153.364 Y65.681
G1 F3600 X151.726 Y65.681 E1173.35371
G1 X152.926 Y66.881 E1173.38031
G1 X153.364 Y66.881 E1173.38717
G1 X153.364 Y65.681 E1173.40599
G1 X155.031 Y65.681 E1173.43212
G1 X155.792 Y65.681 E1173.44405
G1 X155.031 Y66.442 E1173.46092
G1 X155.031 Y65.681 E1173.47284
G0 F10500 X158.365 Y66.32
G1 F3600 X158.926 Y66.881 E1173.48528
G1 X160.032 Y66.881 E1173.50262
G1 X160.032 Y65.681 E1173.52143
G1 X161.699 Y65.681 E1173.54756
G1 X161.792 Y65.681 E1173.54902
G1 X161.699 Y65.774 E1173.55108
G0 F10500 X158.365 Y66.32
G1 F3600 X157.726 Y65.681 E1173.56524
G1 X158.365 Y65.681 E1173.57526
G1 X158.365 Y66.32 E1173.58528
G0 F10500 X165.033 Y66.881
G1 F3600 X166.492 Y66.881 E1173.60815
G1 X166.7 Y66.673 E1173.61276
G1 X167.692 Y65.681 E1173.63475
G1 X166.7 Y65.681 E1173.6503
G1 X166.7 Y66.673 E1173.66585
G0 F10500 X165.033 Y66.881
G1 F3600 X164.826 Y66.881 E1173.6691
G1 X163.626 Y65.681 E1173.6957
G1 X165.033 Y65.681 E1173.71775
G1 X165.033 Y66.881 E1173.73656
G0 F10500 X170.034 Y65.681
G1 F3600 X169.626 Y65.681 E1173.74296
G1 X170.034 Y66.089 E1173.752
G1 X170.034 Y65.681 E1173.7584
G1 X171.701 Y65.681 E1173.78453
G1 X171.701 Y66.881 E1173.80334
G1 X172.492 Y66.881 E1173.81574
G1 X173.368 Y66.005 E1173.83516
G1 X173.692 Y65.681 E1173.84234
G1 X173.368 Y65.681 E1173.84742
G1 X173.368 Y66.005 E1173.8525
G0 F10500 X176.702 Y65.681
G1 F3600 X175.526 Y65.681 E1173.87093
G1 X176.702 Y66.857 E1173.897
G1 X176.702 Y65.681 E1173.91544
G1 X178.369 Y65.681 E1173.94157
G1 X179.592 Y65.681 E1173.96074
G1 X178.392 Y66.881 E1173.98734
G1 X178.369 Y66.881 E1173.9877
G1 X178.369 Y65.681 E1174.00651
G0 F10500 X181.703 Y65.858
G1 F3600 X182.726 Y66.881 E1174.02919
G1 X183.37 Y66.881 E1174.03929
G1 X183.37 Y65.681 E1174.0581
G1 X185.037 Y65.681 E1174.08423
G1 X185.592 Y65.681 E1174.09293
G1 X185.037 Y66.236 E1174.10523
G1 X185.037 Y65.681 E1174.11393
G0 F10500 X181.703 Y65.858
G1 F3600 X181.526 Y65.681 E1174.11786
G1 X181.703 Y65.681 E1174.12063
G1 X181.703 Y65.858 E1174.12341
G0 F10500 X188.371 Y66.626
G1 F3600 X188.626 Y66.881 E1174.12906
G1 X190.038 Y66.881 E1174.15119
G1 X190.292 Y66.881 E1174.15517
G1 X190.409 Y66.764 E1174.15777
G1 X190.409 Y65.681 E1174.17474
G1 X190.038 Y65.681 E1174.18056
G1 X190.038 Y66.881 E1174.19937
G0 F10500 X188.371 Y66.626
G1 F3600 X187.426 Y65.681 E1174.22032
G1 X188.371 Y65.681 E1174.23513
G1 X188.371 Y66.626 E1174.24995
G1 F600 E1173.24995
;MESH:
G0 F10500 X191.628 Y64.592
G0 X192.161 Y64.059
G0 X192.161 Y29.803
G0 X191.628 Y29.27
G0 X188.371 Y28.596
G0 X188.371 Y27.161
G0 X190.68 Y27.111
G0 X190.75 Y27.181
;TYPE:WALL-INNER
G1 F600 E1174.24995
G1 F3600 X99.25 Y27.181 E1175.68425
G1 X99.25 Y26.681 E1175.69209
G1 X190.75 Y26.681 E1177.12639
G1 X190.75 Y27.181 E1177.13423
G0 F10500 X191.25 Y27.681
;TYPE:WALL-OUTER
G1 F2700 X98.75 Y27.681 E1178.58421
G1 X98.75 Y26.181 E1178.60773
G1 X191.25 Y26.181 E1180.05771
G1 X191.25 Y27.681 E1180.08122
G0 F10500 X191 Y27.681
G1 F600 E1179.08122
G0 F10500 X190.68 Y27.111
G0 X190.68 Y27.161
G0 X190.68 Y28.596
G0 X190.68 Y29.266
G0 X190.68 Y30.701
G0 X190.68 Y31.111
G0 X190.75 Y31.181
;TYPE:WALL-INNER
G1 F600 E1180.08122
G1 F3600 X99.25 Y31.181 E1181.51552
G1 X99.25 Y30.681 E1181.52336
G1 X190.75 Y30.681 E1182.95767
G1 X190.75 Y31.181 E1182.9655
G0 F10500 X191.25 Y31.681
;TYPE:WALL-OUTER
G1 F2700 X98.75 Y31.681 E1184.41548
G1 X98.75 Y30.181 E1184.439
G1 X191.25 Y30.181 E1185.88898
G1 X191.25 Y31.681 E1185.91249
G0 F10500 X191 Y31.681
G1 F600 E1184.91249
G0 F10500 X190.68 Y31.111
G0 X190.68 Y31.161
G0 X190.68 Y32.596
G0 X190.68 Y33.266
G0 X190.68 Y34.701
G0 X190.68 Y35.111
G0 X190.75 Y35.181
;TYPE:WALL-INNER
G1 F600 E1185.91249
G1 F3600 X99.25 Y35.181 E1187.3468
G1 X99.25 Y34.681 E1187.35463
G1 X190.75 Y34.681 E1188.78894
G1 X190.75 Y35.181 E1188.79678
G0 F10500 X191.25 Y35.681
;TYPE:WALL-OUTER
G1 F2700 X98.75 Y35.681 E1190.24676
G1 X98.75 Y34.181 E1190.27027
G1 X191.25 Y34.181 E1191.72025
G1 X191.25 Y35.681 E1191.74376
G0 F10500 X191 Y35.681
G1 F600 E1190.74376
G0 F10500 X190.68 Y35.111
G0 X190.68 Y35.161
G0 X190.68 Y36.596
G0 X190.68 Y37.266
G0 X190.68 Y38.701
G0 X190.68 Y39.111
G0 X190.75 Y39.181
;TYPE:WALL-INNER
G1 F600 E1191.74376
G1 F3600 X99.25 Y39.181 E1193.17807
G1 X99.25 Y38.681 E1193.18591
G1 X190.75 Y38.681 E1194.62021
G1 X190.75 Y39.181 E1194.62805
G0 F10500 X191.25 Y39.681
;TYPE:WALL-OUTER
G1 F2700 X98.75 Y39.681 E1196.07803
G1 X98.75 Y38.181 E1196.10154
G1 X191.25 Y38.181 E1197.55152
G1 X191.25 Y39.681 E1197.57504
G0 F10500 X191 Y39.681
G1 F600 E1196.57504
G0 F10500 X190.68 Y39.111
G0 X190.68 Y39.161
G0 X190.68 Y40.596
G0 X190.68 Y41.266
G0 X190.68 Y42.701
G0 X190.68 Y43.111
G0 X190.75 Y43.181
;TYPE:WALL-INNER
G1 F600 E1197.57504
G1 F3600 X99.25 Y43.181 E1199.00934
G1 X99.25 Y42.681 E1199.01718
G1 X190.75 Y42.681 E1200.45148
G1 X190.75 Y43.181 E1200.45932
G0 F10500 X191.25 Y43.681
;TYPE:WALL-OUTER
G1 F2700 X98.75 Y43.681 E1201.9093
G1 X98.75 Y42.181 E1201.93282
G1 X191.25 Y42.181 E1203.3828
G1 X191.25 Y43.681 E1203.40631
G0 F10500 X191 Y43.681
G1 F600 E1202.40631
G0 F10500 X190.68 Y43.111
G0 X190.68 Y43.161
G0 X190.68 Y44.596
G0 X190.68 Y45.266
G0 X190.68 Y46.701
G0 X190.68 Y47.111
G0 X190.75 Y47.181
;TYPE:WALL-INNER
G1 F600 E1203.40631
G1 F3600 X99.25 Y47.181 E1204.84061
G1 X99.25 Y46.681 E1204.84845
G1 X190.75 Y46.681 E1206.28276
G1 X190.75 Y47.181 E1206.29059
G0 F10500 X191.25 Y47.681
;TYPE:WALL-OUTER
G1 F2700 X98.75 Y47.681 E1207.74057
G1 X98.75 Y46.181 E1207.76409
G1 X191.25 Y46.181 E1209.21407
G1 X191.25 Y47.681 E1209.23758
G0 F10500 X191 Y47.681
G1 F600 E1208.23758
G0 F10500 X190.68 Y47.111
G0 X190.68 Y47.161
G0 X190.68 Y48.596
G0 X190.68 Y49.266
G0 X190.68 Y50.701
G0 X190.68 Y51.111
G0 X190.75 Y51.181
;TYPE:WALL-INNER
G1 F600 E1209.23758
G1 F3600 X99.25 Y51.181 E1210.67189
G1 X99.25 Y50.681 E1210.67972
G1 X190.75 Y50.681 E1212.11403
G1 X190.75 Y51.181 E1212.12187
G0 F10500 X191.25 Y51.681
;TYPE:WALL-OUTER
G1 F2700 X98.75 Y51.681 E1213.57185
G1 X98.75 Y50.181 E1213.59536
G1 X191.25 Y50.181 E1215.04534
G1 X191.25 Y51.681 E1215.06885
G0 F10500 X191 Y51.681
G1 F600 E1214.06885
G0 F10500 X190.68 Y51.111
G0 X190.68 Y51.161
G0 X190.68 Y52.596
G0 X190.68 Y53.266
G0 X190.68 Y54.701
G0 X190.68 Y55.111
G0 X190.75 Y55.181
;TYPE:WALL-INNER
G1 F600 E1215.06885
G1 F3600 X99.25 Y55.181 E1216.50316
G1 X99.25 Y54.681 E1216.511
G1 X190.75 Y54.681 E1217.9453
G1 X190.75 Y55.181 E1217.95314
G0 F10500 X191.25 Y55.681
;TYPE:WALL-OUTER
G1 F2700 X98.75 Y55.681 E1219.40312
G1 X98.75 Y54.181 E1219.42663
G1 X191.25 Y54.181 E1220.87661
G1 X191.25 Y55.681 E1220.90013
G0 F10500 X191 Y55.681
G1 F600 E1219.90013
G0 F10500 X190.68 Y55.111
G0 X190.68 Y55.161
G0 X190.68 Y56.596
G0 X190.68 Y57.266
G0 X190.68 Y58.701
G0 X190.68 Y59.111
G0 X190.75 Y59.181
;TYPE:WALL-INNER
G1 F600 E1220.90013
G1 F3600 X99.25 Y59.181 E1222.33443
G1 X99.25 Y58.681 E1222.34227
G1 X190.75 Y58.681 E1223.77657
G1 X190.75 Y59.181 E1223.78441
G0 F10500 X191.25 Y59.681
;TYPE:WALL-OUTER
G1 F2700 X98.75 Y59.681 E1225.23439
G1 X98.75 Y58.181 E1225.25791
G1 X191.25 Y58.181 E1226.70789
G1 X191.25 Y59.681 E1226.7314
G0 F10500 X191 Y59.681
G1 F600 E1225.7314
G0 F10500 X190.68 Y59.111
G0 X190.68 Y59.161
G0 X190.68 Y60.596
G0 X190.68 Y61.266
G0 X190.68 Y62.701
G0 X190.68 Y63.111
G0 X190.75 Y63.181
;TYPE:WALL-INNER
G1 F600 E1226.7314
G1 F3600 X99.25 Y63.181 E1228.1657
G1 X99.25 Y62.681 E1228.17354
G1 X190.75 Y62.681 E1229.60785
G1 X190.75 Y63.181 E1229.61568
G0 F10500 X191.25 Y63.681
;TYPE:WALL-OUTER
G1 F2700 X98.75 Y63.681 E1231.06566
G1 X98.75 Y62.181 E1231.08918
G1 X191.25 Y62.181 E1232.53916
G1 X191.25 Y63.681 E1232.56267
G0 F10500 X191 Y63.681
G1 F600 E1231.56267
G0 F10500 X190.68 Y63.111
G0 X189.75 Y63.161
G0 X189.75 Y64.596
G0 X189.75 Y74.266
G0 X189.75 Y75.701
G0 X189.75 Y95.049
;TYPE:WALL-INNER
G1 F600 E1232.56267
G1 F3600 X111.244 Y95.049 E1233.79329
G1 X111.244 Y76.681 E1234.08122
G1 X189.75 Y76.681 E1235.31183
G1 X189.75 Y95.049 E1235.59976
G0 F10500 X190.25 Y95.549
G1 F3600 X110.744 Y95.549 E1236.84605
G1 X110.744 Y76.181 E1237.14966
G1 X190.25 Y76.181 E1238.39595
G1 X190.25 Y95.549 E1238.69955
G0 F10500 X190.75 Y96.049
G1 F3600 X110.244 Y96.049 E1239.96152
G1 X110.244 Y75.681 E1240.2808
G1 X190.75 Y75.681 E1241.54277
G1 X190.75 Y96.049 E1241.86205
G0 F10500 X191.25 Y96.549
;TYPE:WALL-OUTER
G1 F2700 X109.744 Y96.549 E1243.13969
G1 X109.744 Y75.181 E1243.47464
G1 X191.25 Y75.181 E1244.75229
G1 X191.25 Y96.549 E1245.08724
G0 F10500 X191 Y96.549
G0 X190.68 Y95.979
G0 X189.26 Y94.559
;TYPE:SKIN
G1 F2700 X111.734 Y94.559 E1246.3025
G1 X111.734 Y77.171 E1246.57506
G1 X189.26 Y77.171 E1247.79032
G1 X189.26 Y94.559 E1248.06288
G0 F10500 X189.034 Y93.808
G1 F2700 X188.508 Y94.334 E1248.07454
G0 F10500 X187.801 Y94.334
G1 F2700 X189.034 Y93.101 E1248.10188
G0 F10500 X189.034 Y92.394
G1 F2700 X187.094 Y94.334 E1248.14488
G0 F10500 X186.386 Y94.334
G1 F2700 X189.034 Y91.687 E1248.20358
G0 F10500 X189.034 Y90.979
G1 F2700 X185.679 Y94.334 E1248.27795
G0 F10500 X184.972 Y94.334
G1 F2700 X189.034 Y90.272 E1248.368
G0 F10500 X189.034 Y89.565
G1 F2700 X184.265 Y94.334 E1248.47372
G0 F10500 X183.558 Y94.334
G1 F2700 X189.034 Y88.858 E1248.59511
G0 F10500 X189.034 Y88.151
G1 F2700 X182.851 Y94.334 E1248.73218
G0 F10500 X182.144 Y94.334
G1 F2700 X189.034 Y87.444 E1248.88492
G0 F10500 X189.034 Y86.737
G1 F2700 X181.437 Y94.334 E1249.05334
G0 F10500 X180.73 Y94.334
G1 F2700 X189.034 Y86.03 E1249.23742
G0 F10500 X189.034 Y85.323
G1 F2700 X180.023 Y94.334 E1249.43718
G0 F10500 X179.315 Y94.334
G1 F2700 X189.034 Y84.615 E1249.65264
G0 F10500 X189.034 Y83.908
G1 F2700 X178.608 Y94.334 E1249.88377
G0 F10500 X177.901 Y94.334
G1 F2700 X189.034 Y83.201 E1250.13057
G0 F10500 X189.034 Y82.494
G1 F2700 X177.194 Y94.334 E1250.39304
G0 F10500 X176.487 Y94.334
G1 F2700 X189.034 Y81.787 E1250.67119
G0 F10500 X189.034 Y81.08
G1 F2700 X175.78 Y94.334 E1250.96501
G0 F10500 X175.073 Y94.334
G1 F2700 X189.034 Y80.373 E1251.2745
G0 F10500 X189.034 Y79.666
G1 F2700 X174.366 Y94.334 E1251.59967
G0 F10500 X173.659 Y94.334
G1 F2700 X189.034 Y78.959 E1251.94051
G0 F10500 X189.034 Y78.251
G1 F2700 X172.951 Y94.334 E1252.29705
G0 F10500 X172.244 Y94.334
G1 F2700 X189.034 Y77.544 E1252.66926
G0 F10500 X188.475 Y77.396
G1 F2700 X171.537 Y94.334 E1253.04474
G0 F10500 X170.83 Y94.334
G1 F2700 X187.768 Y77.396 E1253.42023
G0 F10500 X187.061 Y77.396
G1 F2700 X170.123 Y94.334 E1253.79572
G0 F10500 X169.416 Y94.334
G1 F2700 X186.354 Y77.396 E1254.17121
G0 F10500 X185.647 Y77.396
G1 F2700 X168.709 Y94.334 E1254.5467
G0 F10500 X168.002 Y94.334
G1 F2700 X184.94 Y77.396 E1254.92219
G0 F10500 X184.233 Y77.396
G1 F2700 X167.295 Y94.334 E1255.29768
G0 F10500 X166.587 Y94.334
G1 F2700 X183.526 Y77.396 E1255.67318
G0 F10500 X182.818 Y77.396
G1 F2700 X165.88 Y94.334 E1256.04867
G0 F10500 X165.173 Y94.334
G1 F2700 X182.111 Y77.396 E1256.42416
G0 F10500 X181.404 Y77.396
G1 F2700 X164.466 Y94.334 E1256.79965
G0 F10500 X163.759 Y94.334
G1 F2700 X180.697 Y77.396 E1257.17514
G0 F10500 X179.99 Y77.396
G1 F2700 X163.052 Y94.334 E1257.55063
G0 F10500 X162.345 Y94.334
G1 F2700 X179.283 Y77.396 E1257.92612
G0 F10500 X178.576 Y77.396
G1 F2700 X161.638 Y94.334 E1258.30161
G0 F10500 X160.931 Y94.334
G1 F2700 X177.869 Y77.396 E1258.67709
G0 F10500 X177.162 Y77.396
G1 F2700 X160.224 Y94.334 E1259.05258
G0 F10500 X159.516 Y94.334
G1 F2700 X176.454 Y77.396 E1259.42807
G0 F10500 X175.747 Y77.396
G1 F2700 X158.809 Y94.334 E1259.80356
G0 F10500 X158.102 Y94.334
G1 F2700 X175.04 Y77.396 E1260.17905
G0 F10500 X174.333 Y77.396
G1 F2700 X157.395 Y94.334 E1260.55454
G0 F10500 X156.688 Y94.334
G1 F2700 X173.626 Y77.396 E1260.93003
G0 F10500 X172.919 Y77.396
G1 F2700 X155.981 Y94.334 E1261.30552
G0 F10500 X155.274 Y94.334
G1 F2700 X172.212 Y77.396 E1261.68101
G0 F10500 X171.505 Y77.396
G1 F2700 X154.567 Y94.334 E1262.0565
G0 F10500 X153.86 Y94.334
G1 F2700 X170.798 Y77.396 E1262.43199
G0 F10500 X170.091 Y77.396
G1 F2700 X153.152 Y94.334 E1262.80749
G0 F10500 X152.445 Y94.334
G1 F2700 X169.383 Y77.396 E1263.18298
G0 F10500 X168.676 Y77.396
G1 F2700 X151.738 Y94.334 E1263.55847
G0 F10500 X151.031 Y94.334
G1 F2700 X167.969 Y77.396 E1263.93396
G0 F10500 X167.262 Y77.396
G1 F2700 X150.324 Y94.334 E1264.30944
G0 F10500 X149.617 Y94.334
G1 F2700 X166.555 Y77.396 E1264.68493
G0 F10500 X165.848 Y77.396
G1 F2700 X148.91 Y94.334 E1265.06042
G0 F10500 X148.203 Y94.334
G1 F2700 X165.141 Y77.396 E1265.43591
G0 F10500 X164.434 Y77.396
G1 F2700 X147.496 Y94.334 E1265.8114
G0 F10500 X146.789 Y94.334
G1 F2700 X163.727 Y77.396 E1266.18689
G0 F10500 X163.019 Y77.396
G1 F2700 X146.081 Y94.334 E1266.56238
G0 F10500 X145.374 Y94.334
G1 F2700 X162.312 Y77.396 E1266.93787
G0 F10500 X161.605 Y77.396
G1 F2700 X144.667 Y94.334 E1267.31336
G0 F10500 X143.96 Y94.334
G1 F2700 X160.898 Y77.396 E1267.68885
G0 F10500 X160.191 Y77.396
G1 F2700 X143.253 Y94.334 E1268.06434
G0 F10500 X142.546 Y94.334
G1 F2700 X159.484 Y77.396 E1268.43983
G0 F10500 X158.777 Y77.396
G1 F2700 X141.839 Y94.334 E1268.81532
G0 F10500 X141.132 Y94.334
G1 F2700 X158.07 Y77.396 E1269.19081
G0 F10500 X157.363 Y77.396
G1 F2700 X140.425 Y94.334 E1269.56629
G0 F10500 X139.717 Y94.334
G1 F2700 X156.655 Y77.396 E1269.94178
G0 F10500 X155.948 Y77.396
G1 F2700 X139.01 Y94.334 E1270.31727
G0 F10500 X138.303 Y94.334
G1 F2700 X155.241 Y77.396 E1270.69276
G0 F10500 X154.534 Y77.396
G1 F2700 X137.596 Y94.334 E1271.06825
G0 F10500 X136.889 Y94.334
G1 F2700 X153.827 Y77.396 E1271.44374
G0 F10500 X153.12 Y77.396
G1 F2700 X136.182 Y94.334 E1271.81923
G0 F10500 X135.475 Y94.334
G1 F2700 X152.413 Y77.396 E1272.19472
G0 F10500 X151.706 Y77.396
G1 F2700 X134.768 Y94.334 E1272.57021
G0 F10500 X134.061 Y94.334
G1 F2700 X150.999 Y77.396 E1272.9457
G0 F10500 X150.292 Y77.396
G1 F2700 X133.353 Y94.334 E1273.3212
G0 F10500 X132.646 Y94.334
G1 F2700 X149.584 Y77.396 E1273.69669
G0 F10500 X148.877 Y77.396
G1 F2700 X131.939 Y94.334 E1274.07218
G0 F10500 X131.232 Y94.334
G1 F2700 X148.17 Y77.396 E1274.44767
G0 F10500 X147.463 Y77.396
G1 F2700 X130.525 Y94.334 E1274.82316
G0 F10500 X129.818 Y94.334
G1 F2700 X146.756 Y77.396 E1275.19864
G0 F10500 X146.049 Y77.396
G1 F2700 X129.111 Y94.334 E1275.57413
G0 F10500 X128.404 Y94.334
G1 F2700 X145.342 Y77.396 E1275.94962
G0 F10500 X144.635 Y77.396
G1 F2700 X127.697 Y94.334 E1276.32511
G0 F10500 X126.99 Y94.334
G1 F2700 X143.928 Y77.396 E1276.7006
G0 F10500 X143.22 Y77.396
G1 F2700 X126.282 Y94.334 E1277.07609
G0 F10500 X125.575 Y94.334
G1 F2700 X142.513 Y77.396 E1277.45158
G0 F10500 X141.806 Y77.396
G1 F2700 X124.868 Y94.334 E1277.82707
G0 F10500 X124.161 Y94.334
G1 F2700 X141.099 Y77.396 E1278.20256
G0 F10500 X140.392 Y77.396
G1 F2700 X123.454 Y94.334 E1278.57805
G0 F10500 X122.747 Y94.334
G1 F2700 X139.685 Y77.396 E1278.95354
G0 F10500 X138.978 Y77.396
G1 F2700 X122.04 Y94.334 E1279.32903
G0 F10500 X121.333 Y94.334
G1 F2700 X138.271 Y77.396 E1279.70452
G0 F10500 X137.564 Y77.396
G1 F2700 X120.626 Y94.334 E1280.08
G0 F10500 X119.918 Y94.334
G1 F2700 X136.856 Y77.396 E1280.45549
G0 F10500 X136.149 Y77.396
G1 F2700 X119.211 Y94.334 E1280.83098
G0 F10500 X118.504 Y94.334
G1 F2700 X135.442 Y77.396 E1281.20647
G0 F10500 X134.735 Y77.396
G1 F2700 X117.797 Y94.334 E1281.58196
G0 F10500 X117.09 Y94.334
G1 F2700 X134.028 Y77.396 E1281.95745
G0 F10500 X133.321 Y77.396
G1 F2700 X116.383 Y94.334 E1282.33294
G0 F10500 X115.676 Y94.334
G1 F2700 X132.614 Y77.396 E1282.70843
G0 F10500 X131.907 Y77.396
G1 F2700 X114.969 Y94.334 E1283.08392
G0 F10500 X114.262 Y94.334
G1 F2700 X131.2 Y77.396 E1283.45941
G0 F10500 X130.493 Y77.396
G1 F2700 X113.554 Y94.334 E1283.83491
G0 F10500 X112.847 Y94.334
G1 F2700 X129.785 Y77.396 E1284.2104
G0 F10500 X129.078 Y77.396
G1 F2700 X112.14 Y94.334 E1284.58589
G0 F10500 X111.958 Y93.809
G1 F2700 X128.371 Y77.396 E1284.94974
G0 F10500 X127.664 Y77.396
G1 F2700 X111.958 Y93.102 E1285.29792
G0 F10500 X111.958 Y92.395
G1 F2700 X126.957 Y77.396 E1285.63042
G0 F10500 X126.25 Y77.396
G1 F2700 X111.958 Y91.688 E1285.94725
G0 F10500 X111.958 Y90.981
G1 F2700 X125.543 Y77.396 E1286.24841
G0 F10500 X124.836 Y77.396
G1 F2700 X111.958 Y90.274 E1286.5339
G0 F10500 X111.958 Y89.567
G1 F2700 X124.129 Y77.396 E1286.80371
G0 F10500 X123.421 Y77.396
G1 F2700 X111.958 Y88.859 E1287.05782
G0 F10500 X111.958 Y88.152
G1 F2700 X122.714 Y77.396 E1287.29627
G0 F10500 X122.007 Y77.396
G1 F2700 X111.958 Y87.445 E1287.51904
G0 F10500 X111.958 Y86.738
G1 F2700 X121.3 Y77.396 E1287.72614
G0 F10500 X120.593 Y77.396
G1 F2700 X111.958 Y86.031 E1287.91756
G0 F10500 X111.958 Y85.324
G1 F2700 X119.886 Y77.396 E1288.09331
G0 F10500 X119.179 Y77.396
G1 F2700 X111.958 Y84.617 E1288.25339
G0 F10500 X111.958 Y83.91
G1 F2700 X118.472 Y77.396 E1288.3978
G0 F10500 X117.765 Y77.396
G1 F2700 X111.958 Y83.203 E1288.52653
G0 F10500 X111.958 Y82.496
G1 F2700 X117.057 Y77.396 E1288.63958
G0 F10500 X116.35 Y77.396
G1 F2700 X111.958 Y81.788 E1288.73694
G0 F10500 X111.958 Y81.081
G1 F2700 X115.643 Y77.396 E1288.81863
G0 F10500 X114.936 Y77.396
G1 F2700 X111.958 Y80.374 E1288.88465
G0 F10500 X111.958 Y79.667
G1 F2700 X114.229 Y77.396 E1288.93499
G0 F10500 X113.522 Y77.396
G1 F2700 X111.958 Y78.96 E1288.96967
G0 F10500 X111.958 Y78.253
G1 F2700 X112.815 Y77.396 E1288.98866
G0 F10500 X112.108 Y77.396
G1 F2700 X111.958 Y77.546 E1288.99199
G1 F600 E1287.99199
;MESH:NONMESH
G0 F10500 X110.258 Y75.695
G0 X110.258 Y74.266
G0 X98.372 Y64.592
G0 X97.839 Y64.059
G0 X97.839 Y25.803
G0 X100.02 Y21.981
;TIME_ELAPSED:2827.220207
;LAYER:10
G0 X100.02 Y21.981 Z2.2
;TYPE:SUPPORT
G1 F600 E1288.99199
G1 F3600 X99.426 Y21.981 E1289.0013
G1 X99.309 Y22.098 E1289.00389
G1 X99.309 Y24.181 E1289.03655
G1 X100.02 Y24.181 E1289.04769
G1 X100.02 Y21.981 E1289.08218
G1 X101.092 Y21.981 E1289.09898
G1 X101.687 Y22.576 E1289.11217
G1 X101.687 Y24.181 E1289.13733
G1 X103.354 Y24.181 E1289.16346
G1 X103.354 Y23.745 E1289.1703
G1 X103.562 Y23.745 E1289.17356
G1 X105.021 Y22.286 E1289.2059
G1 X105.021 Y24.181 E1289.23561
G1 X106.688 Y24.181 E1289.26174
G1 X106.688 Y21.981 E1289.29622
G1 X106.992 Y21.981 E1289.30099
G1 X108.355 Y23.344 E1289.3312
G1 X108.355 Y24.181 E1289.34432
G1 X110.022 Y24.181 E1289.37045
G1 X110.022 Y23.285 E1289.3845
G1 X111.326 Y21.981 E1289.41341
G1 X111.689 Y21.981 E1289.4191
G1 X111.689 Y24.181 E1289.45358
G1 X113.356 Y24.181 E1289.47972
G1 X113.356 Y22.345 E1289.5085
G1 X114.756 Y23.745 E1289.53953
G1 X115.023 Y23.745 E1289.54372
G1 X115.023 Y24.181 E1289.55055
G1 X116.69 Y24.181 E1289.57668
G1 X116.69 Y22.517 E1289.60277
G1 X117.226 Y21.981 E1289.61465
G1 X118.357 Y21.981 E1289.63238
G1 X118.357 Y24.181 E1289.66686
G1 X120.024 Y24.181 E1289.69299
G1 X120.024 Y23.113 E1289.70974
G1 X120.706 Y23.795 E1289.72485
G1 X121.412 Y23.795 E1289.73592
G1 X121.691 Y23.516 E1289.74211
G1 X121.691 Y24.181 E1289.75253
G1 X123.358 Y24.181 E1289.77866
G1 X123.358 Y21.981 E1289.81315
G1 X124.892 Y21.981 E1289.83719
G1 X125.025 Y22.114 E1289.84014
G1 X125.025 Y24.181 E1289.87254
G1 X126.692 Y24.181 E1289.89867
G1 X126.692 Y23.745 E1289.90551
G1 X127.362 Y23.745 E1289.91601
G1 X128.359 Y22.748 E1289.93811
G1 X128.359 Y24.181 E1289.96058
G1 X130.026 Y24.181 E1289.98671
G1 X130.026 Y21.981 E1290.02119
G1 X130.792 Y21.981 E1290.0332
G1 X131.693 Y22.882 E1290.05317
G1 X131.693 Y24.181 E1290.07354
G1 X133.36 Y24.181 E1290.09967
G1 X133.36 Y23.747 E1290.10647
G1 X135.027 Y22.08 E1290.14343
G1 X135.027 Y24.181 E1290.17636
G1 X136.694 Y24.181 E1290.20249
G1 X136.694 Y21.981 E1290.23698
G1 X136.792 Y21.981 E1290.23851
G1 X138.361 Y23.55 E1290.2733
G1 X138.361 Y24.181 E1290.28319
G1 X140.028 Y24.181 E1290.30932
G1 X140.028 Y22.979 E1290.32816
G1 X141.026 Y21.981 E1290.35028
G1 X141.695 Y21.981 E1290.36077
G1 X141.695 Y24.181 E1290.39526
G1 X143.362 Y24.181 E1290.42139
G1 X143.362 Y22.651 E1290.44537
G1 X144.506 Y23.795 E1290.47073
G1 X145.029 Y23.795 E1290.47893
G1 X145.029 Y24.181 E1290.48498
G1 X146.696 Y24.181 E1290.51111
G1 X146.696 Y22.311 E1290.54042
G1 X147.026 Y21.981 E1290.54774
G1 X148.363 Y21.981 E1290.5687
G1 X148.363 Y24.181 E1290.60318
G1 X150.03 Y24.181 E1290.62932
G1 X150.03 Y23.319 E1290.64283
G1 X150.456 Y23.745 E1290.65227
G1 X151.162 Y23.745 E1290.66334
G1 X151.697 Y23.21 E1290.6752
G1 X151.697 Y24.181 E1290.69042
G1 X153.364 Y24.181 E1290.71655
G1 X153.364 Y21.981 E1290.75104
G1 X154.592 Y21.981 E1290.77029
G1 X155.031 Y22.42 E1290.78002
G1 X155.031 Y24.181 E1290.80762
G1 X156.698 Y24.181 E1290.83375
G1 X156.698 Y23.795 E1290.8398
G1 X157.112 Y23.795 E1290.84629
G1 X158.365 Y22.542 E1290.87407
G1 X158.365 Y24.181 E1290.89976
G1 X160.032 Y24.181 E1290.92589
G1 X160.032 Y21.981 E1290.96038
G1 X160.592 Y21.981 E1290.96916
G1 X161.699 Y23.088 E1290.9937
G1 X161.699 Y24.181 E1291.01083
G1 X163.366 Y24.181 E1291.03696
G1 X163.366 Y23.441 E1291.04856
G1 X164.826 Y21.981 E1291.08093
G1 X165.033 Y21.981 E1291.08417
G1 X165.033 Y24.181 E1291.11866
G1 X166.7 Y24.181 E1291.14479
G1 X166.7 Y22.189 E1291.17602
G1 X168.306 Y23.795 E1291.21162
G1 X168.367 Y23.795 E1291.21257
G1 X168.367 Y24.181 E1291.21863
G1 X170.034 Y24.181 E1291.24476
G1 X170.034 Y22.773 E1291.26683
G1 X170.826 Y21.981 E1291.28439
G1 X171.701 Y21.981 E1291.2981
G1 X171.701 Y24.181 E1291.33259
G1 X173.368 Y24.181 E1291.35872
G1 X173.368 Y22.857 E1291.37947
G1 X174.256 Y23.745 E1291.39916
G1 X174.962 Y23.745 E1291.41022
G1 X175.035 Y23.672 E1291.41184
G1 X175.035 Y24.181 E1291.41982
G1 X176.702 Y24.181 E1291.44595
G1 X176.702 Y22.005 E1291.48006
G1 X176.726 Y21.981 E1291.48059
G1 X178.369 Y21.981 E1291.50635
G1 X178.369 Y24.181 E1291.54084
G1 X180.036 Y24.181 E1291.56697
G1 X180.036 Y23.625 E1291.57568
G1 X180.206 Y23.795 E1291.57945
G1 X180.912 Y23.795 E1291.59052
G1 X181.703 Y23.004 E1291.60805
G1 X181.703 Y24.181 E1291.6265
G1 X183.37 Y24.181 E1291.65263
G1 X183.37 Y21.981 E1291.68712
G1 X184.392 Y21.981 E1291.70314
G1 X185.037 Y22.626 E1291.71744
G1 X185.037 Y24.181 E1291.74181
G1 X186.704 Y24.181 E1291.76795
G1 X186.704 Y23.745 E1291.77478
G1 X186.862 Y23.745 E1291.77726
G1 X188.371 Y22.236 E1291.81071
G1 X188.371 Y24.181 E1291.8412
G1 X190.038 Y24.181 E1291.86733
G1 X190.409 Y24.181 E1291.87314
G1 X190.409 Y22.098 E1291.9058
G1 X190.292 Y21.981 E1291.90839
G1 X190.038 Y21.981 E1291.91237
G1 X190.038 Y24.181 E1291.94686
G1 F600 E1290.94686
G0 F10500 X191.628 Y25.27
G0 X192.161 Y25.803
G0 X192.161 Y44.059
G0 X191.628 Y44.592
G0 X98.372 Y45.27
G0 X97.839 Y45.803
G0 X97.839 Y64.059
G0 X98.318 Y64.538
G0 X101.687 Y65.681
G1 F600 E1291.94686
G1 F3600 X102.292 Y65.681 E1291.95634
G1 X101.687 Y66.286 E1291.96975
G1 X101.687 Y65.681 E1291.97924
G1 X100.02 Y65.681 E1292.00537
G1 X99.309 Y65.681 E1292.01651
G1 X99.309 Y66.764 E1292.03349
G1 X99.426 Y66.881 E1292.03608
G1 X100.02 Y66.881 E1292.04539
G1 X100.02 Y65.681 E1292.0642
G0 F10500 X105.021 Y66.576
G1 F3600 X105.326 Y66.881 E1292.07097
G1 X106.688 Y66.881 E1292.09232
G1 X106.992 Y66.881 E1292.09708
G1 X108.192 Y65.681 E1292.12368
G1 X106.688 Y65.681 E1292.14726
G1 X106.688 Y66.881 E1292.16607
G0 F10500 X105.021 Y66.576
G1 F3600 X104.126 Y65.681 E1292.18591
G1 X105.021 Y65.681 E1292.19994
G1 X105.021 Y66.576 E1292.21397
G0 F10500 X111.689 Y66.881
G1 F3600 X112.992 Y66.881 E1292.2344
G1 X113.356 Y66.517 E1292.24246
G1 X114.192 Y65.681 E1292.261
G1 X113.356 Y65.681 E1292.2741
G1 X113.356 Y66.517 E1292.28721
G0 F10500 X111.689 Y66.881
G1 F3600 X111.326 Y66.881 E1292.2929
G1 X110.126 Y65.681 E1292.3195
G1 X111.689 Y65.681 E1292.344
G1 X111.689 Y66.881 E1292.36281
G0 F10500 X116.69 Y65.681
G1 F3600 X116.026 Y65.681 E1292.37322
G1 X116.69 Y66.345 E1292.38794
G1 X116.69 Y65.681 E1292.39835
G1 X118.357 Y65.681 E1292.42448
G1 X118.357 Y66.881 E1292.44329
G1 X118.892 Y66.881 E1292.45168
G1 X120.024 Y65.749 E1292.47677
G1 X120.092 Y65.681 E1292.47828
G1 X120.024 Y65.681 E1292.47934
G0 F10500 X123.358 Y65.681
G1 F3600 X122.026 Y65.681 E1292.50022
G1 X123.226 Y66.881 E1292.52683
G1 X123.358 Y66.881 E1292.52889
G1 X123.358 Y65.681 E1292.5477
G1 X125.025 Y65.681 E1292.57384
G1 X126.092 Y65.681 E1292.59056
G1 X125.025 Y66.748 E1292.61422
G1 X125.025 Y65.681 E1292.63094
G0 F10500 X128.359 Y66.114
G1 F3600 X129.126 Y66.881 E1292.64794
G1 X130.026 Y66.881 E1292.66205
G1 X130.026 Y65.681 E1292.68086
G1 X131.693 Y65.681 E1292.70699
G1 X131.992 Y65.681 E1292.71168
G1 X131.693 Y65.98 E1292.71831
G1 X131.693 Y65.681 E1292.723
G0 F10500 X128.359 Y66.114
G1 F3600 X127.926 Y65.681 E1292.73259
G1 X128.359 Y65.681 E1292.73938
G1 X128.359 Y66.114 E1292.74617
G0 F10500 X135.027 Y66.782
G1 F3600 X135.126 Y66.881 E1292.74836
G1 X136.694 Y66.881 E1292.77294
G1 X136.792 Y66.881 E1292.77448
G1 X137.992 Y65.681 E1292.80108
G1 X136.694 Y65.681 E1292.82143
G1 X136.694 Y66.881 E1292.84024
G0 F10500 X135.027 Y66.782
G1 F3600 X133.926 Y65.681 E1292.86465
G1 X135.027 Y65.681 E1292.88191
G1 X135.027 Y66.782 E1292.89916
G0 F10500 X140.028 Y65.681
G1 F3600 X139.826 Y65.681 E1292.90233
G1 X140.028 Y65.883 E1292.90681
G1 X140.028 Y65.681 E1292.90998
G1 X141.695 Y65.681 E1292.93611
G1 X141.695 Y66.881 E1292.95492
G1 X142.692 Y66.881 E1292.97054
G1 X143.362 Y66.211 E1292.9854
G1 X143.892 Y65.681 E1292.99715
G1 X143.362 Y65.681 E1293.00546
G1 X143.362 Y66.211 E1293.01376
G0 F10500 X146.696 Y65.681
G1 F3600 X145.826 Y65.681 E1293.0274
G1 X146.696 Y66.551 E1293.04669
G1 X146.696 Y65.681 E1293.06032
G1 X148.363 Y65.681 E1293.08646
G1 X149.892 Y65.681 E1293.11042
G1 X148.692 Y66.881 E1293.13703
G1 X148.363 Y66.881 E1293.14218
G1 X148.363 Y65.681 E1293.16099
G0 F10500 X153.364 Y65.681
G1 F3600 X151.726 Y65.681 E1293.18667
G1 X152.926 Y66.881 E1293.21327
G1 X153.364 Y66.881 E1293.22014
G1 X153.364 Y65.681 E1293.23895
G1 X155.031 Y65.681 E1293.26508
G1 X155.792 Y65.681 E1293.27701
G1 X155.031 Y66.442 E1293.29388
G1 X155.031 Y65.681 E1293.30581
G0 F10500 X158.365 Y66.32
G1 F3600 X158.926 Y66.881 E1293.31824
G1 X160.032 Y66.881 E1293.33558
G1 X160.032 Y65.681 E1293.35439
G1 X161.699 Y65.681 E1293.38052
G1 X161.792 Y65.681 E1293.38198
G1 X161.699 Y65.774 E1293.38404
G0 F10500 X158.365 Y66.32
G1 F3600 X157.726 Y65.681 E1293.39821
G1 X158.365 Y65.681 E1293.40822
G1 X158.365 Y66.32 E1293.41824
G0 F10500 X165.033 Y66.881
G1 F3600 X166.492 Y66.881 E1293.44111
G1 X166.7 Y66.673 E1293.44572
G1 X167.692 Y65.681 E1293.46771
G1 X166.7 Y65.681 E1293.48326
G1 X166.7 Y66.673 E1293.49881
G0 F10500 X165.033 Y66.881
G1 F3600 X164.826 Y66.881 E1293.50206
G1 X163.626 Y65.681 E1293.52866
G1 X165.033 Y65.681 E1293.55072
G1 X165.033 Y66.881 E1293.56953
G0 F10500 X170.034 Y65.681
G1 F3600 X169.626 Y65.681 E1293.57592
G1 X170.034 Y66.089 E1293.58497
G1 X170.034 Y65.681 E1293.59136
G1 X171.701 Y65.681 E1293.61749
G1 X171.701 Y66.881 E1293.6363
G1 X172.492 Y66.881 E1293.6487
G1 X173.368 Y66.005 E1293.66812
G1 X173.692 Y65.681 E1293.67531
G1 X173.368 Y65.681 E1293.68038
G1 X173.368 Y66.005 E1293.68546
G0 F10500 X176.702 Y65.681
G1 F3600 X175.526 Y65.681 E1293.7039
G1 X176.702 Y66.857 E1293.72997
G1 X176.702 Y65.681 E1293.7484
G1 X178.369 Y65.681 E1293.77453
G1 X179.592 Y65.681 E1293.7937
G1 X178.392 Y66.881 E1293.82031
G1 X178.369 Y66.881 E1293.82067
G1 X178.369 Y65.681 E1293.83948
G0 F10500 X181.703 Y65.858
G1 F3600 X182.726 Y66.881 E1293.86216
G1 X183.37 Y66.881 E1293.87225
G1 X183.37 Y65.681 E1293.89106
G1 X185.037 Y65.681 E1293.91719
G1 X185.592 Y65.681 E1293.92589
G1 X185.037 Y66.236 E1293.9382
G1 X185.037 Y65.681 E1293.9469
G0 F10500 X181.703 Y65.858
G1 F3600 X181.526 Y65.681 E1293.95082
G1 X181.703 Y65.681 E1293.95359
G1 X181.703 Y65.858 E1293.95637
G0 F10500 X188.371 Y66.626
G1 F3600 X188.626 Y66.881 E1293.96202
G1 X190.038 Y66.881 E1293.98416
G1 X190.292 Y66.881 E1293.98814
G1 X190.409 Y66.764 E1293.99073
G1 X190.409 Y65.681 E1294.00771
G1 X190.038 Y65.681 E1294.01352
G1 X190.038 Y66.881 E1294.03233
G0 F10500 X188.371 Y66.626
G1 F3600 X187.426 Y65.681 E1294.05328
G1 X188.371 Y65.681 E1294.0681
G1 X188.371 Y66.626 E1294.08291
G1 F600 E1293.08291
;MESH:
G0 F10500 X147.487 Y74.302
G0 X147.424 Y74.313
G0 X133.566 Y76.914
G0 X133.488 Y76.929
G0 X127.553 Y77.961
G0 X120.846 Y79.304
G0 X119.73 Y80.202
G0 X118.687 Y79.67
G0 X118.712 Y79.574
;TYPE:WALL-INNER
G1 F600 E1294.08291
G1 F3600 X119.252 Y79.801 E1294.09209
G1 X119.744 Y80.188 E1294.1019
G1 X120.2 Y80.759 E1294.11336
G1 X120.588 Y81.569 E1294.12744
G1 X120.886 Y82.711 E1294.14594
G1 X121.071 Y84.173 E1294.16904
G1 X121.134 Y85.971 E1294.19724
G1 X121.071 Y87.804 E1294.22599
G1 X120.886 Y89.288 E1294.24943
G1 X120.588 Y90.437 E1294.26804
G1 X120.202 Y91.244 E1294.28206
G1 X119.747 Y91.808 E1294.29342
G1 X119.248 Y92.195 E1294.30332
G1 X118.711 Y92.416 E1294.31242
G1 X118.098 Y92.491 E1294.3221
G1 X117.492 Y92.417 E1294.33167
G1 X116.952 Y92.19 E1294.34086
G1 X116.459 Y91.803 E1294.35068
G1 X116.006 Y91.235 E1294.36207
G1 X115.614 Y90.417 E1294.37629
G1 X115.317 Y89.271 E1294.39485
G1 X115.133 Y87.808 E1294.41796
G1 X115.069 Y86 E1294.44632
G1 X115.133 Y84.186 E1294.47477
G1 X115.318 Y82.716 E1294.498
G1 X115.614 Y81.575 E1294.51647
G1 X116.006 Y80.756 E1294.53071
G1 X116.459 Y80.188 E1294.5421
G1 X116.956 Y79.8 E1294.55198
G1 X117.493 Y79.576 E1294.5611
G1 X118.107 Y79.5 E1294.5708
G1 X118.712 Y79.574 E1294.58035
G0 F10500 X118.109 Y80.203
G1 F3600 X117.029 Y80.595 E1294.59836
G1 X116.346 Y81.573 E1294.61706
G1 X116.013 Y83.254 E1294.64392
G1 X115.913 Y86 E1294.687
G1 X116.013 Y88.74 E1294.72998
G1 X116.346 Y90.418 E1294.75679
G1 X117.029 Y91.396 E1294.77549
G1 X118.108 Y91.788 E1294.79349
G1 X119.176 Y91.397 E1294.81132
G1 X119.862 Y90.426 E1294.82995
G1 X120.199 Y88.747 E1294.8568
G1 X120.3 Y86 E1294.89989
G1 X120.199 Y83.253 E1294.94298
G1 X119.863 Y81.571 E1294.96986
G1 X119.178 Y80.596 E1294.98854
G1 X118.109 Y80.203 E1295.00639
G0 F10500 X118.108 Y80.735
;TYPE:WALL-OUTER
G1 F2700 X117.348 Y81.011 E1295.01907
G1 X116.816 Y81.773 E1295.03364
G1 X116.511 Y83.312 E1295.05823
G1 X116.413 Y86 E1295.10039
G1 X116.511 Y88.682 E1295.14246
G1 X116.816 Y90.218 E1295.16701
G1 X117.348 Y90.98 E1295.18158
G1 X118.107 Y91.256 E1295.19424
G1 X118.858 Y90.981 E1295.20678
G1 X119.393 Y90.224 E1295.22131
G1 X119.701 Y88.688 E1295.24586
G1 X119.8 Y86 E1295.28803
G1 X119.701 Y83.312 E1295.33019
G1 X119.393 Y81.772 E1295.35481
G1 X118.859 Y81.011 E1295.36938
G1 X118.108 Y80.735 E1295.38192
G0 F10500 X117.873 Y80.82
G0 X117.669 Y80.256
G0 X118.687 Y79.67
G0 X118.843 Y79.087
G1 F2700 X119.507 Y79.366 E1295.39321
G1 X120.1 Y79.831 E1295.40503
G1 X120.626 Y80.491 E1295.41826
G1 X121.06 Y81.397 E1295.434
G1 X121.378 Y82.615 E1295.45374
G1 X121.57 Y84.136 E1295.47777
G1 X121.635 Y85.971 E1295.50655
G1 X121.57 Y87.839 E1295.53585
G1 X121.378 Y89.382 E1295.56022
G1 X121.06 Y90.61 E1295.58011
G1 X120.628 Y91.512 E1295.59579
G1 X120.098 Y92.168 E1295.60901
G1 X119.502 Y92.631 E1295.62084
G1 X118.84 Y92.904 E1295.63206
G1 X118.098 Y92.995 E1295.64378
G1 X117.361 Y92.904 E1295.65542
G1 X116.697 Y92.625 E1295.66671
G1 X116.104 Y92.16 E1295.67852
G1 X115.58 Y91.503 E1295.6917
G1 X115.142 Y90.589 E1295.70758
G1 X114.825 Y89.367 E1295.72737
G1 X114.634 Y87.843 E1295.75145
G1 X114.568 Y86 E1295.78036
G1 X114.634 Y84.151 E1295.80936
G1 X114.826 Y82.622 E1295.83352
G1 X115.142 Y81.402 E1295.85327
G1 X115.58 Y80.488 E1295.86916
G1 X116.104 Y79.831 E1295.88233
G1 X116.7 Y79.365 E1295.89419
G1 X117.364 Y79.088 E1295.90547
G1 X118.107 Y78.996 E1295.91721
G1 X118.843 Y79.087 E1295.92883
G0 F10500 X119.073 Y79.183
G0 X118.736 Y79.845
;TYPE:SKIN
G1 F2700 X119.261 Y80.37 E1295.93465
G0 F10500 X119.814 Y80.923
G1 F2700 X120.264 Y81.727 E1295.94341
G1 X120.6 Y83.477 E1295.96037
G1 X120.709 Y86.061 E1295.98497
G1 X120.568 Y88.748 E1296.01057
G1 X120.185 Y90.486 E1296.0275
G1 X119.49 Y91.559 E1296.03967
G1 X118.56 Y92.044 E1296.04964
G1 X117.879 Y92.07 E1296.05613
G1 X117.4 Y91.944 E1296.06084
G1 X116.653 Y91.551 E1296.06887
G1 X115.901 Y90.092 E1296.08449
G1 X115.594 Y88.37 E1296.10113
G1 X115.497 Y85.798 E1296.12561
G1 X115.648 Y83.121 E1296.15112
G1 X116.055 Y81.407 E1296.16788
G1 X116.779 Y80.363 E1296.17997
G1 X117.748 Y79.918 E1296.19011
G1 X118.044 Y79.86 E1296.19298
G1 X118.503 Y79.965 E1296.19746
G0 F10500 X118.709 Y80.115
G1 F600 E1295.19746
G0 F10500 X120.57 Y81.575
G0 X121.954 Y81.21
G0 X123.293 Y81.223
G0 X124.681 Y81.581
G0 X125.916 Y80.666
G0 X127.158 Y80.103
G0 X127.158 Y80.203
;TYPE:WALL-INNER
G1 F600 E1296.19746
G1 F3600 X126.078 Y80.595 E1296.21547
G1 X125.395 Y81.573 E1296.23417
G1 X125.062 Y83.254 E1296.26103
G1 X124.962 Y86 E1296.30411
G1 X125.062 Y88.74 E1296.34709
G1 X125.395 Y90.418 E1296.3739
G1 X126.078 Y91.396 E1296.3926
G1 X127.157 Y91.788 E1296.4106
G1 X128.225 Y91.397 E1296.42843
G1 X128.911 Y90.426 E1296.44706
G1 X129.248 Y88.747 E1296.47391
G1 X129.349 Y86 E1296.517
G1 X129.248 Y83.253 E1296.56008
G1 X128.912 Y81.571 E1296.58697
G1 X128.227 Y80.596 E1296.60565
G1 X127.158 Y80.203 E1296.6235
G0 F10500 X127.761 Y79.574
G1 F3600 X128.301 Y79.801 E1296.63269
G1 X128.793 Y80.188 E1296.6425
G1 X129.249 Y80.759 E1296.65395
G1 X129.637 Y81.569 E1296.66803
G1 X129.935 Y82.711 E1296.68653
G1 X130.12 Y84.173 E1296.70963
G1 X130.183 Y85.971 E1296.73783
G1 X130.12 Y87.804 E1296.76658
G1 X129.935 Y89.288 E1296.79003
G1 X129.637 Y90.437 E1296.80863
G1 X129.251 Y91.244 E1296.82266
G1 X128.796 Y91.808 E1296.83402
G1 X128.297 Y92.195 E1296.84392
G1 X127.76 Y92.416 E1296.85302
G1 X127.147 Y92.491 E1296.8627
G1 X126.541 Y92.417 E1296.87227
G1 X126.001 Y92.19 E1296.88145
G1 X125.508 Y91.803 E1296.89128
G1 X125.055 Y91.235 E1296.90266
G1 X124.663 Y90.417 E1296.91688
G1 X124.366 Y89.271 E1296.93544
G1 X124.182 Y87.808 E1296.95855
G1 X124.119 Y86 E1296.98691
G1 X124.182 Y84.186 E1297.01537
G1 X124.367 Y82.716 E1297.03859
G1 X124.663 Y81.575 E1297.05707
G1 X125.055 Y80.756 E1297.0713
G1 X125.509 Y80.189 E1297.08269
G1 X126.004 Y79.801 E1297.09255
G1 X126.546 Y79.575 E1297.10175
G1 X127.157 Y79.5 E1297.1114
G1 X127.761 Y79.574 E1297.12094
G0 F10500 X127.892 Y79.087
;TYPE:WALL-OUTER
G1 F2700 X128.556 Y79.366 E1297.13223
G1 X129.149 Y79.831 E1297.14404
G1 X129.675 Y80.491 E1297.15727
G1 X130.109 Y81.397 E1297.17302
G1 X130.427 Y82.615 E1297.19275
G1 X130.619 Y84.136 E1297.21678
G1 X130.684 Y85.971 E1297.24557
G1 X130.619 Y87.839 E1297.27486
G1 X130.427 Y89.382 E1297.29924
G1 X130.109 Y90.61 E1297.31912
G1 X129.677 Y91.512 E1297.3348
G1 X129.147 Y92.168 E1297.34802
G1 X128.551 Y92.631 E1297.35985
G1 X127.889 Y92.904 E1297.37108
G1 X127.147 Y92.995 E1297.38279
G1 X126.41 Y92.904 E1297.39443
G1 X125.746 Y92.625 E1297.40572
G1 X125.153 Y92.16 E1297.41754
G1 X124.629 Y91.503 E1297.43071
G1 X124.191 Y90.589 E1297.4466
G1 X123.874 Y89.367 E1297.46639
G1 X123.683 Y87.843 E1297.49046
G1 X123.618 Y86 E1297.51937
G1 X123.683 Y84.151 E1297.54837
G1 X123.875 Y82.622 E1297.57253
G1 X124.191 Y81.402 E1297.59228
G1 X124.629 Y80.488 E1297.60817
G1 X125.154 Y79.831 E1297.62135
G1 X125.75 Y79.365 E1297.63321
G1 X126.415 Y79.088 E1297.64451
G1 X127.156 Y78.996 E1297.65621
G1 X127.892 Y79.087 E1297.66784
G0 F10500 X128.122 Y79.183
G0 X127.89 Y79.736
G0 X127.363 Y80.173
G0 X127.157 Y80.735
G1 F2700 X126.397 Y81.011 E1297.68051
G1 X125.865 Y81.773 E1297.69508
G1 X125.56 Y83.312 E1297.71967
G1 X125.462 Y86 E1297.76184
G1 X125.56 Y88.682 E1297.80391
G1 X125.865 Y90.218 E1297.82845
G1 X126.397 Y90.98 E1297.84302
G1 X127.156 Y91.256 E1297.85568
G1 X127.907 Y90.981 E1297.86822
G1 X128.442 Y90.224 E1297.88275
G1 X128.75 Y88.688 E1297.90731
G1 X128.849 Y86 E1297.94947
G1 X128.75 Y83.312 E1297.99163
G1 X128.442 Y81.772 E1298.01625
G1 X127.908 Y81.011 E1298.03082
G1 X127.157 Y80.735 E1298.04337
G0 F10500 X126.922 Y80.82
G0 X126.638 Y79.969
;TYPE:SKIN
G1 F2700 X126.384 Y80.068 E1298.04587
G1 X126.14 Y80.178 E1298.04832
G1 X127.27 Y79.894 E1298.05901
G1 X127.747 Y80.018 E1298.06354
G1 X128.571 Y80.488 E1298.07224
G1 X129.201 Y81.472 E1298.08296
G1 X129.56 Y82.891 E1298.09639
G1 X129.71 Y84.455 E1298.11081
G1 X129.73 Y86.95 E1298.1337
G1 X129.598 Y88.94 E1298.152
G1 X129.173 Y90.635 E1298.16803
G1 X128.434 Y91.665 E1298.17966
G1 X127.443 Y92.088 E1298.18955
G1 X126.644 Y91.995 E1298.19693
G1 X125.757 Y91.462 E1298.20642
G0 F10500 X125.019 Y90.371
G1 F2700 X124.908 Y89.906 E1298.21086
G1 X124.63 Y88.214 E1298.22677
G1 X124.551 Y85.66 E1298.25048
G1 X124.715 Y82.996 E1298.27525
G1 X125.157 Y81.317 E1298.29136
G1 X125.911 Y80.303 E1298.30309
G1 X126.913 Y79.89 E1298.31315
G0 F10500 X126.964 Y80.027
G1 F600 E1297.31315
G0 F10500 X128.122 Y80.511
G0 X129.619 Y81.575
G0 X131.003 Y81.21
G0 X132.342 Y81.223
G0 X133.73 Y81.581
G0 X134.966 Y80.666
G0 X136.206 Y80.103
G0 X136.206 Y80.203
;TYPE:WALL-INNER
G1 F600 E1298.31315
G1 F3600 X135.128 Y80.595 E1298.33113
G1 X134.444 Y81.573 E1298.34984
G1 X134.111 Y83.254 E1298.3767
G1 X134.011 Y86 E1298.41977
G1 X134.111 Y88.74 E1298.46275
G1 X134.444 Y90.418 E1298.48957
G1 X135.128 Y91.396 E1298.50828
G1 X136.205 Y91.788 E1298.52624
G1 X137.274 Y91.397 E1298.54409
G1 X137.96 Y90.426 E1298.56272
G1 X138.297 Y88.747 E1298.58957
G1 X138.398 Y86 E1298.63266
G1 X138.297 Y83.253 E1298.67574
G1 X137.961 Y81.571 E1298.70263
G1 X137.276 Y80.596 E1298.72131
G1 X136.206 Y80.203 E1298.73918
G0 F10500 X136.81 Y79.574
G1 F3600 X137.35 Y79.801 E1298.74836
G1 X137.842 Y80.188 E1298.75817
G1 X138.298 Y80.759 E1298.76963
G1 X138.686 Y81.569 E1298.78371
G1 X138.984 Y82.711 E1298.80221
G1 X139.169 Y84.173 E1298.82531
G1 X139.232 Y85.971 E1298.85351
G1 X139.169 Y87.804 E1298.88226
G1 X138.984 Y89.288 E1298.9057
G1 X138.686 Y90.437 E1298.92431
G1 X138.3 Y91.244 E1298.93833
G1 X137.845 Y91.808 E1298.94969
G1 X137.346 Y92.195 E1298.95959
G1 X136.809 Y92.416 E1298.96869
G1 X136.196 Y92.491 E1298.97837
G1 X135.59 Y92.417 E1298.98794
G1 X135.05 Y92.19 E1298.99713
G1 X134.557 Y91.803 E1299.00695
G1 X134.104 Y91.235 E1299.01834
G1 X133.712 Y90.417 E1299.03256
G1 X133.415 Y89.271 E1299.05111
G1 X133.231 Y87.808 E1299.07423
G1 X133.168 Y86 E1299.10259
G1 X133.231 Y84.186 E1299.13104
G1 X133.416 Y82.716 E1299.15426
G1 X133.712 Y81.575 E1299.17274
G1 X134.104 Y80.756 E1299.18697
G1 X134.558 Y80.189 E1299.19836
G1 X135.053 Y79.801 E1299.20822
G1 X135.595 Y79.575 E1299.21743
G1 X136.206 Y79.5 E1299.22707
G1 X136.81 Y79.574 E1299.23661
G0 F10500 X136.941 Y79.087
;TYPE:WALL-OUTER
G1 F2700 X137.605 Y79.366 E1299.2479
G1 X138.198 Y79.831 E1299.25972
G1 X138.724 Y80.491 E1299.27295
G1 X139.158 Y81.397 E1299.28869
G1 X139.476 Y82.615 E1299.30843
G1 X139.668 Y84.136 E1299.33246
G1 X139.733 Y85.971 E1299.36124
G1 X139.668 Y87.839 E1299.39054
G1 X139.476 Y89.382 E1299.41491
G1 X139.158 Y90.61 E1299.4348
G1 X138.726 Y91.512 E1299.45047
G1 X138.196 Y92.168 E1299.46369
G1 X137.6 Y92.631 E1299.47552
G1 X136.938 Y92.904 E1299.48675
G1 X136.196 Y92.995 E1299.49847
G1 X135.459 Y92.904 E1299.51011
G1 X134.795 Y92.625 E1299.5214
G1 X134.202 Y92.16 E1299.53321
G1 X133.678 Y91.503 E1299.54638
G1 X133.24 Y90.589 E1299.56227
G1 X132.923 Y89.367 E1299.58206
G1 X132.732 Y87.843 E1299.60614
G1 X132.667 Y86 E1299.63505
G1 X132.732 Y84.151 E1299.66405
G1 X132.924 Y82.622 E1299.6882
G1 X133.24 Y81.402 E1299.70796
G1 X133.678 Y80.488 E1299.72385
G1 X134.203 Y79.831 E1299.73703
G1 X134.799 Y79.365 E1299.74889
G1 X135.464 Y79.088 E1299.76018
G1 X136.205 Y78.996 E1299.77189
G1 X136.941 Y79.087 E1299.78351
G0 F10500 X137.171 Y79.183
G0 X136.939 Y79.736
G0 X136.411 Y80.173
G0 X136.205 Y80.735
G1 F2700 X135.447 Y81.011 E1299.79616
G1 X134.914 Y81.773 E1299.81073
G1 X134.609 Y83.312 E1299.83533
G1 X134.511 Y86 E1299.87749
G1 X134.609 Y88.682 E1299.91956
G1 X134.914 Y90.218 E1299.94411
G1 X135.447 Y90.98 E1299.95868
G1 X136.205 Y91.256 E1299.97133
G1 X136.956 Y90.981 E1299.98387
G1 X137.491 Y90.224 E1299.9984
G1 X137.799 Y88.688 E1300.02295
G1 X137.898 Y86 E1300.06512
G1 X137.799 Y83.312 E1300.10728
G1 X137.491 Y81.772 E1300.1319
G1 X136.957 Y81.011 E1300.14647
G1 X136.205 Y80.735 E1300.15903
G0 F10500 X135.97 Y80.82
G0 X135.535 Y80.028
;TYPE:SKIN
G1 F2700 X135.791 Y79.93 E1300.1615
G1 X134.846 Y80.398 E1300.171
G1 X134.137 Y81.457 E1300.18248
G1 X133.74 Y83.182 E1300.19843
G1 X133.594 Y85.864 E1300.22262
G1 X133.698 Y88.443 E1300.24588
G1 X134.019 Y90.178 E1300.26177
G1 X134.739 Y91.606 E1300.27618
G1 X135.887 Y92.046 E1300.28726
G1 X136.609 Y92.061 E1300.29376
G1 X137.556 Y91.594 E1300.30327
G1 X138.266 Y90.536 E1300.31475
G1 X138.661 Y88.81 E1300.3307
G1 X138.807 Y86.127 E1300.35491
G1 X138.704 Y83.55 E1300.37814
G1 X138.382 Y81.814 E1300.39405
G1 X137.656 Y80.38 E1300.40853
G1 X136.51 Y79.941 E1300.41958
G1 X136.078 Y79.863 E1300.42354
G0 F10500 X135.924 Y79.775
G1 F600 E1299.42354
G0 F10500 X137.3 Y80.565
G0 X137.927 Y81.456
G0 X139.15 Y84.174
G0 X142.26 Y84.296
G0 X142.816 Y85.165
;TYPE:WALL-INNER
G1 F600 E1300.42354
G1 F3600 X143.068 Y85.734 E1300.43329
G1 X143.146 Y85.91 E1300.43631
G1 X142.755 Y86.079 E1300.44102
G1 X142.687 Y86.109 E1300.44218
G1 X142.68 Y85.929 E1300.44314
G1 X142.679 Y85.906
G1 X142.679 Y85.892
G1 X142.708 Y85.162 E1300.4497
G1 X142.738 Y84.419 E1300.46136
G1 X142.816 Y85.165 E1300.4627
G0 F10500 X142.841 Y86.5
G0 X142.927 Y86.55
G1 F3600 X143.216 Y89.183 E1300.50422
G1 X143.68 Y90.607 E1300.5277
G1 X144.475 Y91.474 E1300.54614
G1 X145.531 Y91.78 E1300.56338
G1 X146.381 Y91.611 E1300.57696
G1 X147.023 Y91.103 E1300.58979
G1 X147.402 Y90.371 E1300.60271
G1 X147.422 Y90.267 E1300.60437
G1 X147.775 Y90.315 E1300.60996
G1 X148.051 Y90.352 E1300.61432
G1 X147.984 Y90.622 E1300.61706
G1 X147.892 Y90.987 E1300.62296
G1 X147.337 Y91.853 E1300.63909
G1 X146.624 Y92.33 E1300.65253
G1 X145.684 Y92.5 E1300.66751
G1 X144.993 Y92.418 E1300.67841
G1 X144.351 Y92.165 E1300.68923
G1 X143.773 Y91.741 E1300.70047
G1 X143.244 Y91.119 E1300.71327
G1 X142.797 Y90.268 E1300.72834
G1 X142.459 Y89.115 E1300.74717
G1 X142.249 Y87.665 E1300.77014
G1 X142.178 Y85.913 E1300.79762
G1 X142.246 Y84.193 E1300.82461
G1 X142.449 Y82.763 E1300.84725
G1 X142.769 Y81.654 E1300.86534
G1 X143.198 Y80.824 E1300.87998
G1 X143.7 Y80.226 E1300.89222
G1 X144.246 Y79.815 E1300.90294
G1 X144.825 Y79.579 E1300.91274
G1 X145.481 Y79.499 E1300.9231
G1 X146.073 Y79.561 E1300.93243
G1 X146.598 Y79.744 E1300.94114
G1 X147.092 Y80.059 E1300.95033
G1 X147.549 Y80.511 E1300.9604
G1 X147.936 Y81.09 E1300.97132
G1 X148.22 Y81.787 E1300.98312
G1 X148.394 Y82.601 E1300.99617
G1 X148.455 Y83.576 E1301.01148
G1 X148.398 Y84.465 E1301.02544
G1 X148.233 Y85.237 E1301.03782
G1 X147.963 Y85.906 E1301.04913
G1 X147.595 Y86.472 E1301.05971
G1 X147.162 Y86.925 E1301.06953
G1 X146.732 Y87.225 E1301.07775
G1 X146.291 Y87.398 E1301.08518
G1 X145.836 Y87.454 E1301.09236
G1 X145.638 Y87.429 E1301.09549
G1 X145.417 Y87.402 E1301.09898
G1 X145.308 Y87.358 E1301.10082
G1 X145.045 Y87.251 E1301.10527
G1 X144.691 Y86.985 E1301.11222
G1 X144.49 Y86.75 E1301.11706
G1 X144.403 Y86.648 E1301.11916
G1 X144.502 Y86.739 E1301.1192
G1 X144.738 Y86.8 E1301.11973
G1 X145.135 Y86.904 E1301.12363
G1 X145.457 Y86.989 E1301.12767
G1 X145.672 Y86.933 E1301.13086
G1 X146.442 Y86.73 E1301.14334
G1 X147.2 Y86.006 E1301.15977
G1 X147.641 Y84.932 E1301.17797
G1 X147.77 Y83.562 E1301.19954
G1 X147.652 Y82.206 E1301.22088
G1 X147.244 Y81.164 E1301.23842
G1 X146.519 Y80.472 E1301.25413
G1 X145.562 Y80.223 E1301.26963
G1 X144.573 Y80.514 E1301.28579
G1 X143.798 Y81.289 E1301.30297
G1 X143.319 Y82.398 E1301.3219
G1 X143.173 Y83.772 E1301.34356
G1 X143.305 Y85.035 E1301.36347
G1 X143.679 Y85.879 E1301.37794
G1 X143.754 Y86.049 E1301.38085
G1 X143.859 Y86.146 E1301.38309
G1 X143.807 Y86.168
G1 X143.637 Y86.242 E1301.38524
G1 X142.927 Y86.55 E1301.39737
G0 F10500 X143.803 Y86.715
;TYPE:WALL-OUTER
G1 F2700 X143.464 Y86.862 E1301.40316
G1 X143.487 Y87.072 E1301.40647
G1 X143.707 Y89.077 E1301.43809
G1 X144.122 Y90.349 E1301.45906
G1 X144.749 Y91.033 E1301.47361
G1 X145.553 Y91.266 E1301.48673
G1 X146.165 Y91.144 E1301.49651
G1 X146.628 Y90.778 E1301.50576
G1 X146.925 Y90.204 E1301.51589
G1 X147.023 Y89.709 E1301.5238
G1 X148.397 Y89.895 E1301.54554
G1 X148.673 Y89.932 E1301.5499
G1 X148.605 Y90.202 E1301.55264
G1 X148.357 Y91.186 E1301.56855
G1 X147.701 Y92.212 E1301.58764
G1 X146.816 Y92.803 E1301.60432
G1 X145.701 Y93.005 E1301.62208
G1 X144.869 Y92.906 E1301.63521
G1 X144.106 Y92.606 E1301.64807
G1 X143.43 Y92.109 E1301.66122
G1 X142.827 Y91.401 E1301.6758
G1 X142.331 Y90.455 E1301.69254
G1 X141.969 Y89.222 E1301.71268
G1 X141.75 Y87.709 E1301.73665
G1 X141.677 Y85.913 E1301.76482
G1 X141.747 Y84.152 E1301.79245
G1 X141.959 Y82.66 E1301.81607
G1 X142.303 Y81.467 E1301.83554
G1 X142.78 Y80.544 E1301.85182
G1 X143.352 Y79.863 E1301.86576
G1 X143.998 Y79.376 E1301.87844
G1 X144.696 Y79.091 E1301.89026
G1 X145.477 Y78.996 E1301.9026
G1 X146.182 Y79.07 E1301.91371
G1 X146.82 Y79.292 E1301.9243
G1 X147.404 Y79.664 E1301.93515
G1 X147.938 Y80.193 E1301.94693
G1 X148.379 Y80.853 E1301.95938
G1 X148.7 Y81.639 E1301.97269
G1 X148.891 Y82.532 E1301.987
G1 X148.956 Y83.577 E1302.00341
G1 X148.895 Y84.534 E1302.01844
G1 X148.713 Y85.385 E1302.03209
G1 X148.409 Y86.137 E1302.0448
G1 X147.989 Y86.783 E1302.05688
G1 X147.49 Y87.306 E1302.06821
G1 X146.968 Y87.67 E1302.07819
G1 X146.417 Y87.886 E1302.08746
G1 X145.836 Y87.957 E1302.09664
G1 X145.29 Y87.89 E1302.10526
G1 X144.796 Y87.689 E1302.11362
G1 X144.347 Y87.352 E1302.12242
G1 X143.94 Y86.876 E1302.13224
G1 X143.803 Y86.715 E1302.13514
G0 F10500 X143.574 Y86.814
G0 X143.337 Y86.264
G0 X143.133 Y83.772
G0 X143.281 Y82.388
G0 X143.765 Y81.267
G0 X144.553 Y80.48
G0 X145.72 Y80.162
G0 X145.57 Y80.742
G1 F2700 X144.836 Y80.958 E1302.14713
G1 X144.219 Y81.575 E1302.16081
G1 X143.808 Y82.526 E1302.17705
G1 X143.676 Y83.772 E1302.19669
G1 X143.794 Y84.905 E1302.21455
G1 X144.169 Y85.752 E1302.22907
G1 X144.749 Y86.287 E1302.24144
G1 X145.457 Y86.472 E1302.25291
G1 X146.19 Y86.279 E1302.26479
G1 X146.778 Y85.718 E1302.27753
G1 X147.15 Y84.811 E1302.29289
G1 X147.268 Y83.56 E1302.31259
G1 X147.16 Y82.321 E1302.33209
G1 X146.819 Y81.449 E1302.34676
G1 X146.268 Y80.923 E1302.3587
G1 X145.57 Y80.742 E1302.37001
G0 F10500 X145.331 Y80.812
G0 X145.009 Y79.955
;TYPE:SKIN
G1 F2700 X144.747 Y80.047 E1302.37355
G1 X144.079 Y80.439 E1302.38345
G1 X143.899 Y80.613 E1302.38665
G0 F10500 X144.016 Y80.73
G0 X145.185 Y79.777
G0 X145.302 Y79.895
G1 F2700 X145.65 Y79.889 E1302.39117
G1 X146.086 Y79.971 E1302.39694
G1 X147.076 Y80.608 E1302.41224
G0 F10500 X147.819 Y81.704
G1 F2700 X147.981 Y82.22 E1302.41546
G1 X148.098 Y83.752 E1302.4246
G1 X147.948 Y85.016 E1302.43218
G1 X147.396 Y86.231 E1302.44013
G1 X146.667 Y86.916 E1302.44608
G1 X145.861 Y87.171 E1302.45111
G0 F10500 X145.829 Y87.139
G0 X144.718 Y86.956
G0 X145.457 Y87.029
G0 X146.461 Y86.764
G0 X147.233 Y86.028
G0 X147.679 Y84.941
G0 X147.81 Y83.562
G0 X147.69 Y82.197
G0 X147.277 Y81.142
G0 X146.538 Y80.438
G0 X145.562 Y80.184
G0 X144.553 Y80.48
G0 X143.765 Y81.267
G0 X143.281 Y82.388
G0 X142.805 Y87.651
G0 X142.639 Y87.485
G1 F2700 X142.61 Y87.102 E1302.4555
G1 X142.64 Y86.425 E1302.46324
G0 F10500 X142.675 Y86.46
G0 X142.494 Y87.693
G0 X142.671 Y87.87
G1 F2700 X142.723 Y88.276 E1302.46754
G1 X142.973 Y89.587 E1302.48158
G1 X143.132 Y90.099 E1302.48722
G1 X143.646 Y90.967 E1302.49784
G0 F10500 X144.556 Y91.876
G1 F2700 X145.054 Y92.021 E1302.50252
G1 X145.837 Y92.097 E1302.50962
G1 X146.661 Y91.86 E1302.51736
G1 X147.374 Y91.159 E1302.52639
G1 X147.619 Y90.696 E1302.53112
G0 F10500 X147.542 Y90.619
G0 X147.053 Y91.128
G0 X146.397 Y91.647
G0 X145.53 Y91.819
G0 X144.454 Y91.507
G0 X143.646 Y90.627
G0 X143.177 Y89.191
G0 X142.922 Y86.797
G0 X142.878 Y84.188
G0 X142.707 Y84.017
G1 F2700 X142.762 Y83.718 E1302.53468
G1 X142.998 Y82.187 E1302.55283
G1 X143.561 Y80.982 E1302.56841
G1 X143.73 Y80.798 E1302.57134
G0 F10500 X143.622 Y80.69
G0 X142.492 Y84.156
G1 F2700 X142.536 Y84.2 E1302.57183
G0 F10500 X142.718 Y84.234
G1 F600 E1301.57183
G0 F10500 X143.281 Y82.388
G0 X143.765 Y81.267
G0 X144.553 Y80.48
G0 X145.562 Y80.184
G0 X146.538 Y80.438
G0 X147.277 Y81.142
G0 X147.69 Y82.197
G0 X147.946 Y85.897
G0 X149.148 Y86.674
G0 X154.074 Y91.376
G0 X155.503 Y91.376
G0 X161.411 Y91.432
G0 X161.341 Y91.362
;TYPE:WALL-INNER
G1 F600 E1302.57183
G1 F3600 X161.341 Y79.668 E1302.75514
G1 X162.186 Y79.668 E1302.76838
G1 X162.186 Y92.255 E1302.96569
G1 X155.489 Y92.255 E1303.07067
G1 X155.489 Y91.362 E1303.08467
G1 X161.341 Y91.362 E1303.1764
G0 F10500 X160.841 Y90.862
;TYPE:WALL-OUTER
G1 F2700 X160.841 Y79.168 E1303.35971
G1 X162.686 Y79.168 E1303.38863
G1 X162.686 Y92.755 E1303.60161
G1 X154.989 Y92.755 E1303.72227
G1 X154.989 Y90.862 E1303.75194
G1 X160.841 Y90.862 E1303.84367
G0 F10500 X160.841 Y90.612
G0 X161.762 Y90.698
;TYPE:SKIN
G1 F2700 X161.762 Y90.344 E1303.84827
G1 X161.762 Y91.758 E1303.86661
G1 X160.043 Y91.808 E1303.88892
G1 X156.154 Y91.808 E1303.93938
G1 X155.868 Y91.875 E1303.94319
G0 F10500 X155.728 Y91.735
G0 X161.369 Y91.39
G0 X161.58 Y89.455
G0 X161.762 Y89.637
G1 F2700 X161.762 Y89.283 E1303.94734
G1 X161.762 Y80.091 E1304.05524
G0 F10500 X161.841 Y80.168
G1 F600 E1303.05524
G0 F10500 X162.166 Y80.537
G0 X163.601 Y80.537
G0 X167.103 Y82.16
G0 X168.467 Y82.606
G0 X169.65 Y80.537
;TYPE:WALL-INNER
G1 F600 E1304.05524
G1 F3600 X169.81 Y80.052 E1304.06325
G1 X170.482 Y80.052 E1304.07378
G1 X170.638 Y80.54 E1304.08181
G1 X170.742 Y80.865 E1304.08716
G1 X170.401 Y80.865 E1304.09035
G1 X170.4 Y80.865 E1304.09036
G1 X169.888 Y80.865 E1304.09839
G1 X169.887 Y80.865 E1304.0984
G1 X169.543 Y80.865 E1304.1038
G1 X169.649 Y80.538 E1304.107
G1 X169.65 Y80.537 E1304.10702
G0 F10500 X167.483 Y88.195
G0 X167.563 Y88.136
G1 F3600 X167.899 Y88.136 E1304.11229
G1 X167.9 Y88.136 E1304.1123
G1 X172.425 Y88.136 E1304.18324
G1 X172.426 Y88.136 E1304.18325
G1 X172.76 Y88.136 E1304.18849
G1 X172.664 Y87.816 E1304.19162
G1 X170.731 Y81.365 E1304.29719
G1 X169.617 Y81.365 E1304.31465
G1 X167.66 Y87.814 E1304.42029
G1 X167.563 Y88.136 E1304.42345
G0 F10500 X167.483 Y88.195
G0 X173.087 Y88.949
G0 X173.028 Y89.029
G1 F3600 X167.269 Y89.029 E1304.51373
G1 X166.251 Y92.255 E1304.56675
G1 X165.625 Y92.255 E1304.57657
G1 X165.624 Y92.255 E1304.57658
G1 X165.28 Y92.255 E1304.58197
G1 X165.387 Y91.928 E1304.58518
G1 X169.448 Y79.552 E1304.78936
G1 X170.847 Y79.552 E1304.81129
G1 X174.798 Y91.93 E1305.01497
G1 X174.902 Y92.255 E1305.02032
G1 X174.561 Y92.255 E1305.0235
G1 X174.56 Y92.255 E1305.02352
G1 X173.988 Y92.255 E1305.03248
G1 X173.028 Y89.029 E1305.08524
G0 F10500 X172.655 Y89.529
;TYPE:WALL-OUTER
G1 F2700 X167.636 Y89.529 E1305.16392
G1 X166.618 Y92.755 E1305.21695
G1 X164.935 Y92.755 E1305.24333
G1 X164.934 Y92.755 E1305.24334
G1 X164.59 Y92.755 E1305.24874
G1 X164.697 Y92.428 E1305.25195
G1 X169.086 Y79.052 E1305.47262
G1 X171.212 Y79.052 E1305.50595
G1 X175.483 Y92.43 E1305.72608
G1 X175.586 Y92.755 E1305.73143
G1 X175.246 Y92.755 E1305.7346
G1 X175.244 Y92.755 E1305.73463
G1 X173.615 Y92.755 E1305.76017
G1 X172.655 Y89.529 E1305.81293
G0 F10500 X172.405 Y89.529
G0 X172.405 Y88.929
G0 X167.531 Y88.159
G0 X167.664 Y87.462
G0 X168.237 Y87.636
G1 F2700 X172.088 Y87.636 E1305.8733
G1 X170.359 Y81.865 E1305.96773
G1 X169.988 Y81.865 E1305.97355
G1 X168.237 Y87.636 E1306.06808
G0 F10500 X168.487 Y87.636
G0 X168.838 Y88.582
;TYPE:SKIN
G1 F2700 X168.485 Y88.582 E1306.07249
G1 X172.727 Y88.582 E1306.12544
G1 X173.268 Y88.769 E1306.13258
G1 X173.732 Y89.94 E1306.1483
G1 X174.206 Y91.475 E1306.16836
G1 X174.231 Y91.853 E1306.17309
G0 F10500 X174.07 Y91.692
G0 X173.497 Y88.645
G0 X173.257 Y88.404
G1 F2700 X173.098 Y87.892 E1306.17772
G1 X171.036 Y81.234 E1306.23802
G1 X170.249 Y80.446 E1306.24766
G1 X169.998 Y80.549 E1306.25
G1 X169.275 Y81.24 E1306.25866
G1 X167.155 Y87.959 E1306.31961
G1 X167.268 Y88.426 E1306.32376
G0 F10500 X166.819 Y88.33
G1 F2700 X167.278 Y88.789 E1306.32885
G0 F10500 X166.891 Y88.756
G1 F2700 X166.805 Y89.023 E1306.33278
G1 X165.944 Y91.698 E1306.3721
G1 X165.795 Y91.902 E1306.37563
G0 F10500 X165.931 Y91.755
G1 F600 E1305.37563
G0 F10500 X167.246 Y88.997
G0 X173.051 Y88.997
G0 X174.87 Y92.232
G0 X174.049 Y89.456
G0 X174.012 Y89.468
G0 X175.36 Y89.038
G0 X176.503 Y89.468
G0 X177.938 Y89.468
G0 X178.744 Y86.017
G0 X184.954 Y85.975
G0 X184.884 Y86.045
;TYPE:WALL-INNER
G1 F600 E1306.37563
G1 F3600 X178.772 Y86.045 E1306.47144
G1 X178.772 Y92.255 E1306.56879
G1 X177.918 Y92.255 E1306.58217
G1 X177.918 Y79.552 E1306.7813
G1 X178.772 Y79.552 E1306.79469
G1 X178.772 Y85.142 E1306.88231
G1 X184.884 Y85.142 E1306.97812
G1 X184.884 Y79.552 E1307.06575
G1 X185.729 Y79.552 E1307.07899
G1 X185.729 Y92.255 E1307.27812
G1 X184.884 Y92.255 E1307.29136
G1 X184.884 Y86.045 E1307.38871
G0 F10500 X184.384 Y86.545
;TYPE:WALL-OUTER
G1 F2700 X179.272 Y86.545 E1307.46884
G1 X179.272 Y92.755 E1307.56618
G1 X177.418 Y92.755 E1307.59525
G1 X177.418 Y79.052 E1307.81005
G1 X179.272 Y79.052 E1307.83911
G1 X179.272 Y84.642 E1307.92674
G1 X184.384 Y84.642 E1308.00687
G1 X184.384 Y79.052 E1308.0945
G1 X186.229 Y79.052 E1308.12342
G1 X186.229 Y92.755 E1308.33822
G1 X184.384 Y92.755 E1308.36714
G1 X184.384 Y86.545 E1308.46448
G0 F10500 X184.134 Y86.545
G0 X183.881 Y85.593
;TYPE:SKIN
G1 F2700 X183.527 Y85.593 E1308.46914
G1 X178.931 Y85.593 E1308.52956
G1 X178.344 Y85.005 E1308.54048
G1 X178.344 Y83.945 E1308.55442
G0 F10500 X178.531 Y84.132
G0 X178.157 Y85.173
G1 F2700 X178.789 Y85.804 E1308.56142
G0 F10500 X178.344 Y85.713
G1 F2700 X178.344 Y86.066 E1308.56562
G1 X178.344 Y91.723 E1308.633
G1 X178.219 Y91.952 E1308.6361
G0 F10500 X178.157 Y91.89
G0 X178.744 Y86.017
G0 X184.912 Y86.017
G0 X185.123 Y91.785
G0 X185.237 Y91.899
G1 F2700 X185.305 Y91.613 E1308.63938
G1 X185.305 Y86.31 E1308.69852
G1 X185.109 Y85.76 E1308.70503
G1 X184.234 Y85.593 E1308.71496
G1 X185.286 Y85.584 E1308.72669
G1 X185.305 Y80.299 E1308.78563
G1 X185.319 Y79.96 E1308.78941
G0 F10500 X185.488 Y80.129
G0 X184.912 Y85.17
G0 X178.744 Y85.17
G0 X178.531 Y80.243
G1 F2700 X178.157 Y79.869 E1308.79356
G0 F10500 X178.482 Y79.84
G1 F2700 X178.344 Y80.409 E1308.80014
G1 X178.344 Y83.591 E1308.83592
G0 F10500 X178.272 Y83.405
G1 F600 E1307.83592
G0 F10500 X178.744 Y85.17
G0 X184.912 Y85.17
G0 X185.715 Y92.241
G0 X185.715 Y93.67
G0 X185.715 Y94.767
G0 X185.715 Y95.682
G0 X191.15 Y96.479
G0 X191.25 Y96.549
;TYPE:WALL-OUTER
G1 F600 E1308.83592
G1 F2700 X109.744 Y96.549 E1310.11357
G1 X109.744 Y75.181 E1310.44852
G1 X191.25 Y75.181 E1311.72617
G1 X191.25 Y96.549 E1312.06112
G0 F10500 X191 Y96.549
G0 X191 Y96.449
G0 X110.34 Y95.71
G0 X110.298 Y75.978
G0 X110.368 Y76.048
G1 F2700 X110.368 Y95.682 E1312.36889
G1 X190.383 Y95.682 E1313.62316
G1 X190.383 Y76.048 E1313.93093
G1 X110.368 Y76.048 E1315.18521
G0 F10500 X110.368 Y76.298
G0 X110.055 Y76.114
;TYPE:SKIN
G1 F2700 X110.055 Y76.467 E1315.18922
G1 X110.055 Y95.559 E1315.40625
G1 X110.611 Y96.115 E1315.41519
G1 X176.018 Y96.115 E1316.15871
G1 X190.514 Y96.115 E1316.3235
G1 X190.815 Y96.063 E1316.32697
G1 X190.815 Y76.264 E1316.55204
G1 X190.667 Y75.762 E1316.55799
G1 X190.844 Y75.585 E1316.56083
G1 X186.983 Y75.614 E1316.60473
G1 X121.576 Y75.614 E1317.34825
G1 X110.262 Y75.614 E1317.47686
G1 X110.055 Y75.76 E1317.47974
G0 F10500 X110.127 Y75.832
G0 X109.983 Y95.841
G1 F2700 X110.451 Y96.309 E1317.48493
G0 F10500 X110.097 Y96.309
G1 F2700 X109.983 Y96.194 E1317.4862
G0 F10500 X110.244 Y96.049
G1 F600 E1316.4862
G0 F10500 X110.34 Y76.02
G0 X190.68 Y75.201
G0 X190.68 Y74.266
G0 X190.68 Y64.596
G0 X190.68 Y63.161
G0 X190.68 Y63.111
G0 X190.75 Y63.181
;TYPE:WALL-INNER
G1 F600 E1317.4862
G1 F3600 X99.25 Y63.181 E1318.9205
G1 X99.25 Y62.681 E1318.92834
G1 X190.75 Y62.681 E1320.36265
G1 X190.75 Y63.181 E1320.37048
G0 F10500 X191.25 Y63.681
;TYPE:WALL-OUTER
G1 F2700 X98.75 Y63.681 E1321.82047
G1 X98.75 Y62.181 E1321.84398
G1 X191.25 Y62.181 E1323.29396
G1 X191.25 Y63.681 E1323.31747
G0 F10500 X191 Y63.681
G1 F600 E1322.31747
G0 F10500 X190.68 Y63.111
G0 X190.68 Y62.701
G0 X190.68 Y61.266
G0 X190.68 Y60.596
G0 X190.68 Y59.161
G0 X190.68 Y59.111
G0 X190.75 Y59.181
;TYPE:WALL-INNER
G1 F600 E1323.31747
G1 F3600 X99.25 Y59.181 E1324.75178
G1 X99.25 Y58.681 E1324.75961
G1 X190.75 Y58.681 E1326.19392
G1 X190.75 Y59.181 E1326.20176
G0 F10500 X191.25 Y59.681
;TYPE:WALL-OUTER
G1 F2700 X98.75 Y59.681 E1327.65174
G1 X98.75 Y58.181 E1327.67525
G1 X191.25 Y58.181 E1329.12523
G1 X191.25 Y59.681 E1329.14874
G0 F10500 X191 Y59.681
G1 F600 E1328.14874
G0 F10500 X190.68 Y59.111
G0 X190.68 Y58.701
G0 X190.68 Y57.266
G0 X190.68 Y56.596
G0 X190.68 Y55.161
G0 X190.68 Y55.111
G0 X190.75 Y55.181
;TYPE:WALL-INNER
G1 F600 E1329.14874
G1 F3600 X99.25 Y55.181 E1330.58305
G1 X99.25 Y54.681 E1330.59089
G1 X190.75 Y54.681 E1332.02519
G1 X190.75 Y55.181 E1332.03303
G0 F10500 X191.25 Y55.681
;TYPE:WALL-OUTER
G1 F2700 X98.75 Y55.681 E1333.48301
G1 X98.75 Y54.181 E1333.50652
G1 X191.25 Y54.181 E1334.9565
G1 X191.25 Y55.681 E1334.98002
G0 F10500 X191 Y55.681
G1 F600 E1333.98002
G0 F10500 X190.68 Y55.111
G0 X190.68 Y54.701
G0 X190.68 Y53.266
G0 X190.68 Y52.596
G0 X190.68 Y51.161
G0 X190.68 Y51.111
G0 X190.75 Y51.181
;TYPE:WALL-INNER
G1 F600 E1334.98002
G1 F3600 X99.25 Y51.181 E1336.41432
G1 X99.25 Y50.681 E1336.42216
G1 X190.75 Y50.681 E1337.85646
G1 X190.75 Y51.181 E1337.8643
G0 F10500 X191.25 Y51.681
;TYPE:WALL-OUTER
G1 F2700 X98.75 Y51.681 E1339.31428
G1 X98.75 Y50.181 E1339.3378
G1 X191.25 Y50.181 E1340.78778
G1 X191.25 Y51.681 E1340.81129
G0 F10500 X191 Y51.681
G1 F600 E1339.81129
G0 F10500 X190.68 Y51.111
G0 X190.68 Y50.701
G0 X190.68 Y49.266
G0 X190.68 Y48.596
G0 X190.68 Y47.161
G0 X190.68 Y47.111
G0 X190.75 Y47.181
;TYPE:WALL-INNER
G1 F600 E1340.81129
G1 F3600 X99.25 Y47.181 E1342.24559
G1 X99.25 Y46.681 E1342.25343
G1 X190.75 Y46.681 E1343.68774
G1 X190.75 Y47.181 E1343.69557
G0 F10500 X191.25 Y47.681
;TYPE:WALL-OUTER
G1 F2700 X98.75 Y47.681 E1345.14556
G1 X98.75 Y46.181 E1345.16907
G1 X191.25 Y46.181 E1346.61905
G1 X191.25 Y47.681 E1346.64256
G0 F10500 X191 Y47.681
G1 F600 E1345.64256
G0 F10500 X190.68 Y47.111
G0 X190.68 Y46.701
G0 X190.68 Y45.266
G0 X190.68 Y44.596
G0 X190.68 Y43.161
G0 X190.68 Y43.111
G0 X190.75 Y43.181
;TYPE:WALL-INNER
G1 F600 E1346.64256
G1 F3600 X99.25 Y43.181 E1348.07687
G1 X99.25 Y42.681 E1348.0847
G1 X190.75 Y42.681 E1349.51901
G1 X190.75 Y43.181 E1349.52685
G0 F10500 X191.25 Y43.681
;TYPE:WALL-OUTER
G1 F2700 X98.75 Y43.681 E1350.97683
G1 X98.75 Y42.181 E1351.00034
G1 X191.25 Y42.181 E1352.45032
G1 X191.25 Y43.681 E1352.47383
G0 F10500 X191 Y43.681
G1 F600 E1351.47383
G0 F10500 X190.68 Y43.111
G0 X190.68 Y42.701
G0 X190.68 Y41.266
G0 X190.68 Y40.596
G0 X190.68 Y39.161
G0 X190.68 Y39.111
G0 X190.75 Y39.181
;TYPE:WALL-INNER
G1 F600 E1352.47383
G1 F3600 X99.25 Y39.181 E1353.90814
G1 X99.25 Y38.681 E1353.91598
G1 X190.75 Y38.681 E1355.35028
G1 X190.75 Y39.181 E1355.35812
G0 F10500 X191.25 Y39.681
;TYPE:WALL-OUTER
G1 F2700 X98.75 Y39.681 E1356.8081
G1 X98.75 Y38.181 E1356.83161
G1 X191.25 Y38.181 E1358.28159
G1 X191.25 Y39.681 E1358.30511
G0 F10500 X191 Y39.681
G1 F600 E1357.30511
G0 F10500 X190.68 Y39.111
G0 X190.68 Y38.701
G0 X190.68 Y37.266
G0 X190.68 Y36.596
G0 X190.68 Y35.161
G0 X190.68 Y35.111
G0 X190.75 Y35.181
;TYPE:WALL-INNER
G1 F600 E1358.30511
G1 F3600 X99.25 Y35.181 E1359.73941
G1 X99.25 Y34.681 E1359.74725
G1 X190.75 Y34.681 E1361.18155
G1 X190.75 Y35.181 E1361.18939
G0 F10500 X191.25 Y35.681
;TYPE:WALL-OUTER
G1 F2700 X98.75 Y35.681 E1362.63937
G1 X98.75 Y34.181 E1362.66289
G1 X191.25 Y34.181 E1364.11287
G1 X191.25 Y35.681 E1364.13638
G0 F10500 X191 Y35.681
G1 F600 E1363.13638
G0 F10500 X190.68 Y35.111
G0 X190.68 Y34.701
G0 X190.68 Y33.266
G0 X190.68 Y32.596
G0 X190.68 Y31.161
G0 X190.68 Y31.111
G0 X190.75 Y31.181
;TYPE:WALL-INNER
G1 F600 E1364.13638
G1 F3600 X99.25 Y31.181 E1365.57068
G1 X99.25 Y30.681 E1365.57852
G1 X190.75 Y30.681 E1367.01283
G1 X190.75 Y31.181 E1367.02066
G0 F10500 X191.25 Y31.681
;TYPE:WALL-OUTER
G1 F2700 X98.75 Y31.681 E1368.47065
G1 X98.75 Y30.181 E1368.49416
G1 X191.25 Y30.181 E1369.94414
G1 X191.25 Y31.681 E1369.96765
G0 F10500 X191 Y31.681
G1 F600 E1368.96765
G0 F10500 X190.68 Y31.111
G0 X190.68 Y30.701
G0 X190.68 Y29.266
G0 X190.68 Y28.596
G0 X190.68 Y27.161
G0 X190.68 Y27.111
G0 X190.75 Y27.181
;TYPE:WALL-INNER
G1 F600 E1369.96765
G1 F3600 X99.25 Y27.181 E1371.40196
G1 X99.25 Y26.681 E1371.40979
G1 X190.75 Y26.681 E1372.8441
G1 X190.75 Y27.181 E1372.85194
G0 F10500 X191.25 Y27.681
;TYPE:WALL-OUTER
G1 F2700 X98.75 Y27.681 E1374.30192
G1 X98.75 Y26.181 E1374.32543
G1 X191.25 Y26.181 E1375.77541
G1 X191.25 Y27.681 E1375.79892
G0 F10500 X191 Y27.681
G1 F600 E1374.79892
;MESH:NONMESH
G0 F10500 X190.68 Y27.111
G0 X100.02 Y26.701
G0 X100.02 Y25.266
G0 X100.02 Y21.981
;TIME_ELAPSED:2981.463685
;LAYER:11
G0 X100.02 Y21.981 Z2.4
;TYPE:SUPPORT
G1 F600 E1375.79892
G1 F3600 X99.426 Y21.981 E1375.80824
G1 X99.309 Y22.098 E1375.81083
G1 X99.309 Y24.181 E1375.84348
G1 X100.02 Y24.181 E1375.85463
G1 X100.02 Y21.981 E1375.88911
G1 X101.092 Y21.981 E1375.90592
G1 X101.687 Y22.576 E1375.91911
G1 X101.687 Y24.181 E1375.94427
G1 X103.354 Y24.181 E1375.9704
G1 X103.354 Y23.745 E1375.97723
G1 X103.562 Y23.745 E1375.98049
G1 X105.021 Y22.286 E1376.01284
G1 X105.021 Y24.181 E1376.04254
G1 X106.688 Y24.181 E1376.06867
G1 X106.688 Y21.981 E1376.10316
G1 X106.992 Y21.981 E1376.10792
G1 X108.355 Y23.344 E1376.13814
G1 X108.355 Y24.181 E1376.15126
G1 X110.022 Y24.181 E1376.17739
G1 X110.022 Y23.285 E1376.19144
G1 X111.326 Y21.981 E1376.22034
G1 X111.689 Y21.981 E1376.22603
G1 X111.689 Y24.181 E1376.26052
G1 X113.356 Y24.181 E1376.28665
G1 X113.356 Y22.345 E1376.31543
G1 X114.756 Y23.745 E1376.34647
G1 X115.023 Y23.745 E1376.35065
G1 X115.023 Y24.181 E1376.35749
G1 X116.69 Y24.181 E1376.38362
G1 X116.69 Y22.517 E1376.4097
G1 X117.226 Y21.981 E1376.42158
G1 X118.357 Y21.981 E1376.43931
G1 X118.357 Y24.181 E1376.4738
G1 X120.024 Y24.181 E1376.49993
G1 X120.024 Y23.113 E1376.51667
G1 X120.706 Y23.795 E1376.53179
G1 X121.412 Y23.795 E1376.54286
G1 X121.691 Y23.516 E1376.54904
G1 X121.691 Y24.181 E1376.55947
G1 X123.358 Y24.181 E1376.5856
G1 X123.358 Y21.981 E1376.62008
G1 X124.892 Y21.981 E1376.64413
G1 X125.025 Y22.114 E1376.64708
G1 X125.025 Y24.181 E1376.67948
G1 X126.692 Y24.181 E1376.70561
G1 X126.692 Y23.745 E1376.71244
G1 X127.362 Y23.745 E1376.72295
G1 X128.359 Y22.748 E1376.74505
G1 X128.359 Y24.181 E1376.76751
G1 X130.026 Y24.181 E1376.79364
G1 X130.026 Y21.981 E1376.82813
G1 X130.792 Y21.981 E1376.84014
G1 X131.693 Y22.882 E1376.86011
G1 X131.693 Y24.181 E1376.88047
G1 X133.36 Y24.181 E1376.9066
G1 X133.36 Y23.747 E1376.91341
G1 X135.027 Y22.08 E1376.95036
G1 X135.027 Y24.181 E1376.9833
G1 X136.694 Y24.181 E1377.00943
G1 X136.694 Y21.981 E1377.04391
G1 X136.792 Y21.981 E1377.04545
G1 X138.361 Y23.55 E1377.08023
G1 X138.361 Y24.181 E1377.09012
G1 X140.028 Y24.181 E1377.11625
G1 X140.028 Y22.979 E1377.13509
G1 X141.026 Y21.981 E1377.15722
G1 X141.695 Y21.981 E1377.16771
G1 X141.695 Y24.181 E1377.20219
G1 X143.362 Y24.181 E1377.22832
G1 X143.362 Y22.651 E1377.25231
G1 X144.506 Y23.795 E1377.27767
G1 X145.029 Y23.795 E1377.28587
G1 X145.029 Y24.181 E1377.29192
G1 X146.696 Y24.181 E1377.31805
G1 X146.696 Y22.311 E1377.34736
G1 X147.026 Y21.981 E1377.35468
G1 X148.363 Y21.981 E1377.37563
G1 X148.363 Y24.181 E1377.41012
G1 X150.03 Y24.181 E1377.43625
G1 X150.03 Y23.319 E1377.44976
G1 X150.456 Y23.745 E1377.45921
G1 X151.162 Y23.745 E1377.47027
G1 X151.697 Y23.21 E1377.48213
G1 X151.697 Y24.181 E1377.49735
G1 X153.364 Y24.181 E1377.52349
G1 X153.364 Y21.981 E1377.55797
G1 X154.592 Y21.981 E1377.57722
G1 X155.031 Y22.42 E1377.58695
G1 X155.031 Y24.181 E1377.61456
G1 X156.698 Y24.181 E1377.64069
G1 X156.698 Y23.795 E1377.64674
G1 X157.112 Y23.795 E1377.65323
G1 X158.365 Y22.542 E1377.68101
G1 X158.365 Y24.181 E1377.7067
G1 X160.032 Y24.181 E1377.73283
G1 X160.032 Y21.981 E1377.76732
G1 X160.592 Y21.981 E1377.77609
G1 X161.699 Y23.088 E1377.80063
G1 X161.699 Y24.181 E1377.81777
G1 X163.366 Y24.181 E1377.8439
G1 X163.366 Y23.441 E1377.8555
G1 X164.826 Y21.981 E1377.88786
G1 X165.033 Y21.981 E1377.89111
G1 X165.033 Y24.181 E1377.92559
G1 X166.7 Y24.181 E1377.95173
G1 X166.7 Y22.189 E1377.98295
G1 X168.306 Y23.795 E1378.01855
G1 X168.367 Y23.795 E1378.01951
G1 X168.367 Y24.181 E1378.02556
G1 X170.034 Y24.181 E1378.05169
G1 X170.034 Y22.773 E1378.07376
G1 X170.826 Y21.981 E1378.09132
G1 X171.701 Y21.981 E1378.10504
G1 X171.701 Y24.181 E1378.13952
G1 X173.368 Y24.181 E1378.16565
G1 X173.368 Y22.857 E1378.18641
G1 X174.256 Y23.745 E1378.20609
G1 X174.962 Y23.745 E1378.21716
G1 X175.035 Y23.672 E1378.21878
G1 X175.035 Y24.181 E1378.22676
G1 X176.702 Y24.181 E1378.25289
G1 X176.702 Y22.005 E1378.287
G1 X176.726 Y21.981 E1378.28753
G1 X178.369 Y21.981 E1378.31328
G1 X178.369 Y24.181 E1378.34777
G1 X180.036 Y24.181 E1378.3739
G1 X180.036 Y23.625 E1378.38262
G1 X180.206 Y23.795 E1378.38639
G1 X180.912 Y23.795 E1378.39745
G1 X181.703 Y23.004 E1378.41499
G1 X181.703 Y24.181 E1378.43344
G1 X183.37 Y24.181 E1378.45957
G1 X183.37 Y21.981 E1378.49406
G1 X184.392 Y21.981 E1378.51008
G1 X185.037 Y22.626 E1378.52437
G1 X185.037 Y24.181 E1378.54875
G1 X186.704 Y24.181 E1378.57488
G1 X186.704 Y23.745 E1378.58172
G1 X186.862 Y23.745 E1378.58419
G1 X188.371 Y22.236 E1378.61764
G1 X188.371 Y24.181 E1378.64813
G1 X190.038 Y24.181 E1378.67426
G1 X190.409 Y24.181 E1378.68008
G1 X190.409 Y22.098 E1378.71273
G1 X190.292 Y21.981 E1378.71533
G1 X190.038 Y21.981 E1378.71931
G1 X190.038 Y24.181 E1378.75379
G1 F600 E1377.75379
G0 F10500 X191.628 Y25.27
G0 X192.161 Y25.803
G0 X192.161 Y44.059
G0 X191.628 Y44.592
G0 X98.372 Y45.27
G0 X97.839 Y45.803
G0 X97.839 Y64.059
G0 X98.318 Y64.538
G0 X101.687 Y65.681
G1 F600 E1378.75379
G1 F3600 X102.292 Y65.681 E1378.76328
G1 X101.687 Y66.286 E1378.77669
G1 X101.687 Y65.681 E1378.78617
G1 X100.02 Y65.681 E1378.8123
G1 X99.309 Y65.681 E1378.82345
G1 X99.309 Y66.764 E1378.84042
G1 X99.426 Y66.881 E1378.84302
G1 X100.02 Y66.881 E1378.85233
G1 X100.02 Y65.681 E1378.87114
G0 F10500 X105.021 Y66.576
G1 F3600 X105.326 Y66.881 E1378.8779
G1 X106.688 Y66.881 E1378.89925
G1 X106.992 Y66.881 E1378.90402
G1 X108.192 Y65.681 E1378.93062
G1 X106.688 Y65.681 E1378.95419
G1 X106.688 Y66.881 E1378.97301
G0 F10500 X105.021 Y66.576
G1 F3600 X104.126 Y65.681 E1378.99285
G1 X105.021 Y65.681 E1379.00688
G1 X105.021 Y66.576 E1379.02091
G0 F10500 X111.689 Y66.881
G1 F3600 X112.992 Y66.881 E1379.04133
G1 X113.356 Y66.517 E1379.0494
G1 X114.192 Y65.681 E1379.06793
G1 X113.356 Y65.681 E1379.08104
G1 X113.356 Y66.517 E1379.09414
G0 F10500 X111.689 Y66.881
G1 F3600 X111.326 Y66.881 E1379.09983
G1 X110.126 Y65.681 E1379.12643
G1 X111.689 Y65.681 E1379.15094
G1 X111.689 Y66.881 E1379.16975
G0 F10500 X116.69 Y65.681
G1 F3600 X116.026 Y65.681 E1379.18015
G1 X116.69 Y66.345 E1379.19487
G1 X116.69 Y65.681 E1379.20528
G1 X118.357 Y65.681 E1379.23141
G1 X118.357 Y66.881 E1379.25022
G1 X118.892 Y66.881 E1379.25861
G1 X120.024 Y65.749 E1379.28371
G1 X120.092 Y65.681 E1379.28521
G1 X120.024 Y65.681 E1379.28628
G0 F10500 X123.358 Y65.681
G1 F3600 X122.026 Y65.681 E1379.30716
G1 X123.226 Y66.881 E1379.33376
G1 X123.358 Y66.881 E1379.33583
G1 X123.358 Y65.681 E1379.35464
G1 X125.025 Y65.681 E1379.38077
G1 X126.092 Y65.681 E1379.3975
G1 X125.025 Y66.748 E1379.42115
G1 X125.025 Y65.681 E1379.43788
G0 F10500 X128.359 Y66.114
G1 F3600 X129.126 Y66.881 E1379.45488
G1 X130.026 Y66.881 E1379.46899
G1 X130.026 Y65.681 E1379.4878
G1 X131.693 Y65.681 E1379.51393
G1 X131.992 Y65.681 E1379.51862
G1 X131.693 Y65.98 E1379.52524
G1 X131.693 Y65.681 E1379.52993
G0 F10500 X128.359 Y66.114
G1 F3600 X127.926 Y65.681 E1379.53953
G1 X128.359 Y65.681 E1379.54632
G1 X128.359 Y66.114 E1379.55311
G0 F10500 X135.027 Y66.782
G1 F3600 X135.126 Y66.881 E1379.5553
G1 X136.694 Y66.881 E1379.57988
G1 X136.792 Y66.881 E1379.58142
G1 X137.992 Y65.681 E1379.60802
G1 X136.694 Y65.681 E1379.62836
G1 X136.694 Y66.881 E1379.64717
G0 F10500 X135.027 Y66.782
G1 F3600 X133.926 Y65.681 E1379.67158
G1 X135.027 Y65.681 E1379.68884
G1 X135.027 Y66.782 E1379.7061
G0 F10500 X140.028 Y65.681
G1 F3600 X139.826 Y65.681 E1379.70927
G1 X140.028 Y65.883 E1379.71374
G1 X140.028 Y65.681 E1379.71691
G1 X141.695 Y65.681 E1379.74304
G1 X141.695 Y66.881 E1379.76185
G1 X142.692 Y66.881 E1379.77748
G1 X143.362 Y66.211 E1379.79233
G1 X143.892 Y65.681 E1379.80408
G1 X143.362 Y65.681 E1379.81239
G1 X143.362 Y66.211 E1379.8207
G0 F10500 X146.696 Y65.681
G1 F3600 X145.826 Y65.681 E1379.83434
G1 X146.696 Y66.551 E1379.85362
G1 X146.696 Y65.681 E1379.86726
G1 X148.363 Y65.681 E1379.89339
G1 X149.892 Y65.681 E1379.91736
G1 X148.692 Y66.881 E1379.94396
G1 X148.363 Y66.881 E1379.94912
G1 X148.363 Y65.681 E1379.96793
G0 F10500 X153.364 Y65.681
G1 F3600 X151.726 Y65.681 E1379.99361
G1 X152.926 Y66.881 E1380.02021
G1 X153.364 Y66.881 E1380.02707
G1 X153.364 Y65.681 E1380.04588
G1 X155.031 Y65.681 E1380.07201
G1 X155.792 Y65.681 E1380.08394
G1 X155.031 Y66.442 E1380.10081
G1 X155.031 Y65.681 E1380.11274
G0 F10500 X158.365 Y66.32
G1 F3600 X158.926 Y66.881 E1380.12518
G1 X160.032 Y66.881 E1380.14252
G1 X160.032 Y65.681 E1380.16133
G1 X161.699 Y65.681 E1380.18746
G1 X161.792 Y65.681 E1380.18892
G1 X161.699 Y65.774 E1380.19098
G0 F10500 X158.365 Y66.32
G1 F3600 X157.726 Y65.681 E1380.20514
G1 X158.365 Y65.681 E1380.21516
G1 X158.365 Y66.32 E1380.22518
G0 F10500 X165.033 Y66.881
G1 F3600 X166.492 Y66.881 E1380.24805
G1 X166.7 Y66.673 E1380.25266
G1 X167.692 Y65.681 E1380.27465
G1 X166.7 Y65.681 E1380.2902
G1 X166.7 Y66.673 E1380.30575
G0 F10500 X165.033 Y66.881
G1 F3600 X164.826 Y66.881 E1380.30899
G1 X163.626 Y65.681 E1380.3356
G1 X165.033 Y65.681 E1380.35765
G1 X165.033 Y66.881 E1380.37646
G0 F10500 X170.034 Y65.681
G1 F3600 X169.626 Y65.681 E1380.38286
G1 X170.034 Y66.089 E1380.3919
G1 X170.034 Y65.681 E1380.3983
G1 X171.701 Y65.681 E1380.42443
G1 X171.701 Y66.881 E1380.44324
G1 X172.492 Y66.881 E1380.45564
G1 X173.368 Y66.005 E1380.47506
G1 X173.692 Y65.681 E1380.48224
G1 X173.368 Y65.681 E1380.48732
G1 X173.368 Y66.005 E1380.4924
G0 F10500 X176.702 Y65.681
G1 F3600 X175.526 Y65.681 E1380.51083
G1 X176.702 Y66.857 E1380.5369
G1 X176.702 Y65.681 E1380.55534
G1 X178.369 Y65.681 E1380.58147
G1 X179.592 Y65.681 E1380.60064
G1 X178.392 Y66.881 E1380.62724
G1 X178.369 Y66.881 E1380.6276
G1 X178.369 Y65.681 E1380.64641
G0 F10500 X181.703 Y65.858
G1 F3600 X182.726 Y66.881 E1380.66909
G1 X183.37 Y66.881 E1380.67919
G1 X183.37 Y65.681 E1380.698
G1 X185.037 Y65.681 E1380.72413
G1 X185.592 Y65.681 E1380.73283
G1 X185.037 Y66.236 E1380.74513
G1 X185.037 Y65.681 E1380.75383
G0 F10500 X181.703 Y65.858
G1 F3600 X181.526 Y65.681 E1380.75776
G1 X181.703 Y65.681 E1380.76053
G1 X181.703 Y65.858 E1380.7633
G0 F10500 X188.371 Y66.626
G1 F3600 X188.626 Y66.881 E1380.76896
G1 X190.038 Y66.881 E1380.79109
G1 X190.292 Y66.881 E1380.79507
G1 X190.409 Y66.764 E1380.79767
G1 X190.409 Y65.681 E1380.81464
G1 X190.038 Y65.681 E1380.82046
G1 X190.038 Y66.881 E1380.83927
G0 F10500 X188.371 Y66.626
G1 F3600 X187.426 Y65.681 E1380.86022
G1 X188.371 Y65.681 E1380.87503
G1 X188.371 Y66.626 E1380.88984
G1 F600 E1379.88984
;MESH:
G0 F10500 X147.487 Y74.302
G0 X147.424 Y74.313
G0 X133.566 Y76.914
G0 X133.488 Y76.929
G0 X127.553 Y77.961
G0 X120.846 Y79.304
G0 X119.73 Y80.202
G0 X118.687 Y79.67
G0 X118.712 Y79.574
;TYPE:WALL-INNER
G1 F600 E1380.88984
G1 F3600 X119.252 Y79.801 E1380.89903
G1 X119.744 Y80.188 E1380.90884
G1 X120.2 Y80.759 E1380.92029
G1 X120.588 Y81.569 E1380.93437
G1 X120.886 Y82.711 E1380.95287
G1 X121.071 Y84.173 E1380.97597
G1 X121.134 Y85.971 E1381.00418
G1 X121.071 Y87.804 E1381.03293
G1 X120.886 Y89.288 E1381.05637
G1 X120.588 Y90.437 E1381.07497
G1 X120.202 Y91.244 E1381.089
G1 X119.747 Y91.808 E1381.10036
G1 X119.248 Y92.195 E1381.11026
G1 X118.711 Y92.416 E1381.11936
G1 X118.098 Y92.491 E1381.12904
G1 X117.492 Y92.417 E1381.13861
G1 X116.952 Y92.19 E1381.14779
G1 X116.459 Y91.803 E1381.15762
G1 X116.006 Y91.235 E1381.169
G1 X115.614 Y90.417 E1381.18322
G1 X115.317 Y89.271 E1381.20178
G1 X115.133 Y87.808 E1381.22489
G1 X115.069 Y86 E1381.25325
G1 X115.133 Y84.186 E1381.28171
G1 X115.318 Y82.716 E1381.30493
G1 X115.614 Y81.575 E1381.32341
G1 X116.006 Y80.756 E1381.33764
G1 X116.459 Y80.188 E1381.34903
G1 X116.956 Y79.8 E1381.35891
G1 X117.493 Y79.576 E1381.36804
G1 X118.107 Y79.5 E1381.37773
G1 X118.712 Y79.574 E1381.38729
G0 F10500 X118.109 Y80.203
G1 F3600 X117.029 Y80.595 E1381.4053
G1 X116.346 Y81.573 E1381.424
G1 X116.013 Y83.254 E1381.45086
G1 X115.913 Y86 E1381.49393
G1 X116.013 Y88.74 E1381.53691
G1 X116.346 Y90.418 E1381.56373
G1 X117.029 Y91.396 E1381.58243
G1 X118.108 Y91.788 E1381.60042
G1 X119.176 Y91.397 E1381.61825
G1 X119.862 Y90.426 E1381.63689
G1 X120.199 Y88.747 E1381.66373
G1 X120.3 Y86 E1381.70682
G1 X120.199 Y83.253 E1381.74991
G1 X119.863 Y81.571 E1381.7768
G1 X119.178 Y80.596 E1381.79548
G1 X118.109 Y80.203 E1381.81333
G0 F10500 X118.108 Y80.735
;TYPE:WALL-OUTER
G1 F2700 X117.348 Y81.011 E1381.826
G1 X116.816 Y81.773 E1381.84057
G1 X116.511 Y83.312 E1381.86517
G1 X116.413 Y86 E1381.90733
G1 X116.511 Y88.682 E1381.9494
G1 X116.816 Y90.218 E1381.97395
G1 X117.348 Y90.98 E1381.98851
G1 X118.107 Y91.256 E1382.00117
G1 X118.858 Y90.981 E1382.01371
G1 X119.393 Y90.224 E1382.02824
G1 X119.701 Y88.688 E1382.0528
G1 X119.8 Y86 E1382.09496
G1 X119.701 Y83.312 E1382.13713
G1 X119.393 Y81.772 E1382.16175
G1 X118.859 Y81.011 E1382.17632
G1 X118.108 Y80.735 E1382.18886
G0 F10500 X117.873 Y80.82
G0 X117.669 Y80.256
G0 X118.687 Y79.67
G0 X118.843 Y79.087
G1 F2700 X119.507 Y79.366 E1382.20015
G1 X120.1 Y79.831 E1382.21196
G1 X120.626 Y80.491 E1382.22519
G1 X121.06 Y81.397 E1382.24094
G1 X121.378 Y82.615 E1382.26067
G1 X121.57 Y84.136 E1382.2847
G1 X121.635 Y85.971 E1382.31349
G1 X121.57 Y87.839 E1382.34279
G1 X121.378 Y89.382 E1382.36716
G1 X121.06 Y90.61 E1382.38704
G1 X120.628 Y91.512 E1382.40272
G1 X120.098 Y92.168 E1382.41594
G1 X119.502 Y92.631 E1382.42777
G1 X118.84 Y92.904 E1382.439
G1 X118.098 Y92.995 E1382.45071
G1 X117.361 Y92.904 E1382.46236
G1 X116.697 Y92.625 E1382.47365
G1 X116.104 Y92.16 E1382.48546
G1 X115.58 Y91.503 E1382.49863
G1 X115.142 Y90.589 E1382.51452
G1 X114.825 Y89.367 E1382.53431
G1 X114.634 Y87.843 E1382.55838
G1 X114.568 Y86 E1382.58729
G1 X114.634 Y84.151 E1382.6163
G1 X114.826 Y82.622 E1382.64045
G1 X115.142 Y81.402 E1382.66021
G1 X115.58 Y80.488 E1382.67609
G1 X116.104 Y79.831 E1382.68927
G1 X116.7 Y79.365 E1382.70113
G1 X117.364 Y79.088 E1382.7124
G1 X118.107 Y78.996 E1382.72414
G1 X118.843 Y79.087 E1382.73577
G0 F10500 X119.073 Y79.183
G0 X118.697 Y79.999
;TYPE:SKIN
G1 F2700 X118.951 Y80.098 E1382.7383
G1 X119.57 Y80.539 E1382.74538
G1 X120.138 Y81.386 E1382.75488
G1 X120.555 Y83.09 E1382.77122
G1 X120.708 Y85.766 E1382.79618
G1 X120.615 Y88.334 E1382.82011
G1 X120.315 Y90.048 E1382.83632
G1 X120.093 Y90.624 E1382.84207
G0 F10500 X119.828 Y90.889
G0 X119.001 Y91.715
G0 X118.76 Y91.955
G1 F2700 X118.28 Y92.082 E1382.84679
G1 X117.621 Y92.035 E1382.85308
G1 X116.7 Y91.541 E1382.86303
G1 X116.015 Y90.459 E1382.87522
G1 X115.635 Y88.717 E1382.89219
G1 X115.496 Y86.028 E1382.91782
G1 X115.609 Y83.44 E1382.94247
G1 X115.95 Y81.685 E1382.95949
G1 X116.44 Y80.841 E1382.96878
G1 X117.153 Y80.128 E1382.97837
G1 X118.118 Y79.871 E1382.98788
G0 F10500 X118.232 Y79.757
G0 X119.202 Y80.565
G0 X119.899 Y81.556
G0 X120.238 Y83.249
G0 X120.34 Y86
G0 X120.259 Y88.227
G0 X120.033 Y91.037
G1 F2700 X119.056 Y92.015 E1382.99871
G0 F10500 X119.033 Y91.981
G1 F600 E1381.99871
G0 F10500 X119.898 Y90.441
G0 X121.114 Y85.971
G0 X122.547 Y85.921
G0 X122.768 Y84.138
G0 X124.201 Y84.187
G0 X125.359 Y81.558
G0 X126.054 Y80.564
G0 X127.158 Y80.103
G0 X127.158 Y80.203
;TYPE:WALL-INNER
G1 F600 E1382.99871
G1 F3600 X126.078 Y80.595 E1383.01672
G1 X125.395 Y81.573 E1383.03542
G1 X125.062 Y83.254 E1383.06229
G1 X124.962 Y86 E1383.10536
G1 X125.062 Y88.74 E1383.14834
G1 X125.395 Y90.418 E1383.17516
G1 X126.078 Y91.396 E1383.19385
G1 X127.157 Y91.788 E1383.21185
G1 X128.225 Y91.397 E1383.22968
G1 X128.911 Y90.426 E1383.24831
G1 X129.248 Y88.747 E1383.27516
G1 X129.349 Y86 E1383.31825
G1 X129.248 Y83.253 E1383.36134
G1 X128.912 Y81.571 E1383.38822
G1 X128.227 Y80.596 E1383.4069
G1 X127.158 Y80.203 E1383.42476
G0 F10500 X127.761 Y79.574
G1 F3600 X128.301 Y79.801 E1383.43394
G1 X128.793 Y80.188 E1383.44375
G1 X129.249 Y80.759 E1383.45521
G1 X129.637 Y81.569 E1383.46928
G1 X129.935 Y82.711 E1383.48779
G1 X130.12 Y84.173 E1383.51089
G1 X130.183 Y85.971 E1383.53909
G1 X130.12 Y87.804 E1383.56784
G1 X129.935 Y89.288 E1383.59128
G1 X129.637 Y90.437 E1383.60989
G1 X129.251 Y91.244 E1383.62391
G1 X128.796 Y91.808 E1383.63527
G1 X128.297 Y92.195 E1383.64517
G1 X127.76 Y92.416 E1383.65427
G1 X127.147 Y92.491 E1383.66395
G1 X126.541 Y92.417 E1383.67352
G1 X126.001 Y92.19 E1383.6827
G1 X125.508 Y91.803 E1383.69253
G1 X125.055 Y91.235 E1383.70392
G1 X124.663 Y90.417 E1383.71813
G1 X124.366 Y89.271 E1383.73669
G1 X124.182 Y87.808 E1383.75981
G1 X124.119 Y86 E1383.78816
G1 X124.182 Y84.186 E1383.81662
G1 X124.367 Y82.716 E1383.83984
G1 X124.663 Y81.575 E1383.85832
G1 X125.055 Y80.756 E1383.87255
G1 X125.509 Y80.189 E1383.88394
G1 X126.004 Y79.801 E1383.8938
G1 X126.546 Y79.575 E1383.903
G1 X127.157 Y79.5 E1383.91265
G1 X127.761 Y79.574 E1383.92219
G0 F10500 X127.892 Y79.087
;TYPE:WALL-OUTER
G1 F2700 X128.556 Y79.366 E1383.93348
G1 X129.149 Y79.831 E1383.94529
G1 X129.675 Y80.491 E1383.95852
G1 X130.109 Y81.397 E1383.97427
G1 X130.427 Y82.615 E1383.994
G1 X130.619 Y84.136 E1384.01804
G1 X130.684 Y85.971 E1384.04682
G1 X130.619 Y87.839 E1384.07612
G1 X130.427 Y89.382 E1384.10049
G1 X130.109 Y90.61 E1384.12038
G1 X129.677 Y91.512 E1384.13605
G1 X129.147 Y92.168 E1384.14927
G1 X128.551 Y92.631 E1384.1611
G1 X127.889 Y92.904 E1384.17233
G1 X127.147 Y92.995 E1384.18405
G1 X126.41 Y92.904 E1384.19569
G1 X125.746 Y92.625 E1384.20698
G1 X125.153 Y92.16 E1384.21879
G1 X124.629 Y91.503 E1384.23196
G1 X124.191 Y90.589 E1384.24785
G1 X123.874 Y89.367 E1384.26764
G1 X123.683 Y87.843 E1384.29172
G1 X123.618 Y86 E1384.32062
G1 X123.683 Y84.151 E1384.34963
G1 X123.875 Y82.622 E1384.37378
G1 X124.191 Y81.402 E1384.39354
G1 X124.629 Y80.488 E1384.40942
G1 X125.154 Y79.831 E1384.42261
G1 X125.75 Y79.365 E1384.43447
G1 X126.415 Y79.088 E1384.44576
G1 X127.156 Y78.996 E1384.45746
G1 X127.892 Y79.087 E1384.46909
G0 F10500 X128.122 Y79.183
G0 X127.89 Y79.736
G0 X127.363 Y80.173
G0 X127.157 Y80.735
G1 F2700 X126.397 Y81.011 E1384.48176
G1 X125.865 Y81.773 E1384.49633
G1 X125.56 Y83.312 E1384.52092
G1 X125.462 Y86 E1384.56309
G1 X125.56 Y88.682 E1384.60516
G1 X125.865 Y90.218 E1384.62971
G1 X126.397 Y90.98 E1384.64427
G1 X127.156 Y91.256 E1384.65693
G1 X127.907 Y90.981 E1384.66947
G1 X128.442 Y90.224 E1384.684
G1 X128.75 Y88.688 E1384.70856
G1 X128.849 Y86 E1384.75072
G1 X128.75 Y83.312 E1384.79289
G1 X128.442 Y81.772 E1384.8175
G1 X127.908 Y81.011 E1384.83208
G1 X127.157 Y80.735 E1384.84462
G0 F10500 X126.922 Y80.82
G0 X126.899 Y79.928
;TYPE:SKIN
G1 F2700 X127.311 Y79.87 E1384.84865
G1 X128.327 Y80.269 E1384.85921
G1 X128.979 Y81.03 E1384.86891
G1 X129.378 Y82.045 E1384.87947
G1 X129.641 Y83.549 E1384.89425
G1 X129.759 Y85.907 E1384.91711
G1 X129.651 Y88.49 E1384.94213
G1 X129.321 Y90.234 E1384.95932
G1 X128.904 Y91.005 E1384.9678
G0 F10500 X128.014 Y91.895
G1 F2700 X127.524 Y92.031 E1384.97279
G1 X126.779 Y92.069 E1384.98012
G1 X125.818 Y91.616 E1384.99055
G1 X125.099 Y90.567 E1385.00303
G1 X124.695 Y88.85 E1385.02035
G1 X124.545 Y86.171 E1385.04669
G1 X124.645 Y83.596 E1385.07198
G1 X124.956 Y81.87 E1385.0892
G1 X125.706 Y80.414 E1385.10528
G1 X126.42 Y80.053 E1385.11313
G0 F10500 X126.634 Y79.861
G1 F600 E1384.11313
G0 F10500 X128.779 Y80.202
G0 X129.895 Y79.304
G0 X132.436 Y80.966
G0 X133.73 Y81.581
G0 X134.966 Y80.666
G0 X136.206 Y80.103
G0 X136.206 Y80.203
;TYPE:WALL-INNER
G1 F600 E1385.11313
G1 F3600 X135.128 Y80.595 E1385.13111
G1 X134.444 Y81.573 E1385.14982
G1 X134.111 Y83.254 E1385.17668
G1 X134.011 Y86 E1385.21976
G1 X134.111 Y88.74 E1385.26273
G1 X134.444 Y90.418 E1385.28955
G1 X135.128 Y91.396 E1385.30826
G1 X136.205 Y91.788 E1385.32623
G1 X137.274 Y91.397 E1385.34407
G1 X137.96 Y90.426 E1385.3627
G1 X138.297 Y88.747 E1385.38955
G1 X138.398 Y86 E1385.43264
G1 X138.297 Y83.253 E1385.47573
G1 X137.961 Y81.571 E1385.50261
G1 X137.276 Y80.596 E1385.52129
G1 X136.206 Y80.203 E1385.53916
G0 F10500 X136.81 Y79.574
G1 F3600 X137.35 Y79.801 E1385.54834
G1 X137.842 Y80.188 E1385.55816
G1 X138.298 Y80.759 E1385.56961
G1 X138.686 Y81.569 E1385.58369
G1 X138.984 Y82.711 E1385.60219
G1 X139.169 Y84.173 E1385.62529
G1 X139.232 Y85.971 E1385.65349
G1 X139.169 Y87.804 E1385.68224
G1 X138.984 Y89.288 E1385.70568
G1 X138.686 Y90.437 E1385.72429
G1 X138.3 Y91.244 E1385.73831
G1 X137.845 Y91.808 E1385.74967
G1 X137.346 Y92.195 E1385.75957
G1 X136.809 Y92.416 E1385.76867
G1 X136.196 Y92.491 E1385.77836
G1 X135.59 Y92.417 E1385.78793
G1 X135.05 Y92.19 E1385.79711
G1 X134.557 Y91.803 E1385.80693
G1 X134.104 Y91.235 E1385.81832
G1 X133.712 Y90.417 E1385.83254
G1 X133.415 Y89.271 E1385.8511
G1 X133.231 Y87.808 E1385.87421
G1 X133.168 Y86 E1385.90257
G1 X133.231 Y84.186 E1385.93102
G1 X133.416 Y82.716 E1385.95425
G1 X133.712 Y81.575 E1385.97272
G1 X134.104 Y80.756 E1385.98696
G1 X134.558 Y80.189 E1385.99834
G1 X135.053 Y79.801 E1386.0082
G1 X135.595 Y79.575 E1386.01741
G1 X136.206 Y79.5 E1386.02706
G1 X136.81 Y79.574 E1386.0366
G0 F10500 X136.941 Y79.087
;TYPE:WALL-OUTER
G1 F2700 X137.605 Y79.366 E1386.04789
G1 X138.198 Y79.831 E1386.0597
G1 X138.724 Y80.491 E1386.07293
G1 X139.158 Y81.397 E1386.08868
G1 X139.476 Y82.615 E1386.10841
G1 X139.668 Y84.136 E1386.13244
G1 X139.733 Y85.971 E1386.16122
G1 X139.668 Y87.839 E1386.19052
G1 X139.476 Y89.382 E1386.2149
G1 X139.158 Y90.61 E1386.23478
G1 X138.726 Y91.512 E1386.25046
G1 X138.196 Y92.168 E1386.26368
G1 X137.6 Y92.631 E1386.27551
G1 X136.938 Y92.904 E1386.28673
G1 X136.196 Y92.995 E1386.29845
G1 X135.459 Y92.904 E1386.31009
G1 X134.795 Y92.625 E1386.32138
G1 X134.202 Y92.16 E1386.33319
G1 X133.678 Y91.503 E1386.34637
G1 X133.24 Y90.589 E1386.36225
G1 X132.923 Y89.367 E1386.38204
G1 X132.732 Y87.843 E1386.40612
G1 X132.667 Y86 E1386.43503
G1 X132.732 Y84.151 E1386.46403
G1 X132.924 Y82.622 E1386.48819
G1 X133.24 Y81.402 E1386.50794
G1 X133.678 Y80.488 E1386.52383
G1 X134.203 Y79.831 E1386.53701
G1 X134.799 Y79.365 E1386.54887
G1 X135.464 Y79.088 E1386.56016
G1 X136.205 Y78.996 E1386.57187
G1 X136.941 Y79.087 E1386.58349
G0 F10500 X137.171 Y79.183
G0 X136.939 Y79.736
G0 X136.411 Y80.173
G0 X136.205 Y80.735
G1 F2700 X135.447 Y81.011 E1386.59614
G1 X134.914 Y81.773 E1386.61072
G1 X134.609 Y83.312 E1386.63531
G1 X134.511 Y86 E1386.67747
G1 X134.609 Y88.682 E1386.71954
G1 X134.914 Y90.218 E1386.74409
G1 X135.447 Y90.98 E1386.75867
G1 X136.205 Y91.256 E1386.77131
G1 X136.956 Y90.981 E1386.78385
G1 X137.491 Y90.224 E1386.79838
G1 X137.799 Y88.688 E1386.82294
G1 X137.898 Y86 E1386.8651
G1 X137.799 Y83.312 E1386.90726
G1 X137.491 Y81.772 E1386.93188
G1 X136.957 Y81.011 E1386.94646
G1 X136.205 Y80.735 E1386.95901
G0 F10500 X135.97 Y80.82
G0 X135.664 Y80.002
;TYPE:SKIN
G1 F2700 X134.796 Y80.517 E1386.97724
G0 F10500 X134.094 Y81.572
G1 F2700 X133.962 Y82.058 E1386.98198
G1 X133.681 Y83.753 E1386.99816
G1 X133.599 Y86.31 E1387.02225
G1 X133.761 Y88.977 E1387.04741
G1 X134.198 Y90.66 E1387.06379
G1 X134.947 Y91.68 E1387.0757
G1 X135.944 Y92.096 E1387.08587
G1 X136.768 Y91.98 E1387.09371
G1 X137.617 Y91.485 E1387.10296
G1 X138.283 Y90.465 E1387.11444
G1 X138.614 Y89.073 E1387.12791
G1 X138.759 Y87.514 E1387.14265
G1 X138.779 Y85.019 E1387.16615
G1 X138.644 Y83.033 E1387.18489
G1 X138.211 Y81.344 E1387.20131
G1 X137.468 Y80.319 E1387.21323
G1 X136.476 Y79.897 E1387.22338
G1 X136.134 Y79.885 E1387.22661
G0 F10500 X135.943 Y80.036
G1 F600 E1386.22661
G0 F10500 X137.3 Y80.565
G0 X137.927 Y81.456
G0 X139.15 Y84.174
G0 X142.26 Y84.296
G0 X142.816 Y85.165
;TYPE:WALL-INNER
G1 F600 E1387.22661
G1 F3600 X143.068 Y85.734 E1387.23636
G1 X143.146 Y85.91 E1387.23938
G1 X142.755 Y86.079 E1387.24408
G1 X142.687 Y86.109 E1387.24525
G1 X142.68 Y85.929 E1387.2462
G1 X142.679 Y85.906
G1 X142.679 Y85.892
G1 X142.708 Y85.162 E1387.25277
G1 X142.738 Y84.419 E1387.26442
G1 X142.816 Y85.165 E1387.26577
G0 F10500 X142.841 Y86.5
G0 X142.927 Y86.55
G1 F3600 X143.216 Y89.183 E1387.30729
G1 X143.68 Y90.607 E1387.33077
G1 X144.475 Y91.474 E1387.34921
G1 X145.531 Y91.78 E1387.36644
G1 X146.381 Y91.611 E1387.38003
G1 X147.023 Y91.103 E1387.39286
G1 X147.402 Y90.371 E1387.40578
G1 X147.422 Y90.267 E1387.40744
G1 X147.775 Y90.315 E1387.41303
G1 X148.051 Y90.352 E1387.41739
G1 X147.984 Y90.622 E1387.42013
G1 X147.892 Y90.987 E1387.42603
G1 X147.337 Y91.853 E1387.44215
G1 X146.624 Y92.33 E1387.4556
G1 X145.684 Y92.5 E1387.47057
G1 X144.993 Y92.418 E1387.48148
G1 X144.351 Y92.165 E1387.4923
G1 X143.773 Y91.741 E1387.50353
G1 X143.244 Y91.119 E1387.51633
G1 X142.797 Y90.268 E1387.5314
G1 X142.459 Y89.115 E1387.55024
G1 X142.249 Y87.665 E1387.5732
G1 X142.178 Y85.913 E1387.60069
G1 X142.246 Y84.193 E1387.62767
G1 X142.449 Y82.763 E1387.65031
G1 X142.769 Y81.654 E1387.66841
G1 X143.198 Y80.824 E1387.68305
G1 X143.7 Y80.226 E1387.69529
G1 X144.246 Y79.815 E1387.706
G1 X144.825 Y79.579 E1387.7158
G1 X145.481 Y79.499 E1387.72616
G1 X146.073 Y79.561 E1387.73549
G1 X146.598 Y79.744 E1387.74421
G1 X147.092 Y80.059 E1387.75339
G1 X147.549 Y80.511 E1387.76347
G1 X147.936 Y81.09 E1387.77439
G1 X148.22 Y81.787 E1387.78618
G1 X148.394 Y82.601 E1387.79923
G1 X148.455 Y83.576 E1387.81455
G1 X148.398 Y84.465 E1387.82851
G1 X148.233 Y85.237 E1387.84088
G1 X147.963 Y85.906 E1387.85219
G1 X147.595 Y86.472 E1387.86278
G1 X147.162 Y86.925 E1387.8726
G1 X146.732 Y87.225 E1387.88082
G1 X146.291 Y87.398 E1387.88824
G1 X145.836 Y87.454 E1387.89543
G1 X145.638 Y87.429 E1387.89856
G1 X145.417 Y87.402 E1387.90205
G1 X145.308 Y87.358 E1387.90389
G1 X145.045 Y87.251 E1387.90834
G1 X144.691 Y86.985 E1387.91528
G1 X144.49 Y86.75 E1387.92013
G1 X144.403 Y86.648 E1387.92223
G1 X144.502 Y86.739 E1387.92227
G1 X144.738 Y86.8 E1387.9228
G1 X145.135 Y86.904 E1387.92669
G1 X145.457 Y86.989 E1387.93073
G1 X145.672 Y86.933 E1387.93392
G1 X146.442 Y86.73 E1387.9464
G1 X147.2 Y86.006 E1387.96284
G1 X147.641 Y84.932 E1387.98103
G1 X147.77 Y83.562 E1388.00261
G1 X147.652 Y82.206 E1388.02394
G1 X147.244 Y81.164 E1388.04148
G1 X146.519 Y80.472 E1388.05719
G1 X145.562 Y80.223 E1388.07269
G1 X144.573 Y80.514 E1388.08885
G1 X143.798 Y81.289 E1388.10604
G1 X143.319 Y82.398 E1388.12497
G1 X143.173 Y83.772 E1388.14663
G1 X143.305 Y85.035 E1388.16654
G1 X143.679 Y85.879 E1388.18101
G1 X143.754 Y86.049 E1388.18392
G1 X143.859 Y86.146 E1388.18616
G1 X143.807 Y86.168
G1 X143.637 Y86.242 E1388.1883
G1 X142.927 Y86.55 E1388.20043
G0 F10500 X143.803 Y86.715
;TYPE:WALL-OUTER
G1 F2700 X143.464 Y86.862 E1388.20623
G1 X143.487 Y87.072 E1388.20954
G1 X143.707 Y89.077 E1388.24116
G1 X144.122 Y90.349 E1388.26213
G1 X144.749 Y91.033 E1388.27667
G1 X145.553 Y91.266 E1388.2898
G1 X146.165 Y91.144 E1388.29958
G1 X146.628 Y90.778 E1388.30883
G1 X146.925 Y90.204 E1388.31896
G1 X147.023 Y89.709 E1388.32687
G1 X148.397 Y89.895 E1388.34861
G1 X148.673 Y89.932 E1388.35297
G1 X148.605 Y90.202 E1388.35571
G1 X148.357 Y91.186 E1388.37161
G1 X147.701 Y92.212 E1388.3907
G1 X146.816 Y92.803 E1388.40738
G1 X145.701 Y93.005 E1388.42515
G1 X144.869 Y92.906 E1388.43828
G1 X144.106 Y92.606 E1388.45113
G1 X143.43 Y92.109 E1388.46429
G1 X142.827 Y91.401 E1388.47886
G1 X142.331 Y90.455 E1388.49561
G1 X141.969 Y89.222 E1388.51575
G1 X141.75 Y87.709 E1388.53971
G1 X141.677 Y85.913 E1388.56789
G1 X141.747 Y84.152 E1388.59552
G1 X141.959 Y82.66 E1388.61914
G1 X142.303 Y81.467 E1388.6386
G1 X142.78 Y80.544 E1388.65489
G1 X143.352 Y79.863 E1388.66883
G1 X143.998 Y79.376 E1388.68151
G1 X144.696 Y79.091 E1388.69333
G1 X145.477 Y78.996 E1388.70566
G1 X146.182 Y79.07 E1388.71677
G1 X146.82 Y79.292 E1388.72736
G1 X147.404 Y79.664 E1388.73822
G1 X147.938 Y80.193 E1388.75
G1 X148.379 Y80.853 E1388.76244
G1 X148.7 Y81.639 E1388.77575
G1 X148.891 Y82.532 E1388.79007
G1 X148.956 Y83.577 E1388.80648
G1 X148.895 Y84.534 E1388.82151
G1 X148.713 Y85.385 E1388.83515
G1 X148.409 Y86.137 E1388.84787
G1 X147.989 Y86.783 E1388.85995
G1 X147.49 Y87.306 E1388.87128
G1 X146.968 Y87.67 E1388.88125
G1 X146.417 Y87.886 E1388.89053
G1 X145.836 Y87.957 E1388.8997
G1 X145.29 Y87.89 E1388.90833
G1 X144.796 Y87.689 E1388.91669
G1 X144.347 Y87.352 E1388.92549
G1 X143.94 Y86.876 E1388.93531
G1 X143.803 Y86.715 E1388.9382
G0 F10500 X143.574 Y86.814
G0 X143.337 Y86.264
G0 X143.133 Y83.772
G0 X143.281 Y82.388
G0 X143.765 Y81.267
G0 X144.553 Y80.48
G0 X145.72 Y80.162
G0 X145.57 Y80.742
G1 F2700 X144.836 Y80.958 E1388.9502
G1 X144.219 Y81.575 E1388.96388
G1 X143.808 Y82.526 E1388.98012
G1 X143.676 Y83.772 E1388.99976
G1 X143.794 Y84.905 E1389.01761
G1 X144.169 Y85.752 E1389.03213
G1 X144.749 Y86.287 E1389.0445
G1 X145.457 Y86.472 E1389.05597
G1 X146.19 Y86.279 E1389.06785
G1 X146.778 Y85.718 E1389.08059
G1 X147.15 Y84.811 E1389.09596
G1 X147.268 Y83.56 E1389.11566
G1 X147.16 Y82.321 E1389.13515
G1 X146.819 Y81.449 E1389.14983
G1 X146.268 Y80.923 E1389.16177
G1 X145.57 Y80.742 E1389.17307
G0 F10500 X145.331 Y80.812
G0 X145.288 Y79.923
;TYPE:SKIN
G1 F2700 X145.689 Y79.876 E1389.17531
G1 X146.749 Y80.231 E1389.18151
G1 X147.457 Y80.937 E1389.18706
G1 X147.9 Y81.908 E1389.19298
G1 X148.081 Y83.142 E1389.19989
G1 X148.021 Y84.615 E1389.20807
G1 X147.711 Y85.633 E1389.21397
G1 X147.152 Y86.545 E1389.2199
G1 X146.257 Y87.087 E1389.22571
G1 X145.823 Y87.167 E1389.22815
G0 F10500 X145.786 Y87.205
G0 X144.718 Y86.956
G0 X145.457 Y87.029
G0 X146.461 Y86.764
G0 X147.233 Y86.028
G0 X147.679 Y84.941
G0 X147.81 Y83.562
G0 X147.69 Y82.197
G0 X147.277 Y81.142
G0 X146.538 Y80.438
G0 X145.562 Y80.184
G0 X144.553 Y80.48
G0 X143.765 Y81.267
G0 X143.33 Y82.275
G0 X142.776 Y87.387
G0 X142.634 Y87.528
G1 F2700 X142.674 Y87.842 E1389.23123
G1 X142.559 Y86.542 E1389.24391
G0 F10500 X142.671 Y86.431
G0 X142.846 Y88.024
G0 X142.713 Y88.156
G1 F2700 X142.753 Y88.469 E1389.24642
G1 X143.072 Y89.918 E1389.25819
G1 X143.501 Y90.904 E1389.26672
G1 X144.389 Y91.783 E1389.27663
G1 X145.469 Y92.118 E1389.2856
G1 X146.285 Y92.008 E1389.29213
G1 X147.038 Y91.609 E1389.29889
G1 X147.57 Y90.723 E1389.30709
G0 F10500 X147.742 Y90.552
G0 X145.683 Y92.461
G0 X142.834 Y90.254
G0 X142.806 Y81.668
G0 X145.481 Y79.539
G0 X147.668 Y81.368
G0 X148.01 Y83.566
G1 F2700 X148.201 Y83.376 E1389.3092
G0 F10500 X147.277 Y81.142
G0 X146.538 Y80.438
G0 X144.56 Y79.946
G0 X143.898 Y80.607
G1 F2700 X143.225 Y81.634 E1389.32524
G1 X142.868 Y82.697 E1389.33989
G1 X142.717 Y83.909 E1389.35585
G1 X142.872 Y84.108 E1389.35915
G0 F10500 X142.769 Y84.06
G1 F600 E1388.35915
G0 F10500 X143.281 Y82.388
G0 X143.765 Y81.267
G0 X144.553 Y80.48
G0 X145.562 Y80.184
G0 X146.538 Y80.438
G0 X147.277 Y81.142
G0 X147.69 Y82.197
G0 X147.946 Y85.897
G0 X149.148 Y86.674
G0 X154.074 Y91.376
G0 X155.503 Y91.376
G0 X161.411 Y91.432
G0 X161.341 Y91.362
;TYPE:WALL-INNER
G1 F600 E1389.35915
G1 F3600 X161.341 Y79.668 E1389.54246
G1 X162.186 Y79.668 E1389.5557
G1 X162.186 Y92.255 E1389.75301
G1 X155.489 Y92.255 E1389.85799
G1 X155.489 Y91.362 E1389.87199
G1 X161.341 Y91.362 E1389.96372
G0 F10500 X160.841 Y90.862
;TYPE:WALL-OUTER
G1 F2700 X160.841 Y79.168 E1390.14703
G1 X162.686 Y79.168 E1390.17595
G1 X162.686 Y92.755 E1390.38893
G1 X154.989 Y92.755 E1390.50959
G1 X154.989 Y90.862 E1390.53926
G1 X160.841 Y90.862 E1390.63099
G0 F10500 X160.841 Y90.612
G0 X161.762 Y90.32
;TYPE:SKIN
G1 F2700 X161.762 Y90.673 E1390.63453
G1 X161.762 Y91.381 E1390.64162
G1 X161.713 Y91.783 E1390.64568
G1 X161.89 Y91.96 E1390.64819
G1 X160.628 Y91.808 E1390.66092
G1 X159.92 Y91.808 E1390.66802
G0 F10500 X160.127 Y91.602
G0 X161.369 Y91.39
G0 X161.58 Y90.149
G0 X161.762 Y89.966
G1 F2700 X161.762 Y89.613 E1390.67228
G1 X161.751 Y80.079 E1390.78732
G0 F10500 X161.922 Y79.908
G0 X161.369 Y91.39
G0 X159.774 Y91.602
G0 X159.567 Y91.808
G1 F2700 X159.213 Y91.808 E1390.79243
G1 X156.031 Y91.808 E1390.83843
G1 X155.806 Y91.68 E1390.84217
G0 F10500 X155.885 Y91.755
G1 F600 E1389.84217
G0 F10500 X161.369 Y91.39
G0 X162.166 Y80.537
G0 X163.601 Y80.537
G0 X167.103 Y82.16
G0 X168.467 Y82.606
G0 X169.65 Y80.537
;TYPE:WALL-INNER
G1 F600 E1390.84217
G1 F3600 X169.81 Y80.052 E1390.85017
G1 X170.482 Y80.052 E1390.86071
G1 X170.638 Y80.54 E1390.86874
G1 X170.742 Y80.865 E1390.87409
G1 X170.401 Y80.865 E1390.87727
G1 X170.4 Y80.865 E1390.87729
G1 X169.888 Y80.865 E1390.88531
G1 X169.887 Y80.865 E1390.88533
G1 X169.543 Y80.865 E1390.89072
G1 X169.649 Y80.538 E1390.89393
G1 X169.65 Y80.537 E1390.89395
G0 F10500 X167.483 Y88.195
G0 X167.563 Y88.136
G1 F3600 X167.899 Y88.136 E1390.89922
G1 X167.9 Y88.136 E1390.89923
G1 X172.425 Y88.136 E1390.97016
G1 X172.426 Y88.136 E1390.97018
G1 X172.76 Y88.136 E1390.97541
G1 X172.664 Y87.816 E1390.97855
G1 X170.731 Y81.365 E1391.08411
G1 X169.617 Y81.365 E1391.10158
G1 X167.66 Y87.814 E1391.20722
G1 X167.563 Y88.136 E1391.21038
G0 F10500 X167.483 Y88.195
G0 X173.087 Y88.949
G0 X173.028 Y89.029
G1 F3600 X167.269 Y89.029 E1391.30065
G1 X166.251 Y92.255 E1391.35368
G1 X165.625 Y92.255 E1391.36349
G1 X165.624 Y92.255 E1391.36351
G1 X165.28 Y92.255 E1391.3689
G1 X165.387 Y91.928 E1391.37211
G1 X169.448 Y79.552 E1391.57629
G1 X170.847 Y79.552 E1391.59822
G1 X174.798 Y91.93 E1391.80189
G1 X174.902 Y92.255 E1391.80724
G1 X174.561 Y92.255 E1391.81043
G1 X174.56 Y92.255 E1391.81044
G1 X173.988 Y92.255 E1391.81941
G1 X173.028 Y89.029 E1391.87217
G0 F10500 X172.655 Y89.529
;TYPE:WALL-OUTER
G1 F2700 X167.636 Y89.529 E1391.95085
G1 X166.618 Y92.755 E1392.00387
G1 X164.935 Y92.755 E1392.03026
G1 X164.934 Y92.755 E1392.03027
G1 X164.59 Y92.755 E1392.03566
G1 X164.697 Y92.428 E1392.03887
G1 X169.086 Y79.052 E1392.25955
G1 X171.212 Y79.052 E1392.29287
G1 X175.483 Y92.43 E1392.51301
G1 X175.586 Y92.755 E1392.51835
G1 X175.246 Y92.755 E1392.52153
G1 X175.244 Y92.755 E1392.52156
G1 X173.615 Y92.755 E1392.5471
G1 X172.655 Y89.529 E1392.59986
G0 F10500 X172.405 Y89.529
G0 X172.405 Y88.929
G0 X167.531 Y88.159
G0 X167.664 Y87.462
G0 X168.237 Y87.636
G1 F2700 X172.088 Y87.636 E1392.66022
G1 X170.359 Y81.865 E1392.75466
G1 X169.988 Y81.865 E1392.76048
G1 X168.237 Y87.636 E1392.85501
G0 F10500 X168.487 Y87.636
G0 X168.45 Y88.582
;TYPE:SKIN
G1 F2700 X168.804 Y88.582 E1392.86048
G1 X169.864 Y88.582 E1392.87685
G0 F10500 X169.658 Y88.789
G0 X168.304 Y88.375
G0 X168.097 Y88.582
G1 F2700 X167.743 Y88.582 E1392.8817
G1 X167.39 Y88.582 E1392.88653
G1 X166.734 Y89.238 E1392.89922
G1 X166.23 Y90.802 E1392.92171
G1 X165.979 Y91.76 E1392.93526
G0 F10500 X165.725 Y92.015
G0 X166.59 Y89.028
G0 X166.916 Y88.701
G1 F2700 X167.076 Y88.188 E1392.94024
G1 X169.198 Y81.469 E1393.00552
G1 X169.203 Y81.112 E1393.00883
G1 X169.993 Y80.321 E1393.01918
G1 X170.956 Y81.126 E1393.03081
G1 X171.659 Y83.251 E1393.05155
G1 X173.163 Y88.112 E1393.09869
G1 X173.106 Y88.522 E1393.10253
G1 X173.414 Y88.921 E1393.1072
G1 X174.347 Y91.877 E1393.13591
G0 F10500 X174.485 Y91.74
G0 X173.051 Y88.997
G0 X172.486 Y88.789
G0 X172.693 Y88.582
G1 F2700 X172.339 Y88.582 E1393.14099
G1 X170.218 Y88.582 E1393.17141
G0 F10500 X170.011 Y88.636
G1 F600 E1392.17141
G0 F10500 X173.051 Y88.997
G0 X174.87 Y92.232
G0 X174.05 Y89.475
G0 X174.012 Y89.468
G0 X175.36 Y89.038
G0 X176.503 Y89.468
G0 X177.938 Y89.468
G0 X178.744 Y86.017
G0 X184.954 Y85.975
G0 X184.884 Y86.045
;TYPE:WALL-INNER
G1 F600 E1393.17141
G1 F3600 X178.772 Y86.045 E1393.26722
G1 X178.772 Y92.255 E1393.36456
G1 X177.918 Y92.255 E1393.37795
G1 X177.918 Y79.552 E1393.57707
G1 X178.772 Y79.552 E1393.59046
G1 X178.772 Y85.142 E1393.67809
G1 X184.884 Y85.142 E1393.7739
G1 X184.884 Y79.552 E1393.86152
G1 X185.729 Y79.552 E1393.87477
G1 X185.729 Y92.255 E1394.07389
G1 X184.884 Y92.255 E1394.08714
G1 X184.884 Y86.045 E1394.18448
G0 F10500 X184.384 Y86.545
;TYPE:WALL-OUTER
G1 F2700 X179.272 Y86.545 E1394.26462
G1 X179.272 Y92.755 E1394.36196
G1 X177.418 Y92.755 E1394.39102
G1 X177.418 Y79.052 E1394.60582
G1 X179.272 Y79.052 E1394.63489
G1 X179.272 Y84.642 E1394.72251
G1 X184.384 Y84.642 E1394.80265
G1 X184.384 Y79.052 E1394.89027
G1 X186.229 Y79.052 E1394.91919
G1 X186.229 Y92.755 E1395.13399
G1 X184.384 Y92.755 E1395.16291
G1 X184.384 Y86.545 E1395.26026
G0 F10500 X184.134 Y86.545
G0 X184.521 Y85.593
;TYPE:SKIN
G1 F2700 X184.874 Y85.593 E1395.26476
G1 X185.252 Y85.569 E1395.26958
G1 X185.305 Y83.747 E1395.29281
G1 X185.305 Y80.212 E1395.33786
G1 X185.248 Y79.916 E1395.3417
G0 F10500 X185.373 Y79.791
G0 X184.912 Y85.17
G0 X184.379 Y85.381
G0 X184.167 Y85.593
G1 F2700 X183.813 Y85.593 E1395.35108
G0 F10500 X184.025 Y85.381
G0 X185.123 Y86.052
G0 X185.305 Y85.869
G1 F2700 X185.305 Y86.222 E1395.35527
G1 X185.305 Y91.526 E1395.41827
G1 X185.329 Y91.855 E1395.42218
G0 F10500 X185.171 Y92.014
G0 X184.912 Y86.017
G0 X183.248 Y85.805
G0 X183.46 Y85.593
G1 F2700 X183.106 Y85.593 E1395.42645
G1 X178.864 Y85.593 E1395.47757
G1 X178.344 Y86.113 E1395.48643
G1 X178.344 Y91.77 E1395.55459
G1 X178.492 Y91.976 E1395.55765
G0 F10500 X178.531 Y91.937
G0 X178.157 Y85.946
G1 F2700 X178.722 Y85.381 E1395.56391
G0 F10500 X178.344 Y85.406
G1 F2700 X178.344 Y85.052 E1395.56815
G1 X178.344 Y80.102 E1395.62737
G1 X178.229 Y79.864 E1395.63053
G0 F10500 X178.272 Y79.936
G1 F600 E1394.63053
G0 F10500 X178.744 Y85.17
G0 X184.912 Y85.17
G0 X185.715 Y92.241
G0 X185.715 Y93.67
G0 X185.715 Y94.767
G0 X185.715 Y95.682
G0 X191.15 Y96.479
G0 X191.25 Y96.549
;TYPE:WALL-OUTER
G1 F600 E1395.63053
G1 F2700 X109.744 Y96.549 E1396.90817
G1 X109.744 Y75.181 E1397.24312
G1 X191.25 Y75.181 E1398.52077
G1 X191.25 Y96.549 E1398.85572
G0 F10500 X191 Y96.549
G0 X191 Y96.449
G0 X110.34 Y95.71
G0 X110.298 Y75.978
G0 X110.368 Y76.048
G1 F2700 X110.368 Y95.682 E1399.16349
G1 X190.383 Y95.682 E1400.41777
G1 X190.383 Y76.048 E1400.72554
G1 X110.368 Y76.048 E1401.97981
G0 F10500 X110.368 Y76.298
G0 X110.054 Y76.267
;TYPE:SKIN
G1 F2700 X110.054 Y76.62 E1401.98365
G1 X110.054 Y95.712 E1402.19117
G1 X110.091 Y96.029 E1402.19464
G1 X111.066 Y96.115 E1402.20528
G1 X176.473 Y96.115 E1402.91623
G1 X190.262 Y96.115 E1403.06612
G1 X190.815 Y95.561 E1403.07463
G1 X190.815 Y75.762 E1403.28983
G0 F10500 X190.61 Y75.614
G1 F2700 X190.256 Y75.614 E1403.29414
G1 X124.849 Y75.614 E1404.08922
G1 X110.353 Y75.614 E1404.26543
G1 X110.088 Y75.526 E1404.26882
G1 X110.054 Y75.913 E1404.27355
G0 F10500 X109.983 Y75.985
G0 X110.34 Y95.71
G0 X190.422 Y96.309
G1 F2700 X191.009 Y95.722 E1404.28005
G0 F10500 X191.009 Y96.076
G1 F2700 X190.775 Y96.309 E1404.28264
G0 F10500 X190.75 Y96.049
G1 F600 E1403.28264
G0 F10500 X190.68 Y75.201
G0 X190.68 Y74.266
G0 X190.68 Y64.596
G0 X190.68 Y63.161
G0 X190.68 Y63.111
G0 X190.75 Y63.181
;TYPE:WALL-INNER
G1 F600 E1404.28264
G1 F3600 X99.25 Y63.181 E1405.71694
G1 X99.25 Y62.681 E1405.72478
G1 X190.75 Y62.681 E1407.15909
G1 X190.75 Y63.181 E1407.16693
G0 F10500 X191.25 Y63.681
;TYPE:WALL-OUTER
G1 F2700 X98.75 Y63.681 E1408.61691
G1 X98.75 Y62.181 E1408.64042
G1 X191.25 Y62.181 E1410.0904
G1 X191.25 Y63.681 E1410.11391
G0 F10500 X191 Y63.681
G1 F600 E1409.11391
G0 F10500 X190.68 Y63.111
G0 X190.68 Y62.701
G0 X190.68 Y61.266
G0 X190.68 Y60.596
G0 X190.68 Y59.161
G0 X190.68 Y59.111
G0 X190.75 Y59.181
;TYPE:WALL-INNER
G1 F600 E1410.11391
G1 F3600 X99.25 Y59.181 E1411.54822
G1 X99.25 Y58.681 E1411.55606
G1 X190.75 Y58.681 E1412.99036
G1 X190.75 Y59.181 E1412.9982
G0 F10500 X191.25 Y59.681
;TYPE:WALL-OUTER
G1 F2700 X98.75 Y59.681 E1414.44818
G1 X98.75 Y58.181 E1414.47169
G1 X191.25 Y58.181 E1415.92167
G1 X191.25 Y59.681 E1415.94519
G0 F10500 X191 Y59.681
G1 F600 E1414.94519
G0 F10500 X190.68 Y59.111
G0 X190.68 Y58.701
G0 X190.68 Y57.266
G0 X190.68 Y56.596
G0 X190.68 Y55.161
G0 X190.68 Y55.111
G0 X190.75 Y55.181
;TYPE:WALL-INNER
G1 F600 E1415.94519
G1 F3600 X99.25 Y55.181 E1417.37949
G1 X99.25 Y54.681 E1417.38733
G1 X190.75 Y54.681 E1418.82163
G1 X190.75 Y55.181 E1418.82947
G0 F10500 X191.25 Y55.681
;TYPE:WALL-OUTER
G1 F2700 X98.75 Y55.681 E1420.27945
G1 X98.75 Y54.181 E1420.30296
G1 X191.25 Y54.181 E1421.75294
G1 X191.25 Y55.681 E1421.77646
G0 F10500 X191 Y55.681
G1 F600 E1420.77646
G0 F10500 X190.68 Y55.111
G0 X190.68 Y54.701
G0 X190.68 Y53.266
G0 X190.68 Y52.596
G0 X190.68 Y51.161
G0 X190.68 Y51.111
G0 X190.75 Y51.181
;TYPE:WALL-INNER
G1 F600 E1421.77646
G1 F3600 X99.25 Y51.181 E1423.21076
G1 X99.25 Y50.681 E1423.2186
G1 X190.75 Y50.681 E1424.65291
G1 X190.75 Y51.181 E1424.66074
G0 F10500 X191.25 Y51.681
;TYPE:WALL-OUTER
G1 F2700 X98.75 Y51.681 E1426.11072
G1 X98.75 Y50.181 E1426.13424
G1 X191.25 Y50.181 E1427.58422
G1 X191.25 Y51.681 E1427.60773
G0 F10500 X191 Y51.681
G1 F600 E1426.60773
G0 F10500 X190.68 Y51.111
G0 X190.68 Y50.701
G0 X190.68 Y49.266
G0 X190.68 Y48.596
G0 X190.68 Y47.161
G0 X190.68 Y47.111
G0 X190.75 Y47.181
;TYPE:WALL-INNER
G1 F600 E1427.60773
G1 F3600 X99.25 Y47.181 E1429.04203
G1 X99.25 Y46.681 E1429.04987
G1 X190.75 Y46.681 E1430.48418
G1 X190.75 Y47.181 E1430.49202
G0 F10500 X191.25 Y47.681
;TYPE:WALL-OUTER
G1 F2700 X98.75 Y47.681 E1431.942
G1 X98.75 Y46.181 E1431.96551
G1 X191.25 Y46.181 E1433.41549
G1 X191.25 Y47.681 E1433.439
G0 F10500 X191 Y47.681
G1 F600 E1432.439
G0 F10500 X190.68 Y47.111
G0 X190.68 Y46.701
G0 X190.68 Y45.266
G0 X190.68 Y44.596
G0 X190.68 Y43.161
G0 X190.68 Y43.111
G0 X190.75 Y43.181
;TYPE:WALL-INNER
G1 F600 E1433.439
G1 F3600 X99.25 Y43.181 E1434.87331
G1 X99.25 Y42.681 E1434.88115
G1 X190.75 Y42.681 E1436.31545
G1 X190.75 Y43.181 E1436.32329
G0 F10500 X191.25 Y43.681
;TYPE:WALL-OUTER
G1 F2700 X98.75 Y43.681 E1437.77327
G1 X98.75 Y42.181 E1437.79678
G1 X191.25 Y42.181 E1439.24676
G1 X191.25 Y43.681 E1439.27028
G0 F10500 X191 Y43.681
G1 F600 E1438.27028
G0 F10500 X190.68 Y43.111
G0 X190.68 Y42.701
G0 X190.68 Y41.266
G0 X190.68 Y40.596
G0 X190.68 Y39.161
G0 X190.68 Y39.111
G0 X190.75 Y39.181
;TYPE:WALL-INNER
G1 F600 E1439.27028
G1 F3600 X99.25 Y39.181 E1440.70458
G1 X99.25 Y38.681 E1440.71242
G1 X190.75 Y38.681 E1442.14672
G1 X190.75 Y39.181 E1442.15456
G0 F10500 X191.25 Y39.681
;TYPE:WALL-OUTER
G1 F2700 X98.75 Y39.681 E1443.60454
G1 X98.75 Y38.181 E1443.62805
G1 X191.25 Y38.181 E1445.07803
G1 X191.25 Y39.681 E1445.10155
G0 F10500 X191 Y39.681
G1 F600 E1444.10155
G0 F10500 X190.68 Y39.111
G0 X190.68 Y38.701
G0 X190.68 Y37.266
G0 X190.68 Y36.596
G0 X190.68 Y35.161
G0 X190.68 Y35.111
G0 X190.75 Y35.181
;TYPE:WALL-INNER
G1 F600 E1445.10155
G1 F3600 X99.25 Y35.181 E1446.53585
G1 X99.25 Y34.681 E1446.54369
G1 X190.75 Y34.681 E1447.978
G1 X190.75 Y35.181 E1447.98583
G0 F10500 X191.25 Y35.681
;TYPE:WALL-OUTER
G1 F2700 X98.75 Y35.681 E1449.43581
G1 X98.75 Y34.181 E1449.45933
G1 X191.25 Y34.181 E1450.90931
G1 X191.25 Y35.681 E1450.93282
G0 F10500 X191 Y35.681
G1 F600 E1449.93282
G0 F10500 X190.68 Y35.111
G0 X190.68 Y34.701
G0 X190.68 Y33.266
G0 X190.68 Y32.596
G0 X190.68 Y31.161
G0 X190.68 Y31.111
G0 X190.75 Y31.181
;TYPE:WALL-INNER
G1 F600 E1450.93282
G1 F3600 X99.25 Y31.181 E1452.36713
G1 X99.25 Y30.681 E1452.37496
G1 X190.75 Y30.681 E1453.80927
G1 X190.75 Y31.181 E1453.81711
G0 F10500 X191.25 Y31.681
;TYPE:WALL-OUTER
G1 F2700 X98.75 Y31.681 E1455.26709
G1 X98.75 Y30.181 E1455.2906
G1 X191.25 Y30.181 E1456.74058
G1 X191.25 Y31.681 E1456.76409
G0 F10500 X191 Y31.681
G1 F600 E1455.76409
G0 F10500 X190.68 Y31.111
G0 X190.68 Y30.701
G0 X190.68 Y29.266
G0 X190.68 Y28.596
G0 X190.68 Y27.161
G0 X190.68 Y27.111
G0 X190.75 Y27.181
;TYPE:WALL-INNER
G1 F600 E1456.76409
G1 F3600 X99.25 Y27.181 E1458.1984
G1 X99.25 Y26.681 E1458.20624
G1 X190.75 Y26.681 E1459.64054
G1 X190.75 Y27.181 E1459.64838
G0 F10500 X191.25 Y27.681
;TYPE:WALL-OUTER
G1 F2700 X98.75 Y27.681 E1461.09836
G1 X98.75 Y26.181 E1461.12187
G1 X191.25 Y26.181 E1462.57185
G1 X191.25 Y27.681 E1462.59537
G0 F10500 X191 Y27.681
G1 F600 E1461.59537
;MESH:NONMESH
G0 F10500 X190.68 Y27.111
G0 X100.02 Y26.701
G0 X100.02 Y25.266
G0 X100.02 Y21.981
;TIME_ELAPSED:3136.752152
;LAYER:12
G0 X100.02 Y21.981 Z2.6
;TYPE:SUPPORT
G1 F600 E1462.59537
G1 F3600 X99.426 Y21.981 E1462.60468
G1 X99.309 Y22.098 E1462.60727
G1 X99.309 Y24.181 E1462.63992
G1 X100.02 Y24.181 E1462.65107
G1 X100.02 Y21.981 E1462.68555
G1 X101.092 Y21.981 E1462.70236
G1 X101.687 Y22.576 E1462.71555
G1 X101.687 Y24.181 E1462.74071
G1 X103.354 Y24.181 E1462.76684
G1 X103.354 Y23.745 E1462.77367
G1 X103.562 Y23.745 E1462.77693
G1 X105.021 Y22.286 E1462.80928
G1 X105.021 Y24.181 E1462.83898
G1 X106.688 Y24.181 E1462.86511
G1 X106.688 Y21.981 E1462.8996
G1 X106.992 Y21.981 E1462.90436
G1 X108.355 Y23.344 E1462.93458
G1 X108.355 Y24.181 E1462.9477
G1 X110.022 Y24.181 E1462.97383
G1 X110.022 Y23.285 E1462.98788
G1 X111.326 Y21.981 E1463.01678
G1 X111.689 Y21.981 E1463.02247
G1 X111.689 Y24.181 E1463.05696
G1 X113.356 Y24.181 E1463.08309
G1 X113.356 Y22.345 E1463.11187
G1 X114.756 Y23.745 E1463.14291
G1 X115.023 Y23.745 E1463.14709
G1 X115.023 Y24.181 E1463.15393
G1 X116.69 Y24.181 E1463.18006
G1 X116.69 Y22.517 E1463.20614
G1 X117.226 Y21.981 E1463.21802
G1 X118.357 Y21.981 E1463.23575
G1 X118.357 Y24.181 E1463.27024
G1 X120.024 Y24.181 E1463.29637
G1 X120.024 Y23.113 E1463.31311
G1 X120.706 Y23.795 E1463.32823
G1 X121.412 Y23.795 E1463.3393
G1 X121.691 Y23.516 E1463.34548
G1 X121.691 Y24.181 E1463.35591
G1 X123.358 Y24.181 E1463.38204
G1 X123.358 Y21.981 E1463.41652
G1 X124.892 Y21.981 E1463.44057
G1 X125.025 Y22.114 E1463.44352
G1 X125.025 Y24.181 E1463.47592
G1 X126.692 Y24.181 E1463.50205
G1 X126.692 Y23.745 E1463.50888
G1 X127.362 Y23.745 E1463.51939
G1 X128.359 Y22.748 E1463.54149
G1 X128.359 Y24.181 E1463.56395
G1 X130.026 Y24.181 E1463.59008
G1 X130.026 Y21.981 E1463.62457
G1 X130.792 Y21.981 E1463.63658
G1 X131.693 Y22.882 E1463.65655
G1 X131.693 Y24.181 E1463.67691
G1 X133.36 Y24.181 E1463.70304
G1 X133.36 Y23.747 E1463.70985
G1 X135.027 Y22.08 E1463.7468
G1 X135.027 Y24.181 E1463.77974
G1 X136.694 Y24.181 E1463.80587
G1 X136.694 Y21.981 E1463.84035
G1 X136.792 Y21.981 E1463.84189
G1 X138.361 Y23.55 E1463.87667
G1 X138.361 Y24.181 E1463.88656
G1 X140.028 Y24.181 E1463.91269
G1 X140.028 Y22.979 E1463.93154
G1 X141.026 Y21.981 E1463.95366
G1 X141.695 Y21.981 E1463.96415
G1 X141.695 Y24.181 E1463.99863
G1 X143.362 Y24.181 E1464.02476
G1 X143.362 Y22.651 E1464.04875
G1 X144.506 Y23.795 E1464.07411
G1 X145.029 Y23.795 E1464.08231
G1 X145.029 Y24.181 E1464.08836
G1 X146.696 Y24.181 E1464.11449
G1 X146.696 Y22.311 E1464.1438
G1 X147.026 Y21.981 E1464.15112
G1 X148.363 Y21.981 E1464.17207
G1 X148.363 Y24.181 E1464.20656
G1 X150.03 Y24.181 E1464.23269
G1 X150.03 Y23.319 E1464.2462
G1 X150.456 Y23.745 E1464.25565
G1 X151.162 Y23.745 E1464.26671
G1 X151.697 Y23.21 E1464.27857
G1 X151.697 Y24.181 E1464.2938
G1 X153.364 Y24.181 E1464.31993
G1 X153.364 Y21.981 E1464.35441
G1 X154.592 Y21.981 E1464.37366
G1 X155.031 Y22.42 E1464.38339
G1 X155.031 Y24.181 E1464.411
G1 X156.698 Y24.181 E1464.43713
G1 X156.698 Y23.795 E1464.44318
G1 X157.112 Y23.795 E1464.44967
G1 X158.365 Y22.542 E1464.47745
G1 X158.365 Y24.181 E1464.50314
G1 X160.032 Y24.181 E1464.52927
G1 X160.032 Y21.981 E1464.56376
G1 X160.592 Y21.981 E1464.57253
G1 X161.699 Y23.088 E1464.59707
G1 X161.699 Y24.181 E1464.61421
G1 X163.366 Y24.181 E1464.64034
G1 X163.366 Y23.441 E1464.65194
G1 X164.826 Y21.981 E1464.6843
G1 X165.033 Y21.981 E1464.68755
G1 X165.033 Y24.181 E1464.72204
G1 X166.7 Y24.181 E1464.74817
G1 X166.7 Y22.189 E1464.77939
G1 X168.306 Y23.795 E1464.81499
G1 X168.367 Y23.795 E1464.81595
G1 X168.367 Y24.181 E1464.822
G1 X170.034 Y24.181 E1464.84813
G1 X170.034 Y22.773 E1464.8702
G1 X170.826 Y21.981 E1464.88776
G1 X171.701 Y21.981 E1464.90148
G1 X171.701 Y24.181 E1464.93596
G1 X173.368 Y24.181 E1464.96209
G1 X173.368 Y22.857 E1464.98285
G1 X174.256 Y23.745 E1465.00253
G1 X174.962 Y23.745 E1465.0136
G1 X175.035 Y23.672 E1465.01522
G1 X175.035 Y24.181 E1465.0232
G1 X176.702 Y24.181 E1465.04933
G1 X176.702 Y22.005 E1465.08344
G1 X176.726 Y21.981 E1465.08397
G1 X178.369 Y21.981 E1465.10973
G1 X178.369 Y24.181 E1465.14421
G1 X180.036 Y24.181 E1465.17034
G1 X180.036 Y23.625 E1465.17906
G1 X180.206 Y23.795 E1465.18283
G1 X180.912 Y23.795 E1465.19389
G1 X181.703 Y23.004 E1465.21143
G1 X181.703 Y24.181 E1465.22988
G1 X183.37 Y24.181 E1465.25601
G1 X183.37 Y21.981 E1465.2905
G1 X184.392 Y21.981 E1465.30652
G1 X185.037 Y22.626 E1465.32081
G1 X185.037 Y24.181 E1465.34519
G1 X186.704 Y24.181 E1465.37132
G1 X186.704 Y23.745 E1465.37816
G1 X186.862 Y23.745 E1465.38063
G1 X188.371 Y22.236 E1465.41408
G1 X188.371 Y24.181 E1465.44457
G1 X190.038 Y24.181 E1465.4707
G1 X190.409 Y24.181 E1465.47652
G1 X190.409 Y22.098 E1465.50917
G1 X190.292 Y21.981 E1465.51177
G1 X190.038 Y21.981 E1465.51575
G1 X190.038 Y24.181 E1465.55023
G1 F600 E1464.55023
G0 F10500 X191.628 Y25.27
G0 X192.161 Y25.803
G0 X192.161 Y44.059
G0 X191.628 Y44.592
G0 X98.372 Y45.27
G0 X97.839 Y45.803
G0 X97.839 Y64.059
G0 X98.318 Y64.538
G0 X101.687 Y65.681
G1 F600 E1465.55023
G1 F3600 X102.292 Y65.681 E1465.55972
G1 X101.687 Y66.286 E1465.57313
G1 X101.687 Y65.681 E1465.58261
G1 X100.02 Y65.681 E1465.60874
G1 X99.309 Y65.681 E1465.61989
G1 X99.309 Y66.764 E1465.63687
G1 X99.426 Y66.881 E1465.63946
G1 X100.02 Y66.881 E1465.64877
G1 X100.02 Y65.681 E1465.66758
G0 F10500 X105.021 Y66.576
G1 F3600 X105.326 Y66.881 E1465.67434
G1 X106.688 Y66.881 E1465.69569
G1 X106.992 Y66.881 E1465.70046
G1 X108.192 Y65.681 E1465.72706
G1 X106.688 Y65.681 E1465.75064
G1 X106.688 Y66.881 E1465.76945
G0 F10500 X105.021 Y66.576
G1 F3600 X104.126 Y65.681 E1465.78929
G1 X105.021 Y65.681 E1465.80332
G1 X105.021 Y66.576 E1465.81735
G0 F10500 X111.689 Y66.881
G1 F3600 X112.992 Y66.881 E1465.83777
G1 X113.356 Y66.517 E1465.84584
G1 X114.192 Y65.681 E1465.86437
G1 X113.356 Y65.681 E1465.87748
G1 X113.356 Y66.517 E1465.89058
G0 F10500 X111.689 Y66.881
G1 F3600 X111.326 Y66.881 E1465.89627
G1 X110.126 Y65.681 E1465.92287
G1 X111.689 Y65.681 E1465.94738
G1 X111.689 Y66.881 E1465.96619
G0 F10500 X116.69 Y65.681
G1 F3600 X116.026 Y65.681 E1465.97659
G1 X116.69 Y66.345 E1465.99131
G1 X116.69 Y65.681 E1466.00172
G1 X118.357 Y65.681 E1466.02785
G1 X118.357 Y66.881 E1466.04666
G1 X118.892 Y66.881 E1466.05505
G1 X120.024 Y65.749 E1466.08015
G1 X120.092 Y65.681 E1466.08165
G1 X120.024 Y65.681 E1466.08272
G0 F10500 X123.358 Y65.681
G1 F3600 X122.026 Y65.681 E1466.1036
G1 X123.226 Y66.881 E1466.1302
G1 X123.358 Y66.881 E1466.13227
G1 X123.358 Y65.681 E1466.15108
G1 X125.025 Y65.681 E1466.17721
G1 X126.092 Y65.681 E1466.19394
G1 X125.025 Y66.748 E1466.21759
G1 X125.025 Y65.681 E1466.23432
G0 F10500 X128.359 Y66.114
G1 F3600 X129.126 Y66.881 E1466.25132
G1 X130.026 Y66.881 E1466.26543
G1 X130.026 Y65.681 E1466.28424
G1 X131.693 Y65.681 E1466.31037
G1 X131.992 Y65.681 E1466.31506
G1 X131.693 Y65.98 E1466.32168
G1 X131.693 Y65.681 E1466.32637
G0 F10500 X128.359 Y66.114
G1 F3600 X127.926 Y65.681 E1466.33597
G1 X128.359 Y65.681 E1466.34276
G1 X128.359 Y66.114 E1466.34955
G0 F10500 X135.027 Y66.782
G1 F3600 X135.126 Y66.881 E1466.35174
G1 X136.694 Y66.881 E1466.37632
G1 X136.792 Y66.881 E1466.37786
G1 X137.992 Y65.681 E1466.40446
G1 X136.694 Y65.681 E1466.4248
G1 X136.694 Y66.881 E1466.44362
G0 F10500 X135.027 Y66.782
G1 F3600 X133.926 Y65.681 E1466.46802
G1 X135.027 Y65.681 E1466.48528
G1 X135.027 Y66.782 E1466.50254
G0 F10500 X140.028 Y65.681
G1 F3600 X139.826 Y65.681 E1466.50571
G1 X140.028 Y65.883 E1466.51018
G1 X140.028 Y65.681 E1466.51335
G1 X141.695 Y65.681 E1466.53948
G1 X141.695 Y66.881 E1466.55829
G1 X142.692 Y66.881 E1466.57392
G1 X143.362 Y66.211 E1466.58877
G1 X143.892 Y65.681 E1466.60052
G1 X143.362 Y65.681 E1466.60883
G1 X143.362 Y66.211 E1466.61714
G0 F10500 X146.696 Y65.681
G1 F3600 X145.826 Y65.681 E1466.63078
G1 X146.696 Y66.551 E1466.65006
G1 X146.696 Y65.681 E1466.6637
G1 X148.363 Y65.681 E1466.68983
G1 X149.892 Y65.681 E1466.7138
G1 X148.692 Y66.881 E1466.7404
G1 X148.363 Y66.881 E1466.74556
G1 X148.363 Y65.681 E1466.76437
G0 F10500 X153.364 Y65.681
G1 F3600 X151.726 Y65.681 E1466.79005
G1 X152.926 Y66.881 E1466.81665
G1 X153.364 Y66.881 E1466.82351
G1 X153.364 Y65.681 E1466.84232
G1 X155.031 Y65.681 E1466.86846
G1 X155.792 Y65.681 E1466.88038
G1 X155.031 Y66.442 E1466.89725
G1 X155.031 Y65.681 E1466.90918
G0 F10500 X158.365 Y66.32
G1 F3600 X158.926 Y66.881 E1466.92162
G1 X160.032 Y66.881 E1466.93896
G1 X160.032 Y65.681 E1466.95777
G1 X161.699 Y65.681 E1466.9839
G1 X161.792 Y65.681 E1466.98536
G1 X161.699 Y65.774 E1466.98742
G0 F10500 X158.365 Y66.32
G1 F3600 X157.726 Y65.681 E1467.00158
G1 X158.365 Y65.681 E1467.0116
G1 X158.365 Y66.32 E1467.02162
G0 F10500 X165.033 Y66.881
G1 F3600 X166.492 Y66.881 E1467.04449
G1 X166.7 Y66.673 E1467.0491
G1 X167.692 Y65.681 E1467.07109
G1 X166.7 Y65.681 E1467.08664
G1 X166.7 Y66.673 E1467.10219
G0 F10500 X165.033 Y66.881
G1 F3600 X164.826 Y66.881 E1467.10543
G1 X163.626 Y65.681 E1467.13204
G1 X165.033 Y65.681 E1467.15409
G1 X165.033 Y66.881 E1467.1729
G0 F10500 X170.034 Y65.681
G1 F3600 X169.626 Y65.681 E1467.1793
G1 X170.034 Y66.089 E1467.18834
G1 X170.034 Y65.681 E1467.19474
G1 X171.701 Y65.681 E1467.22087
G1 X171.701 Y66.881 E1467.23968
G1 X172.492 Y66.881 E1467.25208
G1 X173.368 Y66.005 E1467.2715
G1 X173.692 Y65.681 E1467.27868
G1 X173.368 Y65.681 E1467.28376
G1 X173.368 Y66.005 E1467.28884
G0 F10500 X176.702 Y65.681
G1 F3600 X175.526 Y65.681 E1467.30727
G1 X176.702 Y66.857 E1467.33334
G1 X176.702 Y65.681 E1467.35178
G1 X178.369 Y65.681 E1467.37791
G1 X179.592 Y65.681 E1467.39708
G1 X178.392 Y66.881 E1467.42368
G1 X178.369 Y66.881 E1467.42404
G1 X178.369 Y65.681 E1467.44285
G0 F10500 X181.703 Y65.858
G1 F3600 X182.726 Y66.881 E1467.46553
G1 X183.37 Y66.881 E1467.47563
G1 X183.37 Y65.681 E1467.49444
G1 X185.037 Y65.681 E1467.52057
G1 X185.592 Y65.681 E1467.52927
G1 X185.037 Y66.236 E1467.54157
G1 X185.037 Y65.681 E1467.55027
G0 F10500 X181.703 Y65.858
G1 F3600 X181.526 Y65.681 E1467.5542
G1 X181.703 Y65.681 E1467.55697
G1 X181.703 Y65.858 E1467.55974
G0 F10500 X188.371 Y66.626
G1 F3600 X188.626 Y66.881 E1467.5654
G1 X190.038 Y66.881 E1467.58753
G1 X190.292 Y66.881 E1467.59151
G1 X190.409 Y66.764 E1467.59411
G1 X190.409 Y65.681 E1467.61108
G1 X190.038 Y65.681 E1467.6169
G1 X190.038 Y66.881 E1467.63571
G0 F10500 X188.371 Y66.626
G1 F3600 X187.426 Y65.681 E1467.65666
G1 X188.371 Y65.681 E1467.67147
G1 X188.371 Y66.626 E1467.68629
G1 F600 E1466.68629
;MESH:
G0 F10500 X147.487 Y74.302
G0 X147.424 Y74.313
G0 X133.566 Y76.914
G0 X133.488 Y76.929
G0 X127.553 Y77.961
G0 X120.846 Y79.304
G0 X119.73 Y80.202
G0 X118.687 Y79.67
G0 X118.712 Y79.574
;TYPE:WALL-INNER
G1 F600 E1467.68629
G1 F3600 X119.252 Y79.801 E1467.69547
G1 X119.744 Y80.188 E1467.70528
G1 X120.2 Y80.759 E1467.71673
G1 X120.588 Y81.569 E1467.73081
G1 X120.886 Y82.711 E1467.74931
G1 X121.071 Y84.173 E1467.77241
G1 X121.134 Y85.971 E1467.80062
G1 X121.071 Y87.804 E1467.82937
G1 X120.886 Y89.288 E1467.85281
G1 X120.588 Y90.437 E1467.87142
G1 X120.202 Y91.244 E1467.88544
G1 X119.747 Y91.808 E1467.8968
G1 X119.248 Y92.195 E1467.9067
G1 X118.711 Y92.416 E1467.9158
G1 X118.098 Y92.491 E1467.92548
G1 X117.492 Y92.417 E1467.93505
G1 X116.952 Y92.19 E1467.94423
G1 X116.459 Y91.803 E1467.95406
G1 X116.006 Y91.235 E1467.96545
G1 X115.614 Y90.417 E1467.97966
G1 X115.317 Y89.271 E1467.99822
G1 X115.133 Y87.808 E1468.02134
G1 X115.069 Y86 E1468.04969
G1 X115.133 Y84.186 E1468.07815
G1 X115.318 Y82.716 E1468.10137
G1 X115.614 Y81.575 E1468.11985
G1 X116.006 Y80.756 E1468.13408
G1 X116.459 Y80.188 E1468.14547
G1 X116.956 Y79.8 E1468.15536
G1 X117.493 Y79.576 E1468.16448
G1 X118.107 Y79.5 E1468.17417
G1 X118.712 Y79.574 E1468.18373
G0 F10500 X118.109 Y80.203
G1 F3600 X117.029 Y80.595 E1468.20174
G1 X116.346 Y81.573 E1468.22044
G1 X116.013 Y83.254 E1468.2473
G1 X115.913 Y86 E1468.29037
G1 X116.013 Y88.74 E1468.33335
G1 X116.346 Y90.418 E1468.36017
G1 X117.029 Y91.396 E1468.37887
G1 X118.108 Y91.788 E1468.39686
G1 X119.176 Y91.397 E1468.41469
G1 X119.862 Y90.426 E1468.43333
G1 X120.199 Y88.747 E1468.46017
G1 X120.3 Y86 E1468.50326
G1 X120.199 Y83.253 E1468.54635
G1 X119.863 Y81.571 E1468.57324
G1 X119.178 Y80.596 E1468.59192
G1 X118.109 Y80.203 E1468.60977
G0 F10500 X118.108 Y80.735
;TYPE:WALL-OUTER
G1 F2700 X117.348 Y81.011 E1468.62244
G1 X116.816 Y81.773 E1468.63701
G1 X116.511 Y83.312 E1468.66161
G1 X116.413 Y86 E1468.70377
G1 X116.511 Y88.682 E1468.74584
G1 X116.816 Y90.218 E1468.77039
G1 X117.348 Y90.98 E1468.78495
G1 X118.107 Y91.256 E1468.79761
G1 X118.858 Y90.981 E1468.81015
G1 X119.393 Y90.224 E1468.82468
G1 X119.701 Y88.688 E1468.84924
G1 X119.8 Y86 E1468.8914
G1 X119.701 Y83.312 E1468.93357
G1 X119.393 Y81.772 E1468.95819
G1 X118.859 Y81.011 E1468.97276
G1 X118.108 Y80.735 E1468.9853
G0 F10500 X117.873 Y80.82
G0 X117.669 Y80.256
G0 X118.687 Y79.67
G0 X118.843 Y79.087
G1 F2700 X119.507 Y79.366 E1468.99659
G1 X120.1 Y79.831 E1469.0084
G1 X120.626 Y80.491 E1469.02163
G1 X121.06 Y81.397 E1469.03738
G1 X121.378 Y82.615 E1469.05711
G1 X121.57 Y84.136 E1469.08114
G1 X121.635 Y85.971 E1469.10993
G1 X121.57 Y87.839 E1469.13923
G1 X121.378 Y89.382 E1469.1636
G1 X121.06 Y90.61 E1469.18348
G1 X120.628 Y91.512 E1469.19916
G1 X120.098 Y92.168 E1469.21238
G1 X119.502 Y92.631 E1469.22421
G1 X118.84 Y92.904 E1469.23544
G1 X118.098 Y92.995 E1469.24716
G1 X117.361 Y92.904 E1469.2588
G1 X116.697 Y92.625 E1469.27009
G1 X116.104 Y92.16 E1469.2819
G1 X115.58 Y91.503 E1469.29507
G1 X115.142 Y90.589 E1469.31096
G1 X114.825 Y89.367 E1469.33075
G1 X114.634 Y87.843 E1469.35483
G1 X114.568 Y86 E1469.38373
G1 X114.634 Y84.151 E1469.41274
G1 X114.826 Y82.622 E1469.43689
G1 X115.142 Y81.402 E1469.45665
G1 X115.58 Y80.488 E1469.47253
G1 X116.104 Y79.831 E1469.48571
G1 X116.7 Y79.365 E1469.49757
G1 X117.364 Y79.088 E1469.50885
G1 X118.107 Y78.996 E1469.52058
G1 X118.843 Y79.087 E1469.53221
G0 F10500 X119.073 Y79.183
G0 X118.736 Y79.845
;TYPE:SKIN
G1 F2700 X119.261 Y80.37 E1469.53803
G0 F10500 X119.814 Y80.923
G1 F2700 X120.264 Y81.727 E1469.54679
G1 X120.6 Y83.477 E1469.56374
G1 X120.709 Y86.061 E1469.58835
G1 X120.568 Y88.748 E1469.61395
G1 X120.185 Y90.486 E1469.63088
G1 X119.49 Y91.559 E1469.64304
G1 X118.56 Y92.044 E1469.65302
G1 X117.879 Y92.07 E1469.6595
G1 X117.4 Y91.944 E1469.66422
G1 X116.653 Y91.551 E1469.67225
G1 X115.901 Y90.092 E1469.68786
G1 X115.594 Y88.37 E1469.7045
G1 X115.497 Y85.798 E1469.72899
G1 X115.648 Y83.121 E1469.7545
G1 X116.055 Y81.407 E1469.77126
G1 X116.779 Y80.363 E1469.78334
G1 X117.748 Y79.918 E1469.79349
G1 X118.044 Y79.86 E1469.79636
G1 X118.503 Y79.965 E1469.80084
G0 F10500 X118.709 Y80.115
G1 F600 E1468.80084
G0 F10500 X120.57 Y81.575
G0 X121.954 Y81.21
G0 X123.293 Y81.223
G0 X124.681 Y81.581
G0 X125.916 Y80.666
G0 X127.158 Y80.103
G0 X127.158 Y80.203
;TYPE:WALL-INNER
G1 F600 E1469.80084
G1 F3600 X126.078 Y80.595 E1469.81885
G1 X125.395 Y81.573 E1469.83755
G1 X125.062 Y83.254 E1469.86441
G1 X124.962 Y86 E1469.90748
G1 X125.062 Y88.74 E1469.95046
G1 X125.395 Y90.418 E1469.97728
G1 X126.078 Y91.396 E1469.99598
G1 X127.157 Y91.788 E1470.01397
G1 X128.225 Y91.397 E1470.0318
G1 X128.911 Y90.426 E1470.05044
G1 X129.248 Y88.747 E1470.07728
G1 X129.349 Y86 E1470.12037
G1 X129.248 Y83.253 E1470.16346
G1 X128.912 Y81.571 E1470.19035
G1 X128.227 Y80.596 E1470.20903
G1 X127.158 Y80.203 E1470.22688
G0 F10500 X127.761 Y79.574
G1 F3600 X128.301 Y79.801 E1470.23606
G1 X128.793 Y80.188 E1470.24587
G1 X129.249 Y80.759 E1470.25733
G1 X129.637 Y81.569 E1470.27141
G1 X129.935 Y82.711 E1470.28991
G1 X130.12 Y84.173 E1470.31301
G1 X130.183 Y85.971 E1470.34121
G1 X130.12 Y87.804 E1470.36996
G1 X129.935 Y89.288 E1470.3934
G1 X129.637 Y90.437 E1470.41201
G1 X129.251 Y91.244 E1470.42603
G1 X128.796 Y91.808 E1470.43739
G1 X128.297 Y92.195 E1470.44729
G1 X127.76 Y92.416 E1470.45639
G1 X127.147 Y92.491 E1470.46607
G1 X126.541 Y92.417 E1470.47564
G1 X126.001 Y92.19 E1470.48483
G1 X125.508 Y91.803 E1470.49465
G1 X125.055 Y91.235 E1470.50604
G1 X124.663 Y90.417 E1470.52026
G1 X124.366 Y89.271 E1470.53882
G1 X124.182 Y87.808 E1470.56193
G1 X124.119 Y86 E1470.59029
G1 X124.182 Y84.186 E1470.61874
G1 X124.367 Y82.716 E1470.64197
G1 X124.663 Y81.575 E1470.66044
G1 X125.055 Y80.756 E1470.67468
G1 X125.509 Y80.189 E1470.68606
G1 X126.004 Y79.801 E1470.69592
G1 X126.546 Y79.575 E1470.70513
G1 X127.157 Y79.5 E1470.71478
G1 X127.761 Y79.574 E1470.72431
G0 F10500 X127.892 Y79.087
;TYPE:WALL-OUTER
G1 F2700 X128.556 Y79.366 E1470.7356
G1 X129.149 Y79.831 E1470.74742
G1 X129.675 Y80.491 E1470.76065
G1 X130.109 Y81.397 E1470.77639
G1 X130.427 Y82.615 E1470.79613
G1 X130.619 Y84.136 E1470.82016
G1 X130.684 Y85.971 E1470.84894
G1 X130.619 Y87.839 E1470.87824
G1 X130.427 Y89.382 E1470.90261
G1 X130.109 Y90.61 E1470.9225
G1 X129.677 Y91.512 E1470.93818
G1 X129.147 Y92.168 E1470.9514
G1 X128.551 Y92.631 E1470.96323
G1 X127.889 Y92.904 E1470.97445
G1 X127.147 Y92.995 E1470.98617
G1 X126.41 Y92.904 E1470.99781
G1 X125.746 Y92.625 E1471.0091
G1 X125.153 Y92.16 E1471.02091
G1 X124.629 Y91.503 E1471.03409
G1 X124.191 Y90.589 E1471.04997
G1 X123.874 Y89.367 E1471.06976
G1 X123.683 Y87.843 E1471.09384
G1 X123.618 Y86 E1471.12275
G1 X123.683 Y84.151 E1471.15175
G1 X123.875 Y82.622 E1471.17591
G1 X124.191 Y81.402 E1471.19566
G1 X124.629 Y80.488 E1471.21155
G1 X125.154 Y79.831 E1471.22473
G1 X125.75 Y79.365 E1471.23659
G1 X126.415 Y79.088 E1471.24788
G1 X127.156 Y78.996 E1471.25959
G1 X127.892 Y79.087 E1471.27121
G0 F10500 X128.122 Y79.183
G0 X127.89 Y79.736
G0 X127.363 Y80.173
G0 X127.157 Y80.735
G1 F2700 X126.397 Y81.011 E1471.28389
G1 X125.865 Y81.773 E1471.29845
G1 X125.56 Y83.312 E1471.32305
G1 X125.462 Y86 E1471.36521
G1 X125.56 Y88.682 E1471.40728
G1 X125.865 Y90.218 E1471.43183
G1 X126.397 Y90.98 E1471.4464
G1 X127.156 Y91.256 E1471.45906
G1 X127.907 Y90.981 E1471.47159
G1 X128.442 Y90.224 E1471.48612
G1 X128.75 Y88.688 E1471.51068
G1 X128.849 Y86 E1471.55285
G1 X128.75 Y83.312 E1471.59501
G1 X128.442 Y81.772 E1471.61963
G1 X127.908 Y81.011 E1471.6342
G1 X127.157 Y80.735 E1471.64674
G0 F10500 X126.922 Y80.82
G0 X126.638 Y79.969
;TYPE:SKIN
G1 F2700 X126.384 Y80.068 E1471.64924
G1 X126.14 Y80.178 E1471.6517
G1 X127.27 Y79.894 E1471.66239
G1 X127.747 Y80.018 E1471.66691
G1 X128.571 Y80.488 E1471.67562
G1 X129.201 Y81.472 E1471.68634
G1 X129.56 Y82.891 E1471.69977
G1 X129.71 Y84.455 E1471.71418
G1 X129.73 Y86.95 E1471.73707
G1 X129.598 Y88.94 E1471.75537
G1 X129.173 Y90.635 E1471.77141
G1 X128.434 Y91.665 E1471.78304
G1 X127.443 Y92.088 E1471.79292
G1 X126.644 Y91.995 E1471.8003
G1 X125.757 Y91.462 E1471.8098
G0 F10500 X125.019 Y90.371
G1 F2700 X124.908 Y89.906 E1471.81424
G1 X124.63 Y88.214 E1471.83015
G1 X124.551 Y85.66 E1471.85386
G1 X124.715 Y82.996 E1471.87863
G1 X125.157 Y81.317 E1471.89474
G1 X125.911 Y80.303 E1471.90647
G1 X126.913 Y79.89 E1471.91652
G0 F10500 X126.964 Y80.027
G1 F600 E1470.91652
G0 F10500 X128.122 Y80.511
G0 X129.619 Y81.575
G0 X131.003 Y81.21
G0 X132.342 Y81.223
G0 X133.73 Y81.581
G0 X134.966 Y80.666
G0 X136.206 Y80.103
G0 X136.206 Y80.203
;TYPE:WALL-INNER
G1 F600 E1471.91652
G1 F3600 X135.128 Y80.595 E1471.9345
G1 X134.444 Y81.573 E1471.95321
G1 X134.111 Y83.254 E1471.98008
G1 X134.011 Y86 E1472.02315
G1 X134.111 Y88.74 E1472.06613
G1 X134.444 Y90.418 E1472.09294
G1 X135.128 Y91.396 E1472.11165
G1 X136.205 Y91.788 E1472.12962
G1 X137.274 Y91.397 E1472.14746
G1 X137.96 Y90.426 E1472.1661
G1 X138.297 Y88.747 E1472.19294
G1 X138.398 Y86 E1472.23603
G1 X138.297 Y83.253 E1472.27912
G1 X137.961 Y81.571 E1472.30601
G1 X137.276 Y80.596 E1472.32469
G1 X136.206 Y80.203 E1472.34255
G0 F10500 X136.81 Y79.574
G1 F3600 X137.35 Y79.801 E1472.35174
G1 X137.842 Y80.188 E1472.36155
G1 X138.298 Y80.759 E1472.373
G1 X138.686 Y81.569 E1472.38708
G1 X138.984 Y82.711 E1472.40558
G1 X139.169 Y84.173 E1472.42868
G1 X139.232 Y85.971 E1472.45689
G1 X139.169 Y87.804 E1472.48564
G1 X138.984 Y89.288 E1472.50908
G1 X138.686 Y90.437 E1472.52768
G1 X138.3 Y91.244 E1472.54171
G1 X137.845 Y91.808 E1472.55307
G1 X137.346 Y92.195 E1472.56297
G1 X136.809 Y92.416 E1472.57207
G1 X136.196 Y92.491 E1472.58175
G1 X135.59 Y92.417 E1472.59132
G1 X135.05 Y92.19 E1472.6005
G1 X134.557 Y91.803 E1472.61033
G1 X134.104 Y91.235 E1472.62171
G1 X133.712 Y90.417 E1472.63593
G1 X133.415 Y89.271 E1472.65449
G1 X133.231 Y87.808 E1472.6776
G1 X133.168 Y86 E1472.70596
G1 X133.231 Y84.186 E1472.73442
G1 X133.416 Y82.716 E1472.75764
G1 X133.712 Y81.575 E1472.77612
G1 X134.104 Y80.756 E1472.79035
G1 X134.558 Y80.189 E1472.80174
G1 X135.053 Y79.801 E1472.8116
G1 X135.595 Y79.575 E1472.8208
G1 X136.206 Y79.5 E1472.83045
G1 X136.81 Y79.574 E1472.83999
G0 F10500 X136.941 Y79.087
;TYPE:WALL-OUTER
G1 F2700 X137.605 Y79.366 E1472.85128
G1 X138.198 Y79.831 E1472.86309
G1 X138.724 Y80.491 E1472.87632
G1 X139.158 Y81.397 E1472.89207
G1 X139.476 Y82.615 E1472.9118
G1 X139.668 Y84.136 E1472.93583
G1 X139.733 Y85.971 E1472.96462
G1 X139.668 Y87.839 E1472.99392
G1 X139.476 Y89.382 E1473.01829
G1 X139.158 Y90.61 E1473.03817
G1 X138.726 Y91.512 E1473.05385
G1 X138.196 Y92.168 E1473.06707
G1 X137.6 Y92.631 E1473.0789
G1 X136.938 Y92.904 E1473.09013
G1 X136.196 Y92.995 E1473.10184
G1 X135.459 Y92.904 E1473.11348
G1 X134.795 Y92.625 E1473.12477
G1 X134.202 Y92.16 E1473.13659
G1 X133.678 Y91.503 E1473.14976
G1 X133.24 Y90.589 E1473.16565
G1 X132.923 Y89.367 E1473.18544
G1 X132.732 Y87.843 E1473.20951
G1 X132.667 Y86 E1473.23842
G1 X132.732 Y84.151 E1473.26742
G1 X132.924 Y82.622 E1473.29158
G1 X133.24 Y81.402 E1473.31133
G1 X133.678 Y80.488 E1473.32722
G1 X134.203 Y79.831 E1473.34041
G1 X134.799 Y79.365 E1473.35226
G1 X135.464 Y79.088 E1473.36356
G1 X136.205 Y78.996 E1473.37526
G1 X136.941 Y79.087 E1473.38689
G0 F10500 X137.171 Y79.183
G0 X136.939 Y79.736
G0 X136.411 Y80.173
G0 X136.205 Y80.735
G1 F2700 X135.447 Y81.011 E1473.39953
G1 X134.914 Y81.773 E1473.41411
G1 X134.609 Y83.312 E1473.4387
G1 X134.511 Y86 E1473.48087
G1 X134.609 Y88.682 E1473.52294
G1 X134.914 Y90.218 E1473.54748
G1 X135.447 Y90.98 E1473.56206
G1 X136.205 Y91.256 E1473.57471
G1 X136.956 Y90.981 E1473.58724
G1 X137.491 Y90.224 E1473.60177
G1 X137.799 Y88.688 E1473.62633
G1 X137.898 Y86 E1473.66849
G1 X137.799 Y83.312 E1473.71066
G1 X137.491 Y81.772 E1473.73528
G1 X136.957 Y81.011 E1473.74985
G1 X136.205 Y80.735 E1473.76241
G0 F10500 X135.97 Y80.82
G0 X135.535 Y80.028
;TYPE:SKIN
G1 F2700 X135.791 Y79.93 E1473.76488
G1 X134.846 Y80.398 E1473.77438
G1 X134.137 Y81.457 E1473.78586
G1 X133.74 Y83.182 E1473.8018
G1 X133.594 Y85.864 E1473.826
G1 X133.698 Y88.443 E1473.84925
G1 X134.019 Y90.178 E1473.86515
G1 X134.739 Y91.606 E1473.87956
G1 X135.887 Y92.046 E1473.89063
G1 X136.609 Y92.061 E1473.89714
G1 X137.556 Y91.594 E1473.90665
G1 X138.266 Y90.536 E1473.91813
G1 X138.661 Y88.81 E1473.93408
G1 X138.807 Y86.127 E1473.95829
G1 X138.704 Y83.55 E1473.98152
G1 X138.382 Y81.814 E1473.99743
G1 X137.656 Y80.38 E1474.01191
G1 X136.51 Y79.941 E1474.02296
G1 X136.078 Y79.863 E1474.02692
G0 F10500 X135.924 Y79.775
G1 F600 E1473.02692
G0 F10500 X137.3 Y80.565
G0 X137.927 Y81.456
G0 X139.15 Y84.174
G0 X142.26 Y84.296
G0 X142.816 Y85.165
;TYPE:WALL-INNER
G1 F600 E1474.02692
G1 F3600 X143.068 Y85.734 E1474.03667
G1 X143.146 Y85.91 E1474.03969
G1 X142.755 Y86.079 E1474.04439
G1 X142.687 Y86.109 E1474.04556
G1 X142.68 Y85.929 E1474.04651
G1 X142.679 Y85.906
G1 X142.679 Y85.892
G1 X142.708 Y85.162 E1474.05308
G1 X142.738 Y84.419 E1474.06473
G1 X142.816 Y85.165 E1474.06608
G0 F10500 X142.841 Y86.5
G0 X142.927 Y86.55
G1 F3600 X143.216 Y89.183 E1474.1076
G1 X143.68 Y90.607 E1474.13108
G1 X144.475 Y91.474 E1474.14952
G1 X145.531 Y91.78 E1474.16675
G1 X146.381 Y91.611 E1474.18034
G1 X147.023 Y91.103 E1474.19317
G1 X147.402 Y90.371 E1474.20609
G1 X147.422 Y90.267 E1474.20775
G1 X147.775 Y90.315 E1474.21333
G1 X148.051 Y90.352 E1474.2177
G1 X147.984 Y90.622 E1474.22044
G1 X147.892 Y90.987 E1474.22634
G1 X147.337 Y91.853 E1474.24246
G1 X146.624 Y92.33 E1474.25591
G1 X145.684 Y92.5 E1474.27088
G1 X144.993 Y92.418 E1474.28179
G1 X144.351 Y92.165 E1474.29261
G1 X143.773 Y91.741 E1474.30384
G1 X143.244 Y91.119 E1474.31664
G1 X142.797 Y90.268 E1474.33171
G1 X142.459 Y89.115 E1474.35055
G1 X142.249 Y87.665 E1474.37351
G1 X142.178 Y85.913 E1474.401
G1 X142.246 Y84.193 E1474.42798
G1 X142.449 Y82.763 E1474.45062
G1 X142.769 Y81.654 E1474.46872
G1 X143.198 Y80.824 E1474.48336
G1 X143.7 Y80.226 E1474.4956
G1 X144.246 Y79.815 E1474.50631
G1 X144.825 Y79.579 E1474.51611
G1 X145.481 Y79.499 E1474.52647
G1 X146.073 Y79.561 E1474.5358
G1 X146.598 Y79.744 E1474.54452
G1 X147.092 Y80.059 E1474.5537
G1 X147.549 Y80.511 E1474.56378
G1 X147.936 Y81.09 E1474.5747
G1 X148.22 Y81.787 E1474.58649
G1 X148.394 Y82.601 E1474.59954
G1 X148.455 Y83.576 E1474.61485
G1 X148.398 Y84.465 E1474.62882
G1 X148.233 Y85.237 E1474.64119
G1 X147.963 Y85.906 E1474.6525
G1 X147.595 Y86.472 E1474.66309
G1 X147.162 Y86.925 E1474.67291
G1 X146.732 Y87.225 E1474.68113
G1 X146.291 Y87.398 E1474.68855
G1 X145.836 Y87.454 E1474.69574
G1 X145.638 Y87.429 E1474.69887
G1 X145.417 Y87.402 E1474.70236
G1 X145.308 Y87.358 E1474.7042
G1 X145.045 Y87.251 E1474.70865
G1 X144.691 Y86.985 E1474.71559
G1 X144.49 Y86.75 E1474.72044
G1 X144.403 Y86.648 E1474.72254
G1 X144.502 Y86.739 E1474.72257
G1 X144.738 Y86.8 E1474.72311
G1 X145.135 Y86.904 E1474.727
G1 X145.457 Y86.989 E1474.73104
G1 X145.672 Y86.933 E1474.73423
G1 X146.442 Y86.73 E1474.74671
G1 X147.2 Y86.006 E1474.76314
G1 X147.641 Y84.932 E1474.78134
G1 X147.77 Y83.562 E1474.80291
G1 X147.652 Y82.206 E1474.82425
G1 X147.244 Y81.164 E1474.84179
G1 X146.519 Y80.472 E1474.8575
G1 X145.562 Y80.223 E1474.873
G1 X144.573 Y80.514 E1474.88916
G1 X143.798 Y81.289 E1474.90634
G1 X143.319 Y82.398 E1474.92528
G1 X143.173 Y83.772 E1474.94694
G1 X143.305 Y85.035 E1474.96685
G1 X143.679 Y85.879 E1474.98132
G1 X143.754 Y86.049 E1474.98423
G1 X143.859 Y86.146 E1474.98647
G1 X143.807 Y86.168
G1 X143.637 Y86.242 E1474.98861
G1 X142.927 Y86.55 E1475.00074
G0 F10500 X143.803 Y86.715
;TYPE:WALL-OUTER
G1 F2700 X143.464 Y86.862 E1475.00654
G1 X143.487 Y87.072 E1475.00985
G1 X143.707 Y89.077 E1475.04147
G1 X144.122 Y90.349 E1475.06244
G1 X144.749 Y91.033 E1475.07698
G1 X145.553 Y91.266 E1475.09011
G1 X146.165 Y91.144 E1475.09989
G1 X146.628 Y90.778 E1475.10914
G1 X146.925 Y90.204 E1475.11927
G1 X147.023 Y89.709 E1475.12718
G1 X148.397 Y89.895 E1475.14892
G1 X148.673 Y89.932 E1475.15328
G1 X148.605 Y90.202 E1475.15602
G1 X148.357 Y91.186 E1475.17192
G1 X147.701 Y92.212 E1475.19101
G1 X146.816 Y92.803 E1475.20769
G1 X145.701 Y93.005 E1475.22546
G1 X144.869 Y92.906 E1475.23859
G1 X144.106 Y92.606 E1475.25144
G1 X143.43 Y92.109 E1475.26459
G1 X142.827 Y91.401 E1475.27917
G1 X142.331 Y90.455 E1475.29592
G1 X141.969 Y89.222 E1475.31606
G1 X141.75 Y87.709 E1475.34002
G1 X141.677 Y85.913 E1475.3682
G1 X141.747 Y84.152 E1475.39583
G1 X141.959 Y82.66 E1475.41945
G1 X142.303 Y81.467 E1475.43891
G1 X142.78 Y80.544 E1475.4552
G1 X143.352 Y79.863 E1475.46914
G1 X143.998 Y79.376 E1475.48182
G1 X144.696 Y79.091 E1475.49364
G1 X145.477 Y78.996 E1475.50597
G1 X146.182 Y79.07 E1475.51708
G1 X146.82 Y79.292 E1475.52767
G1 X147.404 Y79.664 E1475.53853
G1 X147.938 Y80.193 E1475.55031
G1 X148.379 Y80.853 E1475.56275
G1 X148.7 Y81.639 E1475.57606
G1 X148.891 Y82.532 E1475.59038
G1 X148.956 Y83.577 E1475.60679
G1 X148.895 Y84.534 E1475.62182
G1 X148.713 Y85.385 E1475.63546
G1 X148.409 Y86.137 E1475.64818
G1 X147.989 Y86.783 E1475.66026
G1 X147.49 Y87.306 E1475.67159
G1 X146.968 Y87.67 E1475.68156
G1 X146.417 Y87.886 E1475.69084
G1 X145.836 Y87.957 E1475.70001
G1 X145.29 Y87.89 E1475.70864
G1 X144.796 Y87.689 E1475.717
G1 X144.347 Y87.352 E1475.7258
G1 X143.94 Y86.876 E1475.73561
G1 X143.803 Y86.715 E1475.73851
G0 F10500 X143.574 Y86.814
G0 X143.337 Y86.264
G0 X143.133 Y83.772
G0 X143.281 Y82.388
G0 X143.765 Y81.267
G0 X144.553 Y80.48
G0 X145.72 Y80.162
G0 X145.57 Y80.742
G1 F2700 X144.836 Y80.958 E1475.75051
G1 X144.219 Y81.575 E1475.76418
G1 X143.808 Y82.526 E1475.78042
G1 X143.676 Y83.772 E1475.80007
G1 X143.794 Y84.905 E1475.81792
G1 X144.169 Y85.752 E1475.83244
G1 X144.749 Y86.287 E1475.84481
G1 X145.457 Y86.472 E1475.85628
G1 X146.19 Y86.279 E1475.86816
G1 X146.778 Y85.718 E1475.8809
G1 X147.15 Y84.811 E1475.89627
G1 X147.268 Y83.56 E1475.91597
G1 X147.16 Y82.321 E1475.93546
G1 X146.819 Y81.449 E1475.95014
G1 X146.268 Y80.923 E1475.96208
G1 X145.57 Y80.742 E1475.97338
G0 F10500 X145.331 Y80.812
G0 X145.009 Y79.955
;TYPE:SKIN
G1 F2700 X144.747 Y80.047 E1475.97693
G1 X144.079 Y80.439 E1475.98682
G1 X143.899 Y80.613 E1475.99002
G0 F10500 X144.016 Y80.73
G0 X145.185 Y79.777
G0 X145.302 Y79.895
G1 F2700 X145.65 Y79.889 E1475.99455
G1 X146.086 Y79.971 E1476.00031
G1 X147.076 Y80.608 E1476.01561
G0 F10500 X147.819 Y81.704
G1 F2700 X147.981 Y82.22 E1476.01883
G1 X148.098 Y83.752 E1476.02798
G1 X147.948 Y85.016 E1476.03556
G1 X147.396 Y86.231 E1476.0435
G1 X146.667 Y86.916 E1476.04946
G1 X145.861 Y87.171 E1476.05449
G0 F10500 X145.829 Y87.139
G0 X144.718 Y86.956
G0 X145.457 Y87.029
G0 X146.461 Y86.764
G0 X147.233 Y86.028
G0 X147.679 Y84.941
G0 X147.81 Y83.562
G0 X147.69 Y82.197
G0 X147.277 Y81.142
G0 X146.538 Y80.438
G0 X145.562 Y80.184
G0 X144.553 Y80.48
G0 X143.765 Y81.267
G0 X143.281 Y82.388
G0 X142.805 Y87.651
G0 X142.639 Y87.485
G1 F2700 X142.61 Y87.102 E1476.05888
G1 X142.64 Y86.425 E1476.06661
G0 F10500 X142.675 Y86.46
G0 X142.494 Y87.693
G0 X142.671 Y87.87
G1 F2700 X142.723 Y88.276 E1476.07092
G1 X142.973 Y89.587 E1476.08496
G1 X143.132 Y90.099 E1476.0906
G1 X143.646 Y90.967 E1476.10121
G0 F10500 X144.556 Y91.876
G1 F2700 X145.054 Y92.021 E1476.10589
G1 X145.837 Y92.097 E1476.113
G1 X146.661 Y91.86 E1476.12074
G1 X147.374 Y91.159 E1476.12976
G1 X147.619 Y90.696 E1476.13449
G0 F10500 X147.542 Y90.619
G0 X147.053 Y91.128
G0 X146.397 Y91.647
G0 X145.53 Y91.819
G0 X144.454 Y91.507
G0 X143.646 Y90.627
G0 X143.177 Y89.191
G0 X142.922 Y86.797
G0 X142.878 Y84.188
G0 X142.707 Y84.017
G1 F2700 X142.762 Y83.718 E1476.13805
G1 X142.998 Y82.187 E1476.15621
G1 X143.561 Y80.982 E1476.17179
G1 X143.73 Y80.798 E1476.17472
G0 F10500 X143.622 Y80.69
G0 X142.492 Y84.156
G1 F2700 X142.536 Y84.2 E1476.17521
G0 F10500 X142.718 Y84.234
G1 F600 E1475.17521
G0 F10500 X143.281 Y82.388
G0 X143.765 Y81.267
G0 X144.553 Y80.48
G0 X145.562 Y80.184
G0 X146.538 Y80.438
G0 X147.277 Y81.142
G0 X147.69 Y82.197
G0 X147.946 Y85.897
G0 X149.148 Y86.674
G0 X154.074 Y91.376
G0 X155.503 Y91.376
G0 X161.411 Y91.432
G0 X161.341 Y91.362
;TYPE:WALL-INNER
G1 F600 E1476.17521
G1 F3600 X161.341 Y79.668 E1476.35851
G1 X162.186 Y79.668 E1476.37176
G1 X162.186 Y92.255 E1476.56907
G1 X155.489 Y92.255 E1476.67405
G1 X155.489 Y91.362 E1476.68804
G1 X161.341 Y91.362 E1476.77978
G0 F10500 X160.841 Y90.862
;TYPE:WALL-OUTER
G1 F2700 X160.841 Y79.168 E1476.96309
G1 X162.686 Y79.168 E1476.99201
G1 X162.686 Y92.755 E1477.20499
G1 X154.989 Y92.755 E1477.32564
G1 X154.989 Y90.862 E1477.35532
G1 X160.841 Y90.862 E1477.44705
G0 F10500 X160.841 Y90.612
G0 X161.762 Y90.698
;TYPE:SKIN
G1 F2700 X161.762 Y90.344 E1477.45164
G1 X161.762 Y91.758 E1477.46999
G1 X160.043 Y91.808 E1477.4923
G1 X156.154 Y91.808 E1477.54275
G1 X155.868 Y91.875 E1477.54656
G0 F10500 X155.728 Y91.735
G0 X161.369 Y91.39
G0 X161.58 Y89.455
G0 X161.762 Y89.637
G1 F2700 X161.762 Y89.283 E1477.55072
G1 X161.762 Y80.091 E1477.65862
G0 F10500 X161.841 Y80.168
G1 F600 E1476.65862
G0 F10500 X162.166 Y80.537
G0 X163.601 Y80.537
G0 X167.103 Y82.16
G0 X168.467 Y82.606
G0 X169.65 Y80.537
;TYPE:WALL-INNER
G1 F600 E1477.65862
G1 F3600 X169.81 Y80.052 E1477.66662
G1 X170.482 Y80.052 E1477.67716
G1 X170.638 Y80.54 E1477.68519
G1 X170.742 Y80.865 E1477.69054
G1 X170.401 Y80.865 E1477.69372
G1 X170.4 Y80.865 E1477.69374
G1 X169.888 Y80.865 E1477.70176
G1 X169.887 Y80.865 E1477.70178
G1 X169.543 Y80.865 E1477.70717
G1 X169.649 Y80.538 E1477.71038
G1 X169.65 Y80.537 E1477.7104
G0 F10500 X167.483 Y88.195
G0 X167.563 Y88.136
G1 F3600 X167.899 Y88.136 E1477.71567
G1 X167.9 Y88.136 E1477.71568
G1 X172.425 Y88.136 E1477.78661
G1 X172.426 Y88.136 E1477.78663
G1 X172.76 Y88.136 E1477.79186
G1 X172.664 Y87.816 E1477.795
G1 X170.731 Y81.365 E1477.90056
G1 X169.617 Y81.365 E1477.91803
G1 X167.66 Y87.814 E1478.02367
G1 X167.563 Y88.136 E1478.02683
G0 F10500 X167.483 Y88.195
G0 X173.087 Y88.949
G0 X173.028 Y89.029
G1 F3600 X167.269 Y89.029 E1478.1171
G1 X166.251 Y92.255 E1478.17013
G1 X165.625 Y92.255 E1478.17994
G1 X165.624 Y92.255 E1478.17996
G1 X165.28 Y92.255 E1478.18535
G1 X165.387 Y91.928 E1478.18856
G1 X169.448 Y79.552 E1478.39274
G1 X170.847 Y79.552 E1478.41467
G1 X174.798 Y91.93 E1478.61834
G1 X174.902 Y92.255 E1478.62369
G1 X174.561 Y92.255 E1478.62688
G1 X174.56 Y92.255 E1478.62689
G1 X173.988 Y92.255 E1478.63586
G1 X173.028 Y89.029 E1478.68862
G0 F10500 X172.655 Y89.529
;TYPE:WALL-OUTER
G1 F2700 X167.636 Y89.529 E1478.7673
G1 X166.618 Y92.755 E1478.82032
G1 X164.935 Y92.755 E1478.8467
G1 X164.934 Y92.755 E1478.84672
G1 X164.59 Y92.755 E1478.85211
G1 X164.697 Y92.428 E1478.85532
G1 X169.086 Y79.052 E1479.076
G1 X171.212 Y79.052 E1479.10932
G1 X175.483 Y92.43 E1479.32946
G1 X175.586 Y92.755 E1479.3348
G1 X175.246 Y92.755 E1479.33798
G1 X175.244 Y92.755 E1479.33801
G1 X173.615 Y92.755 E1479.36355
G1 X172.655 Y89.529 E1479.41631
G0 F10500 X172.405 Y89.529
G0 X172.405 Y88.929
G0 X167.531 Y88.159
G0 X167.664 Y87.462
G0 X168.237 Y87.636
G1 F2700 X172.088 Y87.636 E1479.47667
G1 X170.359 Y81.865 E1479.57111
G1 X169.988 Y81.865 E1479.57692
G1 X168.237 Y87.636 E1479.67146
G0 F10500 X168.487 Y87.636
G0 X168.838 Y88.582
;TYPE:SKIN
G1 F2700 X168.485 Y88.582 E1479.67587
G1 X172.727 Y88.582 E1479.72881
G1 X173.268 Y88.769 E1479.73596
G1 X173.732 Y89.94 E1479.75168
G1 X174.206 Y91.475 E1479.77173
G1 X174.231 Y91.853 E1479.77646
G0 F10500 X174.07 Y91.692
G0 X173.497 Y88.645
G0 X173.257 Y88.404
G1 F2700 X173.098 Y87.892 E1479.7811
G1 X171.036 Y81.234 E1479.8414
G1 X170.249 Y80.446 E1479.85103
G1 X169.998 Y80.549 E1479.85338
G1 X169.275 Y81.24 E1479.86203
G1 X167.155 Y87.959 E1479.92298
G1 X167.268 Y88.426 E1479.92714
G0 F10500 X166.819 Y88.33
G1 F2700 X167.278 Y88.789 E1479.93223
G0 F10500 X166.891 Y88.756
G1 F2700 X166.805 Y89.023 E1479.93615
G1 X165.944 Y91.698 E1479.97547
G1 X165.795 Y91.902 E1479.97901
G0 F10500 X165.931 Y91.755
G1 F600 E1478.97901
G0 F10500 X167.246 Y88.997
G0 X173.051 Y88.997
G0 X174.87 Y92.232
G0 X174.049 Y89.456
G0 X174.012 Y89.468
G0 X175.36 Y89.038
G0 X176.503 Y89.468
G0 X177.938 Y89.468
G0 X178.744 Y86.017
G0 X184.954 Y85.975
G0 X184.884 Y86.045
;TYPE:WALL-INNER
G1 F600 E1479.97901
G1 F3600 X178.772 Y86.045 E1480.07482
G1 X178.772 Y92.255 E1480.17216
G1 X177.918 Y92.255 E1480.18555
G1 X177.918 Y79.552 E1480.38467
G1 X178.772 Y79.552 E1480.39806
G1 X178.772 Y85.142 E1480.48569
G1 X184.884 Y85.142 E1480.5815
G1 X184.884 Y79.552 E1480.66912
G1 X185.729 Y79.552 E1480.68237
G1 X185.729 Y92.255 E1480.88149
G1 X184.884 Y92.255 E1480.89474
G1 X184.884 Y86.045 E1480.99208
G0 F10500 X184.384 Y86.545
;TYPE:WALL-OUTER
G1 F2700 X179.272 Y86.545 E1481.07222
G1 X179.272 Y92.755 E1481.16956
G1 X177.418 Y92.755 E1481.19862
G1 X177.418 Y79.052 E1481.41342
G1 X179.272 Y79.052 E1481.44249
G1 X179.272 Y84.642 E1481.53011
G1 X184.384 Y84.642 E1481.61025
G1 X184.384 Y79.052 E1481.69787
G1 X186.229 Y79.052 E1481.72679
G1 X186.229 Y92.755 E1481.94159
G1 X184.384 Y92.755 E1481.97051
G1 X184.384 Y86.545 E1482.06786
G0 F10500 X184.134 Y86.545
G0 X183.881 Y85.593
;TYPE:SKIN
G1 F2700 X183.527 Y85.593 E1482.07251
G1 X178.931 Y85.593 E1482.13294
G1 X178.344 Y85.005 E1482.14386
G1 X178.344 Y83.945 E1482.1578
G0 F10500 X178.531 Y84.132
G0 X178.157 Y85.173
G1 F2700 X178.789 Y85.804 E1482.16479
G0 F10500 X178.344 Y85.713
G1 F2700 X178.344 Y86.066 E1482.169
G1 X178.344 Y91.723 E1482.23637
G1 X178.219 Y91.952 E1482.23948
G0 F10500 X178.157 Y91.89
G0 X178.744 Y86.017
G0 X184.912 Y86.017
G0 X185.123 Y91.785
G0 X185.237 Y91.899
G1 F2700 X185.305 Y91.613 E1482.24276
G1 X185.305 Y86.31 E1482.30189
G1 X185.109 Y85.76 E1482.3084
G1 X184.234 Y85.593 E1482.31834
G1 X185.286 Y85.584 E1482.33007
G1 X185.305 Y80.299 E1482.38901
G1 X185.319 Y79.96 E1482.39279
G0 F10500 X185.488 Y80.129
G0 X184.912 Y85.17
G0 X178.744 Y85.17
G0 X178.531 Y80.243
G1 F2700 X178.157 Y79.869 E1482.39693
G0 F10500 X178.482 Y79.84
G1 F2700 X178.344 Y80.409 E1482.40352
G1 X178.344 Y83.591 E1482.4393
G0 F10500 X178.272 Y83.405
G1 F600 E1481.4393
G0 F10500 X178.744 Y85.17
G0 X184.912 Y85.17
G0 X185.715 Y92.241
G0 X185.715 Y93.67
G0 X185.715 Y94.767
G0 X185.715 Y95.682
G0 X191.15 Y96.479
G0 X191.25 Y96.549
;TYPE:WALL-OUTER
G1 F600 E1482.4393
G1 F2700 X109.744 Y96.549 E1483.71694
G1 X109.744 Y75.181 E1484.0519
G1 X191.25 Y75.181 E1485.32954
G1 X191.25 Y96.549 E1485.66449
G0 F10500 X191 Y96.549
G0 X191 Y96.449
G0 X110.34 Y95.71
G0 X110.298 Y75.978
G0 X110.368 Y76.048
G1 F2700 X110.368 Y95.682 E1485.97227
G1 X190.383 Y95.682 E1487.22654
G1 X190.383 Y76.048 E1487.53431
G1 X110.368 Y76.048 E1488.78858
G0 F10500 X110.368 Y76.298
G0 X110.055 Y76.114
;TYPE:SKIN
G1 F2700 X110.055 Y76.467 E1488.7926
G1 X110.055 Y95.559 E1489.00963
G1 X110.611 Y96.115 E1489.01857
G1 X176.018 Y96.115 E1489.76209
G1 X190.514 Y96.115 E1489.92687
G1 X190.815 Y96.063 E1489.93035
G1 X190.815 Y76.264 E1490.15542
G1 X190.667 Y75.762 E1490.16136
G1 X190.844 Y75.585 E1490.16421
G1 X186.983 Y75.614 E1490.2081
G1 X121.576 Y75.614 E1490.95163
G1 X110.262 Y75.614 E1491.08024
G1 X110.055 Y75.76 E1491.08312
G0 F10500 X110.127 Y75.832
G0 X109.983 Y95.841
G1 F2700 X110.451 Y96.309 E1491.08831
G0 F10500 X110.097 Y96.309
G1 F2700 X109.983 Y96.194 E1491.08958
G0 F10500 X110.244 Y96.049
G1 F600 E1490.08958
G0 F10500 X110.34 Y76.02
G0 X190.68 Y75.201
G0 X190.68 Y74.266
G0 X190.68 Y64.596
G0 X190.68 Y63.161
G0 X190.68 Y63.111
G0 X190.75 Y63.181
;TYPE:WALL-INNER
G1 F600 E1491.08958
G1 F3600 X99.25 Y63.181 E1492.52388
G1 X99.25 Y62.681 E1492.53172
G1 X190.75 Y62.681 E1493.96602
G1 X190.75 Y63.181 E1493.97386
G0 F10500 X191.25 Y63.681
;TYPE:WALL-OUTER
G1 F2700 X98.75 Y63.681 E1495.42384
G1 X98.75 Y62.181 E1495.44735
G1 X191.25 Y62.181 E1496.89733
G1 X191.25 Y63.681 E1496.92085
G0 F10500 X191 Y63.681
G1 F600 E1495.92085
G0 F10500 X190.68 Y63.111
G0 X190.68 Y62.701
G0 X190.68 Y61.266
G0 X190.68 Y60.596
G0 X190.68 Y59.161
G0 X190.68 Y59.111
G0 X190.75 Y59.181
;TYPE:WALL-INNER
G1 F600 E1496.92085
G1 F3600 X99.25 Y59.181 E1498.35515
G1 X99.25 Y58.681 E1498.36299
G1 X190.75 Y58.681 E1499.7973
G1 X190.75 Y59.181 E1499.80513
G0 F10500 X191.25 Y59.681
;TYPE:WALL-OUTER
G1 F2700 X98.75 Y59.681 E1501.25511
G1 X98.75 Y58.181 E1501.27863
G1 X191.25 Y58.181 E1502.72861
G1 X191.25 Y59.681 E1502.75212
G0 F10500 X191 Y59.681
G1 F600 E1501.75212
G0 F10500 X190.68 Y59.111
G0 X190.68 Y58.701
G0 X190.68 Y57.266
G0 X190.68 Y56.596
G0 X190.68 Y55.161
G0 X190.68 Y55.111
G0 X190.75 Y55.181
;TYPE:WALL-INNER
G1 F600 E1502.75212
G1 F3600 X99.25 Y55.181 E1504.18643
G1 X99.25 Y54.681 E1504.19426
G1 X190.75 Y54.681 E1505.62857
G1 X190.75 Y55.181 E1505.63641
G0 F10500 X191.25 Y55.681
;TYPE:WALL-OUTER
G1 F2700 X98.75 Y55.681 E1507.08639
G1 X98.75 Y54.181 E1507.1099
G1 X191.25 Y54.181 E1508.55988
G1 X191.25 Y55.681 E1508.58339
G0 F10500 X191 Y55.681
G1 F600 E1507.58339
G0 F10500 X190.68 Y55.111
G0 X190.68 Y54.701
G0 X190.68 Y53.266
G0 X190.68 Y52.596
G0 X190.68 Y51.161
G0 X190.68 Y51.111
G0 X190.75 Y51.181
;TYPE:WALL-INNER
G1 F600 E1508.58339
G1 F3600 X99.25 Y51.181 E1510.0177
G1 X99.25 Y50.681 E1510.02554
G1 X190.75 Y50.681 E1511.45984
G1 X190.75 Y51.181 E1511.46768
G0 F10500 X191.25 Y51.681
;TYPE:WALL-OUTER
G1 F2700 X98.75 Y51.681 E1512.91766
G1 X98.75 Y50.181 E1512.94117
G1 X191.25 Y50.181 E1514.39115
G1 X191.25 Y51.681 E1514.41467
G0 F10500 X191 Y51.681
G1 F600 E1513.41467
G0 F10500 X190.68 Y51.111
G0 X190.68 Y50.701
G0 X190.68 Y49.266
G0 X190.68 Y48.596
G0 X190.68 Y47.161
G0 X190.68 Y47.111
G0 X190.75 Y47.181
;TYPE:WALL-INNER
G1 F600 E1514.41467
G1 F3600 X99.25 Y47.181 E1515.84897
G1 X99.25 Y46.681 E1515.85681
G1 X190.75 Y46.681 E1517.29111
G1 X190.75 Y47.181 E1517.29895
G0 F10500 X191.25 Y47.681
;TYPE:WALL-OUTER
G1 F2700 X98.75 Y47.681 E1518.74893
G1 X98.75 Y46.181 E1518.77244
G1 X191.25 Y46.181 E1520.22242
G1 X191.25 Y47.681 E1520.24594
G0 F10500 X191 Y47.681
G1 F600 E1519.24594
G0 F10500 X190.68 Y47.111
G0 X190.68 Y46.701
G0 X190.68 Y45.266
G0 X190.68 Y44.596
G0 X190.68 Y43.161
G0 X190.68 Y43.111
G0 X190.75 Y43.181
;TYPE:WALL-INNER
G1 F600 E1520.24594
G1 F3600 X99.25 Y43.181 E1521.68024
G1 X99.25 Y42.681 E1521.68808
G1 X190.75 Y42.681 E1523.12239
G1 X190.75 Y43.181 E1523.13022
G0 F10500 X191.25 Y43.681
;TYPE:WALL-OUTER
G1 F2700 X98.75 Y43.681 E1524.5802
G1 X98.75 Y42.181 E1524.60372
G1 X191.25 Y42.181 E1526.0537
G1 X191.25 Y43.681 E1526.07721
G0 F10500 X191 Y43.681
G1 F600 E1525.07721
G0 F10500 X190.68 Y43.111
G0 X190.68 Y42.701
G0 X190.68 Y41.266
G0 X190.68 Y40.596
G0 X190.68 Y39.161
G0 X190.68 Y39.111
G0 X190.75 Y39.181
;TYPE:WALL-INNER
G1 F600 E1526.07721
G1 F3600 X99.25 Y39.181 E1527.51152
G1 X99.25 Y38.681 E1527.51935
G1 X190.75 Y38.681 E1528.95366
G1 X190.75 Y39.181 E1528.9615
G0 F10500 X191.25 Y39.681
;TYPE:WALL-OUTER
G1 F2700 X98.75 Y39.681 E1530.41148
G1 X98.75 Y38.181 E1530.43499
G1 X191.25 Y38.181 E1531.88497
G1 X191.25 Y39.681 E1531.90848
G0 F10500 X191 Y39.681
G1 F600 E1530.90848
G0 F10500 X190.68 Y39.111
G0 X190.68 Y38.701
G0 X190.68 Y37.266
G0 X190.68 Y36.596
G0 X190.68 Y35.161
G0 X190.68 Y35.111
G0 X190.75 Y35.181
;TYPE:WALL-INNER
G1 F600 E1531.90848
G1 F3600 X99.25 Y35.181 E1533.34279
G1 X99.25 Y34.681 E1533.35063
G1 X190.75 Y34.681 E1534.78493
G1 X190.75 Y35.181 E1534.79277
G0 F10500 X191.25 Y35.681
;TYPE:WALL-OUTER
G1 F2700 X98.75 Y35.681 E1536.24275
G1 X98.75 Y34.181 E1536.26626
G1 X191.25 Y34.181 E1537.71624
G1 X191.25 Y35.681 E1537.73976
G0 F10500 X191 Y35.681
G1 F600 E1536.73976
G0 F10500 X190.68 Y35.111
G0 X190.68 Y34.701
G0 X190.68 Y33.266
G0 X190.68 Y32.596
G0 X190.68 Y31.161
G0 X190.68 Y31.111
G0 X190.75 Y31.181
;TYPE:WALL-INNER
G1 F600 E1537.73976
G1 F3600 X99.25 Y31.181 E1539.17406
G1 X99.25 Y30.681 E1539.1819
G1 X190.75 Y30.681 E1540.6162
G1 X190.75 Y31.181 E1540.62404
G0 F10500 X191.25 Y31.681
;TYPE:WALL-OUTER
G1 F2700 X98.75 Y31.681 E1542.07402
G1 X98.75 Y30.181 E1542.09753
G1 X191.25 Y30.181 E1543.54751
G1 X191.25 Y31.681 E1543.57103
G0 F10500 X191 Y31.681
G1 F600 E1542.57103
G0 F10500 X190.68 Y31.111
G0 X190.68 Y30.701
G0 X190.68 Y29.266
G0 X190.68 Y28.596
G0 X190.68 Y27.161
G0 X190.68 Y27.111
G0 X190.75 Y27.181
;TYPE:WALL-INNER
G1 F600 E1543.57103
G1 F3600 X99.25 Y27.181 E1545.00533
G1 X99.25 Y26.681 E1545.01317
G1 X190.75 Y26.681 E1546.44748
G1 X190.75 Y27.181 E1546.45531
G0 F10500 X191.25 Y27.681
;TYPE:WALL-OUTER
G1 F2700 X98.75 Y27.681 E1547.90529
G1 X98.75 Y26.181 E1547.92881
G1 X191.25 Y26.181 E1549.37879
G1 X191.25 Y27.681 E1549.4023
G0 F10500 X191 Y27.681
G1 F600 E1548.4023
;MESH:NONMESH
G0 F10500 X190.68 Y27.111
G0 X100.02 Y26.701
G0 X100.02 Y25.266
G0 X100.02 Y21.981
;TIME_ELAPSED:3290.995630
;LAYER:13
G0 X100.02 Y21.981 Z2.8
;TYPE:SUPPORT
G1 F600 E1549.4023
G1 F3600 X99.426 Y21.981 E1549.41161
G1 X99.309 Y22.098 E1549.41421
G1 X99.309 Y24.181 E1549.44686
G1 X100.02 Y24.181 E1549.458
G1 X100.02 Y21.981 E1549.49249
G1 X101.092 Y21.981 E1549.50929
G1 X101.687 Y22.576 E1549.52248
G1 X101.687 Y24.181 E1549.54764
G1 X103.354 Y24.181 E1549.57377
G1 X103.354 Y23.745 E1549.58061
G1 X103.562 Y23.745 E1549.58387
G1 X105.021 Y22.286 E1549.61621
G1 X105.021 Y24.181 E1549.64592
G1 X106.688 Y24.181 E1549.67205
G1 X106.688 Y21.981 E1549.70653
G1 X106.992 Y21.981 E1549.7113
G1 X108.355 Y23.344 E1549.74151
G1 X108.355 Y24.181 E1549.75464
G1 X110.022 Y24.181 E1549.78077
G1 X110.022 Y23.285 E1549.79481
G1 X111.326 Y21.981 E1549.82372
G1 X111.689 Y21.981 E1549.82941
G1 X111.689 Y24.181 E1549.8639
G1 X113.356 Y24.181 E1549.89003
G1 X113.356 Y22.345 E1549.91881
G1 X114.756 Y23.745 E1549.94984
G1 X115.023 Y23.745 E1549.95403
G1 X115.023 Y24.181 E1549.96086
G1 X116.69 Y24.181 E1549.98699
G1 X116.69 Y22.517 E1550.01308
G1 X117.226 Y21.981 E1550.02496
G1 X118.357 Y21.981 E1550.04269
G1 X118.357 Y24.181 E1550.07717
G1 X120.024 Y24.181 E1550.10331
G1 X120.024 Y23.113 E1550.12005
G1 X120.706 Y23.795 E1550.13517
G1 X121.412 Y23.795 E1550.14623
G1 X121.691 Y23.516 E1550.15242
G1 X121.691 Y24.181 E1550.16284
G1 X123.358 Y24.181 E1550.18897
G1 X123.358 Y21.981 E1550.22346
G1 X124.892 Y21.981 E1550.2475
G1 X125.025 Y22.114 E1550.25045
G1 X125.025 Y24.181 E1550.28285
G1 X126.692 Y24.181 E1550.30899
G1 X126.692 Y23.745 E1550.31582
G1 X127.362 Y23.745 E1550.32632
G1 X128.359 Y22.748 E1550.34842
G1 X128.359 Y24.181 E1550.37089
G1 X130.026 Y24.181 E1550.39702
G1 X130.026 Y21.981 E1550.4315
G1 X130.792 Y21.981 E1550.44351
G1 X131.693 Y22.882 E1550.46349
G1 X131.693 Y24.181 E1550.48385
G1 X133.36 Y24.181 E1550.50998
G1 X133.36 Y23.747 E1550.51678
G1 X135.027 Y22.08 E1550.55374
G1 X135.027 Y24.181 E1550.58667
G1 X136.694 Y24.181 E1550.6128
G1 X136.694 Y21.981 E1550.64729
G1 X136.792 Y21.981 E1550.64882
G1 X138.361 Y23.55 E1550.68361
G1 X138.361 Y24.181 E1550.6935
G1 X140.028 Y24.181 E1550.71963
G1 X140.028 Y22.979 E1550.73847
G1 X141.026 Y21.981 E1550.76059
G1 X141.695 Y21.981 E1550.77108
G1 X141.695 Y24.181 E1550.80557
G1 X143.362 Y24.181 E1550.8317
G1 X143.362 Y22.651 E1550.85568
G1 X144.506 Y23.795 E1550.88104
G1 X145.029 Y23.795 E1550.88924
G1 X145.029 Y24.181 E1550.89529
G1 X146.696 Y24.181 E1550.92142
G1 X146.696 Y22.311 E1550.95074
G1 X147.026 Y21.981 E1550.95805
G1 X148.363 Y21.981 E1550.97901
G1 X148.363 Y24.181 E1551.0135
G1 X150.03 Y24.181 E1551.03963
G1 X150.03 Y23.319 E1551.05314
G1 X150.456 Y23.745 E1551.06258
G1 X151.162 Y23.745 E1551.07365
G1 X151.697 Y23.21 E1551.08551
G1 X151.697 Y24.181 E1551.10073
G1 X153.364 Y24.181 E1551.12686
G1 X153.364 Y21.981 E1551.16135
G1 X154.592 Y21.981 E1551.1806
G1 X155.031 Y22.42 E1551.19033
G1 X155.031 Y24.181 E1551.21793
G1 X156.698 Y24.181 E1551.24406
G1 X156.698 Y23.795 E1551.25012
G1 X157.112 Y23.795 E1551.25661
G1 X158.365 Y22.542 E1551.28438
G1 X158.365 Y24.181 E1551.31007
G1 X160.032 Y24.181 E1551.33621
G1 X160.032 Y21.981 E1551.37069
G1 X160.592 Y21.981 E1551.37947
G1 X161.699 Y23.088 E1551.40401
G1 X161.699 Y24.181 E1551.42114
G1 X163.366 Y24.181 E1551.44727
G1 X163.366 Y23.441 E1551.45887
G1 X164.826 Y21.981 E1551.49124
G1 X165.033 Y21.981 E1551.49448
G1 X165.033 Y24.181 E1551.52897
G1 X166.7 Y24.181 E1551.5551
G1 X166.7 Y22.189 E1551.58633
G1 X168.306 Y23.795 E1551.62193
G1 X168.367 Y23.795 E1551.62289
G1 X168.367 Y24.181 E1551.62894
G1 X170.034 Y24.181 E1551.65507
G1 X170.034 Y22.773 E1551.67714
G1 X170.826 Y21.981 E1551.6947
G1 X171.701 Y21.981 E1551.70841
G1 X171.701 Y24.181 E1551.7429
G1 X173.368 Y24.181 E1551.76903
G1 X173.368 Y22.857 E1551.78978
G1 X174.256 Y23.745 E1551.80947
G1 X174.962 Y23.745 E1551.82054
G1 X175.035 Y23.672 E1551.82215
G1 X175.035 Y24.181 E1551.83013
G1 X176.702 Y24.181 E1551.85626
G1 X176.702 Y22.005 E1551.89037
G1 X176.726 Y21.981 E1551.89091
G1 X178.369 Y21.981 E1551.91666
G1 X178.369 Y24.181 E1551.95115
G1 X180.036 Y24.181 E1551.97728
G1 X180.036 Y23.625 E1551.98599
G1 X180.206 Y23.795 E1551.98976
G1 X180.912 Y23.795 E1552.00083
G1 X181.703 Y23.004 E1552.01836
G1 X181.703 Y24.181 E1552.03681
G1 X183.37 Y24.181 E1552.06295
G1 X183.37 Y21.981 E1552.09743
G1 X184.392 Y21.981 E1552.11345
G1 X185.037 Y22.626 E1552.12775
G1 X185.037 Y24.181 E1552.15213
G1 X186.704 Y24.181 E1552.17826
G1 X186.704 Y23.745 E1552.18509
G1 X186.862 Y23.745 E1552.18757
G1 X188.371 Y22.236 E1552.22102
G1 X188.371 Y24.181 E1552.25151
G1 X190.038 Y24.181 E1552.27764
G1 X190.409 Y24.181 E1552.28346
G1 X190.409 Y22.098 E1552.31611
G1 X190.292 Y21.981 E1552.3187
G1 X190.038 Y21.981 E1552.32268
G1 X190.038 Y24.181 E1552.35717
G1 F600 E1551.35717
G0 F10500 X191.628 Y25.27
G0 X192.161 Y25.803
G0 X192.161 Y44.059
G0 X191.628 Y44.592
G0 X98.372 Y45.27
G0 X97.839 Y45.803
G0 X97.839 Y64.059
G0 X98.318 Y64.538
G0 X101.687 Y65.681
G1 F600 E1552.35717
G1 F3600 X102.292 Y65.681 E1552.36665
G1 X101.687 Y66.286 E1552.38006
G1 X101.687 Y65.681 E1552.38955
G1 X100.02 Y65.681 E1552.41568
G1 X99.309 Y65.681 E1552.42682
G1 X99.309 Y66.764 E1552.4438
G1 X99.426 Y66.881 E1552.44639
G1 X100.02 Y66.881 E1552.45571
G1 X100.02 Y65.681 E1552.47452
G0 F10500 X105.021 Y66.576
G1 F3600 X105.326 Y66.881 E1552.48128
G1 X106.688 Y66.881 E1552.50263
G1 X106.992 Y66.881 E1552.50739
G1 X108.192 Y65.681 E1552.534
G1 X106.688 Y65.681 E1552.55757
G1 X106.688 Y66.881 E1552.57638
G0 F10500 X105.021 Y66.576
G1 F3600 X104.126 Y65.681 E1552.59622
G1 X105.021 Y65.681 E1552.61025
G1 X105.021 Y66.576 E1552.62428
G0 F10500 X111.689 Y66.881
G1 F3600 X112.992 Y66.881 E1552.64471
G1 X113.356 Y66.517 E1552.65278
G1 X114.192 Y65.681 E1552.67131
G1 X113.356 Y65.681 E1552.68441
G1 X113.356 Y66.517 E1552.69752
G0 F10500 X111.689 Y66.881
G1 F3600 X111.326 Y66.881 E1552.70321
G1 X110.126 Y65.681 E1552.72981
G1 X111.689 Y65.681 E1552.75431
G1 X111.689 Y66.881 E1552.77312
G0 F10500 X116.69 Y65.681
G1 F3600 X116.026 Y65.681 E1552.78353
G1 X116.69 Y66.345 E1552.79825
G1 X116.69 Y65.681 E1552.80866
G1 X118.357 Y65.681 E1552.83479
G1 X118.357 Y66.881 E1552.8536
G1 X118.892 Y66.881 E1552.86199
G1 X120.024 Y65.749 E1552.88708
G1 X120.092 Y65.681 E1552.88859
G1 X120.024 Y65.681 E1552.88965
G0 F10500 X123.358 Y65.681
G1 F3600 X122.026 Y65.681 E1552.91053
G1 X123.226 Y66.881 E1552.93714
G1 X123.358 Y66.881 E1552.93921
G1 X123.358 Y65.681 E1552.95802
G1 X125.025 Y65.681 E1552.98415
G1 X126.092 Y65.681 E1553.00087
G1 X125.025 Y66.748 E1553.02453
G1 X125.025 Y65.681 E1553.04125
G0 F10500 X128.359 Y66.114
G1 F3600 X129.126 Y66.881 E1553.05826
G1 X130.026 Y66.881 E1553.07236
G1 X130.026 Y65.681 E1553.09117
G1 X131.693 Y65.681 E1553.1173
G1 X131.992 Y65.681 E1553.12199
G1 X131.693 Y65.98 E1553.12862
G1 X131.693 Y65.681 E1553.13331
G0 F10500 X128.359 Y66.114
G1 F3600 X127.926 Y65.681 E1553.14291
G1 X128.359 Y65.681 E1553.14969
G1 X128.359 Y66.114 E1553.15648
G0 F10500 X135.027 Y66.782
G1 F3600 X135.126 Y66.881 E1553.15868
G1 X136.694 Y66.881 E1553.18325
G1 X136.792 Y66.881 E1553.18479
G1 X137.992 Y65.681 E1553.21139
G1 X136.694 Y65.681 E1553.23174
G1 X136.694 Y66.881 E1553.25055
G0 F10500 X135.027 Y66.782
G1 F3600 X133.926 Y65.681 E1553.27496
G1 X135.027 Y65.681 E1553.29222
G1 X135.027 Y66.782 E1553.30948
G0 F10500 X140.028 Y65.681
G1 F3600 X139.826 Y65.681 E1553.31264
G1 X140.028 Y65.883 E1553.31712
G1 X140.028 Y65.681 E1553.32029
G1 X141.695 Y65.681 E1553.34642
G1 X141.695 Y66.881 E1553.36523
G1 X142.692 Y66.881 E1553.38086
G1 X143.362 Y66.211 E1553.39571
G1 X143.892 Y65.681 E1553.40746
G1 X143.362 Y65.681 E1553.41577
G1 X143.362 Y66.211 E1553.42407
G0 F10500 X146.696 Y65.681
G1 F3600 X145.826 Y65.681 E1553.43771
G1 X146.696 Y66.551 E1553.457
G1 X146.696 Y65.681 E1553.47064
G1 X148.363 Y65.681 E1553.49677
G1 X149.892 Y65.681 E1553.52074
G1 X148.692 Y66.881 E1553.54734
G1 X148.363 Y66.881 E1553.55249
G1 X148.363 Y65.681 E1553.5713
G0 F10500 X153.364 Y65.681
G1 F3600 X151.726 Y65.681 E1553.59698
G1 X152.926 Y66.881 E1553.62358
G1 X153.364 Y66.881 E1553.63045
G1 X153.364 Y65.681 E1553.64926
G1 X155.031 Y65.681 E1553.67539
G1 X155.792 Y65.681 E1553.68732
G1 X155.031 Y66.442 E1553.70419
G1 X155.031 Y65.681 E1553.71612
G0 F10500 X158.365 Y66.32
G1 F3600 X158.926 Y66.881 E1553.72856
G1 X160.032 Y66.881 E1553.74589
G1 X160.032 Y65.681 E1553.7647
G1 X161.699 Y65.681 E1553.79083
G1 X161.792 Y65.681 E1553.79229
G1 X161.699 Y65.774 E1553.79435
G0 F10500 X158.365 Y66.32
G1 F3600 X157.726 Y65.681 E1553.80852
G1 X158.365 Y65.681 E1553.81854
G1 X158.365 Y66.32 E1553.82855
G0 F10500 X165.033 Y66.881
G1 F3600 X166.492 Y66.881 E1553.85142
G1 X166.7 Y66.673 E1553.85603
G1 X167.692 Y65.681 E1553.87803
G1 X166.7 Y65.681 E1553.89358
G1 X166.7 Y66.673 E1553.90913
G0 F10500 X165.033 Y66.881
G1 F3600 X164.826 Y66.881 E1553.91237
G1 X163.626 Y65.681 E1553.93897
G1 X165.033 Y65.681 E1553.96103
G1 X165.033 Y66.881 E1553.97984
G0 F10500 X170.034 Y65.681
G1 F3600 X169.626 Y65.681 E1553.98623
G1 X170.034 Y66.089 E1553.99528
G1 X170.034 Y65.681 E1554.00167
G1 X171.701 Y65.681 E1554.02781
G1 X171.701 Y66.881 E1554.04662
G1 X172.492 Y66.881 E1554.05902
G1 X173.368 Y66.005 E1554.07843
G1 X173.692 Y65.681 E1554.08562
G1 X173.368 Y65.681 E1554.0907
G1 X173.368 Y66.005 E1554.09577
G0 F10500 X176.702 Y65.681
G1 F3600 X175.526 Y65.681 E1554.11421
G1 X176.702 Y66.857 E1554.14028
G1 X176.702 Y65.681 E1554.15871
G1 X178.369 Y65.681 E1554.18484
G1 X179.592 Y65.681 E1554.20402
G1 X178.392 Y66.881 E1554.23062
G1 X178.369 Y66.881 E1554.23098
G1 X178.369 Y65.681 E1554.24979
G0 F10500 X181.703 Y65.858
G1 F3600 X182.726 Y66.881 E1554.27247
G1 X183.37 Y66.881 E1554.28256
G1 X183.37 Y65.681 E1554.30137
G1 X185.037 Y65.681 E1554.3275
G1 X185.592 Y65.681 E1554.3362
G1 X185.037 Y66.236 E1554.34851
G1 X185.037 Y65.681 E1554.35721
G0 F10500 X181.703 Y65.858
G1 F3600 X181.526 Y65.681 E1554.36113
G1 X181.703 Y65.681 E1554.36391
G1 X181.703 Y65.858 E1554.36668
G0 F10500 X188.371 Y66.626
G1 F3600 X188.626 Y66.881 E1554.37233
G1 X190.038 Y66.881 E1554.39447
G1 X190.292 Y66.881 E1554.39845
G1 X190.409 Y66.764 E1554.40104
G1 X190.409 Y65.681 E1554.41802
G1 X190.038 Y65.681 E1554.42383
G1 X190.038 Y66.881 E1554.44264
G0 F10500 X188.371 Y66.626
G1 F3600 X187.426 Y65.681 E1554.46359
G1 X188.371 Y65.681 E1554.47841
G1 X188.371 Y66.626 E1554.49322
G1 F600 E1553.49322
;MESH:
G0 F10500 X147.487 Y74.302
G0 X147.424 Y74.313
G0 X133.566 Y76.914
G0 X133.488 Y76.929
G0 X127.553 Y77.961
G0 X120.846 Y79.304
G0 X119.73 Y80.202
G0 X118.687 Y79.67
G0 X118.712 Y79.574
;TYPE:WALL-INNER
G1 F600 E1554.49322
G1 F3600 X119.252 Y79.801 E1554.5024
G1 X119.744 Y80.188 E1554.51222
G1 X120.2 Y80.759 E1554.52367
G1 X120.588 Y81.569 E1554.53775
G1 X120.886 Y82.711 E1554.55625
G1 X121.071 Y84.173 E1554.57935
G1 X121.134 Y85.971 E1554.60755
G1 X121.071 Y87.804 E1554.6363
G1 X120.886 Y89.288 E1554.65974
G1 X120.588 Y90.437 E1554.67835
G1 X120.202 Y91.244 E1554.69237
G1 X119.747 Y91.808 E1554.70373
G1 X119.248 Y92.195 E1554.71363
G1 X118.711 Y92.416 E1554.72273
G1 X118.098 Y92.491 E1554.73242
G1 X117.492 Y92.417 E1554.74198
G1 X116.952 Y92.19 E1554.75117
G1 X116.459 Y91.803 E1554.76099
G1 X116.006 Y91.235 E1554.77238
G1 X115.614 Y90.417 E1554.7866
G1 X115.317 Y89.271 E1554.80516
G1 X115.133 Y87.808 E1554.82827
G1 X115.069 Y86 E1554.85663
G1 X115.133 Y84.186 E1554.88508
G1 X115.318 Y82.716 E1554.90831
G1 X115.614 Y81.575 E1554.92679
G1 X116.006 Y80.756 E1554.94102
G1 X116.459 Y80.188 E1554.95241
G1 X116.956 Y79.8 E1554.96229
G1 X117.493 Y79.576 E1554.97141
G1 X118.107 Y79.5 E1554.98111
G1 X118.712 Y79.574 E1554.99066
G0 F10500 X118.109 Y80.203
G1 F3600 X117.029 Y80.595 E1555.00867
G1 X116.346 Y81.573 E1555.02737
G1 X116.013 Y83.254 E1555.05424
G1 X115.913 Y86 E1555.09731
G1 X116.013 Y88.74 E1555.14029
G1 X116.346 Y90.418 E1555.1671
G1 X117.029 Y91.396 E1555.1858
G1 X118.108 Y91.788 E1555.2038
G1 X119.176 Y91.397 E1555.22163
G1 X119.862 Y90.426 E1555.24026
G1 X120.199 Y88.747 E1555.26711
G1 X120.3 Y86 E1555.3102
G1 X120.199 Y83.253 E1555.35329
G1 X119.863 Y81.571 E1555.38017
G1 X119.178 Y80.596 E1555.39885
G1 X118.109 Y80.203 E1555.41671
G0 F10500 X118.108 Y80.735
;TYPE:WALL-OUTER
G1 F2700 X117.348 Y81.011 E1555.42938
G1 X116.816 Y81.773 E1555.44395
G1 X116.511 Y83.312 E1555.46854
G1 X116.413 Y86 E1555.51071
G1 X116.511 Y88.682 E1555.55277
G1 X116.816 Y90.218 E1555.57732
G1 X117.348 Y90.98 E1555.59189
G1 X118.107 Y91.256 E1555.60455
G1 X118.858 Y90.981 E1555.61709
G1 X119.393 Y90.224 E1555.63162
G1 X119.701 Y88.688 E1555.65617
G1 X119.8 Y86 E1555.69834
G1 X119.701 Y83.312 E1555.7405
G1 X119.393 Y81.772 E1555.76512
G1 X118.859 Y81.011 E1555.77969
G1 X118.108 Y80.735 E1555.79224
G0 F10500 X117.873 Y80.82
G0 X117.669 Y80.256
G0 X118.687 Y79.67
G0 X118.843 Y79.087
G1 F2700 X119.507 Y79.366 E1555.80353
G1 X120.1 Y79.831 E1555.81534
G1 X120.626 Y80.491 E1555.82857
G1 X121.06 Y81.397 E1555.84432
G1 X121.378 Y82.615 E1555.86405
G1 X121.57 Y84.136 E1555.88808
G1 X121.635 Y85.971 E1555.91686
G1 X121.57 Y87.839 E1555.94616
G1 X121.378 Y89.382 E1555.97054
G1 X121.06 Y90.61 E1555.99042
G1 X120.628 Y91.512 E1556.0061
G1 X120.098 Y92.168 E1556.01932
G1 X119.502 Y92.631 E1556.03115
G1 X118.84 Y92.904 E1556.04237
G1 X118.098 Y92.995 E1556.05409
G1 X117.361 Y92.904 E1556.06573
G1 X116.697 Y92.625 E1556.07702
G1 X116.104 Y92.16 E1556.08883
G1 X115.58 Y91.503 E1556.10201
G1 X115.142 Y90.589 E1556.11789
G1 X114.825 Y89.367 E1556.13768
G1 X114.634 Y87.843 E1556.16176
G1 X114.568 Y86 E1556.19067
G1 X114.634 Y84.151 E1556.21967
G1 X114.826 Y82.622 E1556.24383
G1 X115.142 Y81.402 E1556.26358
G1 X115.58 Y80.488 E1556.27947
G1 X116.104 Y79.831 E1556.29264
G1 X116.7 Y79.365 E1556.3045
G1 X117.364 Y79.088 E1556.31578
G1 X118.107 Y78.996 E1556.32752
G1 X118.843 Y79.087 E1556.33914
G0 F10500 X119.073 Y79.183
G0 X118.697 Y79.999
;TYPE:SKIN
G1 F2700 X118.951 Y80.098 E1556.34168
G1 X119.57 Y80.539 E1556.34876
G1 X120.138 Y81.386 E1556.35826
G1 X120.555 Y83.09 E1556.37459
G1 X120.708 Y85.766 E1556.39956
G1 X120.615 Y88.334 E1556.42349
G1 X120.315 Y90.048 E1556.43969
G1 X120.093 Y90.624 E1556.44544
G0 F10500 X119.828 Y90.889
G0 X119.001 Y91.715
G0 X118.76 Y91.955
G1 F2700 X118.28 Y92.082 E1556.45017
G1 X117.621 Y92.035 E1556.45646
G1 X116.7 Y91.541 E1556.4664
G1 X116.015 Y90.459 E1556.47859
G1 X115.635 Y88.717 E1556.49556
G1 X115.496 Y86.028 E1556.52119
G1 X115.609 Y83.44 E1556.54585
G1 X115.95 Y81.685 E1556.56286
G1 X116.44 Y80.841 E1556.57215
G1 X117.153 Y80.128 E1556.58175
G1 X118.118 Y79.871 E1556.59126
G0 F10500 X118.232 Y79.757
G0 X119.202 Y80.565
G0 X119.899 Y81.556
G0 X120.238 Y83.249
G0 X120.34 Y86
G0 X120.259 Y88.227
G0 X120.033 Y91.037
G1 F2700 X119.056 Y92.015 E1556.60209
G0 F10500 X119.033 Y91.981
G1 F600 E1555.60209
G0 F10500 X119.898 Y90.441
G0 X121.114 Y85.971
G0 X122.547 Y85.921
G0 X122.768 Y84.138
G0 X124.201 Y84.187
G0 X125.359 Y81.558
G0 X126.054 Y80.564
G0 X127.158 Y80.103
G0 X127.158 Y80.203
;TYPE:WALL-INNER
G1 F600 E1556.60209
G1 F3600 X126.078 Y80.595 E1556.6201
G1 X125.395 Y81.573 E1556.6388
G1 X125.062 Y83.254 E1556.66566
G1 X124.962 Y86 E1556.70874
G1 X125.062 Y88.74 E1556.75171
G1 X125.395 Y90.418 E1556.77853
G1 X126.078 Y91.396 E1556.79723
G1 X127.157 Y91.788 E1556.81523
G1 X128.225 Y91.397 E1556.83305
G1 X128.911 Y90.426 E1556.85169
G1 X129.248 Y88.747 E1556.87853
G1 X129.349 Y86 E1556.92162
G1 X129.248 Y83.253 E1556.96471
G1 X128.912 Y81.571 E1556.9916
G1 X128.227 Y80.596 E1557.01028
G1 X127.158 Y80.203 E1557.02813
G0 F10500 X127.761 Y79.574
G1 F3600 X128.301 Y79.801 E1557.03731
G1 X128.793 Y80.188 E1557.04713
G1 X129.249 Y80.759 E1557.05858
G1 X129.637 Y81.569 E1557.07266
G1 X129.935 Y82.711 E1557.09116
G1 X130.12 Y84.173 E1557.11426
G1 X130.183 Y85.971 E1557.14246
G1 X130.12 Y87.804 E1557.17121
G1 X129.935 Y89.288 E1557.19466
G1 X129.637 Y90.437 E1557.21326
G1 X129.251 Y91.244 E1557.22729
G1 X128.796 Y91.808 E1557.23864
G1 X128.297 Y92.195 E1557.24854
G1 X127.76 Y92.416 E1557.25765
G1 X127.147 Y92.491 E1557.26733
G1 X126.541 Y92.417 E1557.2769
G1 X126.001 Y92.19 E1557.28608
G1 X125.508 Y91.803 E1557.2959
G1 X125.055 Y91.235 E1557.30729
G1 X124.663 Y90.417 E1557.32151
G1 X124.366 Y89.271 E1557.34007
G1 X124.182 Y87.808 E1557.36318
G1 X124.119 Y86 E1557.39154
G1 X124.182 Y84.186 E1557.41999
G1 X124.367 Y82.716 E1557.44322
G1 X124.663 Y81.575 E1557.4617
G1 X125.055 Y80.756 E1557.47593
G1 X125.509 Y80.189 E1557.48731
G1 X126.004 Y79.801 E1557.49717
G1 X126.546 Y79.575 E1557.50638
G1 X127.157 Y79.5 E1557.51603
G1 X127.761 Y79.574 E1557.52557
G0 F10500 X127.892 Y79.087
;TYPE:WALL-OUTER
G1 F2700 X128.556 Y79.366 E1557.53686
G1 X129.149 Y79.831 E1557.54867
G1 X129.675 Y80.491 E1557.5619
G1 X130.109 Y81.397 E1557.57765
G1 X130.427 Y82.615 E1557.59738
G1 X130.619 Y84.136 E1557.62141
G1 X130.684 Y85.971 E1557.65019
G1 X130.619 Y87.839 E1557.67949
G1 X130.427 Y89.382 E1557.70387
G1 X130.109 Y90.61 E1557.72375
G1 X129.677 Y91.512 E1557.73943
G1 X129.147 Y92.168 E1557.75265
G1 X128.551 Y92.631 E1557.76448
G1 X127.889 Y92.904 E1557.7757
G1 X127.147 Y92.995 E1557.78742
G1 X126.41 Y92.904 E1557.79906
G1 X125.746 Y92.625 E1557.81035
G1 X125.153 Y92.16 E1557.82217
G1 X124.629 Y91.503 E1557.83534
G1 X124.191 Y90.589 E1557.85123
G1 X123.874 Y89.367 E1557.87102
G1 X123.683 Y87.843 E1557.89509
G1 X123.618 Y86 E1557.924
G1 X123.683 Y84.151 E1557.953
G1 X123.875 Y82.622 E1557.97716
G1 X124.191 Y81.402 E1557.99691
G1 X124.629 Y80.488 E1558.0128
G1 X125.154 Y79.831 E1558.02598
G1 X125.75 Y79.365 E1558.03784
G1 X126.415 Y79.088 E1558.04913
G1 X127.156 Y78.996 E1558.06084
G1 X127.892 Y79.087 E1558.07246
G0 F10500 X128.122 Y79.183
G0 X127.89 Y79.736
G0 X127.363 Y80.173
G0 X127.157 Y80.735
G1 F2700 X126.397 Y81.011 E1558.08514
G1 X125.865 Y81.773 E1558.09971
G1 X125.56 Y83.312 E1558.1243
G1 X125.462 Y86 E1558.16646
G1 X125.56 Y88.682 E1558.20853
G1 X125.865 Y90.218 E1558.23308
G1 X126.397 Y90.98 E1558.24765
G1 X127.156 Y91.256 E1558.26031
G1 X127.907 Y90.981 E1558.27285
G1 X128.442 Y90.224 E1558.28738
G1 X128.75 Y88.688 E1558.31193
G1 X128.849 Y86 E1558.3541
G1 X128.75 Y83.312 E1558.39626
G1 X128.442 Y81.772 E1558.42088
G1 X127.908 Y81.011 E1558.43545
G1 X127.157 Y80.735 E1558.448
G0 F10500 X126.922 Y80.82
G0 X126.899 Y79.928
;TYPE:SKIN
G1 F2700 X127.311 Y79.87 E1558.45202
G1 X128.327 Y80.269 E1558.46259
G1 X128.979 Y81.03 E1558.47229
G1 X129.378 Y82.045 E1558.48285
G1 X129.641 Y83.549 E1558.49763
G1 X129.759 Y85.907 E1558.52048
G1 X129.651 Y88.49 E1558.54551
G1 X129.321 Y90.234 E1558.56269
G1 X128.904 Y91.005 E1558.57118
G0 F10500 X128.014 Y91.895
G1 F2700 X127.524 Y92.031 E1558.57617
G1 X126.779 Y92.069 E1558.58349
G1 X125.818 Y91.616 E1558.59392
G1 X125.099 Y90.567 E1558.60641
G1 X124.695 Y88.85 E1558.62372
G1 X124.545 Y86.171 E1558.65006
G1 X124.645 Y83.596 E1558.67536
G1 X124.956 Y81.87 E1558.69258
G1 X125.706 Y80.414 E1558.70865
G1 X126.42 Y80.053 E1558.71651
G0 F10500 X126.634 Y79.861
G1 F600 E1557.71651
G0 F10500 X128.779 Y80.202
G0 X129.895 Y79.304
G0 X132.436 Y80.966
G0 X133.73 Y81.581
G0 X134.966 Y80.666
G0 X136.206 Y80.103
G0 X136.206 Y80.203
;TYPE:WALL-INNER
G1 F600 E1558.71651
G1 F3600 X135.128 Y80.595 E1558.73449
G1 X134.444 Y81.573 E1558.7532
G1 X134.111 Y83.254 E1558.78006
G1 X134.011 Y86 E1558.82313
G1 X134.111 Y88.74 E1558.86611
G1 X134.444 Y90.418 E1558.89293
G1 X135.128 Y91.396 E1558.91164
G1 X136.205 Y91.788 E1558.9296
G1 X137.274 Y91.397 E1558.94744
G1 X137.96 Y90.426 E1558.96608
G1 X138.297 Y88.747 E1558.99292
G1 X138.398 Y86 E1559.03601
G1 X138.297 Y83.253 E1559.0791
G1 X137.961 Y81.571 E1559.10599
G1 X137.276 Y80.596 E1559.12467
G1 X136.206 Y80.203 E1559.14254
G0 F10500 X136.81 Y79.574
G1 F3600 X137.35 Y79.801 E1559.15172
G1 X137.842 Y80.188 E1559.16153
G1 X138.298 Y80.759 E1559.17299
G1 X138.686 Y81.569 E1559.18707
G1 X138.984 Y82.711 E1559.20557
G1 X139.169 Y84.173 E1559.22867
G1 X139.232 Y85.971 E1559.25687
G1 X139.169 Y87.804 E1559.28562
G1 X138.984 Y89.288 E1559.30906
G1 X138.686 Y90.437 E1559.32767
G1 X138.3 Y91.244 E1559.34169
G1 X137.845 Y91.808 E1559.35305
G1 X137.346 Y92.195 E1559.36295
G1 X136.809 Y92.416 E1559.37205
G1 X136.196 Y92.491 E1559.38173
G1 X135.59 Y92.417 E1559.3913
G1 X135.05 Y92.19 E1559.40048
G1 X134.557 Y91.803 E1559.41031
G1 X134.104 Y91.235 E1559.4217
G1 X133.712 Y90.417 E1559.43592
G1 X133.415 Y89.271 E1559.45447
G1 X133.231 Y87.808 E1559.47759
G1 X133.168 Y86 E1559.50595
G1 X133.231 Y84.186 E1559.5344
G1 X133.416 Y82.716 E1559.55762
G1 X133.712 Y81.575 E1559.5761
G1 X134.104 Y80.756 E1559.59033
G1 X134.558 Y80.189 E1559.60172
G1 X135.053 Y79.801 E1559.61158
G1 X135.595 Y79.575 E1559.62078
G1 X136.206 Y79.5 E1559.63043
G1 X136.81 Y79.574 E1559.63997
G0 F10500 X136.941 Y79.087
;TYPE:WALL-OUTER
G1 F2700 X137.605 Y79.366 E1559.65126
G1 X138.198 Y79.831 E1559.66307
G1 X138.724 Y80.491 E1559.6763
G1 X139.158 Y81.397 E1559.69205
G1 X139.476 Y82.615 E1559.71178
G1 X139.668 Y84.136 E1559.73582
G1 X139.733 Y85.971 E1559.7646
G1 X139.668 Y87.839 E1559.7939
G1 X139.476 Y89.382 E1559.81827
G1 X139.158 Y90.61 E1559.83816
G1 X138.726 Y91.512 E1559.85383
G1 X138.196 Y92.168 E1559.86705
G1 X137.6 Y92.631 E1559.87888
G1 X136.938 Y92.904 E1559.89011
G1 X136.196 Y92.995 E1559.90183
G1 X135.459 Y92.904 E1559.91347
G1 X134.795 Y92.625 E1559.92476
G1 X134.202 Y92.16 E1559.93657
G1 X133.678 Y91.503 E1559.94974
G1 X133.24 Y90.589 E1559.96563
G1 X132.923 Y89.367 E1559.98542
G1 X132.732 Y87.843 E1560.0095
G1 X132.667 Y86 E1560.0384
G1 X132.732 Y84.151 E1560.06741
G1 X132.924 Y82.622 E1560.09156
G1 X133.24 Y81.402 E1560.11132
G1 X133.678 Y80.488 E1560.1272
G1 X134.203 Y79.831 E1560.14039
G1 X134.799 Y79.365 E1560.15225
G1 X135.464 Y79.088 E1560.16354
G1 X136.205 Y78.996 E1560.17524
G1 X136.941 Y79.087 E1560.18687
G0 F10500 X137.171 Y79.183
G0 X136.939 Y79.736
G0 X136.411 Y80.173
G0 X136.205 Y80.735
G1 F2700 X135.447 Y81.011 E1560.19951
G1 X134.914 Y81.773 E1560.21409
G1 X134.609 Y83.312 E1560.23868
G1 X134.511 Y86 E1560.28085
G1 X134.609 Y88.682 E1560.32292
G1 X134.914 Y90.218 E1560.34747
G1 X135.447 Y90.98 E1560.36204
G1 X136.205 Y91.256 E1560.37469
G1 X136.956 Y90.981 E1560.38722
G1 X137.491 Y90.224 E1560.40176
G1 X137.799 Y88.688 E1560.42631
G1 X137.898 Y86 E1560.46848
G1 X137.799 Y83.312 E1560.51064
G1 X137.491 Y81.772 E1560.53526
G1 X136.957 Y81.011 E1560.54983
G1 X136.205 Y80.735 E1560.56239
G0 F10500 X135.97 Y80.82
G0 X135.664 Y80.002
;TYPE:SKIN
G1 F2700 X134.796 Y80.517 E1560.58062
G0 F10500 X134.094 Y81.572
G1 F2700 X133.962 Y82.058 E1560.58536
G1 X133.681 Y83.753 E1560.60154
G1 X133.599 Y86.31 E1560.62563
G1 X133.761 Y88.977 E1560.65079
G1 X134.198 Y90.66 E1560.66716
G1 X134.947 Y91.68 E1560.67908
G1 X135.944 Y92.096 E1560.68925
G1 X136.768 Y91.98 E1560.69709
G1 X137.617 Y91.485 E1560.70634
G1 X138.283 Y90.465 E1560.71781
G1 X138.614 Y89.073 E1560.73129
G1 X138.759 Y87.514 E1560.74603
G1 X138.779 Y85.019 E1560.76952
G1 X138.644 Y83.033 E1560.78827
G1 X138.211 Y81.344 E1560.80469
G1 X137.468 Y80.319 E1560.81661
G1 X136.476 Y79.897 E1560.82676
G1 X136.134 Y79.885 E1560.82998
G0 F10500 X135.943 Y80.036
G1 F600 E1559.82998
G0 F10500 X137.3 Y80.565
G0 X137.927 Y81.456
G0 X139.15 Y84.174
G0 X142.26 Y84.296
G0 X142.816 Y85.165
;TYPE:WALL-INNER
G1 F600 E1560.82998
G1 F3600 X143.068 Y85.734 E1560.83974
G1 X143.146 Y85.91 E1560.84275
G1 X142.755 Y86.079 E1560.84746
G1 X142.687 Y86.109 E1560.84863
G1 X142.68 Y85.929 E1560.84958
G1 X142.679 Y85.906
G1 X142.679 Y85.892
G1 X142.708 Y85.162 E1560.85614
G1 X142.738 Y84.419 E1560.8678
G1 X142.816 Y85.165 E1560.86915
G0 F10500 X142.841 Y86.5
G0 X142.927 Y86.55
G1 F3600 X143.216 Y89.183 E1560.91067
G1 X143.68 Y90.607 E1560.93414
G1 X144.475 Y91.474 E1560.95258
G1 X145.531 Y91.78 E1560.96982
G1 X146.381 Y91.611 E1560.9834
G1 X147.023 Y91.103 E1560.99624
G1 X147.402 Y90.371 E1561.00916
G1 X147.422 Y90.267 E1561.01082
G1 X147.775 Y90.315 E1561.0164
G1 X148.051 Y90.352 E1561.02077
G1 X147.984 Y90.622 E1561.0235
G1 X147.892 Y90.987 E1561.0294
G1 X147.337 Y91.853 E1561.04553
G1 X146.624 Y92.33 E1561.05897
G1 X145.684 Y92.5 E1561.07395
G1 X144.993 Y92.418 E1561.08486
G1 X144.351 Y92.165 E1561.09567
G1 X143.773 Y91.741 E1561.10691
G1 X143.244 Y91.119 E1561.11971
G1 X142.797 Y90.268 E1561.13478
G1 X142.459 Y89.115 E1561.15361
G1 X142.249 Y87.665 E1561.17658
G1 X142.178 Y85.913 E1561.20406
G1 X142.246 Y84.193 E1561.23105
G1 X142.449 Y82.763 E1561.25369
G1 X142.769 Y81.654 E1561.27178
G1 X143.198 Y80.824 E1561.28643
G1 X143.7 Y80.226 E1561.29867
G1 X144.246 Y79.815 E1561.30938
G1 X144.825 Y79.579 E1561.31918
G1 X145.481 Y79.499 E1561.32954
G1 X146.073 Y79.561 E1561.33887
G1 X146.598 Y79.744 E1561.34759
G1 X147.092 Y80.059 E1561.35677
G1 X147.549 Y80.511 E1561.36684
G1 X147.936 Y81.09 E1561.37776
G1 X148.22 Y81.787 E1561.38956
G1 X148.394 Y82.601 E1561.40261
G1 X148.455 Y83.576 E1561.41792
G1 X148.398 Y84.465 E1561.43189
G1 X148.233 Y85.237 E1561.44426
G1 X147.963 Y85.906 E1561.45557
G1 X147.595 Y86.472 E1561.46615
G1 X147.162 Y86.925 E1561.47597
G1 X146.732 Y87.225 E1561.48419
G1 X146.291 Y87.398 E1561.49162
G1 X145.836 Y87.454 E1561.49881
G1 X145.638 Y87.429 E1561.50193
G1 X145.417 Y87.402 E1561.50542
G1 X145.308 Y87.358 E1561.50727
G1 X145.045 Y87.251 E1561.51172
G1 X144.691 Y86.985 E1561.51866
G1 X144.49 Y86.75 E1561.52351
G1 X144.403 Y86.648 E1561.52561
G1 X144.502 Y86.739 E1561.52564
G1 X144.738 Y86.8 E1561.52617
G1 X145.135 Y86.904 E1561.53007
G1 X145.457 Y86.989 E1561.53411
G1 X145.672 Y86.933 E1561.5373
G1 X146.442 Y86.73 E1561.54978
G1 X147.2 Y86.006 E1561.56621
G1 X147.641 Y84.932 E1561.58441
G1 X147.77 Y83.562 E1561.60598
G1 X147.652 Y82.206 E1561.62732
G1 X147.244 Y81.164 E1561.64486
G1 X146.519 Y80.472 E1561.66057
G1 X145.562 Y80.223 E1561.67607
G1 X144.573 Y80.514 E1561.69223
G1 X143.798 Y81.289 E1561.70941
G1 X143.319 Y82.398 E1561.72835
G1 X143.173 Y83.772 E1561.75001
G1 X143.305 Y85.035 E1561.76991
G1 X143.679 Y85.879 E1561.78438
G1 X143.754 Y86.049 E1561.7873
G1 X143.859 Y86.146 E1561.78954
G1 X143.807 Y86.168
G1 X143.637 Y86.242 E1561.79168
G1 X142.927 Y86.55 E1561.80381
G0 F10500 X143.803 Y86.715
;TYPE:WALL-OUTER
G1 F2700 X143.464 Y86.862 E1561.8096
G1 X143.487 Y87.072 E1561.81291
G1 X143.707 Y89.077 E1561.84453
G1 X144.122 Y90.349 E1561.86551
G1 X144.749 Y91.033 E1561.88005
G1 X145.553 Y91.266 E1561.89317
G1 X146.165 Y91.144 E1561.90295
G1 X146.628 Y90.778 E1561.91221
G1 X146.925 Y90.204 E1561.92234
G1 X147.023 Y89.709 E1561.93025
G1 X148.397 Y89.895 E1561.95198
G1 X148.673 Y89.932 E1561.95635
G1 X148.605 Y90.202 E1561.95908
G1 X148.357 Y91.186 E1561.97499
G1 X147.701 Y92.212 E1561.99408
G1 X146.816 Y92.803 E1562.01076
G1 X145.701 Y93.005 E1562.02852
G1 X144.869 Y92.906 E1562.04166
G1 X144.106 Y92.606 E1562.05451
G1 X143.43 Y92.109 E1562.06766
G1 X142.827 Y91.401 E1562.08224
G1 X142.331 Y90.455 E1562.09898
G1 X141.969 Y89.222 E1562.11913
G1 X141.75 Y87.709 E1562.14309
G1 X141.677 Y85.913 E1562.17127
G1 X141.747 Y84.152 E1562.19889
G1 X141.959 Y82.66 E1562.22252
G1 X142.303 Y81.467 E1562.24198
G1 X142.78 Y80.544 E1562.25827
G1 X143.352 Y79.863 E1562.27221
G1 X143.998 Y79.376 E1562.28489
G1 X144.696 Y79.091 E1562.29671
G1 X145.477 Y78.996 E1562.30904
G1 X146.182 Y79.07 E1562.32015
G1 X146.82 Y79.292 E1562.33074
G1 X147.404 Y79.664 E1562.34159
G1 X147.938 Y80.193 E1562.35338
G1 X148.379 Y80.853 E1562.36582
G1 X148.7 Y81.639 E1562.37913
G1 X148.891 Y82.532 E1562.39344
G1 X148.956 Y83.577 E1562.40986
G1 X148.895 Y84.534 E1562.42489
G1 X148.713 Y85.385 E1562.43853
G1 X148.409 Y86.137 E1562.45124
G1 X147.989 Y86.783 E1562.46332
G1 X147.49 Y87.306 E1562.47465
G1 X146.968 Y87.67 E1562.48463
G1 X146.417 Y87.886 E1562.49391
G1 X145.836 Y87.957 E1562.50308
G1 X145.29 Y87.89 E1562.5117
G1 X144.796 Y87.689 E1562.52006
G1 X144.347 Y87.352 E1562.52886
G1 X143.94 Y86.876 E1562.53868
G1 X143.803 Y86.715 E1562.54158
G0 F10500 X143.574 Y86.814
G0 X143.337 Y86.264
G0 X143.133 Y83.772
G0 X143.281 Y82.388
G0 X143.765 Y81.267
G0 X144.553 Y80.48
G0 X145.72 Y80.162
G0 X145.57 Y80.742
G1 F2700 X144.836 Y80.958 E1562.55357
G1 X144.219 Y81.575 E1562.56725
G1 X143.808 Y82.526 E1562.58349
G1 X143.676 Y83.772 E1562.60313
G1 X143.794 Y84.905 E1562.62099
G1 X144.169 Y85.752 E1562.63551
G1 X144.749 Y86.287 E1562.64788
G1 X145.457 Y86.472 E1562.65935
G1 X146.19 Y86.279 E1562.67123
G1 X146.778 Y85.718 E1562.68397
G1 X147.15 Y84.811 E1562.69934
G1 X147.268 Y83.56 E1562.71903
G1 X147.16 Y82.321 E1562.73853
G1 X146.819 Y81.449 E1562.75321
G1 X146.268 Y80.923 E1562.76515
G1 X145.57 Y80.742 E1562.77645
G0 F10500 X145.331 Y80.812
G0 X145.288 Y79.923
;TYPE:SKIN
G1 F2700 X145.689 Y79.876 E1562.77869
G1 X146.749 Y80.231 E1562.78489
G1 X147.457 Y80.937 E1562.79043
G1 X147.9 Y81.908 E1562.79635
G1 X148.081 Y83.142 E1562.80327
G1 X148.021 Y84.615 E1562.81145
G1 X147.711 Y85.633 E1562.81735
G1 X147.152 Y86.545 E1562.82328
G1 X146.257 Y87.087 E1562.82908
G1 X145.823 Y87.167 E1562.83153
G0 F10500 X145.786 Y87.205
G0 X144.718 Y86.956
G0 X145.457 Y87.029
G0 X146.461 Y86.764
G0 X147.233 Y86.028
G0 X147.679 Y84.941
G0 X147.81 Y83.562
G0 X147.69 Y82.197
G0 X147.277 Y81.142
G0 X146.538 Y80.438
G0 X145.562 Y80.184
G0 X144.553 Y80.48
G0 X143.765 Y81.267
G0 X143.33 Y82.275
G0 X142.776 Y87.387
G0 X142.634 Y87.528
G1 F2700 X142.674 Y87.842 E1562.83461
G1 X142.559 Y86.542 E1562.84729
G0 F10500 X142.671 Y86.431
G0 X142.846 Y88.024
G0 X142.713 Y88.156
G1 F2700 X142.753 Y88.469 E1562.84979
G1 X143.072 Y89.918 E1562.86156
G1 X143.501 Y90.904 E1562.87009
G1 X144.389 Y91.783 E1562.88
G1 X145.469 Y92.118 E1562.88897
G1 X146.285 Y92.008 E1562.89551
G1 X147.038 Y91.609 E1562.90227
G1 X147.57 Y90.723 E1562.91046
G0 F10500 X147.742 Y90.552
G0 X145.683 Y92.461
G0 X142.834 Y90.254
G0 X142.806 Y81.668
G0 X145.481 Y79.539
G0 X147.668 Y81.368
G0 X148.01 Y83.566
G1 F2700 X148.201 Y83.376 E1562.91257
G0 F10500 X147.277 Y81.142
G0 X146.538 Y80.438
G0 X144.56 Y79.946
G0 X143.898 Y80.607
G1 F2700 X143.225 Y81.634 E1562.92862
G1 X142.868 Y82.697 E1562.94327
G1 X142.717 Y83.909 E1562.95923
G1 X142.872 Y84.108 E1562.96252
G0 F10500 X142.769 Y84.06
G1 F600 E1561.96252
G0 F10500 X143.281 Y82.388
G0 X143.765 Y81.267
G0 X144.553 Y80.48
G0 X145.562 Y80.184
G0 X146.538 Y80.438
G0 X147.277 Y81.142
G0 X147.69 Y82.197
G0 X147.946 Y85.897
G0 X149.148 Y86.674
G0 X154.074 Y91.376
G0 X155.503 Y91.376
G0 X161.411 Y91.432
G0 X161.341 Y91.362
;TYPE:WALL-INNER
G1 F600 E1562.96252
G1 F3600 X161.341 Y79.668 E1563.14583
G1 X162.186 Y79.668 E1563.15908
G1 X162.186 Y92.255 E1563.35639
G1 X155.489 Y92.255 E1563.46136
G1 X155.489 Y91.362 E1563.47536
G1 X161.341 Y91.362 E1563.5671
G0 F10500 X160.841 Y90.862
;TYPE:WALL-OUTER
G1 F2700 X160.841 Y79.168 E1563.7504
G1 X162.686 Y79.168 E1563.77933
G1 X162.686 Y92.755 E1563.99231
G1 X154.989 Y92.755 E1564.11296
G1 X154.989 Y90.862 E1564.14264
G1 X160.841 Y90.862 E1564.23437
G0 F10500 X160.841 Y90.612
G0 X161.762 Y90.32
;TYPE:SKIN
G1 F2700 X161.762 Y90.673 E1564.23791
G1 X161.762 Y91.381 E1564.245
G1 X161.713 Y91.783 E1564.24906
G1 X161.89 Y91.96 E1564.25156
G1 X160.628 Y91.808 E1564.2643
G1 X159.92 Y91.808 E1564.27139
G0 F10500 X160.127 Y91.602
G0 X161.369 Y91.39
G0 X161.58 Y90.149
G0 X161.762 Y89.966
G1 F2700 X161.762 Y89.613 E1564.27565
G1 X161.751 Y80.079 E1564.39069
G0 F10500 X161.922 Y79.908
G0 X161.369 Y91.39
G0 X159.774 Y91.602
G0 X159.567 Y91.808
G1 F2700 X159.213 Y91.808 E1564.39581
G1 X156.031 Y91.808 E1564.4418
G1 X155.806 Y91.68 E1564.44554
G0 F10500 X155.885 Y91.755
G1 F600 E1563.44554
G0 F10500 X161.369 Y91.39
G0 X162.166 Y80.537
G0 X163.601 Y80.537
G0 X167.103 Y82.16
G0 X168.467 Y82.606
G0 X169.65 Y80.537
;TYPE:WALL-INNER
G1 F600 E1564.44554
G1 F3600 X169.81 Y80.052 E1564.45355
G1 X170.482 Y80.052 E1564.46408
G1 X170.638 Y80.54 E1564.47211
G1 X170.742 Y80.865 E1564.47746
G1 X170.401 Y80.865 E1564.48065
G1 X170.4 Y80.865 E1564.48066
G1 X169.888 Y80.865 E1564.48869
G1 X169.887 Y80.865 E1564.48871
G1 X169.543 Y80.865 E1564.4941
G1 X169.649 Y80.538 E1564.4973
G1 X169.65 Y80.537 E1564.49733
G0 F10500 X167.483 Y88.195
G0 X167.563 Y88.136
G1 F3600 X167.899 Y88.136 E1564.50259
G1 X167.9 Y88.136 E1564.50261
G1 X172.425 Y88.136 E1564.57354
G1 X172.426 Y88.136 E1564.57355
G1 X172.76 Y88.136 E1564.57879
G1 X172.664 Y87.816 E1564.58193
G1 X170.731 Y81.365 E1564.68749
G1 X169.617 Y81.365 E1564.70495
G1 X167.66 Y87.814 E1564.8106
G1 X167.563 Y88.136 E1564.81375
G0 F10500 X167.483 Y88.195
G0 X173.087 Y88.949
G0 X173.028 Y89.029
G1 F3600 X167.269 Y89.029 E1564.90403
G1 X166.251 Y92.255 E1564.95706
G1 X165.625 Y92.255 E1564.96687
G1 X165.624 Y92.255 E1564.96688
G1 X165.28 Y92.255 E1564.97228
G1 X165.387 Y91.928 E1564.97549
G1 X169.448 Y79.552 E1565.17966
G1 X170.847 Y79.552 E1565.20159
G1 X174.798 Y91.93 E1565.40527
G1 X174.902 Y92.255 E1565.41062
G1 X174.561 Y92.255 E1565.4138
G1 X174.56 Y92.255 E1565.41382
G1 X173.988 Y92.255 E1565.42279
G1 X173.028 Y89.029 E1565.47555
G0 F10500 X172.655 Y89.529
;TYPE:WALL-OUTER
G1 F2700 X167.636 Y89.529 E1565.55422
G1 X166.618 Y92.755 E1565.60725
G1 X164.935 Y92.755 E1565.63363
G1 X164.934 Y92.755 E1565.63365
G1 X164.59 Y92.755 E1565.63904
G1 X164.697 Y92.428 E1565.64225
G1 X169.086 Y79.052 E1565.86292
G1 X171.212 Y79.052 E1565.89625
G1 X175.483 Y92.43 E1566.11638
G1 X175.586 Y92.755 E1566.12173
G1 X175.246 Y92.755 E1566.12491
G1 X175.244 Y92.755 E1566.12494
G1 X173.615 Y92.755 E1566.15047
G1 X172.655 Y89.529 E1566.20323
G0 F10500 X172.405 Y89.529
G0 X172.405 Y88.929
G0 X167.531 Y88.159
G0 X167.664 Y87.462
G0 X168.237 Y87.636
G1 F2700 X172.088 Y87.636 E1566.2636
G1 X170.359 Y81.865 E1566.35804
G1 X169.988 Y81.865 E1566.36385
G1 X168.237 Y87.636 E1566.45839
G0 F10500 X168.487 Y87.636
G0 X168.45 Y88.582
;TYPE:SKIN
G1 F2700 X168.804 Y88.582 E1566.46386
G1 X169.864 Y88.582 E1566.48023
G0 F10500 X169.658 Y88.789
G0 X168.304 Y88.375
G0 X168.097 Y88.582
G1 F2700 X167.743 Y88.582 E1566.48508
G1 X167.39 Y88.582 E1566.48991
G1 X166.734 Y89.238 E1566.5026
G1 X166.23 Y90.802 E1566.52509
G1 X165.979 Y91.76 E1566.53864
G0 F10500 X165.725 Y92.015
G0 X166.59 Y89.028
G0 X166.916 Y88.701
G1 F2700 X167.076 Y88.188 E1566.54362
G1 X169.198 Y81.469 E1566.6089
G1 X169.203 Y81.112 E1566.6122
G1 X169.993 Y80.321 E1566.62256
G1 X170.956 Y81.126 E1566.63419
G1 X171.659 Y83.251 E1566.65493
G1 X173.163 Y88.112 E1566.70207
G1 X173.106 Y88.522 E1566.7059
G1 X173.414 Y88.921 E1566.71057
G1 X174.347 Y91.877 E1566.73929
G0 F10500 X174.485 Y91.74
G0 X173.051 Y88.997
G0 X172.486 Y88.789
G0 X172.693 Y88.582
G1 F2700 X172.339 Y88.582 E1566.74437
G1 X170.218 Y88.582 E1566.77479
G0 F10500 X170.011 Y88.636
G1 F600 E1565.77479
G0 F10500 X173.051 Y88.997
G0 X174.87 Y92.232
G0 X174.05 Y89.475
G0 X174.012 Y89.468
G0 X175.36 Y89.038
G0 X176.503 Y89.468
G0 X177.938 Y89.468
G0 X178.744 Y86.017
G0 X184.954 Y85.975
G0 X184.884 Y86.045
;TYPE:WALL-INNER
G1 F600 E1566.77479
G92 E0
G1 F3600 X178.772 Y86.045 E0.09581
G1 X178.772 Y92.255 E0.19315
G1 X177.918 Y92.255 E0.20654
G1 X177.918 Y79.552 E0.40567
G1 X178.772 Y79.552 E0.41905
G1 X178.772 Y85.142 E0.50668
G1 X184.884 Y85.142 E0.60249
G1 X184.884 Y79.552 E0.69011
G1 X185.729 Y79.552 E0.70336
G1 X185.729 Y92.255 E0.90248
G1 X184.884 Y92.255 E0.91573
G1 X184.884 Y86.045 E1.01307
G0 F10500 X184.384 Y86.545
;TYPE:WALL-OUTER
G1 F2700 X179.272 Y86.545 E1.09321
G1 X179.272 Y92.755 E1.19055
G1 X177.418 Y92.755 E1.21961
G1 X177.418 Y79.052 E1.43441
G1 X179.272 Y79.052 E1.46348
G1 X179.272 Y84.642 E1.5511
G1 X184.384 Y84.642 E1.63124
G1 X184.384 Y79.052 E1.71886
G1 X186.229 Y79.052 E1.74778
G1 X186.229 Y92.755 E1.96258
G1 X184.384 Y92.755 E1.9915
G1 X184.384 Y86.545 E2.08885
G0 F10500 X184.134 Y86.545
G0 X184.521 Y85.593
;TYPE:SKIN
G1 F2700 X184.874 Y85.593 E2.09335
G1 X185.252 Y85.569 E2.09817
G1 X185.305 Y83.747 E2.1214
G1 X185.305 Y80.212 E2.16645
G1 X185.248 Y79.916 E2.17029
G0 F10500 X185.373 Y79.791
G0 X184.912 Y85.17
G0 X184.379 Y85.381
G0 X184.167 Y85.593
G1 F2700 X183.813 Y85.593 E2.17967
G0 F10500 X184.025 Y85.381
G0 X185.123 Y86.052
G0 X185.305 Y85.869
G1 F2700 X185.305 Y86.222 E2.18386
G1 X185.305 Y91.526 E2.24686
G1 X185.329 Y91.855 E2.25077
G0 F10500 X185.171 Y92.014
G0 X184.912 Y86.017
G0 X183.248 Y85.805
G0 X183.46 Y85.593
G1 F2700 X183.106 Y85.593 E2.25504
G1 X178.864 Y85.593 E2.30616
G1 X178.344 Y86.113 E2.31502
G1 X178.344 Y91.77 E2.38318
G1 X178.492 Y91.976 E2.38624
G0 F10500 X178.531 Y91.937
G0 X178.157 Y85.946
G1 F2700 X178.722 Y85.381 E2.3925
G0 F10500 X178.344 Y85.406
G1 F2700 X178.344 Y85.052 E2.39674
G1 X178.344 Y80.102 E2.45596
G1 X178.229 Y79.864 E2.45912
G0 F10500 X178.272 Y79.936
G1 F600 E1.45912
G0 F10500 X178.744 Y85.17
G0 X184.912 Y85.17
G0 X185.715 Y92.241
G0 X185.715 Y93.67
G0 X185.715 Y94.767
G0 X185.715 Y95.682
G0 X191.15 Y96.479
G0 X191.25 Y96.549
;TYPE:WALL-OUTER
G1 F600 E2.45912
G1 F2700 X109.744 Y96.549 E3.73676
G1 X109.744 Y75.181 E4.07172
G1 X191.25 Y75.181 E5.34936
G1 X191.25 Y96.549 E5.68431
G0 F10500 X191 Y96.549
G0 X191 Y96.449
G0 X110.34 Y95.71
G0 X110.298 Y75.978
G0 X110.368 Y76.048
G1 F2700 X110.368 Y95.682 E5.99209
G1 X190.383 Y95.682 E7.24636
G1 X190.383 Y76.048 E7.55413
G1 X110.368 Y76.048 E8.8084
G0 F10500 X110.368 Y76.298
G0 X110.054 Y76.267
;TYPE:SKIN
G1 F2700 X110.054 Y76.62 E8.81224
G1 X110.054 Y95.712 E9.01976
G1 X110.091 Y96.029 E9.02323
G1 X111.066 Y96.115 E9.03387
G1 X176.473 Y96.115 E9.74483
G1 X190.262 Y96.115 E9.89471
G1 X190.815 Y95.561 E9.90322
G1 X190.815 Y75.762 E10.11843
G0 F10500 X190.61 Y75.614
G1 F2700 X190.256 Y75.614 E10.12273
G1 X124.849 Y75.614 E10.91781
G1 X110.353 Y75.614 E11.09402
G1 X110.088 Y75.526 E11.09741
G1 X110.054 Y75.913 E11.10214
G0 F10500 X109.983 Y75.985
G0 X110.34 Y95.71
G0 X190.422 Y96.309
G1 F2700 X191.009 Y95.722 E11.10864
G0 F10500 X191.009 Y96.076
G1 F2700 X190.775 Y96.309 E11.11123
G0 F10500 X190.75 Y96.049
G1 F600 E10.11123
G0 F10500 X190.68 Y75.201
G0 X190.68 Y74.266
G0 X190.68 Y64.596
G0 X190.68 Y63.161
G0 X190.68 Y63.111
G0 X190.75 Y63.181
;TYPE:WALL-INNER
G1 F600 E11.11123
G1 F3600 X99.25 Y63.181 E12.54554
G1 X99.25 Y62.681 E12.55337
G1 X190.75 Y62.681 E13.98768
G1 X190.75 Y63.181 E13.99552
G0 F10500 X191.25 Y63.681
;TYPE:WALL-OUTER
G1 F2700 X98.75 Y63.681 E15.4455
G1 X98.75 Y62.181 E15.46901
G1 X191.25 Y62.181 E16.91899
G1 X191.25 Y63.681 E16.9425
G0 F10500 X191 Y63.681
G1 F600 E15.9425
G0 F10500 X190.68 Y63.111
G0 X190.68 Y62.701
G0 X190.68 Y61.266
G0 X190.68 Y60.596
G0 X190.68 Y59.161
G0 X190.68 Y59.111
G0 X190.75 Y59.181
;TYPE:WALL-INNER
G1 F600 E16.9425
G1 F3600 X99.25 Y59.181 E18.37681
G1 X99.25 Y58.681 E18.38465
G1 X190.75 Y58.681 E19.81895
G1 X190.75 Y59.181 E19.82679
G0 F10500 X191.25 Y59.681
;TYPE:WALL-OUTER
G1 F2700 X98.75 Y59.681 E21.27677
G1 X98.75 Y58.181 E21.30028
G1 X191.25 Y58.181 E22.75026
G1 X191.25 Y59.681 E22.77378
G0 F10500 X191 Y59.681
G1 F600 E21.77378
G0 F10500 X190.68 Y59.111
G0 X190.68 Y58.701
G0 X190.68 Y57.266
G0 X190.68 Y56.596
G0 X190.68 Y55.161
G0 X190.68 Y55.111
G0 X190.75 Y55.181
;TYPE:WALL-INNER
G1 F600 E22.77378
G1 F3600 X99.25 Y55.181 E24.20808
G1 X99.25 Y54.681 E24.21592
G1 X190.75 Y54.681 E25.65022
G1 X190.75 Y55.181 E25.65806
G0 F10500 X191.25 Y55.681
;TYPE:WALL-OUTER
G1 F2700 X98.75 Y55.681 E27.10804
G1 X98.75 Y54.181 E27.13155
G1 X191.25 Y54.181 E28.58153
G1 X191.25 Y55.681 E28.60505
G0 F10500 X191 Y55.681
G1 F600 E27.60505
G0 F10500 X190.68 Y55.111
G0 X190.68 Y54.701
G0 X190.68 Y53.266
G0 X190.68 Y52.596
G0 X190.68 Y51.161
G0 X190.68 Y51.111
G0 X190.75 Y51.181
;TYPE:WALL-INNER
G1 F600 E28.60505
G1 F3600 X99.25 Y51.181 E30.03935
G1 X99.25 Y50.681 E30.04719
G1 X190.75 Y50.681 E31.4815
G1 X190.75 Y51.181 E31.48933
G0 F10500 X191.25 Y51.681
;TYPE:WALL-OUTER
G1 F2700 X98.75 Y51.681 E32.93931
G1 X98.75 Y50.181 E32.96283
G1 X191.25 Y50.181 E34.41281
G1 X191.25 Y51.681 E34.43632
G0 F10500 X191 Y51.681
G1 F600 E33.43632
G0 F10500 X190.68 Y51.111
G0 X190.68 Y50.701
G0 X190.68 Y49.266
G0 X190.68 Y48.596
G0 X190.68 Y47.161
G0 X190.68 Y47.111
G0 X190.75 Y47.181
;TYPE:WALL-INNER
G1 F600 E34.43632
G1 F3600 X99.25 Y47.181 E35.87063
G1 X99.25 Y46.681 E35.87846
G1 X190.75 Y46.681 E37.31277
G1 X190.75 Y47.181 E37.32061
G0 F10500 X191.25 Y47.681
;TYPE:WALL-OUTER
G1 F2700 X98.75 Y47.681 E38.77059
G1 X98.75 Y46.181 E38.7941
G1 X191.25 Y46.181 E40.24408
G1 X191.25 Y47.681 E40.26759
G0 F10500 X191 Y47.681
G1 F600 E39.26759
G0 F10500 X190.68 Y47.111
G0 X190.68 Y46.701
G0 X190.68 Y45.266
G0 X190.68 Y44.596
G0 X190.68 Y43.161
G0 X190.68 Y43.111
G0 X190.75 Y43.181
;TYPE:WALL-INNER
G1 F600 E40.26759
G1 F3600 X99.25 Y43.181 E41.7019
G1 X99.25 Y42.681 E41.70974
G1 X190.75 Y42.681 E43.14404
G1 X190.75 Y43.181 E43.15188
G0 F10500 X191.25 Y43.681
;TYPE:WALL-OUTER
G1 F2700 X98.75 Y43.681 E44.60186
G1 X98.75 Y42.181 E44.62537
G1 X191.25 Y42.181 E46.07535
G1 X191.25 Y43.681 E46.09887
G0 F10500 X191 Y43.681
G1 F600 E45.09887
G0 F10500 X190.68 Y43.111
G0 X190.68 Y42.701
G0 X190.68 Y41.266
G0 X190.68 Y40.596
G0 X190.68 Y39.161
G0 X190.68 Y39.111
G0 X190.75 Y39.181
;TYPE:WALL-INNER
G1 F600 E46.09887
G1 F3600 X99.25 Y39.181 E47.53317
G1 X99.25 Y38.681 E47.54101
G1 X190.75 Y38.681 E48.97531
G1 X190.75 Y39.181 E48.98315
G0 F10500 X191.25 Y39.681
;TYPE:WALL-OUTER
G1 F2700 X98.75 Y39.681 E50.43313
G1 X98.75 Y38.181 E50.45664
G1 X191.25 Y38.181 E51.90662
G1 X191.25 Y39.681 E51.93014
G0 F10500 X191 Y39.681
G1 F600 E50.93014
G0 F10500 X190.68 Y39.111
G0 X190.68 Y38.701
G0 X190.68 Y37.266
G0 X190.68 Y36.596
G0 X190.68 Y35.161
G0 X190.68 Y35.111
G0 X190.75 Y35.181
;TYPE:WALL-INNER
G1 F600 E51.93014
G1 F3600 X99.25 Y35.181 E53.36444
G1 X99.25 Y34.681 E53.37228
G1 X190.75 Y34.681 E54.80659
G1 X190.75 Y35.181 E54.81442
G0 F10500 X191.25 Y35.681
;TYPE:WALL-OUTER
G1 F2700 X98.75 Y35.681 E56.2644
G1 X98.75 Y34.181 E56.28792
G1 X191.25 Y34.181 E57.7379
G1 X191.25 Y35.681 E57.76141
G0 F10500 X191 Y35.681
G1 F600 E56.76141
G0 F10500 X190.68 Y35.111
G0 X190.68 Y34.701
G0 X190.68 Y33.266
G0 X190.68 Y32.596
G0 X190.68 Y31.161
G0 X190.68 Y31.111
G0 X190.75 Y31.181
;TYPE:WALL-INNER
G1 F600 E57.76141
G1 F3600 X99.25 Y31.181 E59.19572
G1 X99.25 Y30.681 E59.20355
G1 X190.75 Y30.681 E60.63786
G1 X190.75 Y31.181 E60.6457
G0 F10500 X191.25 Y31.681
;TYPE:WALL-OUTER
G1 F2700 X98.75 Y31.681 E62.09568
G1 X98.75 Y30.181 E62.11919
G1 X191.25 Y30.181 E63.56917
G1 X191.25 Y31.681 E63.59268
G0 F10500 X191 Y31.681
G1 F600 E62.59268
G0 F10500 X190.68 Y31.111
G0 X190.68 Y30.701
G0 X190.68 Y29.266
G0 X190.68 Y28.596
G0 X190.68 Y27.161
G0 X190.68 Y27.111
G0 X190.75 Y27.181
;TYPE:WALL-INNER
G1 F600 E63.59268
G1 F3600 X99.25 Y27.181 E65.02699
G1 X99.25 Y26.681 E65.03483
G1 X190.75 Y26.681 E66.46913
G1 X190.75 Y27.181 E66.47697
G0 F10500 X191.25 Y27.681
;TYPE:WALL-OUTER
G1 F2700 X98.75 Y27.681 E67.92695
G1 X98.75 Y26.181 E67.95046
G1 X191.25 Y26.181 E69.40044
G1 X191.25 Y27.681 E69.42396
G0 F10500 X191 Y27.681
G1 F600 E68.42396
;MESH:NONMESH
G0 F10500 X190.68 Y27.111
G0 X118.109 Y27.161
G0 X118.109 Y28.596
G0 X98.372 Y29.27
G0 X97.839 Y29.803
G0 X97.839 Y64.059
G0 X98.372 Y64.592
G0 X118.261 Y74.264
G0 X118.261 Y74.344
G0 X118.27 Y76.882
G0 X118.27 Y76.926
G0 X118.275 Y78.098
G0 X118.107 Y79.52
G0 X118.109 Y80.103
G0 X118.109 Y80.203
;TIME_ELAPSED:3486.410957
;LAYER:14
;MESH:
G0 X118.109 Y80.203 Z3
;TYPE:WALL-INNER
G1 F600 E69.42396
G1 F3600 X117.029 Y80.595 E69.44197
G1 X116.346 Y81.573 E69.46066
G1 X116.013 Y83.254 E69.48753
G1 X115.913 Y86 E69.5306
G1 X116.013 Y88.74 E69.57358
G1 X116.346 Y90.418 E69.6004
G1 X117.029 Y91.396 E69.6191
G1 X118.108 Y91.788 E69.63709
G1 X119.176 Y91.397 E69.65492
G1 X119.862 Y90.426 E69.67356
G1 X120.199 Y88.747 E69.7004
G1 X120.3 Y86 E69.74349
G1 X120.199 Y83.253 E69.78658
G1 X119.863 Y81.571 E69.81347
G1 X119.178 Y80.596 E69.83214
G1 X118.109 Y80.203 E69.85
G0 F10500 X118.712 Y79.574
G1 F3600 X119.252 Y79.801 E69.85918
G1 X119.744 Y80.188 E69.86899
G1 X120.2 Y80.759 E69.88045
G1 X120.588 Y81.569 E69.89453
G1 X120.886 Y82.711 E69.91303
G1 X121.071 Y84.173 E69.93613
G1 X121.134 Y85.971 E69.96433
G1 X121.071 Y87.804 E69.99308
G1 X120.886 Y89.288 E70.01652
G1 X120.588 Y90.437 E70.03513
G1 X120.202 Y91.244 E70.04915
G1 X119.747 Y91.808 E70.06051
G1 X119.248 Y92.195 E70.07041
G1 X118.711 Y92.416 E70.07951
G1 X118.098 Y92.491 E70.08919
G1 X117.492 Y92.417 E70.09876
G1 X116.952 Y92.19 E70.10794
G1 X116.459 Y91.803 E70.11777
G1 X116.006 Y91.235 E70.12916
G1 X115.614 Y90.417 E70.14338
G1 X115.317 Y89.271 E70.16193
G1 X115.133 Y87.808 E70.18505
G1 X115.069 Y86 E70.21341
G1 X115.133 Y84.186 E70.24186
G1 X115.318 Y82.716 E70.26508
G1 X115.614 Y81.575 E70.28356
G1 X116.006 Y80.756 E70.29779
G1 X116.459 Y80.188 E70.30918
G1 X116.956 Y79.8 E70.31907
G1 X117.493 Y79.576 E70.32819
G1 X118.107 Y79.5 E70.33789
G1 X118.712 Y79.574 E70.34744
G0 F10500 X118.843 Y79.087
;TYPE:WALL-OUTER
G1 F2700 X119.507 Y79.366 E70.35873
G1 X120.1 Y79.831 E70.37054
G1 X120.626 Y80.491 E70.38377
G1 X121.06 Y81.397 E70.39952
G1 X121.378 Y82.615 E70.41925
G1 X121.57 Y84.136 E70.44328
G1 X121.635 Y85.971 E70.47207
G1 X121.57 Y87.839 E70.50137
G1 X121.378 Y89.382 E70.52574
G1 X121.06 Y90.61 E70.54562
G1 X120.628 Y91.512 E70.5613
G1 X120.098 Y92.168 E70.57452
G1 X119.502 Y92.631 E70.58635
G1 X118.84 Y92.904 E70.59758
G1 X118.098 Y92.995 E70.6093
G1 X117.361 Y92.904 E70.62094
G1 X116.697 Y92.625 E70.63223
G1 X116.104 Y92.16 E70.64404
G1 X115.58 Y91.503 E70.65721
G1 X115.142 Y90.589 E70.6731
G1 X114.825 Y89.367 E70.69289
G1 X114.634 Y87.843 E70.71696
G1 X114.568 Y86 E70.74587
G1 X114.634 Y84.151 E70.77488
G1 X114.826 Y82.622 E70.79903
G1 X115.142 Y81.402 E70.81879
G1 X115.58 Y80.488 E70.83467
G1 X116.104 Y79.831 E70.84785
G1 X116.7 Y79.365 E70.85971
G1 X117.364 Y79.088 E70.87098
G1 X118.107 Y78.996 E70.88272
G1 X118.843 Y79.087 E70.89435
G0 F10500 X119.073 Y79.183
G0 X118.841 Y79.736
G0 X118.314 Y80.173
G0 X118.108 Y80.735
G1 F2700 X117.348 Y81.011 E70.90702
G1 X116.816 Y81.773 E70.92159
G1 X116.511 Y83.312 E70.94618
G1 X116.413 Y86 E70.98835
G1 X116.511 Y88.682 E71.03042
G1 X116.816 Y90.218 E71.05496
G1 X117.348 Y90.98 E71.06953
G1 X118.107 Y91.256 E71.08219
G1 X118.858 Y90.981 E71.09473
G1 X119.393 Y90.224 E71.10926
G1 X119.701 Y88.688 E71.13381
G1 X119.8 Y86 E71.17598
G1 X119.701 Y83.312 E71.21814
G1 X119.393 Y81.772 E71.24276
G1 X118.859 Y81.011 E71.25733
G1 X118.108 Y80.735 E71.26988
G0 F10500 X117.873 Y80.82
G0 X117.485 Y80.009
;TYPE:SKIN
G1 F2700 X117.231 Y80.108 E71.27231
G1 X116.619 Y80.557 E71.2791
G1 X116.055 Y81.407 E71.28821
G1 X115.969 Y81.674 E71.29072
G0 F10500 X116.063 Y81.768
G0 X117.005 Y80.564
G0 X117.865 Y80.035
G0 X117.748 Y79.918
G1 F2700 X118.044 Y79.86 E71.29354
G1 X118.998 Y80.107 E71.30275
G1 X119.814 Y80.923 E71.31354
G1 X120.264 Y81.727 E71.32215
G1 X120.6 Y83.477 E71.33881
G1 X120.709 Y86.061 E71.36299
G1 X120.568 Y88.748 E71.38814
G1 X120.185 Y90.486 E71.40478
G1 X119.49 Y91.559 E71.41673
G1 X118.56 Y92.044 E71.42654
G1 X117.879 Y92.07 E71.43291
G1 X117.4 Y91.944 E71.43754
G1 X116.653 Y91.551 E71.44543
G1 X115.901 Y90.092 E71.46077
G1 X115.594 Y88.37 E71.47712
G1 X115.497 Y85.798 E71.50118
G1 X115.648 Y83.121 E71.52625
G1 X115.897 Y81.956 E71.53739
G0 F10500 X115.78 Y81.861
G1 F600 E70.53739
G0 F10500 X117.005 Y80.564
G0 X118.109 Y80.163
G0 X119.202 Y80.565
G0 X120.607 Y81.8
G0 X120.687 Y81.799
G0 X120.648 Y81.801
G0 X122.014 Y81.441
G0 X123.293 Y81.223
G0 X124.681 Y81.581
G0 X125.916 Y80.666
G0 X127.158 Y80.103
G0 X127.158 Y80.203
;TYPE:WALL-INNER
G1 F600 E71.53739
G1 F3600 X126.078 Y80.595 E71.5554
G1 X125.395 Y81.573 E71.5741
G1 X125.062 Y83.254 E71.60096
G1 X124.962 Y86 E71.64403
G1 X125.062 Y88.74 E71.68701
G1 X125.395 Y90.418 E71.71383
G1 X126.078 Y91.396 E71.73253
G1 X127.157 Y91.788 E71.75052
G1 X128.225 Y91.397 E71.76835
G1 X128.911 Y90.426 E71.78699
G1 X129.248 Y88.747 E71.81383
G1 X129.349 Y86 E71.85692
G1 X129.248 Y83.253 E71.90001
G1 X128.912 Y81.571 E71.9269
G1 X128.227 Y80.596 E71.94558
G1 X127.158 Y80.203 E71.96343
G0 F10500 X127.761 Y79.574
G1 F3600 X128.301 Y79.801 E71.97261
G1 X128.793 Y80.188 E71.98242
G1 X129.249 Y80.759 E71.99388
G1 X129.637 Y81.569 E72.00796
G1 X129.935 Y82.711 E72.02646
G1 X130.12 Y84.173 E72.04956
G1 X130.183 Y85.971 E72.07776
G1 X130.12 Y87.804 E72.10651
G1 X129.935 Y89.288 E72.12995
G1 X129.637 Y90.437 E72.14856
G1 X129.251 Y91.244 E72.16258
G1 X128.796 Y91.808 E72.17394
G1 X128.297 Y92.195 E72.18384
G1 X127.76 Y92.416 E72.19294
G1 X127.147 Y92.491 E72.20262
G1 X126.541 Y92.417 E72.21219
G1 X126.001 Y92.19 E72.22138
G1 X125.508 Y91.803 E72.2312
G1 X125.055 Y91.235 E72.24259
G1 X124.663 Y90.417 E72.25681
G1 X124.366 Y89.271 E72.27537
G1 X124.182 Y87.808 E72.29848
G1 X124.119 Y86 E72.32684
G1 X124.182 Y84.186 E72.35529
G1 X124.367 Y82.716 E72.37851
G1 X124.663 Y81.575 E72.39699
G1 X125.055 Y80.756 E72.41123
G1 X125.509 Y80.189 E72.42261
G1 X126.004 Y79.801 E72.43247
G1 X126.546 Y79.575 E72.44168
G1 X127.157 Y79.5 E72.45133
G1 X127.761 Y79.574 E72.46086
G0 F10500 X127.892 Y79.087
;TYPE:WALL-OUTER
G1 F2700 X128.556 Y79.366 E72.47215
G1 X129.149 Y79.831 E72.48397
G1 X129.675 Y80.491 E72.4972
G1 X130.109 Y81.397 E72.51294
G1 X130.427 Y82.615 E72.53268
G1 X130.619 Y84.136 E72.55671
G1 X130.684 Y85.971 E72.58549
G1 X130.619 Y87.839 E72.61479
G1 X130.427 Y89.382 E72.63916
G1 X130.109 Y90.61 E72.65905
G1 X129.677 Y91.512 E72.67473
G1 X129.147 Y92.168 E72.68794
G1 X128.551 Y92.631 E72.69978
G1 X127.889 Y92.904 E72.711
G1 X127.147 Y92.995 E72.72272
G1 X126.41 Y92.904 E72.73436
G1 X125.746 Y92.625 E72.74565
G1 X125.153 Y92.16 E72.75746
G1 X124.629 Y91.503 E72.77063
G1 X124.191 Y90.589 E72.78652
G1 X123.874 Y89.367 E72.80631
G1 X123.683 Y87.843 E72.83039
G1 X123.618 Y86 E72.8593
G1 X123.683 Y84.151 E72.8883
G1 X123.875 Y82.622 E72.91245
G1 X124.191 Y81.402 E72.93221
G1 X124.629 Y80.488 E72.9481
G1 X125.154 Y79.831 E72.96128
G1 X125.75 Y79.365 E72.97314
G1 X126.415 Y79.088 E72.98443
G1 X127.156 Y78.996 E72.99614
G1 X127.892 Y79.087 E73.00776
G0 F10500 X128.122 Y79.183
G0 X127.89 Y79.736
G0 X127.363 Y80.173
G0 X127.157 Y80.735
G1 F2700 X126.397 Y81.011 E73.02044
G1 X125.865 Y81.773 E73.035
G1 X125.56 Y83.312 E73.0596
G1 X125.462 Y86 E73.10176
G1 X125.56 Y88.682 E73.14383
G1 X125.865 Y90.218 E73.16838
G1 X126.397 Y90.98 E73.18295
G1 X127.156 Y91.256 E73.19561
G1 X127.907 Y90.981 E73.20814
G1 X128.442 Y90.224 E73.22267
G1 X128.75 Y88.688 E73.24723
G1 X128.849 Y86 E73.28939
G1 X128.75 Y83.312 E73.33156
G1 X128.442 Y81.772 E73.35618
G1 X127.908 Y81.011 E73.37075
G1 X127.157 Y80.735 E73.38329
G0 F10500 X126.922 Y80.82
G0 X126.638 Y79.969
;TYPE:SKIN
G1 F2700 X126.384 Y80.068 E73.38579
G1 X126.14 Y80.178 E73.38825
G1 X127.27 Y79.894 E73.39894
G1 X127.747 Y80.018 E73.40346
G1 X128.571 Y80.488 E73.41216
G1 X129.201 Y81.472 E73.42289
G1 X129.56 Y82.891 E73.43631
G1 X129.71 Y84.455 E73.45073
G1 X129.73 Y86.95 E73.47362
G1 X129.598 Y88.94 E73.49192
G1 X129.173 Y90.635 E73.50796
G1 X128.434 Y91.665 E73.51959
G1 X127.443 Y92.088 E73.52947
G1 X126.644 Y91.995 E73.53685
G1 X125.757 Y91.462 E73.54635
G0 F10500 X125.019 Y90.371
G1 F2700 X124.908 Y89.906 E73.55078
G1 X124.63 Y88.214 E73.5667
G1 X124.551 Y85.66 E73.59041
G1 X124.715 Y82.996 E73.61518
G1 X125.157 Y81.317 E73.63129
G1 X125.911 Y80.303 E73.64302
G1 X126.913 Y79.89 E73.65307
G0 F10500 X126.964 Y80.027
G1 F600 E72.65307
G0 F10500 X128.122 Y80.511
G0 X129.619 Y81.575
G0 X131.003 Y81.21
G0 X132.342 Y81.223
G0 X133.73 Y81.581
G0 X134.966 Y80.666
G0 X136.206 Y80.103
G0 X136.206 Y80.203
;TYPE:WALL-INNER
G1 F600 E73.65307
G1 F3600 X135.128 Y80.595 E73.67105
G1 X134.444 Y81.573 E73.68976
G1 X134.111 Y83.254 E73.71662
G1 X134.011 Y86 E73.7597
G1 X134.111 Y88.74 E73.80268
G1 X134.444 Y90.418 E73.82949
G1 X135.128 Y91.396 E73.8482
G1 X136.205 Y91.788 E73.86617
G1 X137.274 Y91.397 E73.88401
G1 X137.96 Y90.426 E73.90265
G1 X138.297 Y88.747 E73.92949
G1 X138.398 Y86 E73.97258
G1 X138.297 Y83.253 E74.01567
G1 X137.961 Y81.571 E74.04256
G1 X137.276 Y80.596 E74.06123
G1 X136.206 Y80.203 E74.0791
G0 F10500 X136.81 Y79.574
G1 F3600 X137.35 Y79.801 E74.08829
G1 X137.842 Y80.188 E74.0981
G1 X138.298 Y80.759 E74.10955
G1 X138.686 Y81.569 E74.12363
G1 X138.984 Y82.711 E74.14213
G1 X139.169 Y84.173 E74.16523
G1 X139.232 Y85.971 E74.19343
G1 X139.169 Y87.804 E74.22218
G1 X138.984 Y89.288 E74.24563
G1 X138.686 Y90.437 E74.26423
G1 X138.3 Y91.244 E74.27826
G1 X137.845 Y91.808 E74.28962
G1 X137.346 Y92.195 E74.29951
G1 X136.809 Y92.416 E74.30862
G1 X136.196 Y92.491 E74.3183
G1 X135.59 Y92.417 E74.32787
G1 X135.05 Y92.19 E74.33705
G1 X134.557 Y91.803 E74.34687
G1 X134.104 Y91.235 E74.35826
G1 X133.712 Y90.417 E74.37248
G1 X133.415 Y89.271 E74.39104
G1 X133.231 Y87.808 E74.41415
G1 X133.168 Y86 E74.44251
G1 X133.231 Y84.186 E74.47096
G1 X133.416 Y82.716 E74.49419
G1 X133.712 Y81.575 E74.51267
G1 X134.104 Y80.756 E74.5269
G1 X134.558 Y80.189 E74.53829
G1 X135.053 Y79.801 E74.54814
G1 X135.595 Y79.575 E74.55735
G1 X136.206 Y79.5 E74.567
G1 X136.81 Y79.574 E74.57654
G0 F10500 X136.941 Y79.087
;TYPE:WALL-OUTER
G1 F2700 X137.605 Y79.366 E74.58783
G1 X138.198 Y79.831 E74.59964
G1 X138.724 Y80.491 E74.61287
G1 X139.158 Y81.397 E74.62862
G1 X139.476 Y82.615 E74.64835
G1 X139.668 Y84.136 E74.67238
G1 X139.733 Y85.971 E74.70116
G1 X139.668 Y87.839 E74.73046
G1 X139.476 Y89.382 E74.75484
G1 X139.158 Y90.61 E74.77472
G1 X138.726 Y91.512 E74.7904
G1 X138.196 Y92.168 E74.80362
G1 X137.6 Y92.631 E74.81545
G1 X136.938 Y92.904 E74.82667
G1 X136.196 Y92.995 E74.83839
G1 X135.459 Y92.904 E74.85003
G1 X134.795 Y92.625 E74.86132
G1 X134.202 Y92.16 E74.87314
G1 X133.678 Y91.503 E74.88631
G1 X133.24 Y90.589 E74.9022
G1 X132.923 Y89.367 E74.92199
G1 X132.732 Y87.843 E74.94606
G1 X132.667 Y86 E74.97497
G1 X132.732 Y84.151 E75.00397
G1 X132.924 Y82.622 E75.02813
G1 X133.24 Y81.402 E75.04788
G1 X133.678 Y80.488 E75.06377
G1 X134.203 Y79.831 E75.07695
G1 X134.799 Y79.365 E75.08881
G1 X135.464 Y79.088 E75.10011
G1 X136.205 Y78.996 E75.11181
G1 X136.941 Y79.087 E75.12344
G0 F10500 X137.171 Y79.183
G0 X136.939 Y79.736
G0 X136.411 Y80.173
G0 X136.205 Y80.735
G1 F2700 X135.447 Y81.011 E75.13608
G1 X134.914 Y81.773 E75.15066
G1 X134.609 Y83.312 E75.17525
G1 X134.511 Y86 E75.21741
G1 X134.609 Y88.682 E75.25948
G1 X134.914 Y90.218 E75.28403
G1 X135.447 Y90.98 E75.29861
G1 X136.205 Y91.256 E75.31125
G1 X136.956 Y90.981 E75.32379
G1 X137.491 Y90.224 E75.33832
G1 X137.799 Y88.688 E75.36288
G1 X137.898 Y86 E75.40504
G1 X137.799 Y83.312 E75.44721
G1 X137.491 Y81.772 E75.47182
G1 X136.957 Y81.011 E75.4864
G1 X136.205 Y80.735 E75.49895
G0 F10500 X135.97 Y80.82
G0 X135.535 Y80.028
;TYPE:SKIN
G1 F2700 X135.791 Y79.93 E75.50142
G1 X134.846 Y80.398 E75.51092
G1 X134.137 Y81.457 E75.52241
G1 X133.74 Y83.182 E75.53835
G1 X133.594 Y85.864 E75.56255
G1 X133.698 Y88.443 E75.5858
G1 X134.019 Y90.178 E75.6017
G1 X134.739 Y91.606 E75.6161
G1 X135.887 Y92.046 E75.62718
G1 X136.609 Y92.061 E75.63369
G1 X137.556 Y91.594 E75.6432
G1 X138.266 Y90.536 E75.65468
G1 X138.661 Y88.81 E75.67063
G1 X138.807 Y86.127 E75.69483
G1 X138.704 Y83.55 E75.71807
G1 X138.382 Y81.814 E75.73397
G1 X137.656 Y80.38 E75.74845
G1 X136.51 Y79.941 E75.75951
G1 X136.078 Y79.863 E75.76346
G0 F10500 X135.924 Y79.775
G1 F600 E74.76346
G0 F10500 X137.3 Y80.565
G0 X137.927 Y81.456
G0 X139.15 Y84.174
G0 X142.26 Y84.296
G0 X142.816 Y85.165
;TYPE:WALL-INNER
G1 F600 E75.76346
G1 F3600 X143.068 Y85.734 E75.77322
G1 X143.146 Y85.91 E75.77624
G1 X142.755 Y86.079 E75.78094
G1 X142.687 Y86.109 E75.78211
G1 X142.68 Y85.929 E75.78306
G1 X142.679 Y85.906
G1 X142.679 Y85.892
G1 X142.708 Y85.162 E75.78962
G1 X142.738 Y84.419 E75.80128
G1 X142.816 Y85.165 E75.80263
G0 F10500 X142.841 Y86.5
G0 X142.927 Y86.55
G1 F3600 X143.216 Y89.183 E75.84415
G1 X143.68 Y90.607 E75.86763
G1 X144.475 Y91.474 E75.88607
G1 X145.531 Y91.78 E75.9033
G1 X146.381 Y91.611 E75.91688
G1 X147.023 Y91.103 E75.92972
G1 X147.402 Y90.371 E75.94264
G1 X147.422 Y90.267 E75.9443
G1 X147.775 Y90.315 E75.94988
G1 X148.051 Y90.352 E75.95425
G1 X147.984 Y90.622 E75.95699
G1 X147.892 Y90.987 E75.96289
G1 X147.337 Y91.853 E75.97901
G1 X146.624 Y92.33 E75.99246
G1 X145.684 Y92.5 E76.00743
G1 X144.993 Y92.418 E76.01834
G1 X144.351 Y92.165 E76.02916
G1 X143.773 Y91.741 E76.04039
G1 X143.244 Y91.119 E76.05319
G1 X142.797 Y90.268 E76.06826
G1 X142.459 Y89.115 E76.08709
G1 X142.249 Y87.665 E76.11006
G1 X142.178 Y85.913 E76.13755
G1 X142.246 Y84.193 E76.16453
G1 X142.449 Y82.763 E76.18717
G1 X142.769 Y81.654 E76.20526
G1 X143.198 Y80.824 E76.21991
G1 X143.7 Y80.226 E76.23215
G1 X144.246 Y79.815 E76.24286
G1 X144.825 Y79.579 E76.25266
G1 X145.481 Y79.499 E76.26302
G1 X146.073 Y79.561 E76.27235
G1 X146.598 Y79.744 E76.28107
G1 X147.092 Y80.059 E76.29025
G1 X147.549 Y80.511 E76.30033
G1 X147.936 Y81.09 E76.31124
G1 X148.22 Y81.787 E76.32304
G1 X148.394 Y82.601 E76.33609
G1 X148.455 Y83.576 E76.3514
G1 X148.398 Y84.465 E76.36537
G1 X148.233 Y85.237 E76.37774
G1 X147.963 Y85.906 E76.38905
G1 X147.595 Y86.472 E76.39963
G1 X147.162 Y86.925 E76.40946
G1 X146.732 Y87.225 E76.41768
G1 X146.291 Y87.398 E76.4251
G1 X145.836 Y87.454 E76.43229
G1 X145.638 Y87.429 E76.43542
G1 X145.417 Y87.402 E76.43891
G1 X145.308 Y87.358 E76.44075
G1 X145.045 Y87.251 E76.4452
G1 X144.691 Y86.985 E76.45214
G1 X144.49 Y86.75 E76.45699
G1 X144.403 Y86.648 E76.45909
G1 X144.502 Y86.739 E76.45912
G1 X144.738 Y86.8 E76.45965
G1 X145.135 Y86.904 E76.46355
G1 X145.457 Y86.989 E76.46759
G1 X145.672 Y86.933 E76.47078
G1 X146.442 Y86.73 E76.48326
G1 X147.2 Y86.006 E76.49969
G1 X147.641 Y84.932 E76.51789
G1 X147.77 Y83.562 E76.53946
G1 X147.652 Y82.206 E76.5608
G1 X147.244 Y81.164 E76.57834
G1 X146.519 Y80.472 E76.59405
G1 X145.562 Y80.223 E76.60955
G1 X144.573 Y80.514 E76.62571
G1 X143.798 Y81.289 E76.64289
G1 X143.319 Y82.398 E76.66183
G1 X143.173 Y83.772 E76.68349
G1 X143.305 Y85.035 E76.7034
G1 X143.679 Y85.879 E76.71787
G1 X143.754 Y86.049 E76.72078
G1 X143.859 Y86.146 E76.72302
G1 X143.807 Y86.168
G1 X143.637 Y86.242 E76.72516
G1 X142.927 Y86.55 E76.73729
G0 F10500 X143.803 Y86.715
;TYPE:WALL-OUTER
G1 F2700 X143.464 Y86.862 E76.74309
G1 X143.487 Y87.072 E76.7464
G1 X143.707 Y89.077 E76.77801
G1 X144.122 Y90.349 E76.79899
G1 X144.749 Y91.033 E76.81353
G1 X145.553 Y91.266 E76.82665
G1 X146.165 Y91.144 E76.83644
G1 X146.628 Y90.778 E76.84569
G1 X146.925 Y90.204 E76.85582
G1 X147.023 Y89.709 E76.86373
G1 X148.397 Y89.895 E76.88546
G1 X148.673 Y89.932 E76.88983
G1 X148.605 Y90.202 E76.89256
G1 X148.357 Y91.186 E76.90847
G1 X147.701 Y92.212 E76.92756
G1 X146.816 Y92.803 E76.94424
G1 X145.701 Y93.005 E76.96201
G1 X144.869 Y92.906 E76.97514
G1 X144.106 Y92.606 E76.98799
G1 X143.43 Y92.109 E77.00114
G1 X142.827 Y91.401 E77.01572
G1 X142.331 Y90.455 E77.03247
G1 X141.969 Y89.222 E77.05261
G1 X141.75 Y87.709 E77.07657
G1 X141.677 Y85.913 E77.10475
G1 X141.747 Y84.152 E77.13238
G1 X141.959 Y82.66 E77.156
G1 X142.303 Y81.467 E77.17546
G1 X142.78 Y80.544 E77.19175
G1 X143.352 Y79.863 E77.20569
G1 X143.998 Y79.376 E77.21837
G1 X144.696 Y79.091 E77.23019
G1 X145.477 Y78.996 E77.24252
G1 X146.182 Y79.07 E77.25363
G1 X146.82 Y79.292 E77.26422
G1 X147.404 Y79.664 E77.27508
G1 X147.938 Y80.193 E77.28686
G1 X148.379 Y80.853 E77.2993
G1 X148.7 Y81.639 E77.31261
G1 X148.891 Y82.532 E77.32692
G1 X148.956 Y83.577 E77.34334
G1 X148.895 Y84.534 E77.35837
G1 X148.713 Y85.385 E77.37201
G1 X148.409 Y86.137 E77.38473
G1 X147.989 Y86.783 E77.3968
G1 X147.49 Y87.306 E77.40814
G1 X146.968 Y87.67 E77.41811
G1 X146.417 Y87.886 E77.42739
G1 X145.836 Y87.957 E77.43656
G1 X145.29 Y87.89 E77.44519
G1 X144.796 Y87.689 E77.45355
G1 X144.347 Y87.352 E77.46235
G1 X143.94 Y86.876 E77.47216
G1 X143.803 Y86.715 E77.47506
G0 F10500 X143.574 Y86.814
G0 X143.337 Y86.264
G0 X143.133 Y83.772
G0 X143.281 Y82.388
G0 X143.765 Y81.267
G0 X144.553 Y80.48
G0 X145.72 Y80.162
G0 X145.57 Y80.742
G1 F2700 X144.836 Y80.958 E77.48706
G1 X144.219 Y81.575 E77.50073
G1 X143.808 Y82.526 E77.51697
G1 X143.676 Y83.772 E77.53661
G1 X143.794 Y84.905 E77.55447
G1 X144.169 Y85.752 E77.56899
G1 X144.749 Y86.287 E77.58136
G1 X145.457 Y86.472 E77.59283
G1 X146.19 Y86.279 E77.60471
G1 X146.778 Y85.718 E77.61745
G1 X147.15 Y84.811 E77.63282
G1 X147.268 Y83.56 E77.65252
G1 X147.16 Y82.321 E77.67201
G1 X146.819 Y81.449 E77.68669
G1 X146.268 Y80.923 E77.69863
G1 X145.57 Y80.742 E77.70993
G0 F10500 X145.331 Y80.812
G0 X145.009 Y79.955
;TYPE:SKIN
G1 F2700 X144.747 Y80.047 E77.71348
G1 X144.079 Y80.439 E77.72337
G1 X143.899 Y80.613 E77.72657
G0 F10500 X144.016 Y80.73
G0 X145.185 Y79.777
G0 X145.302 Y79.895
G1 F2700 X145.65 Y79.889 E77.73109
G1 X146.086 Y79.971 E77.73686
G1 X147.076 Y80.608 E77.75216
G0 F10500 X147.819 Y81.704
G1 F2700 X147.981 Y82.22 E77.75538
G1 X148.098 Y83.752 E77.76453
G1 X147.948 Y85.016 E77.77211
G1 X147.396 Y86.231 E77.78005
G1 X146.667 Y86.916 E77.78601
G1 X145.861 Y87.171 E77.79104
G0 F10500 X145.829 Y87.139
G0 X144.718 Y86.956
G0 X145.457 Y87.029
G0 X146.461 Y86.764
G0 X147.233 Y86.028
G0 X147.679 Y84.941
G0 X147.81 Y83.562
G0 X147.69 Y82.197
G0 X147.277 Y81.142
G0 X146.538 Y80.438
G0 X145.562 Y80.184
G0 X144.553 Y80.48
G0 X143.765 Y81.267
G0 X143.281 Y82.388
G0 X142.805 Y87.651
G0 X142.639 Y87.485
G1 F2700 X142.61 Y87.102 E77.79542
G1 X142.64 Y86.425 E77.80316
G0 F10500 X142.675 Y86.46
G0 X142.494 Y87.693
G0 X142.671 Y87.87
G1 F2700 X142.723 Y88.276 E77.80747
G1 X142.973 Y89.587 E77.82151
G1 X143.132 Y90.099 E77.82715
G1 X143.646 Y90.967 E77.83776
G0 F10500 X144.556 Y91.876
G1 F2700 X145.054 Y92.021 E77.84244
G1 X145.837 Y92.097 E77.84954
G1 X146.661 Y91.86 E77.85728
G1 X147.374 Y91.159 E77.86631
G1 X147.619 Y90.696 E77.87104
G0 F10500 X147.542 Y90.619
G0 X147.053 Y91.128
G0 X146.397 Y91.647
G0 X145.53 Y91.819
G0 X144.454 Y91.507
G0 X143.646 Y90.627
G0 X143.177 Y89.191
G0 X142.922 Y86.797
G0 X142.878 Y84.188
G0 X142.707 Y84.017
G1 F2700 X142.762 Y83.718 E77.8746
G1 X142.998 Y82.187 E77.89275
G1 X143.561 Y80.982 E77.90834
G1 X143.73 Y80.798 E77.91127
G0 F10500 X143.622 Y80.69
G0 X142.492 Y84.156
G1 F2700 X142.536 Y84.2 E77.91175
G0 F10500 X142.718 Y84.234
G1 F600 E76.91175
G0 F10500 X143.281 Y82.388
G0 X143.765 Y81.267
G0 X144.553 Y80.48
G0 X145.562 Y80.184
G0 X146.538 Y80.438
G0 X147.277 Y81.142
G0 X147.69 Y82.197
G0 X147.946 Y85.897
G0 X149.148 Y86.674
G0 X154.074 Y91.376
G0 X155.503 Y91.376
G0 X161.411 Y91.432
G0 X161.341 Y91.362
;TYPE:WALL-INNER
G1 F600 E77.91175
G1 F3600 X161.341 Y79.668 E78.09506
G1 X162.186 Y79.668 E78.10831
G1 X162.186 Y92.255 E78.30562
G1 X155.489 Y92.255 E78.41059
G1 X155.489 Y91.362 E78.42459
G1 X161.341 Y91.362 E78.51633
G0 F10500 X160.841 Y90.862
;TYPE:WALL-OUTER
G1 F2700 X160.841 Y79.168 E78.69963
G1 X162.686 Y79.168 E78.72856
G1 X162.686 Y92.755 E78.94154
G1 X154.989 Y92.755 E79.06219
G1 X154.989 Y90.862 E79.09187
G1 X160.841 Y90.862 E79.1836
G0 F10500 X160.841 Y90.612
G0 X161.762 Y90.698
;TYPE:SKIN
G1 F2700 X161.762 Y90.344 E79.18819
G1 X161.762 Y91.758 E79.20654
G1 X160.043 Y91.808 E79.22885
G1 X156.154 Y91.808 E79.2793
G1 X155.868 Y91.875 E79.28311
G0 F10500 X155.728 Y91.735
G0 X161.369 Y91.39
G0 X161.58 Y89.455
G0 X161.762 Y89.637
G1 F2700 X161.762 Y89.283 E79.28727
G1 X161.762 Y80.091 E79.39517
G0 F10500 X161.841 Y80.168
G1 F600 E78.39517
G0 F10500 X162.166 Y80.537
G0 X163.601 Y80.537
G0 X167.103 Y82.16
G0 X168.467 Y82.606
G0 X169.65 Y80.537
;TYPE:WALL-INNER
G1 F600 E79.39517
G1 F3600 X169.81 Y80.052 E79.40317
G1 X170.482 Y80.052 E79.4137
G1 X170.638 Y80.54 E79.42174
G1 X170.742 Y80.865 E79.42708
G1 X170.401 Y80.865 E79.43027
G1 X170.4 Y80.865 E79.43029
G1 X169.888 Y80.865 E79.43831
G1 X169.887 Y80.865 E79.43833
G1 X169.543 Y80.865 E79.44372
G1 X169.649 Y80.538 E79.44692
G1 X169.65 Y80.537 E79.44695
G0 F10500 X167.483 Y88.195
G0 X167.563 Y88.136
G1 F3600 X167.899 Y88.136 E79.45221
G1 X167.9 Y88.136 E79.45223
G1 X172.425 Y88.136 E79.52316
G1 X172.426 Y88.136 E79.52318
G1 X172.76 Y88.136 E79.52841
G1 X172.664 Y87.816 E79.53155
G1 X170.731 Y81.365 E79.63711
G1 X169.617 Y81.365 E79.65458
G1 X167.66 Y87.814 E79.76022
G1 X167.563 Y88.136 E79.76338
G0 F10500 X167.483 Y88.195
G0 X173.087 Y88.949
G0 X173.028 Y89.029
G1 F3600 X167.269 Y89.029 E79.85365
G1 X166.251 Y92.255 E79.90668
G1 X165.625 Y92.255 E79.91649
G1 X165.624 Y92.255 E79.91651
G1 X165.28 Y92.255 E79.9219
G1 X165.387 Y91.928 E79.92511
G1 X169.448 Y79.552 E80.12929
G1 X170.847 Y79.552 E80.15122
G1 X174.798 Y91.93 E80.35489
G1 X174.902 Y92.255 E80.36024
G1 X174.561 Y92.255 E80.36343
G1 X174.56 Y92.255 E80.36344
G1 X173.988 Y92.255 E80.37241
G1 X173.028 Y89.029 E80.42517
G0 F10500 X172.655 Y89.529
;TYPE:WALL-OUTER
G1 F2700 X167.636 Y89.529 E80.50384
G1 X166.618 Y92.755 E80.55687
G1 X164.935 Y92.755 E80.58325
G1 X164.934 Y92.755 E80.58327
G1 X164.59 Y92.755 E80.58866
G1 X164.697 Y92.428 E80.59187
G1 X169.086 Y79.052 E80.81255
G1 X171.212 Y79.052 E80.84587
G1 X175.483 Y92.43 E81.06601
G1 X175.586 Y92.755 E81.07135
G1 X175.246 Y92.755 E81.07453
G1 X175.244 Y92.755 E81.07456
G1 X173.615 Y92.755 E81.10009
G1 X172.655 Y89.529 E81.15286
G0 F10500 X172.405 Y89.529
G0 X172.405 Y88.929
G0 X167.531 Y88.159
G0 X167.664 Y87.462
G0 X168.237 Y87.636
G1 F2700 X172.088 Y87.636 E81.21322
G1 X170.359 Y81.865 E81.30766
G1 X169.988 Y81.865 E81.31347
G1 X168.237 Y87.636 E81.40801
G0 F10500 X168.487 Y87.636
G0 X168.838 Y88.582
;TYPE:SKIN
G1 F2700 X168.485 Y88.582 E81.41241
G1 X172.727 Y88.582 E81.46536
G1 X173.268 Y88.769 E81.47251
G1 X173.732 Y89.94 E81.48823
G1 X174.206 Y91.475 E81.50828
G1 X174.231 Y91.853 E81.51301
G0 F10500 X174.07 Y91.692
G0 X173.497 Y88.645
G0 X173.257 Y88.404
G1 F2700 X173.098 Y87.892 E81.51765
G1 X171.036 Y81.234 E81.57795
G1 X170.249 Y80.446 E81.58758
G1 X169.998 Y80.549 E81.58993
G1 X169.275 Y81.24 E81.59858
G1 X167.155 Y87.959 E81.65953
G1 X167.268 Y88.426 E81.66369
G0 F10500 X166.819 Y88.33
G1 F2700 X167.278 Y88.789 E81.66878
G0 F10500 X166.891 Y88.756
G1 F2700 X166.805 Y89.023 E81.6727
G1 X165.944 Y91.698 E81.71202
G1 X165.795 Y91.902 E81.71556
G0 F10500 X165.931 Y91.755
G1 F600 E80.71556
G0 F10500 X167.246 Y88.997
G0 X173.051 Y88.997
G0 X174.87 Y92.232
G0 X174.049 Y89.456
G0 X174.012 Y89.468
G0 X175.36 Y89.038
G0 X176.503 Y89.468
G0 X177.938 Y89.468
G0 X178.744 Y86.017
G0 X184.954 Y85.975
G0 X184.884 Y86.045
;TYPE:WALL-INNER
G1 F600 E81.71556
G1 F3600 X178.772 Y86.045 E81.81137
G1 X178.772 Y92.255 E81.90871
G1 X177.918 Y92.255 E81.9221
G1 X177.918 Y79.552 E82.12122
G1 X178.772 Y79.552 E82.13461
G1 X178.772 Y85.142 E82.22224
G1 X184.884 Y85.142 E82.31804
G1 X184.884 Y79.552 E82.40567
G1 X185.729 Y79.552 E82.41892
G1 X185.729 Y92.255 E82.61804
G1 X184.884 Y92.255 E82.63129
G1 X184.884 Y86.045 E82.72863
G0 F10500 X184.384 Y86.545
;TYPE:WALL-OUTER
G1 F2700 X179.272 Y86.545 E82.80877
G1 X179.272 Y92.755 E82.90611
G1 X177.418 Y92.755 E82.93517
G1 X177.418 Y79.052 E83.14997
G1 X179.272 Y79.052 E83.17904
G1 X179.272 Y84.642 E83.26666
G1 X184.384 Y84.642 E83.34679
G1 X184.384 Y79.052 E83.43442
G1 X186.229 Y79.052 E83.46334
G1 X186.229 Y92.755 E83.67814
G1 X184.384 Y92.755 E83.70706
G1 X184.384 Y86.545 E83.80441
G0 F10500 X184.134 Y86.545
G0 X183.881 Y85.593
;TYPE:SKIN
G1 F2700 X183.527 Y85.593 E83.80906
G1 X178.931 Y85.593 E83.86949
G1 X178.344 Y85.005 E83.88041
G1 X178.344 Y83.945 E83.89434
G0 F10500 X178.531 Y84.132
G0 X178.157 Y85.173
G1 F2700 X178.789 Y85.804 E83.90134
G0 F10500 X178.344 Y85.713
G1 F2700 X178.344 Y86.066 E83.90555
G1 X178.344 Y91.723 E83.97292
G1 X178.219 Y91.952 E83.97603
G0 F10500 X178.157 Y91.89
G0 X178.744 Y86.017
G0 X184.912 Y86.017
G0 X185.123 Y91.785
G0 X185.237 Y91.899
G1 F2700 X185.305 Y91.613 E83.97931
G1 X185.305 Y86.31 E84.03844
G1 X185.109 Y85.76 E84.04495
G1 X184.234 Y85.593 E84.05489
G1 X185.286 Y85.584 E84.06662
G1 X185.305 Y80.299 E84.12555
G1 X185.319 Y79.96 E84.12934
G0 F10500 X185.488 Y80.129
G0 X184.912 Y85.17
G0 X178.744 Y85.17
G0 X178.531 Y80.243
G1 F2700 X178.157 Y79.869 E84.13348
G0 F10500 X178.482 Y79.84
G1 F2700 X178.344 Y80.409 E84.14007
G1 X178.344 Y83.591 E84.17585
G0 F10500 X178.272 Y83.405
G1 F600 E83.17585
G0 F10500 X178.744 Y85.17
G0 X184.912 Y85.17
G0 X185.715 Y92.241
G0 X185.715 Y93.67
G0 X185.715 Y94.767
G0 X185.715 Y95.682
G0 X191.15 Y96.479
G0 X191.25 Y96.549
;TYPE:WALL-OUTER
G1 F600 E84.17585
G1 F2700 X109.744 Y96.549 E85.45349
G1 X109.744 Y75.181 E85.78845
G1 X191.25 Y75.181 E87.06609
G1 X191.25 Y96.549 E87.40104
G0 F10500 X191 Y96.549
G0 X191 Y96.449
G0 X110.34 Y95.71
G0 X110.298 Y75.978
G0 X110.368 Y76.048
G1 F2700 X110.368 Y95.682 E87.70882
G1 X190.383 Y95.682 E88.96309
G1 X190.383 Y76.048 E89.27086
G1 X110.368 Y76.048 E90.52513
G0 F10500 X110.368 Y76.298
G0 X110.055 Y76.114
;TYPE:SKIN
G1 F2700 X110.055 Y76.467 E90.52914
G1 X110.055 Y95.559 E90.74618
G1 X110.611 Y96.115 E90.75511
G1 X176.018 Y96.115 E91.49864
G1 X190.514 Y96.115 E91.66342
G1 X190.815 Y96.063 E91.6669
G1 X190.815 Y76.264 E91.89196
G1 X190.667 Y75.762 E91.89791
G1 X190.844 Y75.585 E91.90076
G1 X186.983 Y75.614 E91.94465
G1 X121.576 Y75.614 E92.68817
G1 X110.262 Y75.614 E92.81679
G1 X110.055 Y75.76 E92.81967
G0 F10500 X110.127 Y75.832
G0 X109.983 Y95.841
G1 F2700 X110.451 Y96.309 E92.82485
G0 F10500 X110.097 Y96.309
G1 F2700 X109.983 Y96.194 E92.82612
G0 F10500 X110.244 Y96.049
G1 F600 E91.82612
G0 F10500 X110.34 Y76.02
G0 X190.68 Y75.201
G0 X190.68 Y74.266
G0 X190.68 Y64.596
G0 X190.68 Y63.161
G0 X190.68 Y63.111
G0 X190.75 Y63.181
;TYPE:WALL-INNER
G1 F600 E92.82612
G1 F3600 X99.25 Y63.181 E94.26043
G1 X99.25 Y62.681 E94.26827
G1 X190.75 Y62.681 E95.70257
G1 X190.75 Y63.181 E95.71041
G0 F10500 X191.25 Y63.681
;TYPE:WALL-OUTER
G1 F2700 X98.75 Y63.681 E97.16039
G1 X98.75 Y62.181 E97.1839
G1 X191.25 Y62.181 E98.63388
G1 X191.25 Y63.681 E98.6574
G0 F10500 X191 Y63.681
G1 F600 E97.6574
G0 F10500 X190.68 Y63.111
G0 X190.68 Y62.701
G0 X190.68 Y61.266
G0 X190.68 Y60.596
G0 X190.68 Y59.161
G0 X190.68 Y59.111
G0 X190.75 Y59.181
;TYPE:WALL-INNER
G1 F600 E98.6574
G1 F3600 X99.25 Y59.181 E100.0917
G1 X99.25 Y58.681 E100.09954
G1 X190.75 Y58.681 E101.53384
G1 X190.75 Y59.181 E101.54168
G0 F10500 X191.25 Y59.681
;TYPE:WALL-OUTER
G1 F2700 X98.75 Y59.681 E102.99166
G1 X98.75 Y58.181 E103.01518
G1 X191.25 Y58.181 E104.46516
G1 X191.25 Y59.681 E104.48867
G0 F10500 X191 Y59.681
G1 F600 E103.48867
G0 F10500 X190.68 Y59.111
G0 X190.68 Y58.701
G0 X190.68 Y57.266
G0 X190.68 Y56.596
G0 X190.68 Y55.161
G0 X190.68 Y55.111
G0 X190.75 Y55.181
;TYPE:WALL-INNER
G1 F600 E104.48867
G1 F3600 X99.25 Y55.181 E105.92297
G1 X99.25 Y54.681 E105.93081
G1 X190.75 Y54.681 E107.36512
G1 X190.75 Y55.181 E107.37295
G0 F10500 X191.25 Y55.681
;TYPE:WALL-OUTER
G1 F2700 X98.75 Y55.681 E108.82293
G1 X98.75 Y54.181 E108.84645
G1 X191.25 Y54.181 E110.29643
G1 X191.25 Y55.681 E110.31994
G0 F10500 X191 Y55.681
G1 F600 E109.31994
G0 F10500 X190.68 Y55.111
G0 X190.68 Y54.701
G0 X190.68 Y53.266
G0 X190.68 Y52.596
G0 X190.68 Y51.161
G0 X190.68 Y51.111
G0 X190.75 Y51.181
;TYPE:WALL-INNER
G1 F600 E110.31994
G1 F3600 X99.25 Y51.181 E111.75425
G1 X99.25 Y50.681 E111.76208
G1 X190.75 Y50.681 E113.19639
G1 X190.75 Y51.181 E113.20423
G0 F10500 X191.25 Y51.681
;TYPE:WALL-OUTER
G1 F2700 X98.75 Y51.681 E114.65421
G1 X98.75 Y50.181 E114.67772
G1 X191.25 Y50.181 E116.1277
G1 X191.25 Y51.681 E116.15121
G0 F10500 X191 Y51.681
G1 F600 E115.15121
G0 F10500 X190.68 Y51.111
G0 X190.68 Y50.701
G0 X190.68 Y49.266
G0 X190.68 Y48.596
G0 X190.68 Y47.161
G0 X190.68 Y47.111
G0 X190.75 Y47.181
;TYPE:WALL-INNER
G1 F600 E116.15121
G1 F3600 X99.25 Y47.181 E117.58552
G1 X99.25 Y46.681 E117.59336
G1 X190.75 Y46.681 E119.02766
G1 X190.75 Y47.181 E119.0355
G0 F10500 X191.25 Y47.681
;TYPE:WALL-OUTER
G1 F2700 X98.75 Y47.681 E120.48548
G1 X98.75 Y46.181 E120.50899
G1 X191.25 Y46.181 E121.95897
G1 X191.25 Y47.681 E121.98249
G0 F10500 X191 Y47.681
G1 F600 E120.98249
G0 F10500 X190.68 Y47.111
G0 X190.68 Y46.701
G0 X190.68 Y45.266
G0 X190.68 Y44.596
G0 X190.68 Y43.161
G0 X190.68 Y43.111
G0 X190.75 Y43.181
;TYPE:WALL-INNER
G1 F600 E121.98249
G1 F3600 X99.25 Y43.181 E123.41679
G1 X99.25 Y42.681 E123.42463
G1 X190.75 Y42.681 E124.85893
G1 X190.75 Y43.181 E124.86677
G0 F10500 X191.25 Y43.681
;TYPE:WALL-OUTER
G1 F2700 X98.75 Y43.681 E126.31675
G1 X98.75 Y42.181 E126.34027
G1 X191.25 Y42.181 E127.79025
G1 X191.25 Y43.681 E127.81376
G0 F10500 X191 Y43.681
G1 F600 E126.81376
G0 F10500 X190.68 Y43.111
G0 X190.68 Y42.701
G0 X190.68 Y41.266
G0 X190.68 Y40.596
G0 X190.68 Y39.161
G0 X190.68 Y39.111
G0 X190.75 Y39.181
;TYPE:WALL-INNER
G1 F600 E127.81376
G1 F3600 X99.25 Y39.181 E129.24806
G1 X99.25 Y38.681 E129.2559
G1 X190.75 Y38.681 E130.69021
G1 X190.75 Y39.181 E130.69804
G0 F10500 X191.25 Y39.681
;TYPE:WALL-OUTER
G1 F2700 X98.75 Y39.681 E132.14802
G1 X98.75 Y38.181 E132.17154
G1 X191.25 Y38.181 E133.62152
G1 X191.25 Y39.681 E133.64503
G0 F10500 X191 Y39.681
G1 F600 E132.64503
G0 F10500 X190.68 Y39.111
G0 X190.68 Y38.701
G0 X190.68 Y37.266
G0 X190.68 Y36.596
G0 X190.68 Y35.161
G0 X190.68 Y35.111
G0 X190.75 Y35.181
;TYPE:WALL-INNER
G1 F600 E133.64503
G1 F3600 X99.25 Y35.181 E135.07934
G1 X99.25 Y34.681 E135.08717
G1 X190.75 Y34.681 E136.52148
G1 X190.75 Y35.181 E136.52932
G0 F10500 X191.25 Y35.681
;TYPE:WALL-OUTER
G1 F2700 X98.75 Y35.681 E137.9793
G1 X98.75 Y34.181 E138.00281
G1 X191.25 Y34.181 E139.45279
G1 X191.25 Y35.681 E139.4763
G0 F10500 X191 Y35.681
G1 F600 E138.4763
G0 F10500 X190.68 Y35.111
G0 X190.68 Y34.701
G0 X190.68 Y33.266
G0 X190.68 Y32.596
G0 X190.68 Y31.161
G0 X190.68 Y31.111
G0 X190.75 Y31.181
;TYPE:WALL-INNER
G1 F600 E139.4763
G1 F3600 X99.25 Y31.181 E140.91061
G1 X99.25 Y30.681 E140.91845
G1 X190.75 Y30.681 E142.35275
G1 X190.75 Y31.181 E142.36059
G0 F10500 X191.25 Y31.681
;TYPE:WALL-OUTER
G1 F2700 X98.75 Y31.681 E143.81057
G1 X98.75 Y30.181 E143.83408
G1 X191.25 Y30.181 E145.28406
G1 X191.25 Y31.681 E145.30758
G0 F10500 X191 Y31.681
G1 F600 E144.30758
G0 F10500 X190.68 Y31.111
G0 X190.68 Y30.701
G0 X190.68 Y29.266
G0 X190.68 Y28.596
G0 X190.68 Y27.161
G0 X190.68 Y27.111
G0 X190.75 Y27.181
;TYPE:WALL-INNER
G1 F600 E145.30758
G1 F3600 X99.25 Y27.181 E146.74188
G1 X99.25 Y26.681 E146.74972
G1 X190.75 Y26.681 E148.18402
G1 X190.75 Y27.181 E148.19186
G0 F10500 X191.25 Y27.681
;TYPE:WALL-OUTER
G1 F2700 X98.75 Y27.681 E149.64184
G1 X98.75 Y26.181 E149.66536
G1 X191.25 Y26.181 E151.11534
G1 X191.25 Y27.681 E151.13885
G0 F10500 X191 Y27.681
G1 F600 E150.13885
;MESH:NONMESH
G0 F10500 X190.68 Y27.111
G0 X100.509 Y27.161
G0 X100.509 Y28.596
G0 X98.372 Y29.27
G0 X97.839 Y29.803
G0 X97.839 Y64.059
G0 X98.27 Y64.49
G0 X100.509 Y66.181
;TIME_ELAPSED:3621.420880
;LAYER:15
;MESH:
G0 X100.509 Y66.181 Z3.2
;TYPE:WALL-INNER
G1 F600 E151.13885
G1 F3600 X100.009 Y66.181 E151.14669
G1 X100.009 Y22.681 E151.82857
G1 X100.509 Y22.681 E151.83641
G1 X100.509 Y66.181 E152.51829
G0 F10500 X101.009 Y66.681
;TYPE:WALL-OUTER
G1 F2700 X99.509 Y66.681 E152.5418
G1 X99.509 Y22.181 E153.23936
G1 X101.009 Y22.181 E153.26287
G1 X101.009 Y66.681 E153.96043
G0 F10500 X100.759 Y66.681
G1 F600 E152.96043
G0 F10500 X100.439 Y66.111
G0 X100.489 Y66.111
G0 X101.924 Y66.111
G0 X104.494 Y66.111
G0 X105.929 Y66.111
G0 X106.339 Y66.111
G0 X106.409 Y66.181
;TYPE:WALL-INNER
G1 F600 E153.96043
G1 F3600 X105.909 Y66.181 E153.96827
G1 X105.909 Y22.681 E154.65015
G1 X106.409 Y22.681 E154.65799
G1 X106.409 Y66.181 E155.33987
G0 F10500 X106.909 Y66.681
;TYPE:WALL-OUTER
G1 F2700 X105.409 Y66.681 E155.36339
G1 X105.409 Y22.181 E156.06094
G1 X106.909 Y22.181 E156.08446
G1 X106.909 Y66.681 E156.78202
G0 F10500 X106.659 Y66.681
G1 F600 E155.78202
G0 F10500 X106.339 Y66.111
G0 X106.389 Y66.111
G0 X107.824 Y66.111
G0 X110.494 Y66.111
G0 X111.929 Y66.111
G0 X112.339 Y66.111
G0 X112.409 Y66.181
;TYPE:WALL-INNER
G1 F600 E156.78202
G1 F3600 X111.909 Y66.181 E156.78985
G1 X111.909 Y22.681 E157.47174
G1 X112.409 Y22.681 E157.47957
G1 X112.409 Y66.181 E158.16146
G0 F10500 X112.909 Y66.681
;TYPE:WALL-OUTER
G1 F2700 X111.409 Y66.681 E158.18497
G1 X111.409 Y22.181 E158.88253
G1 X112.909 Y22.181 E158.90604
G1 X112.909 Y66.681 E159.6036
G0 F10500 X112.659 Y66.681
G1 F600 E158.6036
G0 F10500 X112.339 Y66.111
G0 X112.389 Y66.111
G0 X113.824 Y66.111
G0 X116.394 Y66.111
G0 X117.829 Y66.111
G0 X118.239 Y66.111
G0 X118.309 Y66.181
;TYPE:WALL-INNER
G1 F600 E159.6036
G1 F3600 X117.809 Y66.181 E159.61144
G1 X117.809 Y22.681 E160.29332
G1 X118.309 Y22.681 E160.30116
G1 X118.309 Y66.181 E160.98304
G0 F10500 X118.809 Y66.681
;TYPE:WALL-OUTER
G1 F2700 X117.309 Y66.681 E161.00655
G1 X117.309 Y22.181 E161.70411
G1 X118.809 Y22.181 E161.72763
G1 X118.809 Y66.681 E162.42518
G0 F10500 X118.559 Y66.681
G1 F600 E161.42518
G0 F10500 X118.239 Y66.111
G0 X118.289 Y66.111
G0 X119.724 Y66.111
G0 X122.394 Y66.111
G0 X123.829 Y66.111
G0 X124.239 Y66.111
G0 X124.309 Y66.181
;TYPE:WALL-INNER
G1 F600 E162.42518
G1 F3600 X123.809 Y66.181 E162.43302
G1 X123.809 Y22.681 E163.1149
G1 X124.309 Y22.681 E163.12274
G1 X124.309 Y66.181 E163.80462
G0 F10500 X124.809 Y66.681
;TYPE:WALL-OUTER
G1 F2700 X123.309 Y66.681 E163.82814
G1 X123.309 Y22.181 E164.5257
G1 X124.809 Y22.181 E164.54921
G1 X124.809 Y66.681 E165.24677
G0 F10500 X124.559 Y66.681
G1 F600 E164.24677
G0 F10500 X124.239 Y66.111
G0 X124.289 Y66.111
G0 X125.724 Y66.111
G0 X128.294 Y66.111
G0 X129.729 Y66.111
G0 X130.139 Y66.111
G0 X130.209 Y66.181
;TYPE:WALL-INNER
G1 F600 E165.24677
G1 F3600 X129.709 Y66.181 E165.2546
G1 X129.709 Y22.681 E165.93649
G1 X130.209 Y22.681 E165.94432
G1 X130.209 Y66.181 E166.62621
G0 F10500 X130.709 Y66.681
;TYPE:WALL-OUTER
G1 F2700 X129.209 Y66.681 E166.64972
G1 X129.209 Y22.181 E167.34728
G1 X130.709 Y22.181 E167.37079
G1 X130.709 Y66.681 E168.06835
G0 F10500 X130.459 Y66.681
G1 F600 E167.06835
G0 F10500 X130.139 Y66.111
G0 X130.189 Y66.111
G0 X131.624 Y66.111
G0 X134.294 Y66.111
G0 X135.729 Y66.111
G0 X136.139 Y66.111
G0 X136.209 Y66.181
;TYPE:WALL-INNER
G1 F600 E168.06835
G1 F3600 X135.709 Y66.181 E168.07619
G1 X135.709 Y22.681 E168.75807
G1 X136.209 Y22.681 E168.76591
G1 X136.209 Y66.181 E169.44779
G0 F10500 X136.709 Y66.681
;TYPE:WALL-OUTER
G1 F2700 X135.209 Y66.681 E169.4713
G1 X135.209 Y22.181 E170.16886
G1 X136.709 Y22.181 E170.19238
G1 X136.709 Y66.681 E170.88993
G0 F10500 X136.459 Y66.681
G1 F600 E169.88993
G0 F10500 X136.139 Y66.111
G0 X136.189 Y66.111
G0 X137.624 Y66.111
G0 X140.194 Y66.111
G0 X141.629 Y66.111
G0 X142.039 Y66.111
G0 X142.109 Y66.181
;TYPE:WALL-INNER
G1 F600 E170.88993
G1 F3600 X141.609 Y66.181 E170.89777
G1 X141.609 Y22.681 E171.57965
G1 X142.109 Y22.681 E171.58749
G1 X142.109 Y66.181 E172.26937
G0 F10500 X142.609 Y66.681
;TYPE:WALL-OUTER
G1 F2700 X141.109 Y66.681 E172.29289
G1 X141.109 Y22.181 E172.99045
G1 X142.609 Y22.181 E173.01396
G1 X142.609 Y66.681 E173.71152
G0 F10500 X142.359 Y66.681
G1 F600 E172.71152
G0 F10500 X142.039 Y66.111
G0 X142.089 Y66.111
G0 X143.524 Y66.111
G0 X146.194 Y66.111
G0 X147.629 Y66.111
G0 X148.039 Y66.111
G0 X148.109 Y66.181
;TYPE:WALL-INNER
G1 F600 E173.71152
G1 F3600 X147.609 Y66.181 E173.71935
G1 X147.609 Y22.681 E174.40124
G1 X148.109 Y22.681 E174.40908
G1 X148.109 Y66.181 E175.09096
G0 F10500 X148.609 Y66.681
;TYPE:WALL-OUTER
G1 F2700 X147.109 Y66.681 E175.11447
G1 X147.109 Y22.181 E175.81203
G1 X148.609 Y22.181 E175.83554
G1 X148.609 Y66.681 E176.5331
G0 F10500 X148.359 Y66.681
G1 F600 E175.5331
G0 F10500 X148.039 Y66.111
G0 X148.089 Y66.111
G0 X149.524 Y66.111
G0 X152.094 Y66.111
G0 X153.529 Y66.111
G0 X153.939 Y66.111
G0 X154.009 Y66.181
;TYPE:WALL-INNER
G1 F600 E176.5331
G1 F3600 X153.509 Y66.181 E176.54094
G1 X153.509 Y22.681 E177.22282
G1 X154.009 Y22.681 E177.23066
G1 X154.009 Y66.181 E177.91254
G0 F10500 X154.509 Y66.681
;TYPE:WALL-OUTER
G1 F2700 X153.009 Y66.681 E177.93605
G1 X153.009 Y22.181 E178.63361
G1 X154.509 Y22.181 E178.65713
G1 X154.509 Y66.681 E179.35468
G0 F10500 X154.259 Y66.681
G1 F600 E178.35468
G0 F10500 X153.939 Y66.111
G0 X153.989 Y66.111
G0 X155.424 Y66.111
G0 X158.094 Y66.111
G0 X159.529 Y66.111
G0 X159.939 Y66.111
G0 X160.009 Y66.181
;TYPE:WALL-INNER
G1 F600 E179.35468
G1 F3600 X159.509 Y66.181 E179.36252
G1 X159.509 Y22.681 E180.0444
G1 X160.009 Y22.681 E180.05224
G1 X160.009 Y66.181 E180.73412
G0 F10500 X160.509 Y66.681
;TYPE:WALL-OUTER
G1 F2700 X159.009 Y66.681 E180.75764
G1 X159.009 Y22.181 E181.4552
G1 X160.509 Y22.181 E181.47871
G1 X160.509 Y66.681 E182.17627
G0 F10500 X160.259 Y66.681
G1 F600 E181.17627
G0 F10500 X159.939 Y66.111
G0 X159.989 Y66.111
G0 X161.424 Y66.111
G0 X163.994 Y66.111
G0 X165.429 Y66.111
G0 X165.839 Y66.111
G0 X165.909 Y66.181
;TYPE:WALL-INNER
G1 F600 E182.17627
G1 F3600 X165.409 Y66.181 E182.18411
G1 X165.409 Y22.681 E182.86599
G1 X165.909 Y22.681 E182.87383
G1 X165.909 Y66.181 E183.55571
G0 F10500 X166.409 Y66.681
;TYPE:WALL-OUTER
G1 F2700 X164.909 Y66.681 E183.57922
G1 X164.909 Y22.181 E184.27678
G1 X166.409 Y22.181 E184.30029
G1 X166.409 Y66.681 E184.99785
G0 F10500 X166.159 Y66.681
G1 F600 E183.99785
G0 F10500 X165.839 Y66.111
G0 X165.889 Y66.111
G0 X167.324 Y66.111
G0 X169.994 Y66.111
G0 X171.429 Y66.111
G0 X171.839 Y66.111
G0 X171.909 Y66.181
;TYPE:WALL-INNER
G1 F600 E184.99785
G1 F3600 X171.409 Y66.181 E185.00569
G1 X171.409 Y22.681 E185.68757
G1 X171.909 Y22.681 E185.69541
G1 X171.909 Y66.181 E186.37729
G0 F10500 X172.409 Y66.681
;TYPE:WALL-OUTER
G1 F2700 X170.909 Y66.681 E186.40081
G1 X170.909 Y22.181 E187.09836
G1 X172.409 Y22.181 E187.12188
G1 X172.409 Y66.681 E187.81943
G0 F10500 X172.159 Y66.681
G1 F600 E186.81943
G0 F10500 X171.839 Y66.111
G0 X171.889 Y66.111
G0 X173.324 Y66.111
G0 X175.894 Y66.111
G0 X177.329 Y66.111
G0 X177.739 Y66.111
G0 X177.809 Y66.181
;TYPE:WALL-INNER
G1 F600 E187.81943
G1 F3600 X177.309 Y66.181 E187.82727
G1 X177.309 Y22.681 E188.50915
G1 X177.809 Y22.681 E188.51699
G1 X177.809 Y66.181 E189.19888
G0 F10500 X178.309 Y66.681
;TYPE:WALL-OUTER
G1 F2700 X176.809 Y66.681 E189.22239
G1 X176.809 Y22.181 E189.91995
G1 X178.309 Y22.181 E189.94346
G1 X178.309 Y66.681 E190.64102
G0 F10500 X178.059 Y66.681
G1 F600 E189.64102
G0 F10500 X177.739 Y66.111
G0 X177.789 Y66.111
G0 X179.224 Y66.111
G0 X181.894 Y66.111
G0 X183.329 Y66.111
G0 X183.739 Y66.111
G0 X183.809 Y66.181
;TYPE:WALL-INNER
G1 F600 E190.64102
G1 F3600 X183.309 Y66.181 E190.64886
G1 X183.309 Y22.681 E191.33074
G1 X183.809 Y22.681 E191.33858
G1 X183.809 Y66.181 E192.02046
G0 F10500 X184.309 Y66.681
;TYPE:WALL-OUTER
G1 F2700 X182.809 Y66.681 E192.04397
G1 X182.809 Y22.181 E192.74153
G1 X184.309 Y22.181 E192.76504
G1 X184.309 Y66.681 E193.4626
G0 F10500 X184.059 Y66.681
G1 F600 E192.4626
G0 F10500 X183.739 Y66.111
G0 X183.789 Y66.111
G0 X185.224 Y66.111
G0 X187.794 Y66.111
G0 X189.229 Y66.111
G0 X189.639 Y66.111
G0 X189.709 Y66.181
;TYPE:WALL-INNER
G1 F600 E193.4626
G1 F3600 X189.209 Y66.181 E193.47044
G1 X189.209 Y22.681 E194.15232
G1 X189.709 Y22.681 E194.16016
G1 X189.709 Y66.181 E194.84204
G0 F10500 X190.209 Y66.681
;TYPE:WALL-OUTER
G1 F2700 X188.709 Y66.681 E194.86556
G1 X188.709 Y22.181 E195.56311
G1 X190.209 Y22.181 E195.58663
G1 X190.209 Y66.681 E196.28418
G0 F10500 X189.959 Y66.681
G1 F600 E195.28418
G0 F10500 X189.639 Y66.111
G0 X189.223 Y66.167
G0 X189.223 Y67.596
G0 X186.99 Y74.301
G0 X186.977 Y74.343
G0 X186.131 Y76.883
G0 X186.118 Y76.925
G0 X185.715 Y78.137
G0 X185.715 Y79.566
G0 X184.954 Y85.975
G0 X184.884 Y86.045
;TYPE:WALL-INNER
G1 F600 E196.28418
G1 F3600 X178.772 Y86.045 E196.37999
G1 X178.772 Y92.255 E196.47734
G1 X177.918 Y92.255 E196.49072
G1 X177.918 Y79.552 E196.68985
G1 X178.772 Y79.552 E196.70324
G1 X178.772 Y85.142 E196.79086
G1 X184.884 Y85.142 E196.88667
G1 X184.884 Y79.552 E196.9743
G1 X185.729 Y79.552 E196.98754
G1 X185.729 Y92.255 E197.18667
G1 X184.884 Y92.255 E197.19991
G1 X184.884 Y86.045 E197.29726
G0 F10500 X184.384 Y86.545
;TYPE:WALL-OUTER
G1 F2700 X179.272 Y86.545 E197.37739
G1 X179.272 Y92.755 E197.47474
G1 X177.418 Y92.755 E197.5038
G1 X177.418 Y79.052 E197.7186
G1 X179.272 Y79.052 E197.74766
G1 X179.272 Y84.642 E197.83529
G1 X184.384 Y84.642 E197.91542
G1 X184.384 Y79.052 E198.00305
G1 X186.229 Y79.052 E198.03197
G1 X186.229 Y92.755 E198.24677
G1 X184.384 Y92.755 E198.27569
G1 X184.384 Y86.545 E198.37303
G0 F10500 X184.134 Y86.545
G0 X184.521 Y85.593
;TYPE:SKIN
G1 F2700 X184.874 Y85.593 E198.37753
G1 X185.252 Y85.569 E198.38236
G1 X185.305 Y83.747 E198.40559
G1 X185.305 Y80.212 E198.45063
G1 X185.248 Y79.916 E198.45447
G0 F10500 X185.373 Y79.791
G0 X184.912 Y85.17
G0 X184.379 Y85.381
G0 X184.167 Y85.593
G1 F2700 X183.813 Y85.593 E198.46386
G0 F10500 X184.025 Y85.381
G0 X185.123 Y86.052
G0 X185.305 Y85.869
G1 F2700 X185.305 Y86.222 E198.46805
G1 X185.305 Y91.526 E198.53104
G1 X185.329 Y91.855 E198.53496
G0 F10500 X185.171 Y92.014
G0 X184.912 Y86.017
G0 X183.248 Y85.805
G0 X183.46 Y85.593
G1 F2700 X183.106 Y85.593 E198.53923
G1 X178.864 Y85.593 E198.59034
G1 X178.344 Y86.113 E198.5992
G1 X178.344 Y91.77 E198.66737
G1 X178.492 Y91.976 E198.67043
G0 F10500 X178.531 Y91.937
G0 X178.157 Y85.946
G1 F2700 X178.722 Y85.381 E198.67669
G0 F10500 X178.344 Y85.406
G1 F2700 X178.344 Y85.052 E198.68092
G1 X178.344 Y80.102 E198.74014
G1 X178.229 Y79.864 E198.7433
G0 F10500 X178.272 Y79.936
G1 F600 E197.7433
G0 F10500 X177.938 Y80.537
G0 X176.503 Y80.537
G0 X173.135 Y82.068
G0 X171.787 Y82.499
G0 X170.82 Y81.589
G0 X170.767 Y81.382
G0 X169.65 Y80.537
;TYPE:WALL-INNER
G1 F600 E198.7433
G1 F3600 X169.81 Y80.052 E198.75131
G1 X170.482 Y80.052 E198.76184
G1 X170.638 Y80.54 E198.76987
G1 X170.742 Y80.865 E198.77522
G1 X170.401 Y80.865 E198.77841
G1 X170.4 Y80.865 E198.77842
G1 X169.888 Y80.865 E198.78645
G1 X169.887 Y80.865 E198.78647
G1 X169.543 Y80.865 E198.79186
G1 X169.649 Y80.538 E198.79506
G1 X169.65 Y80.537 E198.79508
G0 F10500 X167.483 Y88.195
G0 X167.563 Y88.136
G1 F3600 X167.899 Y88.136 E198.80035
G1 X167.9 Y88.136 E198.80037
G1 X172.425 Y88.136 E198.8713
G1 X172.426 Y88.136 E198.87131
G1 X172.76 Y88.136 E198.87655
G1 X172.664 Y87.816 E198.87969
G1 X170.731 Y81.365 E198.98525
G1 X169.617 Y81.365 E199.00271
G1 X167.66 Y87.814 E199.10836
G1 X167.563 Y88.136 E199.11151
G0 F10500 X167.483 Y88.195
G0 X173.087 Y88.949
G0 X173.028 Y89.029
G1 F3600 X167.269 Y89.029 E199.20179
G1 X166.251 Y92.255 E199.25482
G1 X165.625 Y92.255 E199.26463
G1 X165.624 Y92.255 E199.26464
G1 X165.28 Y92.255 E199.27004
G1 X165.387 Y91.928 E199.27325
G1 X169.448 Y79.552 E199.47742
G1 X170.847 Y79.552 E199.49935
G1 X174.798 Y91.93 E199.70303
G1 X174.902 Y92.255 E199.70838
G1 X174.561 Y92.255 E199.71156
G1 X174.56 Y92.255 E199.71158
G1 X173.988 Y92.255 E199.72055
G1 X173.028 Y89.029 E199.77331
G0 F10500 X172.655 Y89.529
;TYPE:WALL-OUTER
G1 F2700 X167.636 Y89.529 E199.85198
G1 X166.618 Y92.755 E199.90501
G1 X164.935 Y92.755 E199.93139
G1 X164.934 Y92.755 E199.93141
G1 X164.59 Y92.755 E199.9368
G1 X164.697 Y92.428 E199.94001
G1 X169.086 Y79.052 E200.16068
G1 X171.212 Y79.052 E200.19401
G1 X175.483 Y92.43 E200.41414
G1 X175.586 Y92.755 E200.41949
G1 X175.246 Y92.755 E200.42267
G1 X175.244 Y92.755 E200.4227
G1 X173.615 Y92.755 E200.44823
G1 X172.655 Y89.529 E200.50099
G0 F10500 X172.405 Y89.529
G0 X172.405 Y88.929
G0 X167.531 Y88.159
G0 X167.664 Y87.462
G0 X168.237 Y87.636
G1 F2700 X172.088 Y87.636 E200.56136
G1 X170.359 Y81.865 E200.6558
G1 X169.988 Y81.865 E200.66161
G1 X168.237 Y87.636 E200.75615
G0 F10500 X168.487 Y87.636
G0 X168.45 Y88.582
;TYPE:SKIN
G1 F2700 X168.804 Y88.582 E200.76162
G1 X169.864 Y88.582 E200.77799
G0 F10500 X169.658 Y88.789
G0 X168.304 Y88.375
G0 X168.097 Y88.582
G1 F2700 X167.743 Y88.582 E200.78283
G1 X167.39 Y88.582 E200.78767
G1 X166.734 Y89.238 E200.80036
G1 X166.23 Y90.802 E200.82285
G1 X165.979 Y91.76 E200.8364
G0 F10500 X165.725 Y92.015
G0 X166.59 Y89.028
G0 X166.916 Y88.701
G1 F2700 X167.076 Y88.188 E200.84138
G1 X169.198 Y81.469 E200.90666
G1 X169.203 Y81.112 E200.90996
G1 X169.993 Y80.321 E200.92032
G1 X170.956 Y81.126 E200.93195
G1 X171.659 Y83.251 E200.95269
G1 X173.163 Y88.112 E200.99983
G1 X173.106 Y88.522 E201.00366
G1 X173.414 Y88.921 E201.00833
G1 X174.347 Y91.877 E201.03705
G0 F10500 X174.485 Y91.74
G0 X173.051 Y88.997
G0 X172.486 Y88.789
G0 X172.693 Y88.582
G1 F2700 X172.339 Y88.582 E201.04213
G1 X170.218 Y88.582 E201.07255
G0 F10500 X170.011 Y88.636
G1 F600 E200.07255
G0 F10500 X167.246 Y88.997
G0 X165.296 Y92.244
G0 X162.166 Y92.244
G0 X161.411 Y91.432
G0 X161.341 Y91.362
;TYPE:WALL-INNER
G1 F600 E201.07255
G1 F3600 X161.341 Y79.668 E201.25585
G1 X162.186 Y79.668 E201.2691
G1 X162.186 Y92.255 E201.46641
G1 X155.489 Y92.255 E201.57139
G1 X155.489 Y91.362 E201.58538
G1 X161.341 Y91.362 E201.67712
G0 F10500 X160.841 Y90.862
;TYPE:WALL-OUTER
G1 F2700 X160.841 Y79.168 E201.86043
G1 X162.686 Y79.168 E201.88935
G1 X162.686 Y92.755 E202.10233
G1 X154.989 Y92.755 E202.22298
G1 X154.989 Y90.862 E202.25266
G1 X160.841 Y90.862 E202.34439
G0 F10500 X160.841 Y90.612
G0 X161.762 Y90.32
;TYPE:SKIN
G1 F2700 X161.762 Y90.673 E202.34793
G1 X161.762 Y91.381 E202.35502
G1 X161.713 Y91.783 E202.35908
G1 X161.89 Y91.96 E202.36158
G1 X160.628 Y91.808 E202.37432
G1 X159.92 Y91.808 E202.38141
G0 F10500 X160.127 Y91.602
G0 X161.369 Y91.39
G0 X161.58 Y90.149
G0 X161.762 Y89.966
G1 F2700 X161.762 Y89.613 E202.38567
G1 X161.751 Y80.079 E202.50071
G0 F10500 X161.922 Y79.908
G0 X161.369 Y91.39
G0 X159.774 Y91.602
G0 X159.567 Y91.808
G1 F2700 X159.213 Y91.808 E202.50583
G1 X156.031 Y91.808 E202.55182
G1 X155.806 Y91.68 E202.55556
G0 F10500 X155.885 Y91.755
G1 F600 E201.55556
G0 F10500 X155.503 Y91.376
G0 X154.074 Y91.376
G0 X148.191 Y87.896
G0 X147.149 Y86.91
G0 X147.679 Y84.941
G0 X147.81 Y83.562
G0 X147.69 Y82.197
G0 X147.277 Y81.142
G0 X146.538 Y80.438
G0 X145.562 Y80.184
G0 X144.553 Y80.48
G0 X143.765 Y81.267
G0 X143.33 Y82.275
G0 X142.816 Y85.165
;TYPE:WALL-INNER
G1 F600 E202.55556
G1 F3600 X143.068 Y85.734 E202.56532
G1 X143.146 Y85.91 E202.56834
G1 X142.755 Y86.079 E202.57304
G1 X142.687 Y86.109 E202.57421
G1 X142.68 Y85.929 E202.57516
G1 X142.679 Y85.906
G1 X142.679 Y85.892
G1 X142.708 Y85.162 E202.58172
G1 X142.738 Y84.419 E202.59338
G1 X142.816 Y85.165 E202.59473
G0 F10500 X142.841 Y86.5
G0 X142.927 Y86.55
G1 F3600 X143.216 Y89.183 E202.63625
G1 X143.68 Y90.607 E202.65973
G1 X144.475 Y91.474 E202.67817
G1 X145.531 Y91.78 E202.6954
G1 X146.381 Y91.611 E202.70898
G1 X147.023 Y91.103 E202.72182
G1 X147.402 Y90.371 E202.73474
G1 X147.422 Y90.267 E202.7364
G1 X147.775 Y90.315 E202.74198
G1 X148.051 Y90.352 E202.74635
G1 X147.984 Y90.622 E202.74909
G1 X147.892 Y90.987 E202.75499
G1 X147.337 Y91.853 E202.77111
G1 X146.624 Y92.33 E202.78456
G1 X145.684 Y92.5 E202.79953
G1 X144.993 Y92.418 E202.81044
G1 X144.351 Y92.165 E202.82126
G1 X143.773 Y91.741 E202.83249
G1 X143.244 Y91.119 E202.84529
G1 X142.797 Y90.268 E202.86036
G1 X142.459 Y89.115 E202.87919
G1 X142.249 Y87.665 E202.90216
G1 X142.178 Y85.913 E202.92965
G1 X142.246 Y84.193 E202.95663
G1 X142.449 Y82.763 E202.97927
G1 X142.769 Y81.654 E202.99736
G1 X143.198 Y80.824 E203.01201
G1 X143.7 Y80.226 E203.02425
G1 X144.246 Y79.815 E203.03496
G1 X144.825 Y79.579 E203.04476
G1 X145.481 Y79.499 E203.05512
G1 X146.073 Y79.561 E203.06445
G1 X146.598 Y79.744 E203.07317
G1 X147.092 Y80.059 E203.08235
G1 X147.549 Y80.511 E203.09243
G1 X147.936 Y81.09 E203.10334
G1 X148.22 Y81.787 E203.11514
G1 X148.394 Y82.601 E203.12819
G1 X148.455 Y83.576 E203.1435
G1 X148.398 Y84.465 E203.15747
G1 X148.233 Y85.237 E203.16984
G1 X147.963 Y85.906 E203.18115
G1 X147.595 Y86.472 E203.19173
G1 X147.162 Y86.925 E203.20156
G1 X146.732 Y87.225 E203.20978
G1 X146.291 Y87.398 E203.2172
G1 X145.836 Y87.454 E203.22439
G1 X145.638 Y87.429 E203.22752
G1 X145.417 Y87.402 E203.23101
G1 X145.308 Y87.358 E203.23285
G1 X145.045 Y87.251 E203.2373
G1 X144.691 Y86.985 E203.24424
G1 X144.49 Y86.75 E203.24909
G1 X144.403 Y86.648 E203.25119
G1 X144.502 Y86.739 E203.25122
G1 X144.738 Y86.8 E203.25175
G1 X145.135 Y86.904 E203.25565
G1 X145.457 Y86.989 E203.25969
G1 X145.672 Y86.933 E203.26288
G1 X146.442 Y86.73 E203.27536
G1 X147.2 Y86.006 E203.29179
G1 X147.641 Y84.932 E203.30999
G1 X147.77 Y83.562 E203.33156
G1 X147.652 Y82.206 E203.3529
G1 X147.244 Y81.164 E203.37044
G1 X146.519 Y80.472 E203.38615
G1 X145.562 Y80.223 E203.40165
G1 X144.573 Y80.514 E203.41781
G1 X143.798 Y81.289 E203.43499
G1 X143.319 Y82.398 E203.45393
G1 X143.173 Y83.772 E203.47559
G1 X143.305 Y85.035 E203.49549
G1 X143.679 Y85.879 E203.50997
G1 X143.754 Y86.049 E203.51288
G1 X143.859 Y86.146 E203.51512
G1 X143.807 Y86.168
G1 X143.637 Y86.242 E203.51726
G1 X142.927 Y86.55 E203.52939
G0 F10500 X143.803 Y86.715
;TYPE:WALL-OUTER
G1 F2700 X143.464 Y86.862 E203.53518
G1 X143.487 Y87.072 E203.5385
G1 X143.707 Y89.077 E203.57011
G1 X144.122 Y90.349 E203.59109
G1 X144.749 Y91.033 E203.60563
G1 X145.553 Y91.266 E203.61875
G1 X146.165 Y91.144 E203.62854
G1 X146.628 Y90.778 E203.63779
G1 X146.925 Y90.204 E203.64792
G1 X147.023 Y89.709 E203.65583
G1 X148.397 Y89.895 E203.67756
G1 X148.673 Y89.932 E203.68193
G1 X148.605 Y90.202 E203.68466
G1 X148.357 Y91.186 E203.70057
G1 X147.701 Y92.212 E203.71966
G1 X146.816 Y92.803 E203.73634
G1 X145.701 Y93.005 E203.75411
G1 X144.869 Y92.906 E203.76724
G1 X144.106 Y92.606 E203.78009
G1 X143.43 Y92.109 E203.79324
G1 X142.827 Y91.401 E203.80782
G1 X142.331 Y90.455 E203.82456
G1 X141.969 Y89.222 E203.84471
G1 X141.75 Y87.709 E203.86867
G1 X141.677 Y85.913 E203.89685
G1 X141.747 Y84.152 E203.92448
G1 X141.959 Y82.66 E203.9481
G1 X142.303 Y81.467 E203.96756
G1 X142.78 Y80.544 E203.98385
G1 X143.352 Y79.863 E203.99779
G1 X143.998 Y79.376 E204.01047
G1 X144.696 Y79.091 E204.02229
G1 X145.477 Y78.996 E204.03462
G1 X146.182 Y79.07 E204.04573
G1 X146.82 Y79.292 E204.05632
G1 X147.404 Y79.664 E204.06718
G1 X147.938 Y80.193 E204.07896
G1 X148.379 Y80.853 E204.0914
G1 X148.7 Y81.639 E204.10471
G1 X148.891 Y82.532 E204.11902
G1 X148.956 Y83.577 E204.13544
G1 X148.895 Y84.534 E204.15047
G1 X148.713 Y85.385 E204.16411
G1 X148.409 Y86.137 E204.17683
G1 X147.989 Y86.783 E204.1889
G1 X147.49 Y87.306 E204.20023
G1 X146.968 Y87.67 E204.21021
G1 X146.417 Y87.886 E204.21949
G1 X145.836 Y87.957 E204.22866
G1 X145.29 Y87.89 E204.23729
G1 X144.796 Y87.689 E204.24565
G1 X144.347 Y87.352 E204.25445
G1 X143.94 Y86.876 E204.26426
G1 X143.803 Y86.715 E204.26716
G0 F10500 X143.574 Y86.814
G0 X143.337 Y86.264
G0 X143.133 Y83.772
G0 X143.281 Y82.388
G0 X143.765 Y81.267
G0 X144.553 Y80.48
G0 X145.72 Y80.162
G0 X145.57 Y80.742
G1 F2700 X144.836 Y80.958 E204.27916
G1 X144.219 Y81.575 E204.29283
G1 X143.808 Y82.526 E204.30907
G1 X143.676 Y83.772 E204.32871
G1 X143.794 Y84.905 E204.34657
G1 X144.169 Y85.752 E204.36109
G1 X144.749 Y86.287 E204.37346
G1 X145.457 Y86.472 E204.38493
G1 X146.19 Y86.279 E204.39681
G1 X146.778 Y85.718 E204.40955
G1 X147.15 Y84.811 E204.42492
G1 X147.268 Y83.56 E204.44462
G1 X147.16 Y82.321 E204.46411
G1 X146.819 Y81.449 E204.47879
G1 X146.268 Y80.923 E204.49073
G1 X145.57 Y80.742 E204.50203
G0 F10500 X145.331 Y80.812
G0 X145.288 Y79.923
;TYPE:SKIN
G1 F2700 X145.689 Y79.876 E204.50427
G1 X146.749 Y80.231 E204.51047
G1 X147.457 Y80.937 E204.51602
G1 X147.9 Y81.908 E204.52194
G1 X148.081 Y83.142 E204.52885
G1 X148.021 Y84.615 E204.53703
G1 X147.711 Y85.633 E204.54293
G1 X147.152 Y86.545 E204.54886
G1 X146.257 Y87.087 E204.55466
G1 X145.823 Y87.167 E204.55711
G0 F10500 X145.786 Y87.205
G0 X144.718 Y86.956
G0 X145.457 Y87.029
G0 X146.461 Y86.764
G0 X147.233 Y86.028
G0 X147.679 Y84.941
G0 X147.81 Y83.562
G0 X147.69 Y82.197
G0 X147.277 Y81.142
G0 X146.538 Y80.438
G0 X145.562 Y80.184
G0 X144.553 Y80.48
G0 X143.765 Y81.267
G0 X143.33 Y82.275
G0 X142.776 Y87.387
G0 X142.634 Y87.528
G1 F2700 X142.674 Y87.842 E204.56019
G1 X142.559 Y86.542 E204.57287
G0 F10500 X142.671 Y86.431
G0 X142.846 Y88.024
G0 X142.713 Y88.156
G1 F2700 X142.753 Y88.469 E204.57537
G1 X143.072 Y89.918 E204.58714
G1 X143.501 Y90.904 E204.59567
G1 X144.389 Y91.783 E204.60559
G1 X145.469 Y92.118 E204.61456
G1 X146.285 Y92.008 E204.62109
G1 X147.038 Y91.609 E204.62785
G1 X147.57 Y90.723 E204.63604
G0 F10500 X147.742 Y90.552
G0 X145.683 Y92.461
G0 X142.834 Y90.254
G0 X142.806 Y81.668
G0 X145.481 Y79.539
G0 X147.668 Y81.368
G0 X148.01 Y83.566
G1 F2700 X148.201 Y83.376 E204.63816
G0 F10500 X147.277 Y81.142
G0 X146.538 Y80.438
G0 X144.56 Y79.946
G0 X143.898 Y80.607
G1 F2700 X143.225 Y81.634 E204.6542
G1 X142.868 Y82.697 E204.66885
G1 X142.717 Y83.909 E204.68481
G1 X142.872 Y84.108 E204.68811
G0 F10500 X142.769 Y84.06
G1 F600 E203.68811
G0 F10500 X142.468 Y82.767
G0 X141.09 Y82.367
G0 X140.052 Y81.21
G0 X138.668 Y81.575
G0 X136.785 Y79.67
G0 X136.81 Y79.574
;TYPE:WALL-INNER
G1 F600 E204.68811
G1 F3600 X137.35 Y79.801 E204.69729
G1 X137.842 Y80.188 E204.7071
G1 X138.298 Y80.759 E204.71856
G1 X138.686 Y81.569 E204.73263
G1 X138.984 Y82.711 E204.75113
G1 X139.169 Y84.173 E204.77424
G1 X139.232 Y85.971 E204.80244
G1 X139.169 Y87.804 E204.83119
G1 X138.984 Y89.288 E204.85463
G1 X138.686 Y90.437 E204.87324
G1 X138.3 Y91.244 E204.88726
G1 X137.845 Y91.808 E204.89862
G1 X137.346 Y92.195 E204.90852
G1 X136.809 Y92.416 E204.91762
G1 X136.196 Y92.491 E204.9273
G1 X135.59 Y92.417 E204.93687
G1 X135.05 Y92.19 E204.94605
G1 X134.557 Y91.803 E204.95588
G1 X134.104 Y91.235 E204.96727
G1 X133.712 Y90.417 E204.98148
G1 X133.415 Y89.271 E205.00004
G1 X133.231 Y87.808 E205.02316
G1 X133.168 Y86 E205.05151
G1 X133.231 Y84.186 E205.07997
G1 X133.416 Y82.716 E205.10319
G1 X133.712 Y81.575 E205.12167
G1 X134.104 Y80.756 E205.1359
G1 X134.558 Y80.189 E205.14729
G1 X135.053 Y79.801 E205.15715
G1 X135.595 Y79.575 E205.16635
G1 X136.206 Y79.5 E205.176
G1 X136.81 Y79.574 E205.18554
G0 F10500 X136.206 Y80.203
G1 F3600 X135.128 Y80.595 E205.20352
G1 X134.444 Y81.573 E205.22223
G1 X134.111 Y83.254 E205.24909
G1 X134.011 Y86 E205.29217
G1 X134.111 Y88.74 E205.33515
G1 X134.444 Y90.418 E205.36196
G1 X135.128 Y91.396 E205.38067
G1 X136.205 Y91.788 E205.39864
G1 X137.274 Y91.397 E205.41648
G1 X137.96 Y90.426 E205.43511
G1 X138.297 Y88.747 E205.46196
G1 X138.398 Y86 E205.50505
G1 X138.297 Y83.253 E205.54814
G1 X137.961 Y81.571 E205.57502
G1 X137.276 Y80.596 E205.5937
G1 X136.206 Y80.203 E205.61157
G0 F10500 X136.205 Y80.735
;TYPE:WALL-OUTER
G1 F2700 X135.447 Y81.011 E205.62422
G1 X134.914 Y81.773 E205.63879
G1 X134.609 Y83.312 E205.66339
G1 X134.511 Y86 E205.70555
G1 X134.609 Y88.682 E205.74762
G1 X134.914 Y90.218 E205.77217
G1 X135.447 Y90.98 E205.78674
G1 X136.205 Y91.256 E205.79939
G1 X136.956 Y90.981 E205.81193
G1 X137.491 Y90.224 E205.82646
G1 X137.799 Y88.688 E205.85101
G1 X137.898 Y86 E205.89318
G1 X137.799 Y83.312 E205.93534
G1 X137.491 Y81.772 E205.95996
G1 X136.957 Y81.011 E205.97453
G1 X136.205 Y80.735 E205.98709
G0 F10500 X135.97 Y80.82
G0 X135.766 Y80.257
G0 X136.785 Y79.67
G0 X136.941 Y79.087
G1 F2700 X137.605 Y79.366 E205.99838
G1 X138.198 Y79.831 E206.01019
G1 X138.724 Y80.491 E206.02342
G1 X139.158 Y81.397 E206.03917
G1 X139.476 Y82.615 E206.0589
G1 X139.668 Y84.136 E206.08293
G1 X139.733 Y85.971 E206.11172
G1 X139.668 Y87.839 E206.14102
G1 X139.476 Y89.382 E206.16539
G1 X139.158 Y90.61 E206.18527
G1 X138.726 Y91.512 E206.20095
G1 X138.196 Y92.168 E206.21417
G1 X137.6 Y92.631 E206.226
G1 X136.938 Y92.904 E206.23723
G1 X136.196 Y92.995 E206.24895
G1 X135.459 Y92.904 E206.26059
G1 X134.795 Y92.625 E206.27188
G1 X134.202 Y92.16 E206.28369
G1 X133.678 Y91.503 E206.29686
G1 X133.24 Y90.589 E206.31275
G1 X132.923 Y89.367 E206.33254
G1 X132.732 Y87.843 E206.35662
G1 X132.667 Y86 E206.38552
G1 X132.732 Y84.151 E206.41452
G1 X132.924 Y82.622 E206.43868
G1 X133.24 Y81.402 E206.45844
G1 X133.678 Y80.488 E206.47432
G1 X134.203 Y79.831 E206.48751
G1 X134.799 Y79.365 E206.49937
G1 X135.464 Y79.088 E206.51066
G1 X136.205 Y78.996 E206.52236
G1 X136.941 Y79.087 E206.53399
G0 F10500 X137.171 Y79.183
G0 X136.747 Y79.98
;TYPE:SKIN
G1 F2700 X137.001 Y80.08 E206.53694
G1 X136.134 Y79.885 E206.54656
G1 X135.664 Y80.002 E206.5518
G1 X134.796 Y80.517 E206.56273
G0 F10500 X134.094 Y81.572
G1 F2700 X133.962 Y82.058 E206.56747
G1 X133.681 Y83.753 E206.58367
G1 X133.599 Y86.31 E206.60778
G1 X133.761 Y88.977 E206.63297
G1 X134.198 Y90.66 E206.64935
G1 X134.947 Y91.68 E206.66128
G1 X135.944 Y92.096 E206.67146
G1 X136.768 Y91.98 E206.67931
G1 X137.617 Y91.485 E206.68857
G1 X138.283 Y90.465 E206.70005
G1 X138.614 Y89.073 E206.71354
G1 X138.759 Y87.514 E206.72829
G1 X138.779 Y85.019 E206.75181
G1 X138.644 Y83.033 E206.77057
G1 X138.211 Y81.344 E206.78701
G1 X137.468 Y80.319 E206.79894
G1 X137.24 Y80.193 E206.8014
G0 F10500 X137.266 Y80.061
G1 F600 E205.8014
G0 F10500 X134.572 Y80.203
G0 X133.449 Y79.311
G0 X129.895 Y79.304
G0 X128.779 Y80.202
G0 X127.736 Y79.67
G0 X127.761 Y79.574
;TYPE:WALL-INNER
G1 F600 E206.8014
G1 F3600 X128.301 Y79.801 E206.81058
G1 X128.793 Y80.188 E206.82039
G1 X129.249 Y80.759 E206.83184
G1 X129.637 Y81.569 E206.84592
G1 X129.935 Y82.711 E206.86442
G1 X130.12 Y84.173 E206.88752
G1 X130.183 Y85.971 E206.91573
G1 X130.12 Y87.804 E206.94448
G1 X129.935 Y89.288 E206.96792
G1 X129.637 Y90.437 E206.98653
G1 X129.251 Y91.244 E207.00055
G1 X128.796 Y91.808 E207.01191
G1 X128.297 Y92.195 E207.02181
G1 X127.76 Y92.416 E207.03091
G1 X127.147 Y92.491 E207.04059
G1 X126.541 Y92.417 E207.05016
G1 X126.001 Y92.19 E207.05934
G1 X125.508 Y91.803 E207.06917
G1 X125.055 Y91.235 E207.08056
G1 X124.663 Y90.417 E207.09477
G1 X124.366 Y89.271 E207.11333
G1 X124.182 Y87.808 E207.13645
G1 X124.119 Y86 E207.1648
G1 X124.182 Y84.186 E207.19326
G1 X124.367 Y82.716 E207.21648
G1 X124.663 Y81.575 E207.23496
G1 X125.055 Y80.756 E207.24919
G1 X125.509 Y80.189 E207.26058
G1 X126.004 Y79.801 E207.27044
G1 X126.546 Y79.575 E207.27964
G1 X127.157 Y79.5 E207.28929
G1 X127.761 Y79.574 E207.29883
G0 F10500 X127.158 Y80.203
G1 F3600 X126.078 Y80.595 E207.31684
G1 X125.395 Y81.573 E207.33554
G1 X125.062 Y83.254 E207.3624
G1 X124.962 Y86 E207.40548
G1 X125.062 Y88.74 E207.44845
G1 X125.395 Y90.418 E207.47527
G1 X126.078 Y91.396 E207.49397
G1 X127.157 Y91.788 E207.51197
G1 X128.225 Y91.397 E207.52979
G1 X128.911 Y90.426 E207.54843
G1 X129.248 Y88.747 E207.57527
G1 X129.349 Y86 E207.61836
G1 X129.248 Y83.253 E207.66145
G1 X128.912 Y81.571 E207.68834
G1 X128.227 Y80.596 E207.70702
G1 X127.158 Y80.203 E207.72487
G0 F10500 X127.157 Y80.735
;TYPE:WALL-OUTER
G1 F2700 X126.397 Y81.011 E207.73755
G1 X125.865 Y81.773 E207.75211
G1 X125.56 Y83.312 E207.77671
G1 X125.462 Y86 E207.81887
G1 X125.56 Y88.682 E207.86094
G1 X125.865 Y90.218 E207.88549
G1 X126.397 Y90.98 E207.90006
G1 X127.156 Y91.256 E207.91272
G1 X127.907 Y90.981 E207.92525
G1 X128.442 Y90.224 E207.93978
G1 X128.75 Y88.688 E207.96434
G1 X128.849 Y86 E208.00651
G1 X128.75 Y83.312 E208.04867
G1 X128.442 Y81.772 E208.07329
G1 X127.908 Y81.011 E208.08786
G1 X127.157 Y80.735 E208.1004
G0 F10500 X126.922 Y80.82
G0 X126.718 Y80.256
G0 X127.736 Y79.67
G0 X127.892 Y79.087
G1 F2700 X128.556 Y79.366 E208.11169
G1 X129.149 Y79.831 E208.12351
G1 X129.675 Y80.491 E208.13673
G1 X130.109 Y81.397 E208.15248
G1 X130.427 Y82.615 E208.17222
G1 X130.619 Y84.136 E208.19625
G1 X130.684 Y85.971 E208.22503
G1 X130.619 Y87.839 E208.25433
G1 X130.427 Y89.382 E208.2787
G1 X130.109 Y90.61 E208.29859
G1 X129.677 Y91.512 E208.31426
G1 X129.147 Y92.168 E208.32748
G1 X128.551 Y92.631 E208.33931
G1 X127.889 Y92.904 E208.35054
G1 X127.147 Y92.995 E208.36226
G1 X126.41 Y92.904 E208.3739
G1 X125.746 Y92.625 E208.38519
G1 X125.153 Y92.16 E208.397
G1 X124.629 Y91.503 E208.41017
G1 X124.191 Y90.589 E208.42606
G1 X123.874 Y89.367 E208.44585
G1 X123.683 Y87.843 E208.46993
G1 X123.618 Y86 E208.49884
G1 X123.683 Y84.151 E208.52784
G1 X123.875 Y82.622 E208.55199
G1 X124.191 Y81.402 E208.57175
G1 X124.629 Y80.488 E208.58764
G1 X125.154 Y79.831 E208.60082
G1 X125.75 Y79.365 E208.61268
G1 X126.415 Y79.088 E208.62397
G1 X127.156 Y78.996 E208.63568
G1 X127.892 Y79.087 E208.6473
G0 F10500 X128.122 Y79.183
G0 X127.595 Y79.939
;TYPE:SKIN
G1 F2700 X127.848 Y80.04 E208.64982
G1 X127.311 Y79.87 E208.65504
G1 X126.42 Y80.053 E208.66346
G1 X125.706 Y80.414 E208.67086
G1 X124.956 Y81.87 E208.68602
G1 X124.645 Y83.596 E208.70226
G1 X124.545 Y86.171 E208.72611
G1 X124.695 Y88.85 E208.75095
G1 X125.099 Y90.567 E208.76727
G1 X125.818 Y91.616 E208.77904
G1 X126.779 Y92.069 E208.78888
G1 X127.067 Y92.134 E208.79161
G1 X128.014 Y91.895 E208.80065
G0 F10500 X128.904 Y91.005
G1 F2700 X129.321 Y90.234 E208.80925
G1 X129.651 Y88.49 E208.82665
G1 X129.759 Y85.907 E208.85201
G1 X129.616 Y83.222 E208.87838
G1 X129.226 Y81.49 E208.89579
G1 X128.528 Y80.421 E208.90831
G1 X128.099 Y80.143 E208.91332
G0 F10500 X128.124 Y80.026
G1 F600 E207.91332
G0 F10500 X125.523 Y80.203
G0 X124.4 Y79.311
G0 X120.846 Y79.304
G0 X119.73 Y80.202
G0 X118.687 Y79.67
G0 X118.712 Y79.574
;TYPE:WALL-INNER
G1 F600 E208.91332
G1 F3600 X119.252 Y79.801 E208.9225
G1 X119.744 Y80.188 E208.93231
G1 X120.2 Y80.759 E208.94377
G1 X120.588 Y81.569 E208.95785
G1 X120.886 Y82.711 E208.97635
G1 X121.071 Y84.173 E208.99945
G1 X121.134 Y85.971 E209.02765
G1 X121.071 Y87.804 E209.0564
G1 X120.886 Y89.288 E209.07984
G1 X120.588 Y90.437 E209.09845
G1 X120.202 Y91.244 E209.11247
G1 X119.747 Y91.808 E209.12383
G1 X119.248 Y92.195 E209.13373
G1 X118.711 Y92.416 E209.14283
G1 X118.098 Y92.491 E209.15251
G1 X117.492 Y92.417 E209.16208
G1 X116.952 Y92.19 E209.17127
G1 X116.459 Y91.803 E209.18109
G1 X116.006 Y91.235 E209.19248
G1 X115.614 Y90.417 E209.2067
G1 X115.317 Y89.271 E209.22526
G1 X115.133 Y87.808 E209.24837
G1 X115.069 Y86 E209.27673
G1 X115.133 Y84.186 E209.30518
G1 X115.318 Y82.716 E209.32841
G1 X115.614 Y81.575 E209.34688
G1 X116.006 Y80.756 E209.36112
G1 X116.459 Y80.188 E209.37251
G1 X116.956 Y79.8 E209.38239
G1 X117.493 Y79.576 E209.39151
G1 X118.107 Y79.5 E209.40121
G1 X118.712 Y79.574 E209.41076
G0 F10500 X118.109 Y80.203
G1 F3600 X117.029 Y80.595 E209.42877
G1 X116.346 Y81.573 E209.44747
G1 X116.013 Y83.254 E209.47433
G1 X115.913 Y86 E209.51741
G1 X116.013 Y88.74 E209.56039
G1 X116.346 Y90.418 E209.5872
G1 X117.029 Y91.396 E209.6059
G1 X118.108 Y91.788 E209.6239
G1 X119.176 Y91.397 E209.64173
G1 X119.862 Y90.426 E209.66036
G1 X120.199 Y88.747 E209.68721
G1 X120.3 Y86 E209.7303
G1 X120.199 Y83.253 E209.77338
G1 X119.863 Y81.571 E209.80027
G1 X119.178 Y80.596 E209.81895
G1 X118.109 Y80.203 E209.8368
G0 F10500 X118.108 Y80.735
;TYPE:WALL-OUTER
G1 F2700 X117.348 Y81.011 E209.84948
G1 X116.816 Y81.773 E209.86405
G1 X116.511 Y83.312 E209.88864
G1 X116.413 Y86 E209.9308
G1 X116.511 Y88.682 E209.97287
G1 X116.816 Y90.218 E209.99742
G1 X117.348 Y90.98 E210.01199
G1 X118.107 Y91.256 E210.02465
G1 X118.858 Y90.981 E210.03719
G1 X119.393 Y90.224 E210.05172
G1 X119.701 Y88.688 E210.07627
G1 X119.8 Y86 E210.11844
G1 X119.701 Y83.312 E210.1606
G1 X119.393 Y81.772 E210.18522
G1 X118.859 Y81.011 E210.19979
G1 X118.108 Y80.735 E210.21233
G0 F10500 X117.873 Y80.82
G0 X117.669 Y80.256
G0 X118.687 Y79.67
G0 X118.843 Y79.087
G1 F2700 X119.507 Y79.366 E210.22362
G1 X120.1 Y79.831 E210.23544
G1 X120.626 Y80.491 E210.24867
G1 X121.06 Y81.397 E210.26441
G1 X121.378 Y82.615 E210.28415
G1 X121.57 Y84.136 E210.30818
G1 X121.635 Y85.971 E210.33696
G1 X121.57 Y87.839 E210.36626
G1 X121.378 Y89.382 E210.39063
G1 X121.06 Y90.61 E210.41052
G1 X120.628 Y91.512 E210.4262
G1 X120.098 Y92.168 E210.43942
G1 X119.502 Y92.631 E210.45125
G1 X118.84 Y92.904 E210.46247
G1 X118.098 Y92.995 E210.47419
G1 X117.361 Y92.904 E210.48583
G1 X116.697 Y92.625 E210.49712
G1 X116.104 Y92.16 E210.50893
G1 X115.58 Y91.503 E210.52211
G1 X115.142 Y90.589 E210.53799
G1 X114.825 Y89.367 E210.55778
G1 X114.634 Y87.843 E210.58186
G1 X114.568 Y86 E210.61077
G1 X114.634 Y84.151 E210.63977
G1 X114.826 Y82.622 E210.66393
G1 X115.142 Y81.402 E210.68368
G1 X115.58 Y80.488 E210.69957
G1 X116.104 Y79.831 E210.71274
G1 X116.7 Y79.365 E210.7246
G1 X117.364 Y79.088 E210.73588
G1 X118.107 Y78.996 E210.74761
G1 X118.843 Y79.087 E210.75924
G0 F10500 X119.073 Y79.183
G0 X118.697 Y79.999
;TYPE:SKIN
G1 F2700 X118.951 Y80.098 E210.76178
G1 X119.57 Y80.539 E210.76886
G1 X120.138 Y81.386 E210.77835
G1 X120.555 Y83.09 E210.79469
G1 X120.708 Y85.766 E210.81965
G1 X120.615 Y88.334 E210.84359
G1 X120.315 Y90.048 E210.85979
G1 X120.093 Y90.624 E210.86554
G0 F10500 X119.828 Y90.889
G0 X119.001 Y91.715
G0 X118.76 Y91.955
G1 F2700 X118.28 Y92.082 E210.87027
G1 X117.621 Y92.035 E210.87656
G1 X116.7 Y91.541 E210.8865
G1 X116.015 Y90.459 E210.89869
G1 X115.635 Y88.717 E210.91566
G1 X115.496 Y86.028 E210.94129
G1 X115.609 Y83.44 E210.96595
G1 X115.95 Y81.685 E210.98296
G1 X116.44 Y80.841 E210.99225
G1 X117.153 Y80.128 E211.00185
G1 X118.118 Y79.871 E211.01135
G0 F10500 X118.232 Y79.757
G0 X119.202 Y80.565
G0 X119.899 Y81.556
G0 X120.238 Y83.249
G0 X120.34 Y86
G0 X120.259 Y88.227
G0 X120.033 Y91.037
G1 F2700 X119.056 Y92.015 E211.02219
G0 F10500 X119.033 Y91.981
G1 F600 E210.02219
G0 F10500 X118.108 Y91.828
G0 X117.005 Y91.427
G0 X116.31 Y90.433
G0 X116.039 Y89.065
G0 X115.337 Y82.719
G0 X113.915 Y82.541
G0 X111.283 Y82.719
G0 X110.368 Y82.719
G0 X110.367 Y82.647
G0 X110.298 Y75.978
G0 X110.368 Y76.048
;TYPE:WALL-OUTER
G1 F600 E211.02219
G1 F2700 X110.368 Y95.682 E211.32996
G1 X190.383 Y95.682 E212.58423
G1 X190.383 Y76.048 E212.89201
G1 X110.368 Y76.048 E214.14628
G0 F10500 X110.368 Y76.298
G0 X110.268 Y76.298
G0 X110.34 Y95.71
G0 X191.18 Y96.479
G0 X191.25 Y96.549
G1 F2700 X109.744 Y96.549 E215.42392
G1 X109.744 Y75.181 E215.75888
G1 X191.25 Y75.181 E217.03652
G1 X191.25 Y96.549 E217.37147
G0 F10500 X191 Y96.549
G0 X190.775 Y96.309
;TYPE:SKIN
G1 F2700 X191.009 Y96.076 E217.37406
G0 F10500 X190.715 Y96.015
G1 F2700 X190.262 Y96.115 E217.37978
G1 X190.815 Y95.561 E217.38942
G1 X190.815 Y75.762 E217.63332
G0 F10500 X190.61 Y75.614
G1 F2700 X190.256 Y75.614 E217.63733
G1 X124.849 Y75.614 E218.37703
G1 X110.353 Y75.614 E218.54097
G1 X110.088 Y75.526 E218.54413
G1 X110.054 Y78.388 E218.5765
G1 X110.054 Y95.712 E218.77242
G1 X110.091 Y96.029 E218.77603
G1 X111.066 Y96.115 E218.7871
G1 X176.473 Y96.115 E219.52681
G1 X189.908 Y96.115 E219.67875
G0 F10500 X189.715 Y96.182
G1 F600 E218.67875
;MESH:NONMESH
G0 F10500 X190.411 Y95.71
G0 X190.411 Y76.02
G0 X109.764 Y75.201
G0 X109.097 Y74.534
G0 X101.924 Y66.167
G0 X100.495 Y66.167
G0 X100.439 Y66.111
G0 X100.509 Y66.181
;TIME_ELAPSED:3743.830941
;LAYER:16
;MESH:
G0 X100.509 Y66.181 Z3.4
;TYPE:WALL-INNER
G1 F600 E219.67875
G1 F3600 X100.009 Y66.181 E219.68659
G1 X100.009 Y22.681 E220.36847
G1 X100.509 Y22.681 E220.37631
G1 X100.509 Y66.181 E221.05819
G0 F10500 X101.009 Y66.681
;TYPE:WALL-OUTER
G1 F2700 X99.509 Y66.681 E221.08171
G1 X99.509 Y22.181 E221.77926
G1 X101.009 Y22.181 E221.80278
G1 X101.009 Y66.681 E222.50033
G0 F10500 X100.759 Y66.681
G1 F600 E221.50033
G0 F10500 X100.439 Y66.111
G0 X100.489 Y66.111
G0 X101.924 Y66.111
G0 X104.494 Y66.111
G0 X105.929 Y66.111
G0 X106.339 Y66.111
G0 X106.409 Y66.181
;TYPE:WALL-INNER
G1 F600 E222.50033
G1 F3600 X105.909 Y66.181 E222.50817
G1 X105.909 Y22.681 E223.19006
G1 X106.409 Y22.681 E223.19789
G1 X106.409 Y66.181 E223.87978
G0 F10500 X106.909 Y66.681
;TYPE:WALL-OUTER
G1 F2700 X105.409 Y66.681 E223.90329
G1 X105.409 Y22.181 E224.60085
G1 X106.909 Y22.181 E224.62436
G1 X106.909 Y66.681 E225.32192
G0 F10500 X106.659 Y66.681
G1 F600 E224.32192
G0 F10500 X106.339 Y66.111
G0 X106.389 Y66.111
G0 X107.824 Y66.111
G0 X110.494 Y66.111
G0 X111.929 Y66.111
G0 X112.339 Y66.111
G0 X112.409 Y66.181
;TYPE:WALL-INNER
G1 F600 E225.32192
G1 F3600 X111.909 Y66.181 E225.32976
G1 X111.909 Y22.681 E226.01164
G1 X112.409 Y22.681 E226.01948
G1 X112.409 Y66.181 E226.70136
G0 F10500 X112.909 Y66.681
;TYPE:WALL-OUTER
G1 F2700 X111.409 Y66.681 E226.72487
G1 X111.409 Y22.181 E227.42243
G1 X112.909 Y22.181 E227.44594
G1 X112.909 Y66.681 E228.1435
G0 F10500 X112.659 Y66.681
G1 F600 E227.1435
G0 F10500 X112.339 Y66.111
G0 X112.389 Y66.111
G0 X113.824 Y66.111
G0 X116.394 Y66.111
G0 X117.829 Y66.111
G0 X118.239 Y66.111
G0 X118.309 Y66.181
;TYPE:WALL-INNER
G1 F600 E228.1435
G1 F3600 X117.809 Y66.181 E228.15134
G1 X117.809 Y22.681 E228.83322
G1 X118.309 Y22.681 E228.84106
G1 X118.309 Y66.181 E229.52294
G0 F10500 X118.809 Y66.681
;TYPE:WALL-OUTER
G1 F2700 X117.309 Y66.681 E229.54646
G1 X117.309 Y22.181 E230.24401
G1 X118.809 Y22.181 E230.26753
G1 X118.809 Y66.681 E230.96509
G0 F10500 X118.559 Y66.681
G1 F600 E229.96509
G0 F10500 X118.239 Y66.111
G0 X118.289 Y66.111
G0 X119.724 Y66.111
G0 X122.394 Y66.111
G0 X123.829 Y66.111
G0 X124.239 Y66.111
G0 X124.309 Y66.181
;TYPE:WALL-INNER
G1 F600 E230.96509
G1 F3600 X123.809 Y66.181 E230.97292
G1 X123.809 Y22.681 E231.65481
G1 X124.309 Y22.681 E231.66264
G1 X124.309 Y66.181 E232.34453
G0 F10500 X124.809 Y66.681
;TYPE:WALL-OUTER
G1 F2700 X123.309 Y66.681 E232.36804
G1 X123.309 Y22.181 E233.0656
G1 X124.809 Y22.181 E233.08911
G1 X124.809 Y66.681 E233.78667
G0 F10500 X124.559 Y66.681
G1 F600 E232.78667
G0 F10500 X124.239 Y66.111
G0 X124.289 Y66.111
G0 X125.724 Y66.111
G0 X128.294 Y66.111
G0 X129.729 Y66.111
G0 X130.139 Y66.111
G0 X130.209 Y66.181
;TYPE:WALL-INNER
G1 F600 E233.78667
G1 F3600 X129.709 Y66.181 E233.79451
G1 X129.709 Y22.681 E234.47639
G1 X130.209 Y22.681 E234.48423
G1 X130.209 Y66.181 E235.16611
G0 F10500 X130.709 Y66.681
;TYPE:WALL-OUTER
G1 F2700 X129.209 Y66.681 E235.18962
G1 X129.209 Y22.181 E235.88718
G1 X130.709 Y22.181 E235.91069
G1 X130.709 Y66.681 E236.60825
G0 F10500 X130.459 Y66.681
G1 F600 E235.60825
G0 F10500 X130.139 Y66.111
G0 X130.189 Y66.111
G0 X131.624 Y66.111
G0 X134.294 Y66.111
G0 X135.729 Y66.111
G0 X136.139 Y66.111
G0 X136.209 Y66.181
;TYPE:WALL-INNER
G1 F600 E236.60825
G1 F3600 X135.709 Y66.181 E236.61609
G1 X135.709 Y22.681 E237.29797
G1 X136.209 Y22.681 E237.30581
G1 X136.209 Y66.181 E237.98769
G0 F10500 X136.709 Y66.681
;TYPE:WALL-OUTER
G1 F2700 X135.209 Y66.681 E238.01121
G1 X135.209 Y22.181 E238.70876
G1 X136.709 Y22.181 E238.73228
G1 X136.709 Y66.681 E239.42984
G0 F10500 X136.459 Y66.681
G1 F600 E238.42984
G0 F10500 X136.139 Y66.111
G0 X136.189 Y66.111
G0 X137.624 Y66.111
G0 X140.194 Y66.111
G0 X141.629 Y66.111
G0 X142.039 Y66.111
G0 X142.109 Y66.181
;TYPE:WALL-INNER
G1 F600 E239.42984
G1 F3600 X141.609 Y66.181 E239.43767
G1 X141.609 Y22.681 E240.11956
G1 X142.109 Y22.681 E240.12739
G1 X142.109 Y66.181 E240.80928
G0 F10500 X142.609 Y66.681
;TYPE:WALL-OUTER
G1 F2700 X141.109 Y66.681 E240.83279
G1 X141.109 Y22.181 E241.53035
G1 X142.609 Y22.181 E241.55386
G1 X142.609 Y66.681 E242.25142
G0 F10500 X142.359 Y66.681
G1 F600 E241.25142
G0 F10500 X142.039 Y66.111
G0 X142.089 Y66.111
G0 X143.524 Y66.111
G0 X146.194 Y66.111
G0 X147.629 Y66.111
G0 X148.039 Y66.111
G0 X148.109 Y66.181
;TYPE:WALL-INNER
G1 F600 E242.25142
G1 F3600 X147.609 Y66.181 E242.25926
G1 X147.609 Y22.681 E242.94114
G1 X148.109 Y22.681 E242.94898
G1 X148.109 Y66.181 E243.63086
G0 F10500 X148.609 Y66.681
;TYPE:WALL-OUTER
G1 F2700 X147.109 Y66.681 E243.65437
G1 X147.109 Y22.181 E244.35193
G1 X148.609 Y22.181 E244.37544
G1 X148.609 Y66.681 E245.073
G0 F10500 X148.359 Y66.681
G1 F600 E244.073
G0 F10500 X148.039 Y66.111
G0 X148.089 Y66.111
G0 X149.524 Y66.111
G0 X152.094 Y66.111
G0 X153.529 Y66.111
G0 X153.939 Y66.111
G0 X154.009 Y66.181
;TYPE:WALL-INNER
G1 F600 E245.073
G1 F3600 X153.509 Y66.181 E245.08084
G1 X153.509 Y22.681 E245.76272
G1 X154.009 Y22.681 E245.77056
G1 X154.009 Y66.181 E246.45244
G0 F10500 X154.509 Y66.681
;TYPE:WALL-OUTER
G1 F2700 X153.009 Y66.681 E246.47596
G1 X153.009 Y22.181 E247.17351
G1 X154.509 Y22.181 E247.19703
G1 X154.509 Y66.681 E247.89459
G0 F10500 X154.259 Y66.681
G1 F600 E246.89459
G0 F10500 X153.939 Y66.111
G0 X153.989 Y66.111
G0 X155.424 Y66.111
G0 X158.094 Y66.111
G0 X159.529 Y66.111
G0 X159.939 Y66.111
G0 X160.009 Y66.181
;TYPE:WALL-INNER
G1 F600 E247.89459
G1 F3600 X159.509 Y66.181 E247.90242
G1 X159.509 Y22.681 E248.58431
G1 X160.009 Y22.681 E248.59214
G1 X160.009 Y66.181 E249.27403
G0 F10500 X160.509 Y66.681
;TYPE:WALL-OUTER
G1 F2700 X159.009 Y66.681 E249.29754
G1 X159.009 Y22.181 E249.9951
G1 X160.509 Y22.181 E250.01861
G1 X160.509 Y66.681 E250.71617
G0 F10500 X160.259 Y66.681
G1 F600 E249.71617
G0 F10500 X159.939 Y66.111
G0 X159.989 Y66.111
G0 X161.424 Y66.111
G0 X163.994 Y66.111
G0 X165.429 Y66.111
G0 X165.839 Y66.111
G0 X165.909 Y66.181
;TYPE:WALL-INNER
G1 F600 E250.71617
G1 F3600 X165.409 Y66.181 E250.72401
G1 X165.409 Y22.681 E251.40589
G1 X165.909 Y22.681 E251.41373
G1 X165.909 Y66.181 E252.09561
G0 F10500 X166.409 Y66.681
;TYPE:WALL-OUTER
G1 F2700 X164.909 Y66.681 E252.11912
G1 X164.909 Y22.181 E252.81668
G1 X166.409 Y22.181 E252.84019
G1 X166.409 Y66.681 E253.53775
G0 F10500 X166.159 Y66.681
G1 F600 E252.53775
G0 F10500 X165.839 Y66.111
G0 X165.889 Y66.111
G0 X167.324 Y66.111
G0 X169.994 Y66.111
G0 X171.429 Y66.111
G0 X171.839 Y66.111
G0 X171.909 Y66.181
;TYPE:WALL-INNER
G1 F600 E253.53775
G1 F3600 X171.409 Y66.181 E253.54559
G1 X171.409 Y22.681 E254.22747
G1 X171.909 Y22.681 E254.23531
G1 X171.909 Y66.181 E254.91719
G0 F10500 X172.409 Y66.681
;TYPE:WALL-OUTER
G1 F2700 X170.909 Y66.681 E254.94071
G1 X170.909 Y22.181 E255.63827
G1 X172.409 Y22.181 E255.66178
G1 X172.409 Y66.681 E256.35934
G0 F10500 X172.159 Y66.681
G1 F600 E255.35934
G0 F10500 X171.839 Y66.111
G0 X171.889 Y66.111
G0 X173.324 Y66.111
G0 X175.894 Y66.111
G0 X177.329 Y66.111
G0 X177.739 Y66.111
G0 X177.809 Y66.181
;TYPE:WALL-INNER
G1 F600 E256.35934
G1 F3600 X177.309 Y66.181 E256.36717
G1 X177.309 Y22.681 E257.04906
G1 X177.809 Y22.681 E257.05689
G1 X177.809 Y66.181 E257.73878
G0 F10500 X178.309 Y66.681
;TYPE:WALL-OUTER
G1 F2700 X176.809 Y66.681 E257.76229
G1 X176.809 Y22.181 E258.45985
G1 X178.309 Y22.181 E258.48336
G1 X178.309 Y66.681 E259.18092
G0 F10500 X178.059 Y66.681
G1 F600 E258.18092
G0 F10500 X177.739 Y66.111
G0 X177.789 Y66.111
G0 X179.224 Y66.111
G0 X181.894 Y66.111
G0 X183.329 Y66.111
G0 X183.739 Y66.111
G0 X183.809 Y66.181
;TYPE:WALL-INNER
G1 F600 E259.18092
G1 F3600 X183.309 Y66.181 E259.18876
G1 X183.309 Y22.681 E259.87064
G1 X183.809 Y22.681 E259.87848
G1 X183.809 Y66.181 E260.56036
G0 F10500 X184.309 Y66.681
;TYPE:WALL-OUTER
G1 F2700 X182.809 Y66.681 E260.58387
G1 X182.809 Y22.181 E261.28143
G1 X184.309 Y22.181 E261.30495
G1 X184.309 Y66.681 E262.0025
G0 F10500 X184.059 Y66.681
G1 F600 E261.0025
G0 F10500 X183.739 Y66.111
G0 X183.789 Y66.111
G0 X185.224 Y66.111
G0 X187.794 Y66.111
G0 X189.229 Y66.111
G0 X189.639 Y66.111
G0 X189.709 Y66.181
;TYPE:WALL-INNER
G1 F600 E262.0025
G1 F3600 X189.209 Y66.181 E262.01034
G1 X189.209 Y22.681 E262.69222
G1 X189.709 Y22.681 E262.70006
G1 X189.709 Y66.181 E263.38194
G0 F10500 X190.209 Y66.681
;TYPE:WALL-OUTER
G1 F2700 X188.709 Y66.681 E263.40546
G1 X188.709 Y22.181 E264.10302
G1 X190.209 Y22.181 E264.12653
G1 X190.209 Y66.681 E264.82409
G0 F10500 X189.959 Y66.681
G1 F600 E263.82409
G0 F10500 X189.639 Y66.111
G0 X189.223 Y66.167
G0 X189.223 Y67.596
G0 X186.99 Y74.301
G0 X186.977 Y74.343
G0 X186.131 Y76.883
G0 X186.118 Y76.925
G0 X185.715 Y78.137
G0 X185.715 Y79.566
G0 X184.954 Y85.975
G0 X184.884 Y86.045
;TYPE:WALL-INNER
G1 F600 E264.82409
G1 F3600 X178.772 Y86.045 E264.9199
G1 X178.772 Y92.255 E265.01724
G1 X177.918 Y92.255 E265.03063
G1 X177.918 Y79.552 E265.22975
G1 X178.772 Y79.552 E265.24314
G1 X178.772 Y85.142 E265.33076
G1 X184.884 Y85.142 E265.42657
G1 X184.884 Y79.552 E265.5142
G1 X185.729 Y79.552 E265.52744
G1 X185.729 Y92.255 E265.72657
G1 X184.884 Y92.255 E265.73982
G1 X184.884 Y86.045 E265.83716
G0 F10500 X184.384 Y86.545
;TYPE:WALL-OUTER
G1 F2700 X179.272 Y86.545 E265.91729
G1 X179.272 Y92.755 E266.01464
G1 X177.418 Y92.755 E266.0437
G1 X177.418 Y79.052 E266.2585
G1 X179.272 Y79.052 E266.28756
G1 X179.272 Y84.642 E266.37519
G1 X184.384 Y84.642 E266.45532
G1 X184.384 Y79.052 E266.54295
G1 X186.229 Y79.052 E266.57187
G1 X186.229 Y92.755 E266.78667
G1 X184.384 Y92.755 E266.81559
G1 X184.384 Y86.545 E266.91294
G0 F10500 X184.134 Y86.545
G0 X183.881 Y85.593
;TYPE:SKIN
G1 F2700 X183.527 Y85.593 E266.91759
G1 X178.931 Y85.593 E266.97801
G1 X178.344 Y85.005 E266.98894
G1 X178.344 Y83.945 E267.00287
G0 F10500 X178.531 Y84.132
G0 X178.157 Y85.173
G1 F2700 X178.789 Y85.804 E267.00987
G0 F10500 X178.344 Y85.713
G1 F2700 X178.344 Y86.066 E267.01408
G1 X178.344 Y91.723 E267.08145
G1 X178.219 Y91.952 E267.08456
G0 F10500 X178.157 Y91.89
G0 X178.744 Y86.017
G0 X184.912 Y86.017
G0 X185.123 Y91.785
G0 X185.237 Y91.899
G1 F2700 X185.305 Y91.613 E267.08784
G1 X185.305 Y86.31 E267.14697
G1 X185.109 Y85.76 E267.15348
G1 X184.234 Y85.593 E267.16342
G1 X185.286 Y85.584 E267.17515
G1 X185.305 Y80.299 E267.23408
G1 X185.319 Y79.96 E267.23787
G0 F10500 X185.488 Y80.129
G0 X184.912 Y85.17
G0 X178.744 Y85.17
G0 X178.531 Y80.243
G1 F2700 X178.157 Y79.869 E267.24201
G0 F10500 X178.482 Y79.84
G1 F2700 X178.344 Y80.409 E267.2486
G1 X178.344 Y83.591 E267.28438
G0 F10500 X178.272 Y83.405
G1 F600 E266.28438
G0 F10500 X177.938 Y80.537
G0 X176.503 Y80.537
G0 X173.135 Y82.068
G0 X171.787 Y82.499
G0 X170.82 Y81.589
G0 X170.767 Y81.382
G0 X169.65 Y80.537
;TYPE:WALL-INNER
G1 F600 E267.28438
G1 F3600 X169.81 Y80.052 E267.29238
G1 X170.482 Y80.052 E267.30292
G1 X170.638 Y80.54 E267.31095
G1 X170.742 Y80.865 E267.3163
G1 X170.401 Y80.865 E267.31948
G1 X170.4 Y80.865 E267.3195
G1 X169.888 Y80.865 E267.32752
G1 X169.887 Y80.865 E267.32754
G1 X169.543 Y80.865 E267.33293
G1 X169.649 Y80.538 E267.33614
G1 X169.65 Y80.537 E267.33616
G0 F10500 X167.483 Y88.195
G0 X167.563 Y88.136
G1 F3600 X167.899 Y88.136 E267.34143
G1 X167.9 Y88.136 E267.34144
G1 X172.425 Y88.136 E267.41237
G1 X172.426 Y88.136 E267.41239
G1 X172.76 Y88.136 E267.41762
G1 X172.664 Y87.816 E267.42076
G1 X170.731 Y81.365 E267.52632
G1 X169.617 Y81.365 E267.54379
G1 X167.66 Y87.814 E267.64943
G1 X167.563 Y88.136 E267.65259
G0 F10500 X167.483 Y88.195
G0 X173.087 Y88.949
G0 X173.028 Y89.029
G1 F3600 X167.269 Y89.029 E267.74286
G1 X166.251 Y92.255 E267.79589
G1 X165.625 Y92.255 E267.8057
G1 X165.624 Y92.255 E267.80572
G1 X165.28 Y92.255 E267.81111
G1 X165.387 Y91.928 E267.81432
G1 X169.448 Y79.552 E268.0185
G1 X170.847 Y79.552 E268.04043
G1 X174.798 Y91.93 E268.2441
G1 X174.902 Y92.255 E268.24945
G1 X174.561 Y92.255 E268.25264
G1 X174.56 Y92.255 E268.25265
G1 X173.988 Y92.255 E268.26162
G1 X173.028 Y89.029 E268.31438
G0 F10500 X172.655 Y89.529
;TYPE:WALL-OUTER
G1 F2700 X167.636 Y89.529 E268.39306
G1 X166.618 Y92.755 E268.44608
G1 X164.935 Y92.755 E268.47246
G1 X164.934 Y92.755 E268.47248
G1 X164.59 Y92.755 E268.47787
G1 X164.697 Y92.428 E268.48108
G1 X169.086 Y79.052 E268.70176
G1 X171.212 Y79.052 E268.73508
G1 X175.483 Y92.43 E268.95522
G1 X175.586 Y92.755 E268.96056
G1 X175.246 Y92.755 E268.96374
G1 X175.244 Y92.755 E268.96377
G1 X173.615 Y92.755 E268.98931
G1 X172.655 Y89.529 E269.04207
G0 F10500 X172.405 Y89.529
G0 X172.405 Y88.929
G0 X167.531 Y88.159
G0 X167.664 Y87.462
G0 X168.237 Y87.636
G1 F2700 X172.088 Y87.636 E269.10243
G1 X170.359 Y81.865 E269.19687
G1 X169.988 Y81.865 E269.20268
G1 X168.237 Y87.636 E269.29722
G0 F10500 X168.487 Y87.636
G0 X168.838 Y88.582
;TYPE:SKIN
G1 F2700 X168.485 Y88.582 E269.30163
G1 X172.727 Y88.582 E269.35457
G1 X173.268 Y88.769 E269.36172
G1 X173.732 Y89.94 E269.37744
G1 X174.206 Y91.475 E269.39749
G1 X174.231 Y91.853 E269.40222
G0 F10500 X174.07 Y91.692
G0 X173.497 Y88.645
G0 X173.257 Y88.404
G1 F2700 X173.098 Y87.892 E269.40686
G1 X171.036 Y81.234 E269.46716
G1 X170.249 Y80.446 E269.47679
G1 X169.998 Y80.549 E269.47914
G1 X169.275 Y81.24 E269.48779
G1 X167.155 Y87.959 E269.54874
G1 X167.268 Y88.426 E269.5529
G0 F10500 X166.819 Y88.33
G1 F2700 X167.278 Y88.789 E269.55799
G0 F10500 X166.891 Y88.756
G1 F2700 X166.805 Y89.023 E269.56191
G1 X165.944 Y91.698 E269.60123
G1 X165.795 Y91.902 E269.60477
G0 F10500 X165.931 Y91.755
G1 F600 E268.60477
G0 F10500 X165.296 Y92.244
G0 X162.166 Y92.244
G0 X161.411 Y91.432
G0 X161.341 Y91.362
;TYPE:WALL-INNER
G1 F600 E269.60477
G1 F3600 X161.341 Y79.668 E269.78808
G1 X162.186 Y79.668 E269.80132
G1 X162.186 Y92.255 E269.99863
G1 X155.489 Y92.255 E270.10361
G1 X155.489 Y91.362 E270.11761
G1 X161.341 Y91.362 E270.20934
G0 F10500 X160.841 Y90.862
;TYPE:WALL-OUTER
G1 F2700 X160.841 Y79.168 E270.39265
G1 X162.686 Y79.168 E270.42157
G1 X162.686 Y92.755 E270.63455
G1 X154.989 Y92.755 E270.75521
G1 X154.989 Y90.862 E270.78488
G1 X160.841 Y90.862 E270.87661
G0 F10500 X160.841 Y90.612
G0 X161.762 Y90.698
;TYPE:SKIN
G1 F2700 X161.762 Y90.344 E270.88121
G1 X161.762 Y91.758 E270.89955
G1 X160.043 Y91.808 E270.92186
G1 X156.154 Y91.808 E270.97232
G1 X155.868 Y91.875 E270.97613
G0 F10500 X155.728 Y91.735
G0 X161.369 Y91.39
G0 X161.58 Y89.455
G0 X161.762 Y89.637
G1 F2700 X161.762 Y89.283 E270.98028
G1 X161.762 Y80.091 E271.08818
G0 F10500 X161.841 Y80.168
G1 F600 E270.08818
G0 F10500 X161.361 Y85.165
G0 X159.926 Y85.165
G0 X149.81 Y84.551
G0 X148.379 Y84.463
G0 X147.69 Y82.197
G0 X147.277 Y81.142
G0 X146.538 Y80.438
G0 X145.562 Y80.184
G0 X144.553 Y80.48
G0 X143.765 Y81.267
G0 X143.33 Y82.275
G0 X142.816 Y85.165
;TYPE:WALL-INNER
G1 F600 E271.08818
G1 F3600 X143.068 Y85.734 E271.09794
G1 X143.146 Y85.91 E271.10095
G1 X142.755 Y86.079 E271.10566
G1 X142.687 Y86.109 E271.10682
G1 X142.68 Y85.929 E271.10778
G1 X142.679 Y85.906
G1 X142.679 Y85.892
G1 X142.708 Y85.162 E271.11434
G1 X142.738 Y84.419 E271.126
G1 X142.816 Y85.165 E271.12734
G0 F10500 X142.841 Y86.5
G0 X142.927 Y86.55
G1 F3600 X143.216 Y89.183 E271.16887
G1 X143.68 Y90.607 E271.19234
G1 X144.475 Y91.474 E271.21078
G1 X145.531 Y91.78 E271.22802
G1 X146.381 Y91.611 E271.2416
G1 X147.023 Y91.103 E271.25443
G1 X147.402 Y90.371 E271.26736
G1 X147.422 Y90.267 E271.26902
G1 X147.775 Y90.315 E271.2746
G1 X148.051 Y90.352 E271.27897
G1 X147.984 Y90.622 E271.2817
G1 X147.892 Y90.987 E271.2876
G1 X147.337 Y91.853 E271.30373
G1 X146.624 Y92.33 E271.31717
G1 X145.684 Y92.5 E271.33215
G1 X144.993 Y92.418 E271.34306
G1 X144.351 Y92.165 E271.35387
G1 X143.773 Y91.741 E271.36511
G1 X143.244 Y91.119 E271.37791
G1 X142.797 Y90.268 E271.39298
G1 X142.459 Y89.115 E271.41181
G1 X142.249 Y87.665 E271.43478
G1 X142.178 Y85.913 E271.46226
G1 X142.246 Y84.193 E271.48925
G1 X142.449 Y82.763 E271.51189
G1 X142.769 Y81.654 E271.52998
G1 X143.198 Y80.824 E271.54463
G1 X143.7 Y80.226 E271.55687
G1 X144.246 Y79.815 E271.56758
G1 X144.825 Y79.579 E271.57738
G1 X145.481 Y79.499 E271.58774
G1 X146.073 Y79.561 E271.59707
G1 X146.598 Y79.744 E271.60578
G1 X147.092 Y80.059 E271.61497
G1 X147.549 Y80.511 E271.62504
G1 X147.936 Y81.09 E271.63596
G1 X148.22 Y81.787 E271.64776
G1 X148.394 Y82.601 E271.66081
G1 X148.455 Y83.576 E271.67612
G1 X148.398 Y84.465 E271.69008
G1 X148.233 Y85.237 E271.70246
G1 X147.963 Y85.906 E271.71377
G1 X147.595 Y86.472 E271.72435
G1 X147.162 Y86.925 E271.73417
G1 X146.732 Y87.225 E271.74239
G1 X146.291 Y87.398 E271.74982
G1 X145.836 Y87.454 E271.757
G1 X145.638 Y87.429 E271.76013
G1 X145.417 Y87.402 E271.76362
G1 X145.308 Y87.358 E271.76547
G1 X145.045 Y87.251 E271.76992
G1 X144.691 Y86.985 E271.77686
G1 X144.49 Y86.75 E271.7817
G1 X144.403 Y86.648 E271.78381
G1 X144.502 Y86.739 E271.78384
G1 X144.738 Y86.8 E271.78437
G1 X145.135 Y86.904 E271.78827
G1 X145.457 Y86.989 E271.79231
G1 X145.672 Y86.933 E271.7955
G1 X146.442 Y86.73 E271.80798
G1 X147.2 Y86.006 E271.82441
G1 X147.641 Y84.932 E271.84261
G1 X147.77 Y83.562 E271.86418
G1 X147.652 Y82.206 E271.88552
G1 X147.244 Y81.164 E271.90306
G1 X146.519 Y80.472 E271.91877
G1 X145.562 Y80.223 E271.93427
G1 X144.573 Y80.514 E271.95043
G1 X143.798 Y81.289 E271.96761
G1 X143.319 Y82.398 E271.98655
G1 X143.173 Y83.772 E272.00821
G1 X143.305 Y85.035 E272.02811
G1 X143.679 Y85.879 E272.04258
G1 X143.754 Y86.049 E272.0455
G1 X143.859 Y86.146 E272.04774
G1 X143.807 Y86.168
G1 X143.637 Y86.242 E272.04988
G1 X142.927 Y86.55 E272.06201
G0 F10500 X143.803 Y86.715
;TYPE:WALL-OUTER
G1 F2700 X143.464 Y86.862 E272.0678
G1 X143.487 Y87.072 E272.07111
G1 X143.707 Y89.077 E272.10273
G1 X144.122 Y90.349 E272.1237
G1 X144.749 Y91.033 E272.13825
G1 X145.553 Y91.266 E272.15137
G1 X146.165 Y91.144 E272.16115
G1 X146.628 Y90.778 E272.1704
G1 X146.925 Y90.204 E272.18054
G1 X147.023 Y89.709 E272.18845
G1 X148.397 Y89.895 E272.21018
G1 X148.673 Y89.932 E272.21455
G1 X148.605 Y90.202 E272.21728
G1 X148.357 Y91.186 E272.23319
G1 X147.701 Y92.212 E272.25228
G1 X146.816 Y92.803 E272.26896
G1 X145.701 Y93.005 E272.28672
G1 X144.869 Y92.906 E272.29986
G1 X144.106 Y92.606 E272.31271
G1 X143.43 Y92.109 E272.32586
G1 X142.827 Y91.401 E272.34044
G1 X142.331 Y90.455 E272.35718
G1 X141.969 Y89.222 E272.37733
G1 X141.75 Y87.709 E272.40129
G1 X141.677 Y85.913 E272.42947
G1 X141.747 Y84.152 E272.45709
G1 X141.959 Y82.66 E272.48071
G1 X142.303 Y81.467 E272.50018
G1 X142.78 Y80.544 E272.51646
G1 X143.352 Y79.863 E272.5304
G1 X143.998 Y79.376 E272.54309
G1 X144.696 Y79.091 E272.5549
G1 X145.477 Y78.996 E272.56724
G1 X146.182 Y79.07 E272.57835
G1 X146.82 Y79.292 E272.58894
G1 X147.404 Y79.664 E272.59979
G1 X147.938 Y80.193 E272.61158
G1 X148.379 Y80.853 E272.62402
G1 X148.7 Y81.639 E272.63733
G1 X148.891 Y82.532 E272.65164
G1 X148.956 Y83.577 E272.66805
G1 X148.895 Y84.534 E272.68309
G1 X148.713 Y85.385 E272.69673
G1 X148.409 Y86.137 E272.70944
G1 X147.989 Y86.783 E272.72152
G1 X147.49 Y87.306 E272.73285
G1 X146.968 Y87.67 E272.74283
G1 X146.417 Y87.886 E272.7521
G1 X145.836 Y87.957 E272.76128
G1 X145.29 Y87.89 E272.7699
G1 X144.796 Y87.689 E272.77826
G1 X144.347 Y87.352 E272.78706
G1 X143.94 Y86.876 E272.79688
G1 X143.803 Y86.715 E272.79978
G0 F10500 X143.574 Y86.814
G0 X143.337 Y86.264
G0 X143.133 Y83.772
G0 X143.281 Y82.388
G0 X143.765 Y81.267
G0 X144.553 Y80.48
G0 X145.72 Y80.162
G0 X145.57 Y80.742
G1 F2700 X144.836 Y80.958 E272.81177
G1 X144.219 Y81.575 E272.82545
G1 X143.808 Y82.526 E272.84169
G1 X143.676 Y83.772 E272.86133
G1 X143.794 Y84.905 E272.87919
G1 X144.169 Y85.752 E272.89371
G1 X144.749 Y86.287 E272.90608
G1 X145.457 Y86.472 E272.91755
G1 X146.19 Y86.279 E272.92943
G1 X146.778 Y85.718 E272.94217
G1 X147.15 Y84.811 E272.95754
G1 X147.268 Y83.56 E272.97723
G1 X147.16 Y82.321 E272.99673
G1 X146.819 Y81.449 E273.0114
G1 X146.268 Y80.923 E273.02335
G1 X145.57 Y80.742 E273.03465
G0 F10500 X145.331 Y80.812
G0 X145.009 Y79.955
;TYPE:SKIN
G1 F2700 X144.747 Y80.047 E273.0382
G1 X144.079 Y80.439 E273.04809
G1 X143.899 Y80.613 E273.05129
G0 F10500 X144.016 Y80.73
G0 X145.185 Y79.777
G0 X145.302 Y79.895
G1 F2700 X145.65 Y79.889 E273.05581
G1 X146.086 Y79.971 E273.06158
G1 X147.076 Y80.608 E273.07688
G0 F10500 X147.819 Y81.704
G1 F2700 X147.981 Y82.22 E273.0801
G1 X148.098 Y83.752 E273.08924
G1 X147.948 Y85.016 E273.09682
G1 X147.396 Y86.231 E273.10477
G1 X146.667 Y86.916 E273.11072
G1 X145.861 Y87.171 E273.11575
G0 F10500 X145.829 Y87.139
G0 X144.718 Y86.956
G0 X145.457 Y87.029
G0 X146.461 Y86.764
G0 X147.233 Y86.028
G0 X147.679 Y84.941
G0 X147.81 Y83.562
G0 X147.69 Y82.197
G0 X147.277 Y81.142
G0 X146.538 Y80.438
G0 X145.562 Y80.184
G0 X144.553 Y80.48
G0 X143.765 Y81.267
G0 X143.281 Y82.388
G0 X142.805 Y87.651
G0 X142.639 Y87.485
G1 F2700 X142.61 Y87.102 E273.12014
G1 X142.64 Y86.425 E273.12788
G0 F10500 X142.675 Y86.46
G0 X142.494 Y87.693
G0 X142.671 Y87.87
G1 F2700 X142.723 Y88.276 E273.13219
G1 X142.973 Y89.587 E273.14622
G1 X143.132 Y90.099 E273.15186
G1 X143.646 Y90.967 E273.16248
G0 F10500 X144.556 Y91.876
G1 F2700 X145.054 Y92.021 E273.16716
G1 X145.837 Y92.097 E273.17426
G1 X146.661 Y91.86 E273.182
G1 X147.374 Y91.159 E273.19103
G1 X147.619 Y90.696 E273.19576
G0 F10500 X147.542 Y90.619
G0 X147.053 Y91.128
G0 X146.397 Y91.647
G0 X145.53 Y91.819
G0 X144.454 Y91.507
G0 X143.646 Y90.627
G0 X143.177 Y89.191
G0 X142.922 Y86.797
G0 X142.878 Y84.188
G0 X142.707 Y84.017
G1 F2700 X142.762 Y83.718 E273.19932
G1 X142.998 Y82.187 E273.21747
G1 X143.561 Y80.982 E273.23306
G1 X143.73 Y80.798 E273.23598
G0 F10500 X143.622 Y80.69
G0 X142.492 Y84.156
G1 F2700 X142.536 Y84.2 E273.23647
G0 F10500 X142.718 Y84.234
G1 F600 E272.23647
G0 F10500 X142.468 Y82.767
G0 X141.09 Y82.367
G0 X140.052 Y81.21
G0 X138.668 Y81.575
G0 X136.785 Y79.67
G0 X136.81 Y79.574
;TYPE:WALL-INNER
G1 F600 E273.23647
G1 F3600 X137.35 Y79.801 E273.24565
G1 X137.842 Y80.188 E273.25547
G1 X138.298 Y80.759 E273.26692
G1 X138.686 Y81.569 E273.281
G1 X138.984 Y82.711 E273.2995
G1 X139.169 Y84.173 E273.3226
G1 X139.232 Y85.971 E273.3508
G1 X139.169 Y87.804 E273.37955
G1 X138.984 Y89.288 E273.40299
G1 X138.686 Y90.437 E273.4216
G1 X138.3 Y91.244 E273.43562
G1 X137.845 Y91.808 E273.44698
G1 X137.346 Y92.195 E273.45688
G1 X136.809 Y92.416 E273.46598
G1 X136.196 Y92.491 E273.47566
G1 X135.59 Y92.417 E273.48523
G1 X135.05 Y92.19 E273.49442
G1 X134.557 Y91.803 E273.50424
G1 X134.104 Y91.235 E273.51563
G1 X133.712 Y90.417 E273.52985
G1 X133.415 Y89.271 E273.54841
G1 X133.231 Y87.808 E273.57152
G1 X133.168 Y86 E273.59988
G1 X133.231 Y84.186 E273.62833
G1 X133.416 Y82.716 E273.65156
G1 X133.712 Y81.575 E273.67003
G1 X134.104 Y80.756 E273.68427
G1 X134.558 Y80.189 E273.69565
G1 X135.053 Y79.801 E273.70551
G1 X135.595 Y79.575 E273.71472
G1 X136.206 Y79.5 E273.72437
G1 X136.81 Y79.574 E273.73391
G0 F10500 X136.206 Y80.203
G1 F3600 X135.128 Y80.595 E273.75189
G1 X134.444 Y81.573 E273.77059
G1 X134.111 Y83.254 E273.79746
G1 X134.011 Y86 E273.84053
G1 X134.111 Y88.74 E273.88351
G1 X134.444 Y90.418 E273.91033
G1 X135.128 Y91.396 E273.92903
G1 X136.205 Y91.788 E273.947
G1 X137.274 Y91.397 E273.96484
G1 X137.96 Y90.426 E273.98348
G1 X138.297 Y88.747 E274.01032
G1 X138.398 Y86 E274.05341
G1 X138.297 Y83.253 E274.0965
G1 X137.961 Y81.571 E274.12339
G1 X137.276 Y80.596 E274.14207
G1 X136.206 Y80.203 E274.15994
G0 F10500 X136.205 Y80.735
;TYPE:WALL-OUTER
G1 F2700 X135.447 Y81.011 E274.17258
G1 X134.914 Y81.773 E274.18716
G1 X134.609 Y83.312 E274.21175
G1 X134.511 Y86 E274.25392
G1 X134.609 Y88.682 E274.29598
G1 X134.914 Y90.218 E274.32053
G1 X135.447 Y90.98 E274.33511
G1 X136.205 Y91.256 E274.34775
G1 X136.956 Y90.981 E274.36029
G1 X137.491 Y90.224 E274.37482
G1 X137.799 Y88.688 E274.39938
G1 X137.898 Y86 E274.44154
G1 X137.799 Y83.312 E274.48371
G1 X137.491 Y81.772 E274.50833
G1 X136.957 Y81.011 E274.5229
G1 X136.205 Y80.735 E274.53545
G0 F10500 X135.97 Y80.82
G0 X135.766 Y80.257
G0 X136.785 Y79.67
G0 X136.941 Y79.087
G1 F2700 X137.605 Y79.366 E274.54674
G1 X138.198 Y79.831 E274.55856
G1 X138.724 Y80.491 E274.57179
G1 X139.158 Y81.397 E274.58753
G1 X139.476 Y82.615 E274.60727
G1 X139.668 Y84.136 E274.6313
G1 X139.733 Y85.971 E274.66008
G1 X139.668 Y87.839 E274.68938
G1 X139.476 Y89.382 E274.71375
G1 X139.158 Y90.61 E274.73364
G1 X138.726 Y91.512 E274.74932
G1 X138.196 Y92.168 E274.76254
G1 X137.6 Y92.631 E274.77437
G1 X136.938 Y92.904 E274.78559
G1 X136.196 Y92.995 E274.79731
G1 X135.459 Y92.904 E274.80895
G1 X134.795 Y92.625 E274.82024
G1 X134.202 Y92.16 E274.83205
G1 X133.678 Y91.503 E274.84523
G1 X133.24 Y90.589 E274.86111
G1 X132.923 Y89.367 E274.8809
G1 X132.732 Y87.843 E274.90498
G1 X132.667 Y86 E274.93389
G1 X132.732 Y84.151 E274.96289
G1 X132.924 Y82.622 E274.98705
G1 X133.24 Y81.402 E275.0068
G1 X133.678 Y80.488 E275.02269
G1 X134.203 Y79.831 E275.03587
G1 X134.799 Y79.365 E275.04773
G1 X135.464 Y79.088 E275.05902
G1 X136.205 Y78.996 E275.07073
G1 X136.941 Y79.087 E275.08235
G0 F10500 X137.171 Y79.183
G0 X136.991 Y80.069
;TYPE:SKIN
G1 F2700 X137.656 Y80.38 E275.08911
G1 X138.382 Y81.814 E275.10392
G1 X138.704 Y83.55 E275.12018
G1 X138.807 Y86.127 E275.14393
G1 X138.661 Y88.81 E275.16867
G1 X138.266 Y90.536 E275.18498
G1 X137.556 Y91.594 E275.19672
G1 X136.609 Y92.061 E275.20644
G1 X136.322 Y92.128 E275.20915
G1 X135.408 Y91.921 E275.21779
G1 X134.739 Y91.606 E275.2246
G1 X134.019 Y90.178 E275.23932
G1 X133.698 Y88.443 E275.25557
G1 X133.594 Y85.864 E275.27935
G1 X133.74 Y83.182 E275.30408
G1 X134.137 Y81.457 E275.32038
G1 X134.846 Y80.398 E275.33212
G1 X135.791 Y79.93 E275.34183
G1 X136.078 Y79.863 E275.34455
G1 X136.51 Y79.941 E275.34859
G0 F10500 X136.704 Y80.072
G1 F600 E274.34859
G0 F10500 X134.572 Y80.203
G0 X133.449 Y79.311
G0 X129.895 Y79.304
G0 X128.779 Y80.202
G0 X127.736 Y79.67
G0 X127.761 Y79.574
;TYPE:WALL-INNER
G1 F600 E275.34859
G1 F3600 X128.301 Y79.801 E275.35777
G1 X128.793 Y80.188 E275.36758
G1 X129.249 Y80.759 E275.37904
G1 X129.637 Y81.569 E275.39312
G1 X129.935 Y82.711 E275.41162
G1 X130.12 Y84.173 E275.43472
G1 X130.183 Y85.971 E275.46292
G1 X130.12 Y87.804 E275.49167
G1 X129.935 Y89.288 E275.51511
G1 X129.637 Y90.437 E275.53372
G1 X129.251 Y91.244 E275.54774
G1 X128.796 Y91.808 E275.5591
G1 X128.297 Y92.195 E275.569
G1 X127.76 Y92.416 E275.5781
G1 X127.147 Y92.491 E275.58778
G1 X126.541 Y92.417 E275.59735
G1 X126.001 Y92.19 E275.60654
G1 X125.508 Y91.803 E275.61636
G1 X125.055 Y91.235 E275.62775
G1 X124.663 Y90.417 E275.64197
G1 X124.366 Y89.271 E275.66053
G1 X124.182 Y87.808 E275.68364
G1 X124.119 Y86 E275.712
G1 X124.182 Y84.186 E275.74045
G1 X124.367 Y82.716 E275.76368
G1 X124.663 Y81.575 E275.78215
G1 X125.055 Y80.756 E275.79639
G1 X125.509 Y80.189 E275.80777
G1 X126.004 Y79.801 E275.81763
G1 X126.546 Y79.575 E275.82684
G1 X127.157 Y79.5 E275.83649
G1 X127.761 Y79.574 E275.84603
G0 F10500 X127.158 Y80.203
G1 F3600 X126.078 Y80.595 E275.86404
G1 X125.395 Y81.573 E275.88273
G1 X125.062 Y83.254 E275.9096
G1 X124.962 Y86 E275.95267
G1 X125.062 Y88.74 E275.99565
G1 X125.395 Y90.418 E276.02247
G1 X126.078 Y91.396 E276.04116
G1 X127.157 Y91.788 E276.05916
G1 X128.225 Y91.397 E276.07699
G1 X128.911 Y90.426 E276.09562
G1 X129.248 Y88.747 E276.12247
G1 X129.349 Y86 E276.16556
G1 X129.248 Y83.253 E276.20865
G1 X128.912 Y81.571 E276.23553
G1 X128.227 Y80.596 E276.25421
G1 X127.158 Y80.203 E276.27207
G0 F10500 X127.157 Y80.735
;TYPE:WALL-OUTER
G1 F2700 X126.397 Y81.011 E276.28474
G1 X125.865 Y81.773 E276.29931
G1 X125.56 Y83.312 E276.3239
G1 X125.462 Y86 E276.36607
G1 X125.56 Y88.682 E276.40814
G1 X125.865 Y90.218 E276.43268
G1 X126.397 Y90.98 E276.44725
G1 X127.156 Y91.256 E276.45991
G1 X127.907 Y90.981 E276.47245
G1 X128.442 Y90.224 E276.48698
G1 X128.75 Y88.688 E276.51154
G1 X128.849 Y86 E276.5537
G1 X128.75 Y83.312 E276.59586
G1 X128.442 Y81.772 E276.62048
G1 X127.908 Y81.011 E276.63506
G1 X127.157 Y80.735 E276.6476
G0 F10500 X126.922 Y80.82
G0 X126.718 Y80.256
G0 X127.736 Y79.67
G0 X127.892 Y79.087
G1 F2700 X128.556 Y79.366 E276.65889
G1 X129.149 Y79.831 E276.6707
G1 X129.675 Y80.491 E276.68393
G1 X130.109 Y81.397 E276.69968
G1 X130.427 Y82.615 E276.71941
G1 X130.619 Y84.136 E276.74344
G1 X130.684 Y85.971 E276.77222
G1 X130.619 Y87.839 E276.80152
G1 X130.427 Y89.382 E276.8259
G1 X130.109 Y90.61 E276.84578
G1 X129.677 Y91.512 E276.86146
G1 X129.147 Y92.168 E276.87468
G1 X128.551 Y92.631 E276.88651
G1 X127.889 Y92.904 E276.89773
G1 X127.147 Y92.995 E276.90945
G1 X126.41 Y92.904 E276.92109
G1 X125.746 Y92.625 E276.93238
G1 X125.153 Y92.16 E276.9442
G1 X124.629 Y91.503 E276.95737
G1 X124.191 Y90.589 E276.97326
G1 X123.874 Y89.367 E276.99305
G1 X123.683 Y87.843 E277.01712
G1 X123.618 Y86 E277.04603
G1 X123.683 Y84.151 E277.07503
G1 X123.875 Y82.622 E277.09919
G1 X124.191 Y81.402 E277.11894
G1 X124.629 Y80.488 E277.13483
G1 X125.154 Y79.831 E277.14801
G1 X125.75 Y79.365 E277.15987
G1 X126.415 Y79.088 E277.17117
G1 X127.156 Y78.996 E277.18287
G1 X127.892 Y79.087 E277.19449
G0 F10500 X128.122 Y79.183
G0 X128.571 Y80.488
;TYPE:SKIN
G1 F2700 X129.201 Y81.472 E277.20641
G1 X129.56 Y82.891 E277.22135
G1 X129.71 Y84.455 E277.23738
G1 X129.73 Y86.95 E277.26283
G1 X129.598 Y88.94 E277.28318
G1 X129.173 Y90.635 E277.301
G1 X128.434 Y91.665 E277.31394
G1 X127.443 Y92.088 E277.32493
G1 X126.644 Y91.995 E277.33314
G1 X125.757 Y91.462 E277.34369
G0 F10500 X125.019 Y90.371
G1 F2700 X124.908 Y89.906 E277.34844
G1 X124.63 Y88.214 E277.36544
G1 X124.551 Y85.66 E277.39079
G1 X124.715 Y82.996 E277.41727
G1 X125.157 Y81.317 E277.43449
G1 X125.911 Y80.303 E277.44702
G1 X126.913 Y79.89 E277.45778
G1 X127.747 Y80.018 E277.46615
G0 F10500 X127.983 Y80.21
G1 F600 E276.46615
G0 F10500 X127.158 Y80.163
G0 X126.165 Y80.523
G0 X124.681 Y81.581
G0 X123.293 Y81.223
G0 X121.954 Y81.21
G0 X120.57 Y81.575
G0 X118.687 Y79.67
G0 X118.712 Y79.574
;TYPE:WALL-INNER
G1 F600 E277.46615
G1 F3600 X119.252 Y79.801 E277.47533
G1 X119.744 Y80.188 E277.48514
G1 X120.2 Y80.759 E277.49659
G1 X120.588 Y81.569 E277.51067
G1 X120.886 Y82.711 E277.52917
G1 X121.071 Y84.173 E277.55227
G1 X121.134 Y85.971 E277.58048
G1 X121.071 Y87.804 E277.60923
G1 X120.886 Y89.288 E277.63267
G1 X120.588 Y90.437 E277.65128
G1 X120.202 Y91.244 E277.6653
G1 X119.747 Y91.808 E277.67666
G1 X119.248 Y92.195 E277.68656
G1 X118.711 Y92.416 E277.69566
G1 X118.098 Y92.491 E277.70534
G1 X117.492 Y92.417 E277.71491
G1 X116.952 Y92.19 E277.72409
G1 X116.459 Y91.803 E277.73392
G1 X116.006 Y91.235 E277.7453
G1 X115.614 Y90.417 E277.75952
G1 X115.317 Y89.271 E277.77808
G1 X115.133 Y87.808 E277.8012
G1 X115.069 Y86 E277.82955
G1 X115.133 Y84.186 E277.85801
G1 X115.318 Y82.716 E277.88123
G1 X115.614 Y81.575 E277.89971
G1 X116.006 Y80.756 E277.91394
G1 X116.459 Y80.188 E277.92533
G1 X116.956 Y79.8 E277.93521
G1 X117.493 Y79.576 E277.94434
G1 X118.107 Y79.5 E277.95403
G1 X118.712 Y79.574 E277.96359
G0 F10500 X118.109 Y80.203
G1 F3600 X117.029 Y80.595 E277.9816
G1 X116.346 Y81.573 E278.0003
G1 X116.013 Y83.254 E278.02716
G1 X115.913 Y86 E278.07023
G1 X116.013 Y88.74 E278.11321
G1 X116.346 Y90.418 E278.14003
G1 X117.029 Y91.396 E278.15873
G1 X118.108 Y91.788 E278.17672
G1 X119.176 Y91.397 E278.19455
G1 X119.862 Y90.426 E278.21319
G1 X120.199 Y88.747 E278.24003
G1 X120.3 Y86 E278.28312
G1 X120.199 Y83.253 E278.32621
G1 X119.863 Y81.571 E278.3531
G1 X119.178 Y80.596 E278.37178
G1 X118.109 Y80.203 E278.38963
G0 F10500 X118.108 Y80.735
;TYPE:WALL-OUTER
G1 F2700 X117.348 Y81.011 E278.4023
G1 X116.816 Y81.773 E278.41687
G1 X116.511 Y83.312 E278.44147
G1 X116.413 Y86 E278.48363
G1 X116.511 Y88.682 E278.5257
G1 X116.816 Y90.218 E278.55025
G1 X117.348 Y90.98 E278.56481
G1 X118.107 Y91.256 E278.57747
G1 X118.858 Y90.981 E278.59001
G1 X119.393 Y90.224 E278.60454
G1 X119.701 Y88.688 E278.6291
G1 X119.8 Y86 E278.67126
G1 X119.701 Y83.312 E278.71343
G1 X119.393 Y81.772 E278.73805
G1 X118.859 Y81.011 E278.75262
G1 X118.108 Y80.735 E278.76516
G0 F10500 X117.873 Y80.82
G0 X117.669 Y80.256
G0 X118.687 Y79.67
G0 X118.843 Y79.087
G1 F2700 X119.507 Y79.366 E278.77645
G1 X120.1 Y79.831 E278.78826
G1 X120.626 Y80.491 E278.80149
G1 X121.06 Y81.397 E278.81724
G1 X121.378 Y82.615 E278.83697
G1 X121.57 Y84.136 E278.861
G1 X121.635 Y85.971 E278.88979
G1 X121.57 Y87.839 E278.91909
G1 X121.378 Y89.382 E278.94346
G1 X121.06 Y90.61 E278.96334
G1 X120.628 Y91.512 E278.97902
G1 X120.098 Y92.168 E278.99224
G1 X119.502 Y92.631 E279.00407
G1 X118.84 Y92.904 E279.0153
G1 X118.098 Y92.995 E279.02702
G1 X117.361 Y92.904 E279.03866
G1 X116.697 Y92.625 E279.04995
G1 X116.104 Y92.16 E279.06176
G1 X115.58 Y91.503 E279.07493
G1 X115.142 Y90.589 E279.09082
G1 X114.825 Y89.367 E279.11061
G1 X114.634 Y87.843 E279.13469
G1 X114.568 Y86 E279.16359
G1 X114.634 Y84.151 E279.1926
G1 X114.826 Y82.622 E279.21675
G1 X115.142 Y81.402 E279.23651
G1 X115.58 Y80.488 E279.25239
G1 X116.104 Y79.831 E279.26557
G1 X116.7 Y79.365 E279.27743
G1 X117.364 Y79.088 E279.2887
G1 X118.107 Y78.996 E279.30044
G1 X118.843 Y79.087 E279.31207
G0 F10500 X119.073 Y79.183
G0 X118.736 Y79.845
;TYPE:SKIN
G1 F2700 X119.261 Y80.37 E279.31788
G0 F10500 X119.814 Y80.923
G1 F2700 X120.264 Y81.727 E279.32665
G1 X120.6 Y83.477 E279.3436
G1 X120.709 Y86.061 E279.36821
G1 X120.568 Y88.748 E279.39381
G1 X120.185 Y90.486 E279.41074
G1 X119.49 Y91.559 E279.4229
G1 X118.56 Y92.044 E279.43288
G1 X117.879 Y92.07 E279.43936
G1 X117.4 Y91.944 E279.44408
G1 X116.653 Y91.551 E279.45211
G1 X115.901 Y90.092 E279.46772
G1 X115.594 Y88.37 E279.48436
G1 X115.497 Y85.798 E279.50885
G1 X115.648 Y83.121 E279.53436
G1 X116.055 Y81.407 E279.55112
G1 X116.779 Y80.363 E279.5632
G1 X117.748 Y79.918 E279.57335
G1 X118.044 Y79.86 E279.57622
G1 X118.503 Y79.965 E279.5807
G0 F10500 X118.709 Y80.115
G1 F600 E278.5807
G0 F10500 X116.473 Y80.202
G0 X115.586 Y79.08
G0 X116.473 Y76.963
G0 X116.473 Y76.048
G0 X110.298 Y75.978
G0 X110.368 Y76.048
;TYPE:WALL-OUTER
G1 F600 E279.5807
G1 F2700 X110.368 Y95.682 E279.88847
G1 X190.383 Y95.682 E281.14274
G1 X190.383 Y76.048 E281.45051
G1 X110.368 Y76.048 E282.70479
G0 F10500 X110.368 Y76.298
G0 X110.268 Y76.298
G0 X110.34 Y95.71
G0 X191.18 Y96.479
G0 X191.25 Y96.549
G1 F2700 X109.744 Y96.549 E283.98243
G1 X109.744 Y75.181 E284.31738
G1 X191.25 Y75.181 E285.59503
G1 X191.25 Y96.549 E285.92998
G0 F10500 X191 Y96.549
G0 X190.815 Y96.063
;TYPE:SKIN
G1 F2700 X190.514 Y96.115 E285.93325
G1 X125.106 Y96.115 E286.63231
G1 X110.611 Y96.115 E286.78723
G1 X110.217 Y96.075 E286.79146
G1 X110.055 Y95.206 E286.80091
G1 X110.055 Y75.76 E287.00874
G0 F10500 X110.262 Y75.614
G1 F2700 X110.616 Y75.614 E287.01306
G1 X176.023 Y75.614 E287.81023
G1 X190.165 Y75.614 E287.98259
G1 X190.667 Y75.762 E287.98897
G1 X190.815 Y76.617 E287.99954
G1 X190.815 Y95.709 E288.23223
G0 F10500 X191.009 Y95.903
G0 X191.009 Y75.75
G1 F2700 X190.679 Y75.421 E288.23588
G0 F10500 X190.411 Y95.71
G0 X110.097 Y96.309
G1 F2700 X109.983 Y96.194 E288.23715
G0 F10500 X110.244 Y96.049
G1 F600 E287.23715
;MESH:NONMESH
G0 F10500 X109.758 Y75.195
G0 X109.097 Y74.534
G0 X101.924 Y66.167
G0 X100.495 Y66.167
G0 X100.439 Y66.111
G0 X100.509 Y66.181
;TIME_ELAPSED:3866.034984
;LAYER:17
;MESH:
G0 X100.509 Y66.181 Z3.6
;TYPE:WALL-INNER
G1 F600 E288.23715
G1 F3600 X100.009 Y66.181 E288.24499
G1 X100.009 Y22.681 E288.92687
G1 X100.509 Y22.681 E288.93471
G1 X100.509 Y66.181 E289.61659
G0 F10500 X101.009 Y66.681
;TYPE:WALL-OUTER
G1 F2700 X99.509 Y66.681 E289.64011
G1 X99.509 Y22.181 E290.33766
G1 X101.009 Y22.181 E290.36118
G1 X101.009 Y66.681 E291.05874
G0 F10500 X100.759 Y66.681
G1 F600 E290.05874
G0 F10500 X100.439 Y66.111
G0 X100.489 Y66.111
G0 X101.924 Y66.111
G0 X104.494 Y66.111
G0 X105.929 Y66.111
G0 X106.339 Y66.111
G0 X106.409 Y66.181
;TYPE:WALL-INNER
G1 F600 E291.05874
G1 F3600 X105.909 Y66.181 E291.06657
G1 X105.909 Y22.681 E291.74846
G1 X106.409 Y22.681 E291.75629
G1 X106.409 Y66.181 E292.43818
G0 F10500 X106.909 Y66.681
;TYPE:WALL-OUTER
G1 F2700 X105.409 Y66.681 E292.46169
G1 X105.409 Y22.181 E293.15925
G1 X106.909 Y22.181 E293.18276
G1 X106.909 Y66.681 E293.88032
G0 F10500 X106.659 Y66.681
G1 F600 E292.88032
G0 F10500 X106.339 Y66.111
G0 X106.389 Y66.111
G0 X107.824 Y66.111
G0 X110.494 Y66.111
G0 X111.929 Y66.111
G0 X112.339 Y66.111
G0 X112.409 Y66.181
;TYPE:WALL-INNER
G1 F600 E293.88032
G1 F3600 X111.909 Y66.181 E293.88816
G1 X111.909 Y22.681 E294.57004
G1 X112.409 Y22.681 E294.57788
G1 X112.409 Y66.181 E295.25976
G0 F10500 X112.909 Y66.681
;TYPE:WALL-OUTER
G1 F2700 X111.409 Y66.681 E295.28327
G1 X111.409 Y22.181 E295.98083
G1 X112.909 Y22.181 E296.00434
G1 X112.909 Y66.681 E296.7019
G0 F10500 X112.659 Y66.681
G1 F600 E295.7019
G0 F10500 X112.339 Y66.111
G0 X112.389 Y66.111
G0 X113.824 Y66.111
G0 X116.394 Y66.111
G0 X117.829 Y66.111
G0 X118.239 Y66.111
G0 X118.309 Y66.181
;TYPE:WALL-INNER
G1 F600 E296.7019
G1 F3600 X117.809 Y66.181 E296.70974
G1 X117.809 Y22.681 E297.39162
G1 X118.309 Y22.681 E297.39946
G1 X118.309 Y66.181 E298.08134
G0 F10500 X118.809 Y66.681
;TYPE:WALL-OUTER
G1 F2700 X117.309 Y66.681 E298.10486
G1 X117.309 Y22.181 E298.80242
G1 X118.809 Y22.181 E298.82593
G1 X118.809 Y66.681 E299.52349
G0 F10500 X118.559 Y66.681
G1 F600 E298.52349
G0 F10500 X118.239 Y66.111
G0 X118.289 Y66.111
G0 X119.724 Y66.111
G0 X122.394 Y66.111
G0 X123.829 Y66.111
G0 X124.239 Y66.111
G0 X124.309 Y66.181
;TYPE:WALL-INNER
G1 F600 E299.52349
G1 F3600 X123.809 Y66.181 E299.53132
G1 X123.809 Y22.681 E300.21321
G1 X124.309 Y22.681 E300.22104
G1 X124.309 Y66.181 E300.90293
G0 F10500 X124.809 Y66.681
;TYPE:WALL-OUTER
G1 F2700 X123.309 Y66.681 E300.92644
G1 X123.309 Y22.181 E301.624
G1 X124.809 Y22.181 E301.64751
G1 X124.809 Y66.681 E302.34507
G0 F10500 X124.559 Y66.681
G1 F600 E301.34507
G0 F10500 X124.239 Y66.111
G0 X124.289 Y66.111
G0 X125.724 Y66.111
G0 X128.294 Y66.111
G0 X129.729 Y66.111
G0 X130.139 Y66.111
G0 X130.209 Y66.181
;TYPE:WALL-INNER
G1 F600 E302.34507
G1 F3600 X129.709 Y66.181 E302.35291
G1 X129.709 Y22.681 E303.03479
G1 X130.209 Y22.681 E303.04263
G1 X130.209 Y66.181 E303.72451
G0 F10500 X130.709 Y66.681
;TYPE:WALL-OUTER
G1 F2700 X129.209 Y66.681 E303.74802
G1 X129.209 Y22.181 E304.44558
G1 X130.709 Y22.181 E304.4691
G1 X130.709 Y66.681 E305.16665
G0 F10500 X130.459 Y66.681
G1 F600 E304.16665
G0 F10500 X130.139 Y66.111
G0 X130.189 Y66.111
G0 X131.624 Y66.111
G0 X134.294 Y66.111
G0 X135.729 Y66.111
G0 X136.139 Y66.111
G0 X136.209 Y66.181
;TYPE:WALL-INNER
G1 F600 E305.16665
G1 F3600 X135.709 Y66.181 E305.17449
G1 X135.709 Y22.681 E305.85637
G1 X136.209 Y22.681 E305.86421
G1 X136.209 Y66.181 E306.54609
G0 F10500 X136.709 Y66.681
;TYPE:WALL-OUTER
G1 F2700 X135.209 Y66.681 E306.56961
G1 X135.209 Y22.181 E307.26717
G1 X136.709 Y22.181 E307.29068
G1 X136.709 Y66.681 E307.98824
G0 F10500 X136.459 Y66.681
G1 F600 E306.98824
G0 F10500 X136.139 Y66.111
G0 X136.189 Y66.111
G0 X137.624 Y66.111
G0 X140.194 Y66.111
G0 X141.629 Y66.111
G0 X142.039 Y66.111
G0 X142.109 Y66.181
;TYPE:WALL-INNER
G1 F600 E307.98824
G1 F3600 X141.609 Y66.181 E307.99607
G1 X141.609 Y22.681 E308.67796
G1 X142.109 Y22.681 E308.68579
G1 X142.109 Y66.181 E309.36768
G0 F10500 X142.609 Y66.681
;TYPE:WALL-OUTER
G1 F2700 X141.109 Y66.681 E309.39119
G1 X141.109 Y22.181 E310.08875
G1 X142.609 Y22.181 E310.11226
G1 X142.609 Y66.681 E310.80982
G0 F10500 X142.359 Y66.681
G1 F600 E309.80982
G0 F10500 X142.039 Y66.111
G0 X142.089 Y66.111
G0 X143.524 Y66.111
G0 X146.194 Y66.111
G0 X147.629 Y66.111
G0 X148.039 Y66.111
G0 X148.109 Y66.181
;TYPE:WALL-INNER
G1 F600 E310.80982
G1 F3600 X147.609 Y66.181 E310.81766
G1 X147.609 Y22.681 E311.49954
G1 X148.109 Y22.681 E311.50738
G1 X148.109 Y66.181 E312.18926
G0 F10500 X148.609 Y66.681
;TYPE:WALL-OUTER
G1 F2700 X147.109 Y66.681 E312.21277
G1 X147.109 Y22.181 E312.91033
G1 X148.609 Y22.181 E312.93385
G1 X148.609 Y66.681 E313.6314
G0 F10500 X148.359 Y66.681
G1 F600 E312.6314
G0 F10500 X148.039 Y66.111
G0 X148.089 Y66.111
G0 X149.524 Y66.111
G0 X152.094 Y66.111
G0 X153.529 Y66.111
G0 X153.939 Y66.111
G0 X154.009 Y66.181
;TYPE:WALL-INNER
G1 F600 E313.6314
G1 F3600 X153.509 Y66.181 E313.63924
G1 X153.509 Y22.681 E314.32112
G1 X154.009 Y22.681 E314.32896
G1 X154.009 Y66.181 E315.01084
G0 F10500 X154.509 Y66.681
;TYPE:WALL-OUTER
G1 F2700 X153.009 Y66.681 E315.03436
G1 X153.009 Y22.181 E315.73192
G1 X154.509 Y22.181 E315.75543
G1 X154.509 Y66.681 E316.45299
G0 F10500 X154.259 Y66.681
G1 F600 E315.45299
G0 F10500 X153.939 Y66.111
G0 X153.989 Y66.111
G0 X155.424 Y66.111
G0 X158.094 Y66.111
G0 X159.529 Y66.111
G0 X159.939 Y66.111
G0 X160.009 Y66.181
;TYPE:WALL-INNER
G1 F600 E316.45299
G1 F3600 X159.509 Y66.181 E316.46083
G1 X159.509 Y22.681 E317.14271
G1 X160.009 Y22.681 E317.15055
G1 X160.009 Y66.181 E317.83243
G0 F10500 X160.509 Y66.681
;TYPE:WALL-OUTER
G1 F2700 X159.009 Y66.681 E317.85594
G1 X159.009 Y22.181 E318.5535
G1 X160.509 Y22.181 E318.57701
G1 X160.509 Y66.681 E319.27457
G0 F10500 X160.259 Y66.681
G1 F600 E318.27457
G0 F10500 X159.939 Y66.111
G0 X159.989 Y66.111
G0 X161.424 Y66.111
G0 X163.994 Y66.111
G0 X165.429 Y66.111
G0 X165.839 Y66.111
G0 X165.909 Y66.181
;TYPE:WALL-INNER
G1 F600 E319.27457
G1 F3600 X165.409 Y66.181 E319.28241
G1 X165.409 Y22.681 E319.96429
G1 X165.909 Y22.681 E319.97213
G1 X165.909 Y66.181 E320.65401
G0 F10500 X166.409 Y66.681
;TYPE:WALL-OUTER
G1 F2700 X164.909 Y66.681 E320.67752
G1 X164.909 Y22.181 E321.37508
G1 X166.409 Y22.181 E321.3986
G1 X166.409 Y66.681 E322.09615
G0 F10500 X166.159 Y66.681
G1 F600 E321.09615
G0 F10500 X165.839 Y66.111
G0 X165.889 Y66.111
G0 X167.324 Y66.111
G0 X169.994 Y66.111
G0 X171.429 Y66.111
G0 X171.839 Y66.111
G0 X171.909 Y66.181
;TYPE:WALL-INNER
G1 F600 E322.09615
G1 F3600 X171.409 Y66.181 E322.10399
G1 X171.409 Y22.681 E322.78587
G1 X171.909 Y22.681 E322.79371
G1 X171.909 Y66.181 E323.4756
G0 F10500 X172.409 Y66.681
;TYPE:WALL-OUTER
G1 F2700 X170.909 Y66.681 E323.49911
G1 X170.909 Y22.181 E324.19667
G1 X172.409 Y22.181 E324.22018
G1 X172.409 Y66.681 E324.91774
G0 F10500 X172.159 Y66.681
G1 F600 E323.91774
G0 F10500 X171.839 Y66.111
G0 X171.889 Y66.111
G0 X173.324 Y66.111
G0 X175.894 Y66.111
G0 X177.329 Y66.111
G0 X177.739 Y66.111
G0 X177.809 Y66.181
;TYPE:WALL-INNER
G1 F600 E324.91774
G1 F3600 X177.309 Y66.181 E324.92558
G1 X177.309 Y22.681 E325.60746
G1 X177.809 Y22.681 E325.6153
G1 X177.809 Y66.181 E326.29718
G0 F10500 X178.309 Y66.681
;TYPE:WALL-OUTER
G1 F2700 X176.809 Y66.681 E326.32069
G1 X176.809 Y22.181 E327.01825
G1 X178.309 Y22.181 E327.04176
G1 X178.309 Y66.681 E327.73932
G0 F10500 X178.059 Y66.681
G1 F600 E326.73932
G0 F10500 X177.739 Y66.111
G0 X177.789 Y66.111
G0 X179.224 Y66.111
G0 X181.894 Y66.111
G0 X183.329 Y66.111
G0 X183.739 Y66.111
G0 X183.809 Y66.181
;TYPE:WALL-INNER
G1 F600 E327.73932
G1 F3600 X183.309 Y66.181 E327.74716
G1 X183.309 Y22.681 E328.42904
G1 X183.809 Y22.681 E328.43688
G1 X183.809 Y66.181 E329.11876
G0 F10500 X184.309 Y66.681
;TYPE:WALL-OUTER
G1 F2700 X182.809 Y66.681 E329.14228
G1 X182.809 Y22.181 E329.83983
G1 X184.309 Y22.181 E329.86335
G1 X184.309 Y66.681 E330.5609
G0 F10500 X184.059 Y66.681
G1 F600 E329.5609
G0 F10500 X183.739 Y66.111
G0 X183.789 Y66.111
G0 X185.224 Y66.111
G0 X187.794 Y66.111
G0 X189.229 Y66.111
G0 X189.639 Y66.111
G0 X189.709 Y66.181
;TYPE:WALL-INNER
G1 F600 E330.5609
G1 F3600 X189.209 Y66.181 E330.56874
G1 X189.209 Y22.681 E331.25063
G1 X189.709 Y22.681 E331.25846
G1 X189.709 Y66.181 E331.94035
G0 F10500 X190.209 Y66.681
;TYPE:WALL-OUTER
G1 F2700 X188.709 Y66.681 E331.96386
G1 X188.709 Y22.181 E332.66142
G1 X190.209 Y22.181 E332.68493
G1 X190.209 Y66.681 E333.38249
G0 F10500 X189.959 Y66.681
G1 F600 E332.38249
G0 F10500 X189.639 Y66.111
G0 X189.223 Y66.167
G0 X189.223 Y67.596
G0 X186.99 Y74.301
G0 X186.977 Y74.343
G0 X186.131 Y76.883
G0 X186.118 Y76.925
G0 X185.715 Y78.137
G0 X185.715 Y79.566
G0 X184.954 Y85.975
G0 X184.884 Y86.045
;TYPE:WALL-INNER
G1 F600 E333.38249
G1 F3600 X178.772 Y86.045 E333.4783
G1 X178.772 Y92.255 E333.57564
G1 X177.918 Y92.255 E333.58903
G1 X177.918 Y79.552 E333.78815
G1 X178.772 Y79.552 E333.80154
G1 X178.772 Y85.142 E333.88917
G1 X184.884 Y85.142 E333.98497
G1 X184.884 Y79.552 E334.0726
G1 X185.729 Y79.552 E334.08585
G1 X185.729 Y92.255 E334.28497
G1 X184.884 Y92.255 E334.29822
G1 X184.884 Y86.045 E334.39556
G0 F10500 X184.384 Y86.545
;TYPE:WALL-OUTER
G1 F2700 X179.272 Y86.545 E334.4757
G1 X179.272 Y92.755 E334.57304
G1 X177.418 Y92.755 E334.6021
G1 X177.418 Y79.052 E334.8169
G1 X179.272 Y79.052 E334.84597
G1 X179.272 Y84.642 E334.93359
G1 X184.384 Y84.642 E335.01372
G1 X184.384 Y79.052 E335.10135
G1 X186.229 Y79.052 E335.13027
G1 X186.229 Y92.755 E335.34507
G1 X184.384 Y92.755 E335.37399
G1 X184.384 Y86.545 E335.47134
G0 F10500 X184.134 Y86.545
G0 X184.521 Y85.593
;TYPE:SKIN
G1 F2700 X184.874 Y85.593 E335.47584
G1 X185.252 Y85.569 E335.48066
G1 X185.305 Y83.747 E335.50389
G1 X185.305 Y80.212 E335.54894
G1 X185.248 Y79.916 E335.55278
G0 F10500 X185.373 Y79.791
G0 X184.912 Y85.17
G0 X184.379 Y85.381
G0 X184.167 Y85.593
G1 F2700 X183.813 Y85.593 E335.56216
G0 F10500 X184.025 Y85.381
G0 X185.123 Y86.052
G0 X185.305 Y85.869
G1 F2700 X185.305 Y86.222 E335.56635
G1 X185.305 Y91.526 E335.62934
G1 X185.329 Y91.855 E335.63326
G0 F10500 X185.171 Y92.014
G0 X184.912 Y86.017
G0 X183.248 Y85.805
G0 X183.46 Y85.593
G1 F2700 X183.106 Y85.593 E335.63753
G1 X178.864 Y85.593 E335.68864
G1 X178.344 Y86.113 E335.69751
G1 X178.344 Y91.77 E335.76567
G1 X178.492 Y91.976 E335.76873
G0 F10500 X178.531 Y91.937
G0 X178.157 Y85.946
G1 F2700 X178.722 Y85.381 E335.77499
G0 F10500 X178.344 Y85.406
G1 F2700 X178.344 Y85.052 E335.77923
G1 X178.344 Y80.102 E335.83844
G1 X178.229 Y79.864 E335.84161
G0 F10500 X178.272 Y79.936
G1 F600 E334.84161
G0 F10500 X177.938 Y80.537
G0 X176.503 Y80.537
G0 X173.135 Y82.068
G0 X171.787 Y82.499
G0 X170.82 Y81.589
G0 X170.767 Y81.382
G0 X169.65 Y80.537
;TYPE:WALL-INNER
G1 F600 E335.84161
G1 F3600 X169.81 Y80.052 E335.84961
G1 X170.482 Y80.052 E335.86015
G1 X170.638 Y80.54 E335.86818
G1 X170.742 Y80.865 E335.87353
G1 X170.401 Y80.865 E335.87671
G1 X170.4 Y80.865 E335.87673
G1 X169.888 Y80.865 E335.88475
G1 X169.887 Y80.865 E335.88477
G1 X169.543 Y80.865 E335.89016
G1 X169.649 Y80.538 E335.89337
G1 X169.65 Y80.537 E335.89339
G0 F10500 X167.483 Y88.195
G0 X167.563 Y88.136
G1 F3600 X167.899 Y88.136 E335.89865
G1 X167.9 Y88.136 E335.89867
G1 X172.425 Y88.136 E335.9696
G1 X172.426 Y88.136 E335.96962
G1 X172.76 Y88.136 E335.97485
G1 X172.664 Y87.816 E335.97799
G1 X170.731 Y81.365 E336.08355
G1 X169.617 Y81.365 E336.10102
G1 X167.66 Y87.814 E336.20666
G1 X167.563 Y88.136 E336.20982
G0 F10500 X167.483 Y88.195
G0 X173.087 Y88.949
G0 X173.028 Y89.029
G1 F3600 X167.269 Y89.029 E336.30009
G1 X166.251 Y92.255 E336.35312
G1 X165.625 Y92.255 E336.36293
G1 X165.624 Y92.255 E336.36295
G1 X165.28 Y92.255 E336.36834
G1 X165.387 Y91.928 E336.37155
G1 X169.448 Y79.552 E336.57573
G1 X170.847 Y79.552 E336.59766
G1 X174.798 Y91.93 E336.80133
G1 X174.902 Y92.255 E336.80668
G1 X174.561 Y92.255 E336.80987
G1 X174.56 Y92.255 E336.80988
G1 X173.988 Y92.255 E336.81885
G1 X173.028 Y89.029 E336.87161
G0 F10500 X172.655 Y89.529
;TYPE:WALL-OUTER
G1 F2700 X167.636 Y89.529 E336.95029
G1 X166.618 Y92.755 E337.00331
G1 X164.935 Y92.755 E337.02969
G1 X164.934 Y92.755 E337.02971
G1 X164.59 Y92.755 E337.0351
G1 X164.697 Y92.428 E337.03831
G1 X169.086 Y79.052 E337.25899
G1 X171.212 Y79.052 E337.29231
G1 X175.483 Y92.43 E337.51245
G1 X175.586 Y92.755 E337.51779
G1 X175.246 Y92.755 E337.52097
G1 X175.244 Y92.755 E337.521
G1 X173.615 Y92.755 E337.54654
G1 X172.655 Y89.529 E337.5993
G0 F10500 X172.405 Y89.529
G0 X172.405 Y88.929
G0 X167.531 Y88.159
G0 X167.664 Y87.462
G0 X168.237 Y87.636
G1 F2700 X172.088 Y87.636 E337.65966
G1 X170.359 Y81.865 E337.7541
G1 X169.988 Y81.865 E337.75991
G1 X168.237 Y87.636 E337.85445
G0 F10500 X168.487 Y87.636
G0 X168.45 Y88.582
;TYPE:SKIN
G1 F2700 X168.804 Y88.582 E337.85992
G1 X169.864 Y88.582 E337.87629
G0 F10500 X169.658 Y88.789
G0 X168.304 Y88.375
G0 X168.097 Y88.582
G1 F2700 X167.743 Y88.582 E337.88114
G1 X167.39 Y88.582 E337.88597
G1 X166.734 Y89.238 E337.89866
G1 X166.23 Y90.802 E337.92115
G1 X165.979 Y91.76 E337.9347
G0 F10500 X165.725 Y92.015
G0 X166.59 Y89.028
G0 X166.916 Y88.701
G1 F2700 X167.076 Y88.188 E337.93968
G1 X169.198 Y81.469 E338.00496
G1 X169.203 Y81.112 E338.00827
G1 X169.993 Y80.321 E338.01862
G1 X170.956 Y81.126 E338.03025
G1 X171.659 Y83.251 E338.05099
G1 X173.163 Y88.112 E338.09813
G1 X173.106 Y88.522 E338.10197
G1 X173.414 Y88.921 E338.10663
G1 X174.347 Y91.877 E338.13535
G0 F10500 X174.485 Y91.74
G0 X173.051 Y88.997
G0 X172.486 Y88.789
G0 X172.693 Y88.582
G1 F2700 X172.339 Y88.582 E338.14043
G1 X170.218 Y88.582 E338.17085
G0 F10500 X170.011 Y88.636
G1 F600 E337.17085
G0 F10500 X167.246 Y88.997
G0 X165.296 Y92.244
G0 X162.166 Y92.244
G0 X161.411 Y91.432
G0 X161.341 Y91.362
;TYPE:WALL-INNER
G1 F600 E338.17085
G1 F3600 X161.341 Y79.668 E338.35416
G1 X162.186 Y79.668 E338.3674
G1 X162.186 Y92.255 E338.56471
G1 X155.489 Y92.255 E338.66969
G1 X155.489 Y91.362 E338.68369
G1 X161.341 Y91.362 E338.77542
G0 F10500 X160.841 Y90.862
;TYPE:WALL-OUTER
G1 F2700 X160.841 Y79.168 E338.95873
G1 X162.686 Y79.168 E338.98765
G1 X162.686 Y92.755 E339.20063
G1 X154.989 Y92.755 E339.32129
G1 X154.989 Y90.862 E339.35096
G1 X160.841 Y90.862 E339.44269
G0 F10500 X160.841 Y90.612
G0 X161.762 Y90.32
;TYPE:SKIN
G1 F2700 X161.762 Y90.673 E339.44623
G1 X161.762 Y91.381 E339.45332
G1 X161.713 Y91.783 E339.45738
G1 X161.89 Y91.96 E339.45989
G1 X160.628 Y91.808 E339.47262
G1 X159.92 Y91.808 E339.47972
G0 F10500 X160.127 Y91.602
G0 X161.369 Y91.39
G0 X161.58 Y90.149
G0 X161.762 Y89.966
G1 F2700 X161.762 Y89.613 E339.48398
G1 X161.751 Y80.079 E339.59902
G0 F10500 X161.922 Y79.908
G0 X161.369 Y91.39
G0 X159.774 Y91.602
G0 X159.567 Y91.808
G1 F2700 X159.213 Y91.808 E339.60413
G1 X156.031 Y91.808 E339.65013
G1 X155.806 Y91.68 E339.65387
G0 F10500 X155.885 Y91.755
G1 F600 E338.65387
G0 F10500 X155.503 Y91.376
G0 X154.074 Y91.376
G0 X148.191 Y87.896
G0 X147.149 Y86.91
G0 X147.679 Y84.941
G0 X147.81 Y83.562
G0 X147.69 Y82.197
G0 X147.277 Y81.142
G0 X146.538 Y80.438
G0 X145.562 Y80.184
G0 X144.553 Y80.48
G0 X143.765 Y81.267
G0 X143.33 Y82.275
G0 X142.816 Y85.165
;TYPE:WALL-INNER
G1 F600 E339.65387
G1 F3600 X143.068 Y85.734 E339.66362
G1 X143.146 Y85.91 E339.66664
G1 X142.755 Y86.079 E339.67135
G1 X142.687 Y86.109 E339.67251
G1 X142.68 Y85.929 E339.67347
G1 X142.679 Y85.906
G1 X142.679 Y85.892
G1 X142.708 Y85.162 E339.68003
G1 X142.738 Y84.419 E339.69168
G1 X142.816 Y85.165 E339.69303
G0 F10500 X142.841 Y86.5
G0 X142.927 Y86.55
G1 F3600 X143.216 Y89.183 E339.73455
G1 X143.68 Y90.607 E339.75803
G1 X144.475 Y91.474 E339.77647
G1 X145.531 Y91.78 E339.7937
G1 X146.381 Y91.611 E339.80729
G1 X147.023 Y91.103 E339.82012
G1 X147.402 Y90.371 E339.83304
G1 X147.422 Y90.267 E339.8347
G1 X147.775 Y90.315 E339.84029
G1 X148.051 Y90.352 E339.84465
G1 X147.984 Y90.622 E339.84739
G1 X147.892 Y90.987 E339.85329
G1 X147.337 Y91.853 E339.86941
G1 X146.624 Y92.33 E339.88286
G1 X145.684 Y92.5 E339.89783
G1 X144.993 Y92.418 E339.90874
G1 X144.351 Y92.165 E339.91956
G1 X143.773 Y91.741 E339.9308
G1 X143.244 Y91.119 E339.94359
G1 X142.797 Y90.268 E339.95866
G1 X142.459 Y89.115 E339.9775
G1 X142.249 Y87.665 E340.00046
G1 X142.178 Y85.913 E340.02795
G1 X142.246 Y84.193 E340.05493
G1 X142.449 Y82.763 E340.07757
G1 X142.769 Y81.654 E340.09567
G1 X143.198 Y80.824 E340.11031
G1 X143.7 Y80.226 E340.12255
G1 X144.246 Y79.815 E340.13326
G1 X144.825 Y79.579 E340.14307
G1 X145.481 Y79.499 E340.15342
G1 X146.073 Y79.561 E340.16276
G1 X146.598 Y79.744 E340.17147
G1 X147.092 Y80.059 E340.18065
G1 X147.549 Y80.511 E340.19073
G1 X147.936 Y81.09 E340.20165
G1 X148.22 Y81.787 E340.21344
G1 X148.394 Y82.601 E340.22649
G1 X148.455 Y83.576 E340.24181
G1 X148.398 Y84.465 E340.25577
G1 X148.233 Y85.237 E340.26815
G1 X147.963 Y85.906 E340.27945
G1 X147.595 Y86.472 E340.29004
G1 X147.162 Y86.925 E340.29986
G1 X146.732 Y87.225 E340.30808
G1 X146.291 Y87.398 E340.3155
G1 X145.836 Y87.454 E340.32269
G1 X145.638 Y87.429 E340.32582
G1 X145.417 Y87.402 E340.32931
G1 X145.308 Y87.358 E340.33115
G1 X145.045 Y87.251 E340.3356
G1 X144.691 Y86.985 E340.34254
G1 X144.49 Y86.75 E340.34739
G1 X144.403 Y86.648 E340.34949
G1 X144.502 Y86.739 E340.34953
G1 X144.738 Y86.8 E340.35006
G1 X145.135 Y86.904 E340.35396
G1 X145.457 Y86.989 E340.35799
G1 X145.672 Y86.933 E340.36118
G1 X146.442 Y86.73 E340.37367
G1 X147.2 Y86.006 E340.3901
G1 X147.641 Y84.932 E340.4083
G1 X147.77 Y83.562 E340.42987
G1 X147.652 Y82.206 E340.4512
G1 X147.244 Y81.164 E340.46874
G1 X146.519 Y80.472 E340.48445
G1 X145.562 Y80.223 E340.49996
G1 X144.573 Y80.514 E340.51612
G1 X143.798 Y81.289 E340.5333
G1 X143.319 Y82.398 E340.55223
G1 X143.173 Y83.772 E340.57389
G1 X143.305 Y85.035 E340.5938
G1 X143.679 Y85.879 E340.60827
G1 X143.754 Y86.049 E340.61118
G1 X143.859 Y86.146 E340.61342
G1 X143.807 Y86.168
G1 X143.637 Y86.242 E340.61556
G1 X142.927 Y86.55 E340.6277
G0 F10500 X143.803 Y86.715
;TYPE:WALL-OUTER
G1 F2700 X143.464 Y86.862 E340.63349
G1 X143.487 Y87.072 E340.6368
G1 X143.707 Y89.077 E340.66842
G1 X144.122 Y90.349 E340.68939
G1 X144.749 Y91.033 E340.70394
G1 X145.553 Y91.266 E340.71706
G1 X146.165 Y91.144 E340.72684
G1 X146.628 Y90.778 E340.73609
G1 X146.925 Y90.204 E340.74622
G1 X147.023 Y89.709 E340.75413
G1 X148.397 Y89.895 E340.77587
G1 X148.673 Y89.932 E340.78023
G1 X148.605 Y90.202 E340.78297
G1 X148.357 Y91.186 E340.79887
G1 X147.701 Y92.212 E340.81796
G1 X146.816 Y92.803 E340.83465
G1 X145.701 Y93.005 E340.85241
G1 X144.869 Y92.906 E340.86554
G1 X144.106 Y92.606 E340.87839
G1 X143.43 Y92.109 E340.89155
G1 X142.827 Y91.401 E340.90612
G1 X142.331 Y90.455 E340.92287
G1 X141.969 Y89.222 E340.94301
G1 X141.75 Y87.709 E340.96698
G1 X141.677 Y85.913 E340.99515
G1 X141.747 Y84.152 E341.02278
G1 X141.959 Y82.66 E341.0464
G1 X142.303 Y81.467 E341.06586
G1 X142.78 Y80.544 E341.08215
G1 X143.352 Y79.863 E341.09609
G1 X143.998 Y79.376 E341.10877
G1 X144.696 Y79.091 E341.12059
G1 X145.477 Y78.996 E341.13292
G1 X146.182 Y79.07 E341.14404
G1 X146.82 Y79.292 E341.15462
G1 X147.404 Y79.664 E341.16548
G1 X147.938 Y80.193 E341.17726
G1 X148.379 Y80.853 E341.1897
G1 X148.7 Y81.639 E341.20301
G1 X148.891 Y82.532 E341.21733
G1 X148.956 Y83.577 E341.23374
G1 X148.895 Y84.534 E341.24877
G1 X148.713 Y85.385 E341.26241
G1 X148.409 Y86.137 E341.27513
G1 X147.989 Y86.783 E341.28721
G1 X147.49 Y87.306 E341.29854
G1 X146.968 Y87.67 E341.30851
G1 X146.417 Y87.886 E341.31779
G1 X145.836 Y87.957 E341.32697
G1 X145.29 Y87.89 E341.33559
G1 X144.796 Y87.689 E341.34395
G1 X144.347 Y87.352 E341.35275
G1 X143.94 Y86.876 E341.36257
G1 X143.803 Y86.715 E341.36546
G0 F10500 X143.574 Y86.814
G0 X143.337 Y86.264
G0 X143.133 Y83.772
G0 X143.281 Y82.388
G0 X143.765 Y81.267
G0 X144.553 Y80.48
G0 X145.72 Y80.162
G0 X145.57 Y80.742
G1 F2700 X144.836 Y80.958 E341.37746
G1 X144.219 Y81.575 E341.39114
G1 X143.808 Y82.526 E341.40738
G1 X143.676 Y83.772 E341.42702
G1 X143.794 Y84.905 E341.44487
G1 X144.169 Y85.752 E341.45939
G1 X144.749 Y86.287 E341.47176
G1 X145.457 Y86.472 E341.48323
G1 X146.19 Y86.279 E341.49512
G1 X146.778 Y85.718 E341.50785
G1 X147.15 Y84.811 E341.52322
G1 X147.268 Y83.56 E341.54292
G1 X147.16 Y82.321 E341.56241
G1 X146.819 Y81.449 E341.57709
G1 X146.268 Y80.923 E341.58903
G1 X145.57 Y80.742 E341.60034
G0 F10500 X145.331 Y80.812
G0 X145.288 Y79.923
;TYPE:SKIN
G1 F2700 X145.689 Y79.876 E341.60257
G1 X146.749 Y80.231 E341.60877
G1 X147.457 Y80.937 E341.61432
G1 X147.9 Y81.908 E341.62024
G1 X148.081 Y83.142 E341.62716
G1 X148.021 Y84.615 E341.63533
G1 X147.711 Y85.633 E341.64123
G1 X147.152 Y86.545 E341.64716
G1 X146.257 Y87.087 E341.65297
G1 X145.823 Y87.167 E341.65542
G0 F10500 X145.786 Y87.205
G0 X144.718 Y86.956
G0 X145.457 Y87.029
G0 X146.461 Y86.764
G0 X147.233 Y86.028
G0 X147.679 Y84.941
G0 X147.81 Y83.562
G0 X147.69 Y82.197
G0 X147.277 Y81.142
G0 X146.538 Y80.438
G0 X145.562 Y80.184
G0 X144.553 Y80.48
G0 X143.765 Y81.267
G0 X143.33 Y82.275
G0 X142.776 Y87.387
G0 X142.634 Y87.528
G1 F2700 X142.674 Y87.842 E341.65849
G1 X142.559 Y86.542 E341.67117
G0 F10500 X142.671 Y86.431
G0 X142.846 Y88.024
G0 X142.713 Y88.156
G1 F2700 X142.753 Y88.469 E341.67368
G1 X143.072 Y89.918 E341.68545
G1 X143.501 Y90.904 E341.69398
G1 X144.389 Y91.783 E341.70389
G1 X145.469 Y92.118 E341.71286
G1 X146.285 Y92.008 E341.71939
G1 X147.038 Y91.609 E341.72615
G1 X147.57 Y90.723 E341.73435
G0 F10500 X147.742 Y90.552
G0 X145.683 Y92.461
G0 X142.834 Y90.254
G0 X142.806 Y81.668
G0 X145.481 Y79.539
G0 X147.668 Y81.368
G0 X148.01 Y83.566
G1 F2700 X148.201 Y83.376 E341.73646
G0 F10500 X147.277 Y81.142
G0 X146.538 Y80.438
G0 X144.56 Y79.946
G0 X143.898 Y80.607
G1 F2700 X143.225 Y81.634 E341.7525
G1 X142.868 Y82.697 E341.76715
G1 X142.717 Y83.909 E341.78311
G1 X142.872 Y84.108 E341.78641
G0 F10500 X142.769 Y84.06
G1 F600 E340.78641
G0 F10500 X142.468 Y82.767
G0 X141.09 Y82.367
G0 X140.052 Y81.21
G0 X138.668 Y81.575
G0 X136.785 Y79.67
G0 X136.81 Y79.574
;TYPE:WALL-INNER
G1 F600 E341.78641
G1 F3600 X137.35 Y79.801 E341.79559
G1 X137.842 Y80.188 E341.8054
G1 X138.298 Y80.759 E341.81686
G1 X138.686 Y81.569 E341.83094
G1 X138.984 Y82.711 E341.84944
G1 X139.169 Y84.173 E341.87254
G1 X139.232 Y85.971 E341.90074
G1 X139.169 Y87.804 E341.92949
G1 X138.984 Y89.288 E341.95293
G1 X138.686 Y90.437 E341.97154
G1 X138.3 Y91.244 E341.98556
G1 X137.845 Y91.808 E341.99692
G1 X137.346 Y92.195 E342.00682
G1 X136.809 Y92.416 E342.01592
G1 X136.196 Y92.491 E342.0256
G1 X135.59 Y92.417 E342.03517
G1 X135.05 Y92.19 E342.04436
G1 X134.557 Y91.803 E342.05418
G1 X134.104 Y91.235 E342.06557
G1 X133.712 Y90.417 E342.07979
G1 X133.415 Y89.271 E342.09835
G1 X133.231 Y87.808 E342.12146
G1 X133.168 Y86 E342.14982
G1 X133.231 Y84.186 E342.17827
G1 X133.416 Y82.716 E342.2015
G1 X133.712 Y81.575 E342.21997
G1 X134.104 Y80.756 E342.23421
G1 X134.558 Y80.189 E342.24559
G1 X135.053 Y79.801 E342.25545
G1 X135.595 Y79.575 E342.26466
G1 X136.206 Y79.5 E342.27431
G1 X136.81 Y79.574 E342.28384
G0 F10500 X136.206 Y80.203
G1 F3600 X135.128 Y80.595 E342.30183
G1 X134.444 Y81.573 E342.32053
G1 X134.111 Y83.254 E342.3474
G1 X134.011 Y86 E342.39047
G1 X134.111 Y88.74 E342.43345
G1 X134.444 Y90.418 E342.46026
G1 X135.128 Y91.396 E342.47897
G1 X136.205 Y91.788 E342.49694
G1 X137.274 Y91.397 E342.51478
G1 X137.96 Y90.426 E342.53342
G1 X138.297 Y88.747 E342.56026
G1 X138.398 Y86 E342.60335
G1 X138.297 Y83.253 E342.64644
G1 X137.961 Y81.571 E342.67333
G1 X137.276 Y80.596 E342.69201
G1 X136.206 Y80.203 E342.70987
G0 F10500 X136.205 Y80.735
;TYPE:WALL-OUTER
G1 F2700 X135.447 Y81.011 E342.72252
G1 X134.914 Y81.773 E342.7371
G1 X134.609 Y83.312 E342.76169
G1 X134.511 Y86 E342.80385
G1 X134.609 Y88.682 E342.84592
G1 X134.914 Y90.218 E342.87047
G1 X135.447 Y90.98 E342.88505
G1 X136.205 Y91.256 E342.89769
G1 X136.956 Y90.981 E342.91023
G1 X137.491 Y90.224 E342.92476
G1 X137.799 Y88.688 E342.94932
G1 X137.898 Y86 E342.99148
G1 X137.799 Y83.312 E343.03365
G1 X137.491 Y81.772 E343.05826
G1 X136.957 Y81.011 E343.07284
G1 X136.205 Y80.735 E343.08539
G0 F10500 X135.97 Y80.82
G0 X135.766 Y80.257
G0 X136.785 Y79.67
G0 X136.941 Y79.087
G1 F2700 X137.605 Y79.366 E343.09668
G1 X138.198 Y79.831 E343.1085
G1 X138.724 Y80.491 E343.12173
G1 X139.158 Y81.397 E343.13747
G1 X139.476 Y82.615 E343.15721
G1 X139.668 Y84.136 E343.18124
G1 X139.733 Y85.971 E343.21002
G1 X139.668 Y87.839 E343.23932
G1 X139.476 Y89.382 E343.26369
G1 X139.158 Y90.61 E343.28358
G1 X138.726 Y91.512 E343.29926
G1 X138.196 Y92.168 E343.31248
G1 X137.6 Y92.631 E343.32431
G1 X136.938 Y92.904 E343.33553
G1 X136.196 Y92.995 E343.34725
G1 X135.459 Y92.904 E343.35889
G1 X134.795 Y92.625 E343.37018
G1 X134.202 Y92.16 E343.38199
G1 X133.678 Y91.503 E343.39517
G1 X133.24 Y90.589 E343.41105
G1 X132.923 Y89.367 E343.43084
G1 X132.732 Y87.843 E343.45492
G1 X132.667 Y86 E343.48383
G1 X132.732 Y84.151 E343.51283
G1 X132.924 Y82.622 E343.53698
G1 X133.24 Y81.402 E343.55674
G1 X133.678 Y80.488 E343.57263
G1 X134.203 Y79.831 E343.58581
G1 X134.799 Y79.365 E343.59767
G1 X135.464 Y79.088 E343.60896
G1 X136.205 Y78.996 E343.62067
G1 X136.941 Y79.087 E343.63229
G0 F10500 X137.171 Y79.183
G0 X136.747 Y79.98
;TYPE:SKIN
G1 F2700 X137.001 Y80.08 E343.63525
G1 X136.134 Y79.885 E343.64486
G1 X135.664 Y80.002 E343.65011
G1 X134.796 Y80.517 E343.66103
G0 F10500 X134.094 Y81.572
G1 F2700 X133.962 Y82.058 E343.66578
G1 X133.681 Y83.753 E343.68197
G1 X133.599 Y86.31 E343.70608
G1 X133.761 Y88.977 E343.73127
G1 X134.198 Y90.66 E343.74766
G1 X134.947 Y91.68 E343.75958
G1 X135.944 Y92.096 E343.76977
G1 X136.768 Y91.98 E343.77761
G1 X137.617 Y91.485 E343.78687
G1 X138.283 Y90.465 E343.79835
G1 X138.614 Y89.073 E343.81184
G1 X138.759 Y87.514 E343.8266
G1 X138.779 Y85.019 E343.85011
G1 X138.644 Y83.033 E343.86888
G1 X138.211 Y81.344 E343.88531
G1 X137.468 Y80.319 E343.89724
G1 X137.24 Y80.193 E343.8997
G0 F10500 X137.266 Y80.061
G1 F600 E342.8997
G0 F10500 X134.572 Y80.203
G0 X133.449 Y79.311
G0 X129.895 Y79.304
G0 X128.779 Y80.202
G0 X127.736 Y79.67
G0 X127.761 Y79.574
;TYPE:WALL-INNER
G1 F600 E343.8997
G1 F3600 X128.301 Y79.801 E343.90888
G1 X128.793 Y80.188 E343.91869
G1 X129.249 Y80.759 E343.93015
G1 X129.637 Y81.569 E343.94423
G1 X129.935 Y82.711 E343.96273
G1 X130.12 Y84.173 E343.98583
G1 X130.183 Y85.971 E344.01403
G1 X130.12 Y87.804 E344.04278
G1 X129.935 Y89.288 E344.06622
G1 X129.637 Y90.437 E344.08483
G1 X129.251 Y91.244 E344.09885
G1 X128.796 Y91.808 E344.11021
G1 X128.297 Y92.195 E344.12011
G1 X127.76 Y92.416 E344.12921
G1 X127.147 Y92.491 E344.13889
G1 X126.541 Y92.417 E344.14846
G1 X126.001 Y92.19 E344.15765
G1 X125.508 Y91.803 E344.16747
G1 X125.055 Y91.235 E344.17886
G1 X124.663 Y90.417 E344.19308
G1 X124.366 Y89.271 E344.21163
G1 X124.182 Y87.808 E344.23475
G1 X124.119 Y86 E344.26311
G1 X124.182 Y84.186 E344.29156
G1 X124.367 Y82.716 E344.31478
G1 X124.663 Y81.575 E344.33326
G1 X125.055 Y80.756 E344.34749
G1 X125.509 Y80.189 E344.35888
G1 X126.004 Y79.801 E344.36874
G1 X126.546 Y79.575 E344.37795
G1 X127.157 Y79.5 E344.38759
G1 X127.761 Y79.574 E344.39713
G0 F10500 X127.158 Y80.203
G1 F3600 X126.078 Y80.595 E344.41514
G1 X125.395 Y81.573 E344.43384
G1 X125.062 Y83.254 E344.46071
G1 X124.962 Y86 E344.50378
G1 X125.062 Y88.74 E344.54676
G1 X125.395 Y90.418 E344.57357
G1 X126.078 Y91.396 E344.59227
G1 X127.157 Y91.788 E344.61027
G1 X128.225 Y91.397 E344.6281
G1 X128.911 Y90.426 E344.64673
G1 X129.248 Y88.747 E344.67358
G1 X129.349 Y86 E344.71667
G1 X129.248 Y83.253 E344.75976
G1 X128.912 Y81.571 E344.78664
G1 X128.227 Y80.596 E344.80532
G1 X127.158 Y80.203 E344.82318
G0 F10500 X127.157 Y80.735
;TYPE:WALL-OUTER
G1 F2700 X126.397 Y81.011 E344.83585
G1 X125.865 Y81.773 E344.85042
G1 X125.56 Y83.312 E344.87501
G1 X125.462 Y86 E344.91718
G1 X125.56 Y88.682 E344.95924
G1 X125.865 Y90.218 E344.98379
G1 X126.397 Y90.98 E344.99836
G1 X127.156 Y91.256 E345.01102
G1 X127.907 Y90.981 E345.02356
G1 X128.442 Y90.224 E345.03809
G1 X128.75 Y88.688 E345.06264
G1 X128.849 Y86 E345.10481
G1 X128.75 Y83.312 E345.14697
G1 X128.442 Y81.772 E345.17159
G1 X127.908 Y81.011 E345.18616
G1 X127.157 Y80.735 E345.19871
G0 F10500 X126.922 Y80.82
G0 X126.718 Y80.256
G0 X127.736 Y79.67
G0 X127.892 Y79.087
G1 F2700 X128.556 Y79.366 E345.21
G1 X129.149 Y79.831 E345.22181
G1 X129.675 Y80.491 E345.23504
G1 X130.109 Y81.397 E345.25079
G1 X130.427 Y82.615 E345.27052
G1 X130.619 Y84.136 E345.29455
G1 X130.684 Y85.971 E345.32333
G1 X130.619 Y87.839 E345.35263
G1 X130.427 Y89.382 E345.37701
G1 X130.109 Y90.61 E345.39689
G1 X129.677 Y91.512 E345.41257
G1 X129.147 Y92.168 E345.42579
G1 X128.551 Y92.631 E345.43762
G1 X127.889 Y92.904 E345.44884
G1 X127.147 Y92.995 E345.46056
G1 X126.41 Y92.904 E345.4722
G1 X125.746 Y92.625 E345.48349
G1 X125.153 Y92.16 E345.4953
G1 X124.629 Y91.503 E345.50848
G1 X124.191 Y90.589 E345.52436
G1 X123.874 Y89.367 E345.54415
G1 X123.683 Y87.843 E345.56823
G1 X123.618 Y86 E345.59714
G1 X123.683 Y84.151 E345.62614
G1 X123.875 Y82.622 E345.6503
G1 X124.191 Y81.402 E345.67005
G1 X124.629 Y80.488 E345.68594
G1 X125.154 Y79.831 E345.69912
G1 X125.75 Y79.365 E345.71098
G1 X126.415 Y79.088 E345.72227
G1 X127.156 Y78.996 E345.73398
G1 X127.892 Y79.087 E345.7456
G0 F10500 X128.122 Y79.183
G0 X127.595 Y79.939
;TYPE:SKIN
G1 F2700 X127.848 Y80.04 E345.74812
G1 X127.311 Y79.87 E345.75334
G1 X126.42 Y80.053 E345.76176
G1 X125.706 Y80.414 E345.76916
G1 X124.956 Y81.87 E345.78432
G1 X124.645 Y83.596 E345.80056
G1 X124.545 Y86.171 E345.82441
G1 X124.695 Y88.85 E345.84925
G1 X125.099 Y90.567 E345.86558
G1 X125.818 Y91.616 E345.87735
G1 X126.779 Y92.069 E345.88718
G1 X127.067 Y92.134 E345.88991
G1 X128.014 Y91.895 E345.89896
G0 F10500 X128.904 Y91.005
G1 F2700 X129.321 Y90.234 E345.90755
G1 X129.651 Y88.49 E345.92496
G1 X129.759 Y85.907 E345.95031
G1 X129.616 Y83.222 E345.97668
G1 X129.226 Y81.49 E345.99409
G1 X128.528 Y80.421 E346.00661
G1 X128.099 Y80.143 E346.01162
G0 F10500 X128.124 Y80.026
G1 F600 E345.01162
G0 F10500 X125.523 Y80.203
G0 X124.4 Y79.311
G0 X120.846 Y79.304
G0 X119.73 Y80.202
G0 X118.687 Y79.67
G0 X118.712 Y79.574
;TYPE:WALL-INNER
G1 F600 E346.01162
G1 F3600 X119.252 Y79.801 E346.0208
G1 X119.744 Y80.188 E346.03062
G1 X120.2 Y80.759 E346.04207
G1 X120.588 Y81.569 E346.05615
G1 X120.886 Y82.711 E346.07465
G1 X121.071 Y84.173 E346.09775
G1 X121.134 Y85.971 E346.12595
G1 X121.071 Y87.804 E346.1547
G1 X120.886 Y89.288 E346.17815
G1 X120.588 Y90.437 E346.19675
G1 X120.202 Y91.244 E346.21078
G1 X119.747 Y91.808 E346.22213
G1 X119.248 Y92.195 E346.23203
G1 X118.711 Y92.416 E346.24114
G1 X118.098 Y92.491 E346.25082
G1 X117.492 Y92.417 E346.26039
G1 X116.952 Y92.19 E346.26957
G1 X116.459 Y91.803 E346.27939
G1 X116.006 Y91.235 E346.29078
G1 X115.614 Y90.417 E346.305
G1 X115.317 Y89.271 E346.32356
G1 X115.133 Y87.808 E346.34667
G1 X115.069 Y86 E346.37503
G1 X115.133 Y84.186 E346.40348
G1 X115.318 Y82.716 E346.42671
G1 X115.614 Y81.575 E346.44519
G1 X116.006 Y80.756 E346.45942
G1 X116.459 Y80.188 E346.47081
G1 X116.956 Y79.8 E346.48069
G1 X117.493 Y79.576 E346.48981
G1 X118.107 Y79.5 E346.49951
G1 X118.712 Y79.574 E346.50907
G0 F10500 X118.109 Y80.203
G1 F3600 X117.029 Y80.595 E346.52708
G1 X116.346 Y81.573 E346.54577
G1 X116.013 Y83.254 E346.57264
G1 X115.913 Y86 E346.61571
G1 X116.013 Y88.74 E346.65869
G1 X116.346 Y90.418 E346.68551
G1 X117.029 Y91.396 E346.7042
G1 X118.108 Y91.788 E346.7222
G1 X119.176 Y91.397 E346.74003
G1 X119.862 Y90.426 E346.75866
G1 X120.199 Y88.747 E346.78551
G1 X120.3 Y86 E346.8286
G1 X120.199 Y83.253 E346.87169
G1 X119.863 Y81.571 E346.89858
G1 X119.178 Y80.596 E346.91725
G1 X118.109 Y80.203 E346.93511
G0 F10500 X118.108 Y80.735
;TYPE:WALL-OUTER
G1 F2700 X117.348 Y81.011 E346.94778
G1 X116.816 Y81.773 E346.96235
G1 X116.511 Y83.312 E346.98694
G1 X116.413 Y86 E347.02911
G1 X116.511 Y88.682 E347.07118
G1 X116.816 Y90.218 E347.09572
G1 X117.348 Y90.98 E347.11029
G1 X118.107 Y91.256 E347.12295
G1 X118.858 Y90.981 E347.13549
G1 X119.393 Y90.224 E347.15002
G1 X119.701 Y88.688 E347.17458
G1 X119.8 Y86 E347.21674
G1 X119.701 Y83.312 E347.2589
G1 X119.393 Y81.772 E347.28352
G1 X118.859 Y81.011 E347.2981
G1 X118.108 Y80.735 E347.31064
G0 F10500 X117.873 Y80.82
G0 X117.669 Y80.256
G0 X118.687 Y79.67
G0 X118.843 Y79.087
G1 F2700 X119.507 Y79.366 E347.32193
G1 X120.1 Y79.831 E347.33374
G1 X120.626 Y80.491 E347.34697
G1 X121.06 Y81.397 E347.36272
G1 X121.378 Y82.615 E347.38245
G1 X121.57 Y84.136 E347.40648
G1 X121.635 Y85.971 E347.43526
G1 X121.57 Y87.839 E347.46456
G1 X121.378 Y89.382 E347.48894
G1 X121.06 Y90.61 E347.50882
G1 X120.628 Y91.512 E347.5245
G1 X120.098 Y92.168 E347.53772
G1 X119.502 Y92.631 E347.54955
G1 X118.84 Y92.904 E347.56077
G1 X118.098 Y92.995 E347.57249
G1 X117.361 Y92.904 E347.58413
G1 X116.697 Y92.625 E347.59542
G1 X116.104 Y92.16 E347.60724
G1 X115.58 Y91.503 E347.62041
G1 X115.142 Y90.589 E347.6363
G1 X114.825 Y89.367 E347.65609
G1 X114.634 Y87.843 E347.68016
G1 X114.568 Y86 E347.70907
G1 X114.634 Y84.151 E347.73807
G1 X114.826 Y82.622 E347.76223
G1 X115.142 Y81.402 E347.78198
G1 X115.58 Y80.488 E347.79787
G1 X116.104 Y79.831 E347.81104
G1 X116.7 Y79.365 E347.8229
G1 X117.364 Y79.088 E347.83418
G1 X118.107 Y78.996 E347.84592
G1 X118.843 Y79.087 E347.85754
G0 F10500 X119.073 Y79.183
G0 X118.697 Y79.999
;TYPE:SKIN
G1 F2700 X118.951 Y80.098 E347.86008
G1 X119.57 Y80.539 E347.86716
G1 X120.138 Y81.386 E347.87666
G1 X120.555 Y83.09 E347.893
G1 X120.708 Y85.766 E347.91796
G1 X120.615 Y88.334 E347.94189
G1 X120.315 Y90.048 E347.9581
G1 X120.093 Y90.624 E347.96384
G0 F10500 X119.828 Y90.889
G0 X119.001 Y91.715
G0 X118.76 Y91.955
G1 F2700 X118.28 Y92.082 E347.96857
G1 X117.621 Y92.035 E347.97486
G1 X116.7 Y91.541 E347.98481
G1 X116.015 Y90.459 E347.99699
G1 X115.635 Y88.717 E348.01397
G1 X115.496 Y86.028 E348.03959
G1 X115.609 Y83.44 E348.06425
G1 X115.95 Y81.685 E348.08127
G1 X116.44 Y80.841 E348.09055
G1 X117.153 Y80.128 E348.10015
G1 X118.118 Y79.871 E348.10966
G0 F10500 X118.232 Y79.757
G0 X119.202 Y80.565
G0 X119.899 Y81.556
G0 X120.238 Y83.249
G0 X120.34 Y86
G0 X120.259 Y88.227
G0 X120.033 Y91.037
G1 F2700 X119.056 Y92.015 E348.12049
G0 F10500 X119.033 Y91.981
G1 F600 E347.12049
G0 F10500 X118.108 Y91.828
G0 X117.005 Y91.427
G0 X116.31 Y90.433
G0 X116.039 Y89.065
G0 X115.337 Y82.719
G0 X113.915 Y82.541
G0 X111.283 Y82.719
G0 X110.368 Y82.719
G0 X110.367 Y82.647
G0 X110.298 Y75.978
G0 X110.368 Y76.048
;TYPE:WALL-OUTER
G1 F600 E348.12049
G1 F2700 X110.368 Y95.682 E348.42826
G1 X190.383 Y95.682 E349.68254
G1 X190.383 Y76.048 E349.99031
G1 X110.368 Y76.048 E351.24458
G0 F10500 X110.368 Y76.298
G0 X110.268 Y76.298
G0 X110.34 Y95.71
G0 X191.18 Y96.479
G0 X191.25 Y96.549
G1 F2700 X109.744 Y96.549 E352.52222
G1 X109.744 Y75.181 E352.85718
G1 X191.25 Y75.181 E354.13482
G1 X191.25 Y96.549 E354.46978
G0 F10500 X191 Y96.549
G0 X190.775 Y96.309
;TYPE:SKIN
G1 F2700 X191.009 Y96.076 E354.47236
G0 F10500 X190.715 Y96.015
G1 F2700 X190.262 Y96.115 E354.47808
G1 X190.815 Y95.561 E354.48772
G1 X190.815 Y75.762 E354.73163
G0 F10500 X190.61 Y75.614
G1 F2700 X190.256 Y75.614 E354.73563
G1 X124.849 Y75.614 E355.47534
G1 X110.353 Y75.614 E355.63928
G1 X110.088 Y75.526 E355.64244
G1 X110.054 Y78.388 E355.67481
G1 X110.054 Y95.712 E355.87073
G1 X110.091 Y96.029 E355.87434
G1 X111.066 Y96.115 E355.88541
G1 X176.473 Y96.115 E356.62511
G1 X189.908 Y96.115 E356.77705
G0 F10500 X189.715 Y96.182
G1 F600 E355.77705
;MESH:NONMESH
G0 F10500 X190.411 Y95.71
G0 X190.411 Y76.02
G0 X109.764 Y75.201
G0 X109.097 Y74.534
G0 X101.924 Y66.167
G0 X100.495 Y66.167
G0 X100.439 Y66.111
G0 X100.509 Y66.181
;TIME_ELAPSED:3988.445045
;LAYER:18
;MESH:
G0 X100.509 Y66.181 Z3.8
;TYPE:WALL-INNER
G1 F600 E356.77705
G1 F3600 X100.009 Y66.181 E356.78489
G1 X100.009 Y22.681 E357.46677
G1 X100.509 Y22.681 E357.47461
G1 X100.509 Y66.181 E358.1565
G0 F10500 X101.009 Y66.681
;TYPE:WALL-OUTER
G1 F2700 X99.509 Y66.681 E358.18001
G1 X99.509 Y22.181 E358.87757
G1 X101.009 Y22.181 E358.90108
G1 X101.009 Y66.681 E359.59864
G0 F10500 X100.759 Y66.681
G1 F600 E358.59864
G0 F10500 X100.439 Y66.111
G0 X100.489 Y66.111
G0 X101.924 Y66.111
G0 X104.494 Y66.111
G0 X105.929 Y66.111
G0 X106.339 Y66.111
G0 X106.409 Y66.181
;TYPE:WALL-INNER
G1 F600 E359.59864
G1 F3600 X105.909 Y66.181 E359.60648
G1 X105.909 Y22.681 E360.28836
G1 X106.409 Y22.681 E360.2962
G1 X106.409 Y66.181 E360.97808
G0 F10500 X106.909 Y66.681
;TYPE:WALL-OUTER
G1 F2700 X105.409 Y66.681 E361.00159
G1 X105.409 Y22.181 E361.69915
G1 X106.909 Y22.181 E361.72266
G1 X106.909 Y66.681 E362.42022
G0 F10500 X106.659 Y66.681
G1 F600 E361.42022
G0 F10500 X106.339 Y66.111
G0 X106.389 Y66.111
G0 X107.824 Y66.111
G0 X110.494 Y66.111
G0 X111.929 Y66.111
G0 X112.339 Y66.111
G0 X112.409 Y66.181
;TYPE:WALL-INNER
G1 F600 E362.42022
G1 F3600 X111.909 Y66.181 E362.42806
G1 X111.909 Y22.681 E363.10994
G1 X112.409 Y22.681 E363.11778
G1 X112.409 Y66.181 E363.79966
G0 F10500 X112.909 Y66.681
;TYPE:WALL-OUTER
G1 F2700 X111.409 Y66.681 E363.82318
G1 X111.409 Y22.181 E364.52073
G1 X112.909 Y22.181 E364.54425
G1 X112.909 Y66.681 E365.2418
G0 F10500 X112.659 Y66.681
G1 F600 E364.2418
G0 F10500 X112.339 Y66.111
G0 X112.389 Y66.111
G0 X113.824 Y66.111
G0 X116.394 Y66.111
G0 X117.829 Y66.111
G0 X118.239 Y66.111
G0 X118.309 Y66.181
;TYPE:WALL-INNER
G1 F600 E365.2418
G1 F3600 X117.809 Y66.181 E365.24964
G1 X117.809 Y22.681 E365.93153
G1 X118.309 Y22.681 E365.93936
G1 X118.309 Y66.181 E366.62125
G0 F10500 X118.809 Y66.681
;TYPE:WALL-OUTER
G1 F2700 X117.309 Y66.681 E366.64476
G1 X117.309 Y22.181 E367.34232
G1 X118.809 Y22.181 E367.36583
G1 X118.809 Y66.681 E368.06339
G0 F10500 X118.559 Y66.681
G1 F600 E367.06339
G0 F10500 X118.239 Y66.111
G0 X118.289 Y66.111
G0 X119.724 Y66.111
G0 X122.394 Y66.111
G0 X123.829 Y66.111
G0 X124.239 Y66.111
G0 X124.309 Y66.181
;TYPE:WALL-INNER
G1 F600 E368.06339
G1 F3600 X123.809 Y66.181 E368.07123
G1 X123.809 Y22.681 E368.75311
G1 X124.309 Y22.681 E368.76095
G1 X124.309 Y66.181 E369.44283
G0 F10500 X124.809 Y66.681
;TYPE:WALL-OUTER
G1 F2700 X123.309 Y66.681 E369.46634
G1 X123.309 Y22.181 E370.1639
G1 X124.809 Y22.181 E370.18741
G1 X124.809 Y66.681 E370.88497
G0 F10500 X124.559 Y66.681
G1 F600 E369.88497
G0 F10500 X124.239 Y66.111
G0 X124.289 Y66.111
G0 X125.724 Y66.111
G0 X128.294 Y66.111
G0 X129.729 Y66.111
G0 X130.139 Y66.111
G0 X130.209 Y66.181
;TYPE:WALL-INNER
G1 F600 E370.88497
G1 F3600 X129.709 Y66.181 E370.89281
G1 X129.709 Y22.681 E371.57469
G1 X130.209 Y22.681 E371.58253
G1 X130.209 Y66.181 E372.26441
G0 F10500 X130.709 Y66.681
;TYPE:WALL-OUTER
G1 F2700 X129.209 Y66.681 E372.28793
G1 X129.209 Y22.181 E372.98548
G1 X130.709 Y22.181 E373.009
G1 X130.709 Y66.681 E373.70656
G0 F10500 X130.459 Y66.681
G1 F600 E372.70656
G0 F10500 X130.139 Y66.111
G0 X130.189 Y66.111
G0 X131.624 Y66.111
G0 X134.294 Y66.111
G0 X135.729 Y66.111
G0 X136.139 Y66.111
G0 X136.209 Y66.181
;TYPE:WALL-INNER
G1 F600 E373.70656
G1 F3600 X135.709 Y66.181 E373.71439
G1 X135.709 Y22.681 E374.39628
G1 X136.209 Y22.681 E374.40411
G1 X136.209 Y66.181 E375.086
G0 F10500 X136.709 Y66.681
;TYPE:WALL-OUTER
G1 F2700 X135.209 Y66.681 E375.10951
G1 X135.209 Y22.181 E375.80707
G1 X136.709 Y22.181 E375.83058
G1 X136.709 Y66.681 E376.52814
G0 F10500 X136.459 Y66.681
G1 F600 E375.52814
G0 F10500 X136.139 Y66.111
G0 X136.189 Y66.111
G0 X137.624 Y66.111
G0 X140.194 Y66.111
G0 X141.629 Y66.111
G0 X142.039 Y66.111
G0 X142.109 Y66.181
;TYPE:WALL-INNER
G1 F600 E376.52814
G1 F3600 X141.609 Y66.181 E376.53598
G1 X141.609 Y22.681 E377.21786
G1 X142.109 Y22.681 E377.2257
G1 X142.109 Y66.181 E377.90758
G0 F10500 X142.609 Y66.681
;TYPE:WALL-OUTER
G1 F2700 X141.109 Y66.681 E377.93109
G1 X141.109 Y22.181 E378.62865
G1 X142.609 Y22.181 E378.65216
G1 X142.609 Y66.681 E379.34972
G0 F10500 X142.359 Y66.681
G1 F600 E378.34972
G0 F10500 X142.039 Y66.111
G0 X142.089 Y66.111
G0 X143.524 Y66.111
G0 X146.194 Y66.111
G0 X147.629 Y66.111
G0 X148.039 Y66.111
G0 X148.109 Y66.181
;TYPE:WALL-INNER
G1 F600 E379.34972
G1 F3600 X147.609 Y66.181 E379.35756
G1 X147.609 Y22.681 E380.03944
G1 X148.109 Y22.681 E380.04728
G1 X148.109 Y66.181 E380.72916
G0 F10500 X148.609 Y66.681
;TYPE:WALL-OUTER
G1 F2700 X147.109 Y66.681 E380.75268
G1 X147.109 Y22.181 E381.45023
G1 X148.609 Y22.181 E381.47375
G1 X148.609 Y66.681 E382.17131
G0 F10500 X148.359 Y66.681
G1 F600 E381.17131
G0 F10500 X148.039 Y66.111
G0 X148.089 Y66.111
G0 X149.524 Y66.111
G0 X152.094 Y66.111
G0 X153.529 Y66.111
G0 X153.939 Y66.111
G0 X154.009 Y66.181
;TYPE:WALL-INNER
G1 F600 E382.17131
G1 F3600 X153.509 Y66.181 E382.17914
G1 X153.509 Y22.681 E382.86103
G1 X154.009 Y22.681 E382.86886
G1 X154.009 Y66.181 E383.55075
G0 F10500 X154.509 Y66.681
;TYPE:WALL-OUTER
G1 F2700 X153.009 Y66.681 E383.57426
G1 X153.009 Y22.181 E384.27182
G1 X154.509 Y22.181 E384.29533
G1 X154.509 Y66.681 E384.99289
G0 F10500 X154.259 Y66.681
G1 F600 E383.99289
G0 F10500 X153.939 Y66.111
G0 X153.989 Y66.111
G0 X155.424 Y66.111
G0 X158.094 Y66.111
G0 X159.529 Y66.111
G0 X159.939 Y66.111
G0 X160.009 Y66.181
;TYPE:WALL-INNER
G1 F600 E384.99289
G1 F3600 X159.509 Y66.181 E385.00073
G1 X159.509 Y22.681 E385.68261
G1 X160.009 Y22.681 E385.69045
G1 X160.009 Y66.181 E386.37233
G0 F10500 X160.509 Y66.681
;TYPE:WALL-OUTER
G1 F2700 X159.009 Y66.681 E386.39584
G1 X159.009 Y22.181 E387.0934
G1 X160.509 Y22.181 E387.11691
G1 X160.509 Y66.681 E387.81447
G0 F10500 X160.259 Y66.681
G1 F600 E386.81447
G0 F10500 X159.939 Y66.111
G0 X159.989 Y66.111
G0 X161.424 Y66.111
G0 X163.994 Y66.111
G0 X165.429 Y66.111
G0 X165.839 Y66.111
G0 X165.909 Y66.181
;TYPE:WALL-INNER
G1 F600 E387.81447
G1 F3600 X165.409 Y66.181 E387.82231
G1 X165.409 Y22.681 E388.50419
G1 X165.909 Y22.681 E388.51203
G1 X165.909 Y66.181 E389.19391
G0 F10500 X166.409 Y66.681
;TYPE:WALL-OUTER
G1 F2700 X164.909 Y66.681 E389.21743
G1 X164.909 Y22.181 E389.91498
G1 X166.409 Y22.181 E389.9385
G1 X166.409 Y66.681 E390.63606
G0 F10500 X166.159 Y66.681
G1 F600 E389.63606
G0 F10500 X165.839 Y66.111
G0 X165.889 Y66.111
G0 X167.324 Y66.111
G0 X169.994 Y66.111
G0 X171.429 Y66.111
G0 X171.839 Y66.111
G0 X171.909 Y66.181
;TYPE:WALL-INNER
G1 F600 E390.63606
G1 F3600 X171.409 Y66.181 E390.64389
G1 X171.409 Y22.681 E391.32578
G1 X171.909 Y22.681 E391.33361
G1 X171.909 Y66.181 E392.0155
G0 F10500 X172.409 Y66.681
;TYPE:WALL-OUTER
G1 F2700 X170.909 Y66.681 E392.03901
G1 X170.909 Y22.181 E392.73657
G1 X172.409 Y22.181 E392.76008
G1 X172.409 Y66.681 E393.45764
G0 F10500 X172.159 Y66.681
G1 F600 E392.45764
G0 F10500 X171.839 Y66.111
G0 X171.889 Y66.111
G0 X173.324 Y66.111
G0 X175.894 Y66.111
G0 X177.329 Y66.111
G0 X177.739 Y66.111
G0 X177.809 Y66.181
;TYPE:WALL-INNER
G1 F600 E393.45764
G1 F3600 X177.309 Y66.181 E393.46548
G1 X177.309 Y22.681 E394.14736
G1 X177.809 Y22.681 E394.1552
G1 X177.809 Y66.181 E394.83708
G0 F10500 X178.309 Y66.681
;TYPE:WALL-OUTER
G1 F2700 X176.809 Y66.681 E394.86059
G1 X176.809 Y22.181 E395.55815
G1 X178.309 Y22.181 E395.58166
G1 X178.309 Y66.681 E396.27922
G0 F10500 X178.059 Y66.681
G1 F600 E395.27922
G0 F10500 X177.739 Y66.111
G0 X177.789 Y66.111
G0 X179.224 Y66.111
G0 X181.894 Y66.111
G0 X183.329 Y66.111
G0 X183.739 Y66.111
G0 X183.809 Y66.181
;TYPE:WALL-INNER
G1 F600 E396.27922
G1 F3600 X183.309 Y66.181 E396.28706
G1 X183.309 Y22.681 E396.96894
G1 X183.809 Y22.681 E396.97678
G1 X183.809 Y66.181 E397.65866
G0 F10500 X184.309 Y66.681
;TYPE:WALL-OUTER
G1 F2700 X182.809 Y66.681 E397.68218
G1 X182.809 Y22.181 E398.37974
G1 X184.309 Y22.181 E398.40325
G1 X184.309 Y66.681 E399.10081
G0 F10500 X184.059 Y66.681
G1 F600 E398.10081
G0 F10500 X183.739 Y66.111
G0 X183.789 Y66.111
G0 X185.224 Y66.111
G0 X187.794 Y66.111
G0 X189.229 Y66.111
G0 X189.639 Y66.111
G0 X189.709 Y66.181
;TYPE:WALL-INNER
G1 F600 E399.10081
G1 F3600 X189.209 Y66.181 E399.10864
G1 X189.209 Y22.681 E399.79053
G1 X189.709 Y22.681 E399.79836
G1 X189.709 Y66.181 E400.48025
G0 F10500 X190.209 Y66.681
;TYPE:WALL-OUTER
G1 F2700 X188.709 Y66.681 E400.50376
G1 X188.709 Y22.181 E401.20132
G1 X190.209 Y22.181 E401.22483
G1 X190.209 Y66.681 E401.92239
G0 F10500 X189.959 Y66.681
G1 F600 E400.92239
G0 F10500 X189.639 Y66.111
G0 X189.223 Y66.167
G0 X189.223 Y67.596
G0 X186.99 Y74.301
G0 X186.977 Y74.343
G0 X186.131 Y76.883
G0 X186.118 Y76.925
G0 X185.715 Y78.137
G0 X185.715 Y79.566
G0 X184.954 Y85.975
G0 X184.884 Y86.045
;TYPE:WALL-INNER
G1 F600 E401.92239
G1 F3600 X178.772 Y86.045 E402.0182
G1 X178.772 Y92.255 E402.11554
G1 X177.918 Y92.255 E402.12893
G1 X177.918 Y79.552 E402.32806
G1 X178.772 Y79.552 E402.34144
G1 X178.772 Y85.142 E402.42907
G1 X184.884 Y85.142 E402.52488
G1 X184.884 Y79.552 E402.6125
G1 X185.729 Y79.552 E402.62575
G1 X185.729 Y92.255 E402.82487
G1 X184.884 Y92.255 E402.83812
G1 X184.884 Y86.045 E402.93546
G0 F10500 X184.384 Y86.545
;TYPE:WALL-OUTER
G1 F2700 X179.272 Y86.545 E403.0156
G1 X179.272 Y92.755 E403.11294
G1 X177.418 Y92.755 E403.142
G1 X177.418 Y79.052 E403.3568
G1 X179.272 Y79.052 E403.38587
G1 X179.272 Y84.642 E403.47349
G1 X184.384 Y84.642 E403.55363
G1 X184.384 Y79.052 E403.64125
G1 X186.229 Y79.052 E403.67017
G1 X186.229 Y92.755 E403.88497
G1 X184.384 Y92.755 E403.9139
G1 X184.384 Y86.545 E404.01124
G0 F10500 X184.134 Y86.545
G0 X183.881 Y85.593
;TYPE:SKIN
G1 F2700 X183.527 Y85.593 E404.01589
G1 X178.931 Y85.593 E404.07632
G1 X178.344 Y85.005 E404.08724
G1 X178.344 Y83.945 E404.10118
G0 F10500 X178.531 Y84.132
G0 X178.157 Y85.173
G1 F2700 X178.789 Y85.804 E404.10818
G0 F10500 X178.344 Y85.713
G1 F2700 X178.344 Y86.066 E404.11238
G1 X178.344 Y91.723 E404.17975
G1 X178.219 Y91.952 E404.18286
G0 F10500 X178.157 Y91.89
G0 X178.744 Y86.017
G0 X184.912 Y86.017
G0 X185.123 Y91.785
G0 X185.237 Y91.899
G1 F2700 X185.305 Y91.613 E404.18614
G1 X185.305 Y86.31 E404.24527
G1 X185.109 Y85.76 E404.25179
G1 X184.234 Y85.593 E404.26172
G1 X185.286 Y85.584 E404.27345
G1 X185.305 Y80.299 E404.33239
G1 X185.319 Y79.96 E404.33617
G0 F10500 X185.488 Y80.129
G0 X184.912 Y85.17
G0 X178.744 Y85.17
G0 X178.531 Y80.243
G1 F2700 X178.157 Y79.869 E404.34032
G0 F10500 X178.482 Y79.84
G1 F2700 X178.344 Y80.409 E404.3469
G1 X178.344 Y83.591 E404.38268
G0 F10500 X178.272 Y83.405
G1 F600 E403.38268
G0 F10500 X177.938 Y80.537
G0 X176.503 Y80.537
G0 X173.135 Y82.068
G0 X171.787 Y82.499
G0 X170.82 Y81.589
G0 X170.767 Y81.382
G0 X169.65 Y80.537
;TYPE:WALL-INNER
G1 F600 E404.38268
G1 F3600 X169.81 Y80.052 E404.39069
G1 X170.482 Y80.052 E404.40122
G1 X170.638 Y80.54 E404.40925
G1 X170.742 Y80.865 E404.4146
G1 X170.401 Y80.865 E404.41779
G1 X170.4 Y80.865 E404.4178
G1 X169.888 Y80.865 E404.42583
G1 X169.887 Y80.865 E404.42584
G1 X169.543 Y80.865 E404.43123
G1 X169.649 Y80.538 E404.43444
G1 X169.65 Y80.537 E404.43446
G0 F10500 X167.483 Y88.195
G0 X167.563 Y88.136
G1 F3600 X167.899 Y88.136 E404.43973
G1 X167.9 Y88.136 E404.43974
G1 X172.425 Y88.136 E404.51068
G1 X172.426 Y88.136 E404.51069
G1 X172.76 Y88.136 E404.51593
G1 X172.664 Y87.816 E404.51906
G1 X170.731 Y81.365 E404.62463
G1 X169.617 Y81.365 E404.64209
G1 X167.66 Y87.814 E404.74773
G1 X167.563 Y88.136 E404.75089
G0 F10500 X167.483 Y88.195
G0 X173.087 Y88.949
G0 X173.028 Y89.029
G1 F3600 X167.269 Y89.029 E404.84117
G1 X166.251 Y92.255 E404.89419
G1 X165.625 Y92.255 E404.90401
G1 X165.624 Y92.255 E404.90402
G1 X165.28 Y92.255 E404.90941
G1 X165.387 Y91.928 E404.91262
G1 X169.448 Y79.552 E405.1168
G1 X170.847 Y79.552 E405.13873
G1 X174.798 Y91.93 E405.34241
G1 X174.902 Y92.255 E405.34776
G1 X174.561 Y92.255 E405.35094
G1 X174.56 Y92.255 E405.35096
G1 X173.988 Y92.255 E405.35992
G1 X173.028 Y89.029 E405.41268
G0 F10500 X172.655 Y89.529
;TYPE:WALL-OUTER
G1 F2700 X167.636 Y89.529 E405.49136
G1 X166.618 Y92.755 E405.54439
G1 X164.935 Y92.755 E405.57077
G1 X164.934 Y92.755 E405.57078
G1 X164.59 Y92.755 E405.57618
G1 X164.697 Y92.428 E405.57939
G1 X169.086 Y79.052 E405.80006
G1 X171.212 Y79.052 E405.83339
G1 X175.483 Y92.43 E406.05352
G1 X175.586 Y92.755 E406.05886
G1 X175.246 Y92.755 E406.06204
G1 X175.244 Y92.755 E406.06207
G1 X173.615 Y92.755 E406.08761
G1 X172.655 Y89.529 E406.14037
G0 F10500 X172.405 Y89.529
G0 X172.405 Y88.929
G0 X167.531 Y88.159
G0 X167.664 Y87.462
G0 X168.237 Y87.636
G1 F2700 X172.088 Y87.636 E406.20074
G1 X170.359 Y81.865 E406.29517
G1 X169.988 Y81.865 E406.30099
G1 X168.237 Y87.636 E406.39552
G0 F10500 X168.487 Y87.636
G0 X168.838 Y88.582
;TYPE:SKIN
G1 F2700 X168.485 Y88.582 E406.39993
G1 X172.727 Y88.582 E406.45288
G1 X173.268 Y88.769 E406.46002
G1 X173.732 Y89.94 E406.47574
G1 X174.206 Y91.475 E406.4958
G1 X174.231 Y91.853 E406.50053
G0 F10500 X174.07 Y91.692
G0 X173.497 Y88.645
G0 X173.257 Y88.404
G1 F2700 X173.098 Y87.892 E406.50516
G1 X171.036 Y81.234 E406.56546
G1 X170.249 Y80.446 E406.5751
G1 X169.998 Y80.549 E406.57744
G1 X169.275 Y81.24 E406.5861
G1 X167.155 Y87.959 E406.64705
G1 X167.268 Y88.426 E406.6512
G0 F10500 X166.819 Y88.33
G1 F2700 X167.278 Y88.789 E406.65629
G0 F10500 X166.891 Y88.756
G1 F2700 X166.805 Y89.023 E406.66022
G1 X165.944 Y91.698 E406.69954
G1 X165.795 Y91.902 E406.70307
G0 F10500 X165.931 Y91.755
G1 F600 E405.70307
G0 F10500 X165.296 Y92.244
G0 X162.166 Y92.244
G0 X161.411 Y91.432
G0 X161.341 Y91.362
;TYPE:WALL-INNER
G1 F600 E406.70307
G1 F3600 X161.341 Y79.668 E406.88638
G1 X162.186 Y79.668 E406.89963
G1 X162.186 Y92.255 E407.09693
G1 X155.489 Y92.255 E407.20191
G1 X155.489 Y91.362 E407.21591
G1 X161.341 Y91.362 E407.30764
G0 F10500 X160.841 Y90.862
;TYPE:WALL-OUTER
G1 F2700 X160.841 Y79.168 E407.49095
G1 X162.686 Y79.168 E407.51987
G1 X162.686 Y92.755 E407.73286
G1 X154.989 Y92.755 E407.85351
G1 X154.989 Y90.862 E407.88318
G1 X160.841 Y90.862 E407.97492
G0 F10500 X160.841 Y90.612
G0 X161.762 Y90.698
;TYPE:SKIN
G1 F2700 X161.762 Y90.344 E407.97951
G1 X161.762 Y91.758 E407.99785
G1 X160.043 Y91.808 E408.02017
G1 X156.154 Y91.808 E408.07062
G1 X155.868 Y91.875 E408.07443
G0 F10500 X155.728 Y91.735
G0 X161.369 Y91.39
G0 X161.58 Y89.455
G0 X161.762 Y89.637
G1 F2700 X161.762 Y89.283 E408.07859
G1 X161.762 Y80.091 E408.18648
G0 F10500 X161.841 Y80.168
G1 F600 E407.18648
G0 F10500 X161.361 Y85.165
G0 X159.926 Y85.165
G0 X149.81 Y84.551
G0 X148.379 Y84.463
G0 X147.69 Y82.197
G0 X147.277 Y81.142
G0 X146.538 Y80.438
G0 X145.562 Y80.184
G0 X144.553 Y80.48
G0 X143.765 Y81.267
G0 X143.33 Y82.275
G0 X142.816 Y85.165
;TYPE:WALL-INNER
G1 F600 E408.18648
G1 F3600 X143.068 Y85.734 E408.19624
G1 X143.146 Y85.91 E408.19926
G1 X142.755 Y86.079 E408.20396
G1 X142.687 Y86.109 E408.20513
G1 X142.68 Y85.929 E408.20608
G1 X142.679 Y85.906
G1 X142.679 Y85.892
G1 X142.708 Y85.162 E408.21264
G1 X142.738 Y84.419 E408.2243
G1 X142.816 Y85.165 E408.22565
G0 F10500 X142.841 Y86.5
G0 X142.927 Y86.55
G1 F3600 X143.216 Y89.183 E408.26717
G1 X143.68 Y90.607 E408.29065
G1 X144.475 Y91.474 E408.30909
G1 X145.531 Y91.78 E408.32632
G1 X146.381 Y91.611 E408.3399
G1 X147.023 Y91.103 E408.35274
G1 X147.402 Y90.371 E408.36566
G1 X147.422 Y90.267 E408.36732
G1 X147.775 Y90.315 E408.3729
G1 X148.051 Y90.352 E408.37727
G1 X147.984 Y90.622 E408.38001
G1 X147.892 Y90.987 E408.38591
G1 X147.337 Y91.853 E408.40203
G1 X146.624 Y92.33 E408.41548
G1 X145.684 Y92.5 E408.43045
G1 X144.993 Y92.418 E408.44136
G1 X144.351 Y92.165 E408.45218
G1 X143.773 Y91.741 E408.46341
G1 X143.244 Y91.119 E408.47621
G1 X142.797 Y90.268 E408.49128
G1 X142.459 Y89.115 E408.51011
G1 X142.249 Y87.665 E408.53308
G1 X142.178 Y85.913 E408.56057
G1 X142.246 Y84.193 E408.58755
G1 X142.449 Y82.763 E408.61019
G1 X142.769 Y81.654 E408.62828
G1 X143.198 Y80.824 E408.64293
G1 X143.7 Y80.226 E408.65517
G1 X144.246 Y79.815 E408.66588
G1 X144.825 Y79.579 E408.67568
G1 X145.481 Y79.499 E408.68604
G1 X146.073 Y79.561 E408.69537
G1 X146.598 Y79.744 E408.70409
G1 X147.092 Y80.059 E408.71327
G1 X147.549 Y80.511 E408.72335
G1 X147.936 Y81.09 E408.73426
G1 X148.22 Y81.787 E408.74606
G1 X148.394 Y82.601 E408.75911
G1 X148.455 Y83.576 E408.77442
G1 X148.398 Y84.465 E408.78839
G1 X148.233 Y85.237 E408.80076
G1 X147.963 Y85.906 E408.81207
G1 X147.595 Y86.472 E408.82265
G1 X147.162 Y86.925 E408.83248
G1 X146.732 Y87.225 E408.8407
G1 X146.291 Y87.398 E408.84812
G1 X145.836 Y87.454 E408.85531
G1 X145.638 Y87.429 E408.85844
G1 X145.417 Y87.402 E408.86193
G1 X145.308 Y87.358 E408.86377
G1 X145.045 Y87.251 E408.86822
G1 X144.691 Y86.985 E408.87516
G1 X144.49 Y86.75 E408.88001
G1 X144.403 Y86.648 E408.88211
G1 X144.502 Y86.739 E408.88214
G1 X144.738 Y86.8 E408.88267
G1 X145.135 Y86.904 E408.88657
G1 X145.457 Y86.989 E408.89061
G1 X145.672 Y86.933 E408.8938
G1 X146.442 Y86.73 E408.90628
G1 X147.2 Y86.006 E408.92271
G1 X147.641 Y84.932 E408.94091
G1 X147.77 Y83.562 E408.96248
G1 X147.652 Y82.206 E408.98382
G1 X147.244 Y81.164 E409.00136
G1 X146.519 Y80.472 E409.01707
G1 X145.562 Y80.223 E409.03257
G1 X144.573 Y80.514 E409.04873
G1 X143.798 Y81.289 E409.06591
G1 X143.319 Y82.398 E409.08485
G1 X143.173 Y83.772 E409.10651
G1 X143.305 Y85.035 E409.12641
G1 X143.679 Y85.879 E409.14089
G1 X143.754 Y86.049 E409.1438
G1 X143.859 Y86.146 E409.14604
G1 X143.807 Y86.168
G1 X143.637 Y86.242 E409.14818
G1 X142.927 Y86.55 E409.16031
G0 F10500 X143.803 Y86.715
;TYPE:WALL-OUTER
G1 F2700 X143.464 Y86.862 E409.1661
G1 X143.487 Y87.072 E409.16942
G1 X143.707 Y89.077 E409.20103
G1 X144.122 Y90.349 E409.22201
G1 X144.749 Y91.033 E409.23655
G1 X145.553 Y91.266 E409.24967
G1 X146.165 Y91.144 E409.25946
G1 X146.628 Y90.778 E409.26871
G1 X146.925 Y90.204 E409.27884
G1 X147.023 Y89.709 E409.28675
G1 X148.397 Y89.895 E409.30848
G1 X148.673 Y89.932 E409.31285
G1 X148.605 Y90.202 E409.31558
G1 X148.357 Y91.186 E409.33149
G1 X147.701 Y92.212 E409.35058
G1 X146.816 Y92.803 E409.36726
G1 X145.701 Y93.005 E409.38503
G1 X144.869 Y92.906 E409.39816
G1 X144.106 Y92.606 E409.41101
G1 X143.43 Y92.109 E409.42416
G1 X142.827 Y91.401 E409.43874
G1 X142.331 Y90.455 E409.45548
G1 X141.969 Y89.222 E409.47563
G1 X141.75 Y87.709 E409.49959
G1 X141.677 Y85.913 E409.52777
G1 X141.747 Y84.152 E409.5554
G1 X141.959 Y82.66 E409.57902
G1 X142.303 Y81.467 E409.59848
G1 X142.78 Y80.544 E409.61477
G1 X143.352 Y79.863 E409.62871
G1 X143.998 Y79.376 E409.64139
G1 X144.696 Y79.091 E409.65321
G1 X145.477 Y78.996 E409.66554
G1 X146.182 Y79.07 E409.67665
G1 X146.82 Y79.292 E409.68724
G1 X147.404 Y79.664 E409.6981
G1 X147.938 Y80.193 E409.70988
G1 X148.379 Y80.853 E409.72232
G1 X148.7 Y81.639 E409.73563
G1 X148.891 Y82.532 E409.74994
G1 X148.956 Y83.577 E409.76636
G1 X148.895 Y84.534 E409.78139
G1 X148.713 Y85.385 E409.79503
G1 X148.409 Y86.137 E409.80775
G1 X147.989 Y86.783 E409.81982
G1 X147.49 Y87.306 E409.83115
G1 X146.968 Y87.67 E409.84113
G1 X146.417 Y87.886 E409.85041
G1 X145.836 Y87.957 E409.85958
G1 X145.29 Y87.89 E409.86821
G1 X144.796 Y87.689 E409.87657
G1 X144.347 Y87.352 E409.88537
G1 X143.94 Y86.876 E409.89518
G1 X143.803 Y86.715 E409.89808
G0 F10500 X143.574 Y86.814
G0 X143.337 Y86.264
G0 X143.133 Y83.772
G0 X143.281 Y82.388
G0 X143.765 Y81.267
G0 X144.553 Y80.48
G0 X145.72 Y80.162
G0 X145.57 Y80.742
G1 F2700 X144.836 Y80.958 E409.91008
G1 X144.219 Y81.575 E409.92375
G1 X143.808 Y82.526 E409.93999
G1 X143.676 Y83.772 E409.95963
G1 X143.794 Y84.905 E409.97749
G1 X144.169 Y85.752 E409.99201
G1 X144.749 Y86.287 E410.00438
G1 X145.457 Y86.472 E410.01585
G1 X146.19 Y86.279 E410.02773
G1 X146.778 Y85.718 E410.04047
G1 X147.15 Y84.811 E410.05584
G1 X147.268 Y83.56 E410.07554
G1 X147.16 Y82.321 E410.09503
G1 X146.819 Y81.449 E410.10971
G1 X146.268 Y80.923 E410.12165
G1 X145.57 Y80.742 E410.13295
G0 F10500 X145.331 Y80.812
G0 X145.009 Y79.955
;TYPE:SKIN
G1 F2700 X144.747 Y80.047 E410.1365
G1 X144.079 Y80.439 E410.14639
G1 X143.899 Y80.613 E410.14959
G0 F10500 X144.016 Y80.73
G0 X145.185 Y79.777
G0 X145.302 Y79.895
G1 F2700 X145.65 Y79.889 E410.15411
G1 X146.086 Y79.971 E410.15988
G1 X147.076 Y80.608 E410.17518
G0 F10500 X147.819 Y81.704
G1 F2700 X147.981 Y82.22 E410.1784
G1 X148.098 Y83.752 E410.18755
G1 X147.948 Y85.016 E410.19513
G1 X147.396 Y86.231 E410.20307
G1 X146.667 Y86.916 E410.20903
G1 X145.861 Y87.171 E410.21406
G0 F10500 X145.829 Y87.139
G0 X144.718 Y86.956
G0 X145.457 Y87.029
G0 X146.461 Y86.764
G0 X147.233 Y86.028
G0 X147.679 Y84.941
G0 X147.81 Y83.562
G0 X147.69 Y82.197
G0 X147.277 Y81.142
G0 X146.538 Y80.438
G0 X145.562 Y80.184
G0 X144.553 Y80.48
G0 X143.765 Y81.267
G0 X143.281 Y82.388
G0 X142.805 Y87.651
G0 X142.639 Y87.485
G1 F2700 X142.61 Y87.102 E410.21844
G1 X142.64 Y86.425 E410.22618
G0 F10500 X142.675 Y86.46
G0 X142.494 Y87.693
G0 X142.671 Y87.87
G1 F2700 X142.723 Y88.276 E410.23049
G1 X142.973 Y89.587 E410.24453
G1 X143.132 Y90.099 E410.25017
G1 X143.646 Y90.967 E410.26078
G0 F10500 X144.556 Y91.876
G1 F2700 X145.054 Y92.021 E410.26546
G1 X145.837 Y92.097 E410.27256
G1 X146.661 Y91.86 E410.2803
G1 X147.374 Y91.159 E410.28933
G1 X147.619 Y90.696 E410.29406
G0 F10500 X147.542 Y90.619
G0 X147.053 Y91.128
G0 X146.397 Y91.647
G0 X145.53 Y91.819
G0 X144.454 Y91.507
G0 X143.646 Y90.627
G0 X143.177 Y89.191
G0 X142.922 Y86.797
G0 X142.878 Y84.188
G0 X142.707 Y84.017
G1 F2700 X142.762 Y83.718 E410.29762
G1 X142.998 Y82.187 E410.31577
G1 X143.561 Y80.982 E410.33136
G1 X143.73 Y80.798 E410.33429
G0 F10500 X143.622 Y80.69
G0 X142.492 Y84.156
G1 F2700 X142.536 Y84.2 E410.33477
G0 F10500 X142.718 Y84.234
G1 F600 E409.33477
G0 F10500 X142.468 Y82.767
G0 X141.09 Y82.367
G0 X140.052 Y81.21
G0 X138.668 Y81.575
G0 X136.785 Y79.67
G0 X136.81 Y79.574
;TYPE:WALL-INNER
G1 F600 E410.33477
G1 F3600 X137.35 Y79.801 E410.34396
G1 X137.842 Y80.188 E410.35377
G1 X138.298 Y80.759 E410.36522
G1 X138.686 Y81.569 E410.3793
G1 X138.984 Y82.711 E410.3978
G1 X139.169 Y84.173 E410.4209
G1 X139.232 Y85.971 E410.4491
G1 X139.169 Y87.804 E410.47785
G1 X138.984 Y89.288 E410.5013
G1 X138.686 Y90.437 E410.5199
G1 X138.3 Y91.244 E410.53393
G1 X137.845 Y91.808 E410.54529
G1 X137.346 Y92.195 E410.55518
G1 X136.809 Y92.416 E410.56429
G1 X136.196 Y92.491 E410.57397
G1 X135.59 Y92.417 E410.58354
G1 X135.05 Y92.19 E410.59272
G1 X134.557 Y91.803 E410.60254
G1 X134.104 Y91.235 E410.61393
G1 X133.712 Y90.417 E410.62815
G1 X133.415 Y89.271 E410.64671
G1 X133.231 Y87.808 E410.66982
G1 X133.168 Y86 E410.69818
G1 X133.231 Y84.186 E410.72663
G1 X133.416 Y82.716 E410.74986
G1 X133.712 Y81.575 E410.76834
G1 X134.104 Y80.756 E410.78257
G1 X134.558 Y80.189 E410.79396
G1 X135.053 Y79.801 E410.80382
G1 X135.595 Y79.575 E410.81302
G1 X136.206 Y79.5 E410.82267
G1 X136.81 Y79.574 E410.83221
G0 F10500 X136.206 Y80.203
G1 F3600 X135.128 Y80.595 E410.85019
G1 X134.444 Y81.573 E410.8689
G1 X134.111 Y83.254 E410.89576
G1 X134.011 Y86 E410.93883
G1 X134.111 Y88.74 E410.98181
G1 X134.444 Y90.418 E411.00863
G1 X135.128 Y91.396 E411.02734
G1 X136.205 Y91.788 E411.0453
G1 X137.274 Y91.397 E411.06315
G1 X137.96 Y90.426 E411.08178
G1 X138.297 Y88.747 E411.10863
G1 X138.398 Y86 E411.15172
G1 X138.297 Y83.253 E411.19481
G1 X137.961 Y81.571 E411.22169
G1 X137.276 Y80.596 E411.24037
G1 X136.206 Y80.203 E411.25824
G0 F10500 X136.205 Y80.735
;TYPE:WALL-OUTER
G1 F2700 X135.447 Y81.011 E411.27088
G1 X134.914 Y81.773 E411.28546
G1 X134.609 Y83.312 E411.31005
G1 X134.511 Y86 E411.35222
G1 X134.609 Y88.682 E411.39429
G1 X134.914 Y90.218 E411.41884
G1 X135.447 Y90.98 E411.43341
G1 X136.205 Y91.256 E411.44606
G1 X136.956 Y90.981 E411.45859
G1 X137.491 Y90.224 E411.47312
G1 X137.799 Y88.688 E411.49768
G1 X137.898 Y86 E411.53985
G1 X137.799 Y83.312 E411.58201
G1 X137.491 Y81.772 E411.60663
G1 X136.957 Y81.011 E411.6212
G1 X136.205 Y80.735 E411.63376
G0 F10500 X135.97 Y80.82
G0 X135.766 Y80.257
G0 X136.785 Y79.67
G0 X136.941 Y79.087
G1 F2700 X137.605 Y79.366 E411.64505
G1 X138.198 Y79.831 E411.65686
G1 X138.724 Y80.491 E411.67009
G1 X139.158 Y81.397 E411.68584
G1 X139.476 Y82.615 E411.70557
G1 X139.668 Y84.136 E411.7296
G1 X139.733 Y85.971 E411.75838
G1 X139.668 Y87.839 E411.78768
G1 X139.476 Y89.382 E411.81206
G1 X139.158 Y90.61 E411.83194
G1 X138.726 Y91.512 E411.84762
G1 X138.196 Y92.168 E411.86084
G1 X137.6 Y92.631 E411.87267
G1 X136.938 Y92.904 E411.88389
G1 X136.196 Y92.995 E411.89561
G1 X135.459 Y92.904 E411.90725
G1 X134.795 Y92.625 E411.91854
G1 X134.202 Y92.16 E411.93036
G1 X133.678 Y91.503 E411.94353
G1 X133.24 Y90.589 E411.95942
G1 X132.923 Y89.367 E411.97921
G1 X132.732 Y87.843 E412.00328
G1 X132.667 Y86 E412.03219
G1 X132.732 Y84.151 E412.06119
G1 X132.924 Y82.622 E412.08535
G1 X133.24 Y81.402 E412.1051
G1 X133.678 Y80.488 E412.12099
G1 X134.203 Y79.831 E412.13417
G1 X134.799 Y79.365 E412.14603
G1 X135.464 Y79.088 E412.15733
G1 X136.205 Y78.996 E412.16903
G1 X136.941 Y79.087 E412.18066
G0 F10500 X137.171 Y79.183
G0 X136.991 Y80.069
;TYPE:SKIN
G1 F2700 X137.656 Y80.38 E412.18742
G1 X138.382 Y81.814 E412.20222
G1 X138.704 Y83.55 E412.21848
G1 X138.807 Y86.127 E412.24223
G1 X138.661 Y88.81 E412.26698
G1 X138.266 Y90.536 E412.28328
G1 X137.556 Y91.594 E412.29502
G1 X136.609 Y92.061 E412.30474
G1 X136.322 Y92.128 E412.30746
G1 X135.408 Y91.921 E412.31609
G1 X134.739 Y91.606 E412.3229
G1 X134.019 Y90.178 E412.33763
G1 X133.698 Y88.443 E412.35388
G1 X133.594 Y85.864 E412.37765
G1 X133.74 Y83.182 E412.40239
G1 X134.137 Y81.457 E412.41869
G1 X134.846 Y80.398 E412.43042
G1 X135.791 Y79.93 E412.44014
G1 X136.078 Y79.863 E412.44285
G1 X136.51 Y79.941 E412.44689
G0 F10500 X136.704 Y80.072
G1 F600 E411.44689
G0 F10500 X134.572 Y80.203
G0 X133.449 Y79.311
G0 X129.895 Y79.304
G0 X128.779 Y80.202
G0 X127.736 Y79.67
G0 X127.761 Y79.574
;TYPE:WALL-INNER
G1 F600 E412.44689
G1 F3600 X128.301 Y79.801 E412.45608
G1 X128.793 Y80.188 E412.46589
G1 X129.249 Y80.759 E412.47734
G1 X129.637 Y81.569 E412.49142
G1 X129.935 Y82.711 E412.50992
G1 X130.12 Y84.173 E412.53302
G1 X130.183 Y85.971 E412.56122
G1 X130.12 Y87.804 E412.58997
G1 X129.935 Y89.288 E412.61342
G1 X129.637 Y90.437 E412.63202
G1 X129.251 Y91.244 E412.64605
G1 X128.796 Y91.808 E412.65741
G1 X128.297 Y92.195 E412.6673
G1 X127.76 Y92.416 E412.67641
G1 X127.147 Y92.491 E412.68609
G1 X126.541 Y92.417 E412.69566
G1 X126.001 Y92.19 E412.70484
G1 X125.508 Y91.803 E412.71466
G1 X125.055 Y91.235 E412.72605
G1 X124.663 Y90.417 E412.74027
G1 X124.366 Y89.271 E412.75883
G1 X124.182 Y87.808 E412.78194
G1 X124.119 Y86 E412.8103
G1 X124.182 Y84.186 E412.83875
G1 X124.367 Y82.716 E412.86198
G1 X124.663 Y81.575 E412.88046
G1 X125.055 Y80.756 E412.89469
G1 X125.509 Y80.189 E412.90608
G1 X126.004 Y79.801 E412.91593
G1 X126.546 Y79.575 E412.92514
G1 X127.157 Y79.5 E412.93479
G1 X127.761 Y79.574 E412.94433
G0 F10500 X127.158 Y80.203
G1 F3600 X126.078 Y80.595 E412.96234
G1 X125.395 Y81.573 E412.98104
G1 X125.062 Y83.254 E413.0079
G1 X124.962 Y86 E413.05097
G1 X125.062 Y88.74 E413.09395
G1 X125.395 Y90.418 E413.12077
G1 X126.078 Y91.396 E413.13947
G1 X127.157 Y91.788 E413.15746
G1 X128.225 Y91.397 E413.17529
G1 X128.911 Y90.426 E413.19393
G1 X129.248 Y88.747 E413.22077
G1 X129.349 Y86 E413.26386
G1 X129.248 Y83.253 E413.30695
G1 X128.912 Y81.571 E413.33384
G1 X128.227 Y80.596 E413.35252
G1 X127.158 Y80.203 E413.37037
G0 F10500 X127.157 Y80.735
;TYPE:WALL-OUTER
G1 F2700 X126.397 Y81.011 E413.38304
G1 X125.865 Y81.773 E413.39761
G1 X125.56 Y83.312 E413.42221
G1 X125.462 Y86 E413.46437
G1 X125.56 Y88.682 E413.50644
G1 X125.865 Y90.218 E413.53099
G1 X126.397 Y90.98 E413.54555
G1 X127.156 Y91.256 E413.55821
G1 X127.907 Y90.981 E413.57075
G1 X128.442 Y90.224 E413.58528
G1 X128.75 Y88.688 E413.60984
G1 X128.849 Y86 E413.652
G1 X128.75 Y83.312 E413.69417
G1 X128.442 Y81.772 E413.71879
G1 X127.908 Y81.011 E413.73336
G1 X127.157 Y80.735 E413.7459
G0 F10500 X126.922 Y80.82
G0 X126.718 Y80.256
G0 X127.736 Y79.67
G0 X127.892 Y79.087
G1 F2700 X128.556 Y79.366 E413.75719
G1 X129.149 Y79.831 E413.769
G1 X129.675 Y80.491 E413.78223
G1 X130.109 Y81.397 E413.79798
G1 X130.427 Y82.615 E413.81771
G1 X130.619 Y84.136 E413.84174
G1 X130.684 Y85.971 E413.87053
G1 X130.619 Y87.839 E413.89983
G1 X130.427 Y89.382 E413.9242
G1 X130.109 Y90.61 E413.94408
G1 X129.677 Y91.512 E413.95976
G1 X129.147 Y92.168 E413.97298
G1 X128.551 Y92.631 E413.98481
G1 X127.889 Y92.904 E413.99604
G1 X127.147 Y92.995 E414.00776
G1 X126.41 Y92.904 E414.0194
G1 X125.746 Y92.625 E414.03069
G1 X125.153 Y92.16 E414.0425
G1 X124.629 Y91.503 E414.05567
G1 X124.191 Y90.589 E414.07156
G1 X123.874 Y89.367 E414.09135
G1 X123.683 Y87.843 E414.11543
G1 X123.618 Y86 E414.14433
G1 X123.683 Y84.151 E414.17333
G1 X123.875 Y82.622 E414.19749
G1 X124.191 Y81.402 E414.21725
G1 X124.629 Y80.488 E414.23313
G1 X125.154 Y79.831 E414.24632
G1 X125.75 Y79.365 E414.25818
G1 X126.415 Y79.088 E414.26947
G1 X127.156 Y78.996 E414.28117
G1 X127.892 Y79.087 E414.2928
G0 F10500 X128.122 Y79.183
G0 X128.571 Y80.488
;TYPE:SKIN
G1 F2700 X129.201 Y81.472 E414.30472
G1 X129.56 Y82.891 E414.31965
G1 X129.71 Y84.455 E414.33568
G1 X129.73 Y86.95 E414.36113
G1 X129.598 Y88.94 E414.38148
G1 X129.173 Y90.635 E414.39931
G1 X128.434 Y91.665 E414.41224
G1 X127.443 Y92.088 E414.42323
G1 X126.644 Y91.995 E414.43144
G1 X125.757 Y91.462 E414.442
G0 F10500 X125.019 Y90.371
G1 F2700 X124.908 Y89.906 E414.44674
G1 X124.63 Y88.214 E414.46375
G1 X124.551 Y85.66 E414.48909
G1 X124.715 Y82.996 E414.51557
G1 X125.157 Y81.317 E414.53279
G1 X125.911 Y80.303 E414.54533
G1 X126.913 Y79.89 E414.55608
G1 X127.747 Y80.018 E414.56445
G0 F10500 X127.983 Y80.21
G1 F600 E413.56445
G0 F10500 X127.158 Y80.163
G0 X126.165 Y80.523
G0 X124.681 Y81.581
G0 X123.293 Y81.223
G0 X121.954 Y81.21
G0 X120.57 Y81.575
G0 X118.687 Y79.67
G0 X118.712 Y79.574
;TYPE:WALL-INNER
G1 F600 E414.56445
G1 F3600 X119.252 Y79.801 E414.57363
G1 X119.744 Y80.188 E414.58344
G1 X120.2 Y80.759 E414.5949
G1 X120.588 Y81.569 E414.60898
G1 X120.886 Y82.711 E414.62748
G1 X121.071 Y84.173 E414.65058
G1 X121.134 Y85.971 E414.67878
G1 X121.071 Y87.804 E414.70753
G1 X120.886 Y89.288 E414.73097
G1 X120.588 Y90.437 E414.74958
G1 X120.202 Y91.244 E414.7636
G1 X119.747 Y91.808 E414.77496
G1 X119.248 Y92.195 E414.78486
G1 X118.711 Y92.416 E414.79396
G1 X118.098 Y92.491 E414.80364
G1 X117.492 Y92.417 E414.81321
G1 X116.952 Y92.19 E414.82239
G1 X116.459 Y91.803 E414.83222
G1 X116.006 Y91.235 E414.84361
G1 X115.614 Y90.417 E414.85783
G1 X115.317 Y89.271 E414.87638
G1 X115.133 Y87.808 E414.8995
G1 X115.069 Y86 E414.92786
G1 X115.133 Y84.186 E414.95631
G1 X115.318 Y82.716 E414.97953
G1 X115.614 Y81.575 E414.99801
G1 X116.006 Y80.756 E415.01225
G1 X116.459 Y80.188 E415.02363
G1 X116.956 Y79.8 E415.03352
G1 X117.493 Y79.576 E415.04264
G1 X118.107 Y79.5 E415.05234
G1 X118.712 Y79.574 E415.06189
G0 F10500 X118.109 Y80.203
G1 F3600 X117.029 Y80.595 E415.0799
G1 X116.346 Y81.573 E415.0986
G1 X116.013 Y83.254 E415.12546
G1 X115.913 Y86 E415.16854
G1 X116.013 Y88.74 E415.21152
G1 X116.346 Y90.418 E415.23833
G1 X117.029 Y91.396 E415.25703
G1 X118.108 Y91.788 E415.27503
G1 X119.176 Y91.397 E415.29285
G1 X119.862 Y90.426 E415.31149
G1 X120.199 Y88.747 E415.33833
G1 X120.3 Y86 E415.38142
G1 X120.199 Y83.253 E415.42451
G1 X119.863 Y81.571 E415.4514
G1 X119.178 Y80.596 E415.47008
G1 X118.109 Y80.203 E415.48793
G0 F10500 X118.108 Y80.735
;TYPE:WALL-OUTER
G1 F2700 X117.348 Y81.011 E415.50061
G1 X116.816 Y81.773 E415.51518
G1 X116.511 Y83.312 E415.53977
G1 X116.413 Y86 E415.58193
G1 X116.511 Y88.682 E415.624
G1 X116.816 Y90.218 E415.64855
G1 X117.348 Y90.98 E415.66312
G1 X118.107 Y91.256 E415.67578
G1 X118.858 Y90.981 E415.68831
G1 X119.393 Y90.224 E415.70285
G1 X119.701 Y88.688 E415.7274
G1 X119.8 Y86 E415.76957
G1 X119.701 Y83.312 E415.81173
G1 X119.393 Y81.772 E415.83635
G1 X118.859 Y81.011 E415.85092
G1 X118.108 Y80.735 E415.86346
G0 F10500 X117.873 Y80.82
G0 X117.669 Y80.256
G0 X118.687 Y79.67
G0 X118.843 Y79.087
G1 F2700 X119.507 Y79.366 E415.87475
G1 X120.1 Y79.831 E415.88657
G1 X120.626 Y80.491 E415.8998
G1 X121.06 Y81.397 E415.91554
G1 X121.378 Y82.615 E415.93528
G1 X121.57 Y84.136 E415.95931
G1 X121.635 Y85.971 E415.98809
G1 X121.57 Y87.839 E416.01739
G1 X121.378 Y89.382 E416.04176
G1 X121.06 Y90.61 E416.06165
G1 X120.628 Y91.512 E416.07732
G1 X120.098 Y92.168 E416.09054
G1 X119.502 Y92.631 E416.10238
G1 X118.84 Y92.904 E416.1136
G1 X118.098 Y92.995 E416.12532
G1 X117.361 Y92.904 E416.13696
G1 X116.697 Y92.625 E416.14825
G1 X116.104 Y92.16 E416.16006
G1 X115.58 Y91.503 E416.17323
G1 X115.142 Y90.589 E416.18912
G1 X114.825 Y89.367 E416.20891
G1 X114.634 Y87.843 E416.23299
G1 X114.568 Y86 E416.2619
G1 X114.634 Y84.151 E416.2909
G1 X114.826 Y82.622 E416.31505
G1 X115.142 Y81.402 E416.33481
G1 X115.58 Y80.488 E416.3507
G1 X116.104 Y79.831 E416.36387
G1 X116.7 Y79.365 E416.37573
G1 X117.364 Y79.088 E416.38701
G1 X118.107 Y78.996 E416.39874
G1 X118.843 Y79.087 E416.41037
G0 F10500 X119.073 Y79.183
G0 X118.736 Y79.845
;TYPE:SKIN
G1 F2700 X119.261 Y80.37 E416.41619
G0 F10500 X119.814 Y80.923
G1 F2700 X120.264 Y81.727 E416.42495
G1 X120.6 Y83.477 E416.44191
G1 X120.709 Y86.061 E416.46651
G1 X120.568 Y88.748 E416.49211
G1 X120.185 Y90.486 E416.50904
G1 X119.49 Y91.559 E416.5212
G1 X118.56 Y92.044 E416.53118
G1 X117.879 Y92.07 E416.53767
G1 X117.4 Y91.944 E416.54238
G1 X116.653 Y91.551 E416.55041
G1 X115.901 Y90.092 E416.56602
G1 X115.594 Y88.37 E416.58267
G1 X115.497 Y85.798 E416.60715
G1 X115.648 Y83.121 E416.63266
G1 X116.055 Y81.407 E416.64942
G1 X116.779 Y80.363 E416.66151
G1 X117.748 Y79.918 E416.67165
G1 X118.044 Y79.86 E416.67452
G1 X118.503 Y79.965 E416.679
G0 F10500 X118.709 Y80.115
G1 F600 E415.679
G0 F10500 X116.473 Y80.202
G0 X115.586 Y79.08
G0 X116.473 Y76.963
G0 X116.473 Y76.048
G0 X110.298 Y75.978
G0 X110.368 Y76.048
;TYPE:WALL-OUTER
G1 F600 E416.679
G1 F2700 X110.368 Y95.682 E416.98677
G1 X190.383 Y95.682 E418.24105
G1 X190.383 Y76.048 E418.54882
G1 X110.368 Y76.048 E419.80309
G0 F10500 X110.368 Y76.298
G0 X110.268 Y76.298
G0 X110.34 Y95.71
G0 X191.18 Y96.479
G0 X191.25 Y96.549
G1 F2700 X109.744 Y96.549 E421.08073
G1 X109.744 Y75.181 E421.41569
G1 X191.25 Y75.181 E422.69333
G1 X191.25 Y96.549 E423.02828
G0 F10500 X191 Y96.549
G0 X190.815 Y96.063
;TYPE:SKIN
G1 F2700 X190.514 Y96.115 E423.03155
G1 X125.106 Y96.115 E423.73061
G1 X110.611 Y96.115 E423.88553
G1 X110.217 Y96.075 E423.88977
G1 X110.055 Y95.206 E423.89921
G1 X110.055 Y75.76 E424.10705
G0 F10500 X110.262 Y75.614
G1 F2700 X110.616 Y75.614 E424.11136
G1 X176.023 Y75.614 E424.90853
G1 X190.165 Y75.614 E425.08089
G1 X190.667 Y75.762 E425.08727
G1 X190.815 Y76.617 E425.09784
G1 X190.815 Y95.709 E425.33053
G0 F10500 X191.009 Y95.903
G0 X191.009 Y75.75
G1 F2700 X190.679 Y75.421 E425.33419
G0 F10500 X190.411 Y95.71
G0 X110.097 Y96.309
G1 F2700 X109.983 Y96.194 E425.33546
G0 F10500 X110.244 Y96.049
G1 F600 E424.33546
;MESH:NONMESH
G0 F10500 X109.758 Y75.195
G0 X109.097 Y74.534
G0 X101.924 Y66.167
G0 X100.495 Y66.167
G0 X100.439 Y66.111
G0 X100.509 Y66.181
;TIME_ELAPSED:4110.649088
;LAYER:19
;MESH:
G0 X100.509 Y66.181 Z4
;TYPE:WALL-INNER
G1 F600 E425.33546
G1 F3600 X100.009 Y66.181 E425.34329
G1 X100.009 Y22.681 E426.02518
G1 X100.509 Y22.681 E426.03301
G1 X100.509 Y66.181 E426.7149
G0 F10500 X101.009 Y66.681
;TYPE:WALL-OUTER
G1 F2700 X99.509 Y66.681 E426.73841
G1 X99.509 Y22.181 E427.43597
G1 X101.009 Y22.181 E427.45948
G1 X101.009 Y66.681 E428.15704
G0 F10500 X100.759 Y66.681
G1 F600 E427.15704
G0 F10500 X100.439 Y66.111
G0 X100.489 Y66.111
G0 X101.924 Y66.111
G0 X104.494 Y66.111
G0 X105.929 Y66.111
G0 X106.339 Y66.111
G0 X106.409 Y66.181
;TYPE:WALL-INNER
G1 F600 E428.15704
G1 F3600 X105.909 Y66.181 E428.16488
G1 X105.909 Y22.681 E428.84676
G1 X106.409 Y22.681 E428.8546
G1 X106.409 Y66.181 E429.53648
G0 F10500 X106.909 Y66.681
;TYPE:WALL-OUTER
G1 F2700 X105.409 Y66.681 E429.55999
G1 X105.409 Y22.181 E430.25755
G1 X106.909 Y22.181 E430.28106
G1 X106.909 Y66.681 E430.97862
G0 F10500 X106.659 Y66.681
G1 F600 E429.97862
G0 F10500 X106.339 Y66.111
G0 X106.389 Y66.111
G0 X107.824 Y66.111
G0 X110.494 Y66.111
G0 X111.929 Y66.111
G0 X112.339 Y66.111
G0 X112.409 Y66.181
;TYPE:WALL-INNER
G1 F600 E430.97862
G1 F3600 X111.909 Y66.181 E430.98646
G1 X111.909 Y22.681 E431.66834
G1 X112.409 Y22.681 E431.67618
G1 X112.409 Y66.181 E432.35806
G0 F10500 X112.909 Y66.681
;TYPE:WALL-OUTER
G1 F2700 X111.409 Y66.681 E432.38158
G1 X111.409 Y22.181 E433.07913
G1 X112.909 Y22.181 E433.10265
G1 X112.909 Y66.681 E433.80021
G0 F10500 X112.659 Y66.681
G1 F600 E432.80021
G0 F10500 X112.339 Y66.111
G0 X112.389 Y66.111
G0 X113.824 Y66.111
G0 X116.394 Y66.111
G0 X117.829 Y66.111
G0 X118.239 Y66.111
G0 X118.309 Y66.181
;TYPE:WALL-INNER
G1 F600 E433.80021
G1 F3600 X117.809 Y66.181 E433.80804
G1 X117.809 Y22.681 E434.48993
G1 X118.309 Y22.681 E434.49776
G1 X118.309 Y66.181 E435.17965
G0 F10500 X118.809 Y66.681
;TYPE:WALL-OUTER
G1 F2700 X117.309 Y66.681 E435.20316
G1 X117.309 Y22.181 E435.90072
G1 X118.809 Y22.181 E435.92423
G1 X118.809 Y66.681 E436.62179
G0 F10500 X118.559 Y66.681
G1 F600 E435.62179
G0 F10500 X118.239 Y66.111
G0 X118.289 Y66.111
G0 X119.724 Y66.111
G0 X122.394 Y66.111
G0 X123.829 Y66.111
G0 X124.239 Y66.111
G0 X124.309 Y66.181
;TYPE:WALL-INNER
G1 F600 E436.62179
G1 F3600 X123.809 Y66.181 E436.62963
G1 X123.809 Y22.681 E437.31151
G1 X124.309 Y22.681 E437.31935
G1 X124.309 Y66.181 E438.00123
G0 F10500 X124.809 Y66.681
;TYPE:WALL-OUTER
G1 F2700 X123.309 Y66.681 E438.02474
G1 X123.309 Y22.181 E438.7223
G1 X124.809 Y22.181 E438.74581
G1 X124.809 Y66.681 E439.44337
G0 F10500 X124.559 Y66.681
G1 F600 E438.44337
G0 F10500 X124.239 Y66.111
G0 X124.289 Y66.111
G0 X125.724 Y66.111
G0 X128.294 Y66.111
G0 X129.729 Y66.111
G0 X130.139 Y66.111
G0 X130.209 Y66.181
;TYPE:WALL-INNER
G1 F600 E439.44337
G1 F3600 X129.709 Y66.181 E439.45121
G1 X129.709 Y22.681 E440.13309
G1 X130.209 Y22.681 E440.14093
G1 X130.209 Y66.181 E440.82281
G0 F10500 X130.709 Y66.681
;TYPE:WALL-OUTER
G1 F2700 X129.209 Y66.681 E440.84633
G1 X129.209 Y22.181 E441.54389
G1 X130.709 Y22.181 E441.5674
G1 X130.709 Y66.681 E442.26496
G0 F10500 X130.459 Y66.681
G1 F600 E441.26496
G0 F10500 X130.139 Y66.111
G0 X130.189 Y66.111
G0 X131.624 Y66.111
G0 X134.294 Y66.111
G0 X135.729 Y66.111
G0 X136.139 Y66.111
G0 X136.209 Y66.181
;TYPE:WALL-INNER
G1 F600 E442.26496
G1 F3600 X135.709 Y66.181 E442.27279
G1 X135.709 Y22.681 E442.95468
G1 X136.209 Y22.681 E442.96251
G1 X136.209 Y66.181 E443.6444
G0 F10500 X136.709 Y66.681
;TYPE:WALL-OUTER
G1 F2700 X135.209 Y66.681 E443.66791
G1 X135.209 Y22.181 E444.36547
G1 X136.709 Y22.181 E444.38898
G1 X136.709 Y66.681 E445.08654
G0 F10500 X136.459 Y66.681
G1 F600 E444.08654
G0 F10500 X136.139 Y66.111
G0 X136.189 Y66.111
G0 X137.624 Y66.111
G0 X140.194 Y66.111
G0 X141.629 Y66.111
G0 X142.039 Y66.111
G0 X142.109 Y66.181
;TYPE:WALL-INNER
G1 F600 E445.08654
G1 F3600 X141.609 Y66.181 E445.09438
G1 X141.609 Y22.681 E445.77626
G1 X142.109 Y22.681 E445.7841
G1 X142.109 Y66.181 E446.46598
G0 F10500 X142.609 Y66.681
;TYPE:WALL-OUTER
G1 F2700 X141.109 Y66.681 E446.48949
G1 X141.109 Y22.181 E447.18705
G1 X142.609 Y22.181 E447.21057
G1 X142.609 Y66.681 E447.90812
G0 F10500 X142.359 Y66.681
G1 F600 E446.90812
G0 F10500 X142.039 Y66.111
G0 X142.089 Y66.111
G0 X143.524 Y66.111
G0 X146.194 Y66.111
G0 X147.629 Y66.111
G0 X148.039 Y66.111
G0 X148.109 Y66.181
;TYPE:WALL-INNER
G1 F600 E447.90812
G1 F3600 X147.609 Y66.181 E447.91596
G1 X147.609 Y22.681 E448.59784
G1 X148.109 Y22.681 E448.60568
G1 X148.109 Y66.181 E449.28756
G0 F10500 X148.609 Y66.681
;TYPE:WALL-OUTER
G1 F2700 X147.109 Y66.681 E449.31108
G1 X147.109 Y22.181 E450.00864
G1 X148.609 Y22.181 E450.03215
G1 X148.609 Y66.681 E450.72971
G0 F10500 X148.359 Y66.681
G1 F600 E449.72971
G0 F10500 X148.039 Y66.111
G0 X148.089 Y66.111
G0 X149.524 Y66.111
G0 X152.094 Y66.111
G0 X153.529 Y66.111
G0 X153.939 Y66.111
G0 X154.009 Y66.181
;TYPE:WALL-INNER
G1 F600 E450.72971
G1 F3600 X153.509 Y66.181 E450.73754
G1 X153.509 Y22.681 E451.41943
G1 X154.009 Y22.681 E451.42727
G1 X154.009 Y66.181 E452.10915
G0 F10500 X154.509 Y66.681
;TYPE:WALL-OUTER
G1 F2700 X153.009 Y66.681 E452.13266
G1 X153.009 Y22.181 E452.83022
G1 X154.509 Y22.181 E452.85373
G1 X154.509 Y66.681 E453.55129
G0 F10500 X154.259 Y66.681
G1 F600 E452.55129
G0 F10500 X153.939 Y66.111
G0 X153.989 Y66.111
G0 X155.424 Y66.111
G0 X158.094 Y66.111
G0 X159.529 Y66.111
G0 X159.939 Y66.111
G0 X160.009 Y66.181
;TYPE:WALL-INNER
G1 F600 E453.55129
G1 F3600 X159.509 Y66.181 E453.55913
G1 X159.509 Y22.681 E454.24101
G1 X160.009 Y22.681 E454.24885
G1 X160.009 Y66.181 E454.93073
G0 F10500 X160.509 Y66.681
;TYPE:WALL-OUTER
G1 F2700 X159.009 Y66.681 E454.95424
G1 X159.009 Y22.181 E455.6518
G1 X160.509 Y22.181 E455.67532
G1 X160.509 Y66.681 E456.37287
G0 F10500 X160.259 Y66.681
G1 F600 E455.37287
G0 F10500 X159.939 Y66.111
G0 X159.989 Y66.111
G0 X161.424 Y66.111
G0 X163.994 Y66.111
G0 X165.429 Y66.111
G0 X165.839 Y66.111
G0 X165.909 Y66.181
;TYPE:WALL-INNER
G1 F600 E456.37287
G1 F3600 X165.409 Y66.181 E456.38071
G1 X165.409 Y22.681 E457.06259
G1 X165.909 Y22.681 E457.07043
G1 X165.909 Y66.181 E457.75231
G0 F10500 X166.409 Y66.681
;TYPE:WALL-OUTER
G1 F2700 X164.909 Y66.681 E457.77583
G1 X164.909 Y22.181 E458.47339
G1 X166.409 Y22.181 E458.4969
G1 X166.409 Y66.681 E459.19446
G0 F10500 X166.159 Y66.681
G1 F600 E458.19446
G0 F10500 X165.839 Y66.111
G0 X165.889 Y66.111
G0 X167.324 Y66.111
G0 X169.994 Y66.111
G0 X171.429 Y66.111
G0 X171.839 Y66.111
G0 X171.909 Y66.181
;TYPE:WALL-INNER
G1 F600 E459.19446
G1 F3600 X171.409 Y66.181 E459.2023
G1 X171.409 Y22.681 E459.88418
G1 X171.909 Y22.681 E459.89202
G1 X171.909 Y66.181 E460.5739
G0 F10500 X172.409 Y66.681
;TYPE:WALL-OUTER
G1 F2700 X170.909 Y66.681 E460.59741
G1 X170.909 Y22.181 E461.29497
G1 X172.409 Y22.181 E461.31848
G1 X172.409 Y66.681 E462.01604
G0 F10500 X172.159 Y66.681
G1 F600 E461.01604
G0 F10500 X171.839 Y66.111
G0 X171.889 Y66.111
G0 X173.324 Y66.111
G0 X175.894 Y66.111
G0 X177.329 Y66.111
G0 X177.739 Y66.111
G0 X177.809 Y66.181
;TYPE:WALL-INNER
G1 F600 E462.01604
G1 F3600 X177.309 Y66.181 E462.02388
G1 X177.309 Y22.681 E462.70576
G1 X177.809 Y22.681 E462.7136
G1 X177.809 Y66.181 E463.39548
G0 F10500 X178.309 Y66.681
;TYPE:WALL-OUTER
G1 F2700 X176.809 Y66.681 E463.41899
G1 X176.809 Y22.181 E464.11655
G1 X178.309 Y22.181 E464.14007
G1 X178.309 Y66.681 E464.83762
G0 F10500 X178.059 Y66.681
G1 F600 E463.83762
G0 F10500 X177.739 Y66.111
G0 X177.789 Y66.111
G0 X179.224 Y66.111
G0 X181.894 Y66.111
G0 X183.329 Y66.111
G0 X183.739 Y66.111
G0 X183.809 Y66.181
;TYPE:WALL-INNER
G1 F600 E464.83762
G1 F3600 X183.309 Y66.181 E464.84546
G1 X183.309 Y22.681 E465.52734
G1 X183.809 Y22.681 E465.53518
G1 X183.809 Y66.181 E466.21707
G0 F10500 X184.309 Y66.681
;TYPE:WALL-OUTER
G1 F2700 X182.809 Y66.681 E466.24058
G1 X182.809 Y22.181 E466.93814
G1 X184.309 Y22.181 E466.96165
G1 X184.309 Y66.681 E467.65921
G0 F10500 X184.059 Y66.681
G1 F600 E466.65921
G0 F10500 X183.739 Y66.111
G0 X183.789 Y66.111
G0 X185.224 Y66.111
G0 X187.794 Y66.111
G0 X189.229 Y66.111
G0 X189.639 Y66.111
G0 X189.709 Y66.181
;TYPE:WALL-INNER
G1 F600 E467.65921
G1 F3600 X189.209 Y66.181 E467.66705
G1 X189.209 Y22.681 E468.34893
G1 X189.709 Y22.681 E468.35677
G1 X189.709 Y66.181 E469.03865
G0 F10500 X190.209 Y66.681
;TYPE:WALL-OUTER
G1 F2700 X188.709 Y66.681 E469.06216
G1 X188.709 Y22.181 E469.75972
G1 X190.209 Y22.181 E469.78323
G1 X190.209 Y66.681 E470.48079
G0 F10500 X189.959 Y66.681
G1 F600 E469.48079
G0 F10500 X189.639 Y66.111
G0 X189.223 Y66.167
G0 X189.223 Y67.596
G0 X186.99 Y74.301
G0 X186.977 Y74.343
G0 X186.131 Y76.883
G0 X186.118 Y76.925
G0 X185.715 Y78.137
G0 X185.715 Y79.566
G0 X184.954 Y85.975
G0 X184.884 Y86.045
;TYPE:WALL-INNER
G1 F600 E470.48079
G1 F3600 X178.772 Y86.045 E470.5766
G1 X178.772 Y92.255 E470.67394
G1 X177.918 Y92.255 E470.68733
G1 X177.918 Y79.552 E470.88646
G1 X178.772 Y79.552 E470.89984
G1 X178.772 Y85.142 E470.98747
G1 X184.884 Y85.142 E471.08328
G1 X184.884 Y79.552 E471.1709
G1 X185.729 Y79.552 E471.18415
G1 X185.729 Y92.255 E471.38327
G1 X184.884 Y92.255 E471.39652
G1 X184.884 Y86.045 E471.49387
G0 F10500 X184.384 Y86.545
;TYPE:WALL-OUTER
G1 F2700 X179.272 Y86.545 E471.574
G1 X179.272 Y92.755 E471.67134
G1 X177.418 Y92.755 E471.70041
G1 X177.418 Y79.052 E471.91521
G1 X179.272 Y79.052 E471.94427
G1 X179.272 Y84.642 E472.03189
G1 X184.384 Y84.642 E472.11203
G1 X184.384 Y79.052 E472.19965
G1 X186.229 Y79.052 E472.22857
G1 X186.229 Y92.755 E472.44338
G1 X184.384 Y92.755 E472.4723
G1 X184.384 Y86.545 E472.56964
G0 F10500 X184.134 Y86.545
G0 X184.521 Y85.593
;TYPE:SKIN
G1 F2700 X184.874 Y85.593 E472.57414
G1 X185.252 Y85.569 E472.57897
G1 X185.305 Y83.747 E472.60219
G1 X185.305 Y80.212 E472.64724
G1 X185.248 Y79.916 E472.65108
G0 F10500 X185.373 Y79.791
G0 X184.912 Y85.17
G0 X184.379 Y85.381
G0 X184.167 Y85.593
G1 F2700 X183.813 Y85.593 E472.66046
G0 F10500 X184.025 Y85.381
G0 X185.123 Y86.052
G0 X185.305 Y85.869
G1 F2700 X185.305 Y86.222 E472.66465
G1 X185.305 Y91.526 E472.72765
G1 X185.329 Y91.855 E472.73157
G0 F10500 X185.171 Y92.014
G0 X184.912 Y86.017
G0 X183.248 Y85.805
G0 X183.46 Y85.593
G1 F2700 X183.106 Y85.593 E472.73583
G1 X178.864 Y85.593 E472.78695
G1 X178.344 Y86.113 E472.79581
G1 X178.344 Y91.77 E472.86398
G1 X178.492 Y91.976 E472.86703
G0 F10500 X178.531 Y91.937
G0 X178.157 Y85.946
G1 F2700 X178.722 Y85.381 E472.87329
G0 F10500 X178.344 Y85.406
G1 F2700 X178.344 Y85.052 E472.87753
G1 X178.344 Y80.102 E472.93675
G1 X178.229 Y79.864 E472.93991
G0 F10500 X178.272 Y79.936
G1 F600 E471.93991
G0 F10500 X177.938 Y80.537
G0 X176.503 Y80.537
G0 X173.135 Y82.068
G0 X171.787 Y82.499
G0 X170.82 Y81.589
G0 X170.767 Y81.382
G0 X169.65 Y80.537
;TYPE:WALL-INNER
G1 F600 E472.93991
G1 F3600 X169.81 Y80.052 E472.94791
G1 X170.482 Y80.052 E472.95845
G1 X170.638 Y80.54 E472.96648
G1 X170.742 Y80.865 E472.97183
G1 X170.401 Y80.865 E472.97501
G1 X170.4 Y80.865 E472.97503
G1 X169.888 Y80.865 E472.98306
G1 X169.887 Y80.865 E472.98307
G1 X169.543 Y80.865 E472.98846
G1 X169.649 Y80.538 E472.99167
G1 X169.65 Y80.537 E472.99169
G0 F10500 X167.483 Y88.195
G0 X167.563 Y88.136
G1 F3600 X167.899 Y88.136 E472.99696
G1 X167.9 Y88.136 E472.99697
G1 X172.425 Y88.136 E473.06791
G1 X172.426 Y88.136 E473.06792
G1 X172.76 Y88.136 E473.07316
G1 X172.664 Y87.816 E473.07629
G1 X170.731 Y81.365 E473.18186
G1 X169.617 Y81.365 E473.19932
G1 X167.66 Y87.814 E473.30496
G1 X167.563 Y88.136 E473.30812
G0 F10500 X167.483 Y88.195
G0 X173.087 Y88.949
G0 X173.028 Y89.029
G1 F3600 X167.269 Y89.029 E473.3984
G1 X166.251 Y92.255 E473.45142
G1 X165.625 Y92.255 E473.46123
G1 X165.624 Y92.255 E473.46125
G1 X165.28 Y92.255 E473.46664
G1 X165.387 Y91.928 E473.46985
G1 X169.448 Y79.552 E473.67403
G1 X170.847 Y79.552 E473.69596
G1 X174.798 Y91.93 E473.89964
G1 X174.902 Y92.255 E473.90498
G1 X174.561 Y92.255 E473.90817
G1 X174.56 Y92.255 E473.90819
G1 X173.988 Y92.255 E473.91715
G1 X173.028 Y89.029 E473.96991
G0 F10500 X172.655 Y89.529
;TYPE:WALL-OUTER
G1 F2700 X167.636 Y89.529 E474.04859
G1 X166.618 Y92.755 E474.10162
G1 X164.935 Y92.755 E474.128
G1 X164.934 Y92.755 E474.12801
G1 X164.59 Y92.755 E474.13341
G1 X164.697 Y92.428 E474.13662
G1 X169.086 Y79.052 E474.35729
G1 X171.212 Y79.052 E474.39062
G1 X175.483 Y92.43 E474.61075
G1 X175.586 Y92.755 E474.61609
G1 X175.246 Y92.755 E474.61927
G1 X175.244 Y92.755 E474.6193
G1 X173.615 Y92.755 E474.64484
G1 X172.655 Y89.529 E474.6976
G0 F10500 X172.405 Y89.529
G0 X172.405 Y88.929
G0 X167.531 Y88.159
G0 X167.664 Y87.462
G0 X168.237 Y87.636
G1 F2700 X172.088 Y87.636 E474.75797
G1 X170.359 Y81.865 E474.8524
G1 X169.988 Y81.865 E474.85822
G1 X168.237 Y87.636 E474.95275
G0 F10500 X168.487 Y87.636
G0 X168.45 Y88.582
;TYPE:SKIN
G1 F2700 X168.804 Y88.582 E474.95822
G1 X169.864 Y88.582 E474.9746
G0 F10500 X169.658 Y88.789
G0 X168.304 Y88.375
G0 X168.097 Y88.582
G1 F2700 X167.743 Y88.582 E474.97944
G1 X167.39 Y88.582 E474.98427
G1 X166.734 Y89.238 E474.99697
G1 X166.23 Y90.802 E475.01945
G1 X165.979 Y91.76 E475.033
G0 F10500 X165.725 Y92.015
G0 X166.59 Y89.028
G0 X166.916 Y88.701
G1 F2700 X167.076 Y88.188 E475.03798
G1 X169.198 Y81.469 E475.10326
G1 X169.203 Y81.112 E475.10657
G1 X169.993 Y80.321 E475.11693
G1 X170.956 Y81.126 E475.12855
G1 X171.659 Y83.251 E475.14929
G1 X173.163 Y88.112 E475.19643
G1 X173.106 Y88.522 E475.20027
G1 X173.414 Y88.921 E475.20494
G1 X174.347 Y91.877 E475.23366
G0 F10500 X174.485 Y91.74
G0 X173.051 Y88.997
G0 X172.486 Y88.789
G0 X172.693 Y88.582
G1 F2700 X172.339 Y88.582 E475.23873
G1 X170.218 Y88.582 E475.26915
G0 F10500 X170.011 Y88.636
G1 F600 E474.26915
G0 F10500 X167.246 Y88.997
G0 X165.296 Y92.244
G0 X162.166 Y92.244
G0 X161.411 Y91.432
G0 X161.341 Y91.362
;TYPE:WALL-INNER
G1 F600 E475.26915
G1 F3600 X161.341 Y79.668 E475.45246
G1 X162.186 Y79.668 E475.46571
G1 X162.186 Y92.255 E475.66301
G1 X155.489 Y92.255 E475.76799
G1 X155.489 Y91.362 E475.78199
G1 X161.341 Y91.362 E475.87372
G0 F10500 X160.841 Y90.862
;TYPE:WALL-OUTER
G1 F2700 X160.841 Y79.168 E476.05703
G1 X162.686 Y79.168 E476.08595
G1 X162.686 Y92.755 E476.29894
G1 X154.989 Y92.755 E476.41959
G1 X154.989 Y90.862 E476.44926
G1 X160.841 Y90.862 E476.541
G0 F10500 X160.841 Y90.612
G0 X161.762 Y90.32
;TYPE:SKIN
G1 F2700 X161.762 Y90.673 E476.54453
G1 X161.762 Y91.381 E476.55163
G1 X161.713 Y91.783 E476.55568
G1 X161.89 Y91.96 E476.55819
G1 X160.628 Y91.808 E476.57093
G1 X159.92 Y91.808 E476.57802
G0 F10500 X160.127 Y91.602
G0 X161.369 Y91.39
G0 X161.58 Y90.149
G0 X161.762 Y89.966
G1 F2700 X161.762 Y89.613 E476.58228
G1 X161.751 Y80.079 E476.69732
G0 F10500 X161.922 Y79.908
G0 X161.369 Y91.39
G0 X159.774 Y91.602
G0 X159.567 Y91.808
G1 F2700 X159.213 Y91.808 E476.70244
G1 X156.031 Y91.808 E476.74843
G1 X155.806 Y91.68 E476.75217
G0 F10500 X155.885 Y91.755
G1 F600 E475.75217
G0 F10500 X155.503 Y91.376
G0 X154.074 Y91.376
G0 X148.191 Y87.896
G0 X147.149 Y86.91
G0 X147.679 Y84.941
G0 X147.81 Y83.562
G0 X147.69 Y82.197
G0 X147.277 Y81.142
G0 X146.538 Y80.438
G0 X145.562 Y80.184
G0 X144.553 Y80.48
G0 X143.765 Y81.267
G0 X143.33 Y82.275
G0 X142.814 Y85.15
;TYPE:WALL-INNER
G1 F600 E476.75217
G1 F3600 X143.071 Y85.733 E476.76216
G1 X143.149 Y85.908 E476.76516
G1 X142.755 Y86.079 E476.76992
G1 X142.687 Y86.109 E476.77109
G1 X142.68 Y85.927 E476.77207
G1 X142.679 Y85.906
G1 X142.679 Y85.891
G1 X142.708 Y85.147 E476.77876
G1 X142.738 Y84.41 E476.79032
G1 X142.814 Y85.15 E476.79162
G0 F10500 X142.841 Y86.5
G0 X142.927 Y86.55
G1 F3600 X143.216 Y89.183 E476.83314
G1 X143.68 Y90.607 E476.85662
G1 X144.475 Y91.474 E476.87506
G1 X145.531 Y91.78 E476.89229
G1 X146.381 Y91.611 E476.90588
G1 X147.023 Y91.103 E476.91871
G1 X147.402 Y90.371 E476.93163
G1 X147.422 Y90.267 E476.93329
G1 X147.775 Y90.315 E476.93887
G1 X148.051 Y90.352 E476.94324
G1 X147.984 Y90.622 E476.94598
G1 X147.892 Y90.987 E476.95188
G1 X147.337 Y91.853 E476.968
G1 X146.624 Y92.33 E476.98145
G1 X145.684 Y92.5 E476.99642
G1 X144.993 Y92.418 E477.00733
G1 X144.351 Y92.165 E477.01815
G1 X143.773 Y91.741 E477.02938
G1 X143.244 Y91.119 E477.04218
G1 X142.797 Y90.268 E477.05725
G1 X142.459 Y89.115 E477.07609
G1 X142.249 Y87.665 E477.09905
G1 X142.178 Y85.913 E477.12654
G1 X142.246 Y84.193 E477.15352
G1 X142.449 Y82.763 E477.17616
G1 X142.769 Y81.654 E477.19425
G1 X143.198 Y80.824 E477.2089
G1 X143.7 Y80.226 E477.22114
G1 X144.246 Y79.815 E477.23185
G1 X144.825 Y79.579 E477.24165
G1 X145.481 Y79.499 E477.25201
G1 X146.073 Y79.561 E477.26134
G1 X146.598 Y79.744 E477.27006
G1 X147.092 Y80.059 E477.27924
G1 X147.549 Y80.511 E477.28932
G1 X147.936 Y81.09 E477.30023
G1 X148.22 Y81.787 E477.31203
G1 X148.394 Y82.601 E477.32508
G1 X148.455 Y83.576 E477.34039
G1 X148.398 Y84.465 E477.35436
G1 X148.233 Y85.237 E477.36673
G1 X147.963 Y85.906 E477.37804
G1 X147.595 Y86.472 E477.38862
G1 X147.162 Y86.925 E477.39845
G1 X146.732 Y87.225 E477.40667
G1 X146.291 Y87.398 E477.41409
G1 X145.836 Y87.454 E477.42128
G1 X145.627 Y87.428 E477.42458
G1 X145.417 Y87.402 E477.4279
G1 X145.32 Y87.363 E477.42954
G1 X145.045 Y87.251 E477.43419
G1 X144.691 Y86.985 E477.44113
G1 X144.496 Y86.756 E477.44585
G1 X144.383 Y86.624 E477.44857
G1 X144.512 Y86.742 E477.44864
G1 X144.737 Y86.8 E477.44913
G1 X145.134 Y86.902 E477.45304
G1 X145.471 Y86.989 E477.4573
G1 X145.675 Y86.934 E477.46034
G1 X146.451 Y86.722 E477.47295
G1 X147.2 Y86.006 E477.48919
G1 X147.641 Y84.932 E477.50739
G1 X147.77 Y83.562 E477.52896
G1 X147.652 Y82.206 E477.55029
G1 X147.244 Y81.164 E477.56784
G1 X146.519 Y80.472 E477.58355
G1 X145.562 Y80.223 E477.59905
G1 X144.573 Y80.514 E477.61521
G1 X143.798 Y81.289 E477.63239
G1 X143.319 Y82.397 E477.65131
G1 X143.174 Y83.754 E477.6727
G1 X143.303 Y85.02 E477.69265
G1 X143.684 Y85.882 E477.70742
G1 X143.761 Y86.056 E477.71041
G1 X143.859 Y86.145 E477.71248
G1 X143.81 Y86.166
G1 X143.635 Y86.242 E477.71466
G1 X142.927 Y86.55 E477.72677
G0 F10500 X143.803 Y86.715
;TYPE:WALL-OUTER
G1 F2700 X143.464 Y86.862 E477.73256
G1 X143.487 Y87.072 E477.73587
G1 X143.707 Y89.077 E477.76749
G1 X144.122 Y90.349 E477.78846
G1 X144.749 Y91.033 E477.80301
G1 X145.553 Y91.266 E477.81613
G1 X146.165 Y91.144 E477.82591
G1 X146.628 Y90.778 E477.83516
G1 X146.925 Y90.204 E477.84529
G1 X147.023 Y89.709 E477.8532
G1 X148.397 Y89.895 E477.87494
G1 X148.673 Y89.932 E477.8793
G1 X148.605 Y90.202 E477.88204
G1 X148.357 Y91.186 E477.89795
G1 X147.701 Y92.212 E477.91704
G1 X146.816 Y92.803 E477.93372
G1 X145.701 Y93.005 E477.95148
G1 X144.869 Y92.906 E477.96461
G1 X144.106 Y92.606 E477.97747
G1 X143.43 Y92.109 E477.99062
G1 X142.827 Y91.401 E478.0052
G1 X142.331 Y90.455 E478.02194
G1 X141.969 Y89.222 E478.04208
G1 X141.75 Y87.709 E478.06605
G1 X141.677 Y85.913 E478.09422
G1 X141.747 Y84.152 E478.12185
G1 X141.959 Y82.66 E478.14547
G1 X142.303 Y81.467 E478.16494
G1 X142.78 Y80.544 E478.18122
G1 X143.352 Y79.863 E478.19516
G1 X143.998 Y79.376 E478.20784
G1 X144.696 Y79.091 E478.21966
G1 X145.477 Y78.996 E478.232
G1 X146.182 Y79.07 E478.24311
G1 X146.82 Y79.292 E478.2537
G1 X147.404 Y79.664 E478.26455
G1 X147.938 Y80.193 E478.27633
G1 X148.379 Y80.853 E478.28878
G1 X148.7 Y81.639 E478.30208
G1 X148.891 Y82.532 E478.3164
G1 X148.956 Y83.577 E478.33281
G1 X148.895 Y84.534 E478.34784
G1 X148.713 Y85.385 E478.36149
G1 X148.409 Y86.137 E478.3742
G1 X147.989 Y86.783 E478.38628
G1 X147.49 Y87.306 E478.39761
G1 X146.968 Y87.67 E478.40759
G1 X146.417 Y87.886 E478.41686
G1 X145.836 Y87.957 E478.42604
G1 X145.29 Y87.89 E478.43466
G1 X144.796 Y87.689 E478.44302
G1 X144.347 Y87.352 E478.45182
G1 X143.94 Y86.876 E478.46164
G1 X143.803 Y86.715 E478.46454
G0 F10500 X143.574 Y86.814
G0 X143.336 Y86.264
G0 X143.134 Y83.754
G0 X143.281 Y82.387
G0 X143.765 Y81.267
G0 X144.553 Y80.48
G0 X145.72 Y80.162
G0 X145.57 Y80.742
G1 F2700 X144.836 Y80.958 E478.47653
G1 X144.219 Y81.575 E478.49021
G1 X143.808 Y82.526 E478.50645
G1 X143.677 Y83.755 E478.52582
G1 X143.792 Y84.89 E478.54371
G1 X144.176 Y85.758 E478.55858
G1 X144.757 Y86.289 E478.57092
G1 X145.467 Y86.472 E478.58241
G1 X146.197 Y86.273 E478.59428
G1 X146.778 Y85.718 E478.60687
G1 X147.15 Y84.811 E478.62224
G1 X147.268 Y83.56 E478.64193
G1 X147.16 Y82.321 E478.66143
G1 X146.819 Y81.449 E478.67611
G1 X146.268 Y80.923 E478.68805
G1 X145.57 Y80.742 E478.69935
G0 F10500 X145.331 Y80.812
G0 X145.288 Y79.923
;TYPE:SKIN
G1 F2700 X145.689 Y79.876 E478.70159
G1 X146.749 Y80.231 E478.7078
G1 X147.457 Y80.937 E478.71335
G1 X147.9 Y81.908 E478.71928
G1 X148.081 Y83.142 E478.7262
G1 X148.021 Y84.615 E478.73439
G1 X147.711 Y85.633 E478.7403
G1 X147.152 Y86.545 E478.74624
G1 X146.26 Y87.084 E478.75203
G1 X145.822 Y87.168 E478.7545
G0 F10500 X145.785 Y87.206
G0 X144.718 Y86.956
G0 X145.471 Y87.029
G0 X146.47 Y86.756
G0 X147.233 Y86.028
G0 X147.679 Y84.941
G0 X147.81 Y83.562
G0 X147.69 Y82.197
G0 X147.277 Y81.142
G0 X146.538 Y80.438
G0 X145.562 Y80.184
G0 X144.553 Y80.48
G0 X143.765 Y81.267
G0 X143.33 Y82.275
G0 X142.776 Y87.387
G0 X142.634 Y87.528
G1 F2700 X142.674 Y87.842 E478.75758
G1 X142.559 Y86.542 E478.77026
G0 F10500 X142.671 Y86.431
G0 X142.846 Y88.024
G0 X142.713 Y88.156
G1 F2700 X142.753 Y88.469 E478.77277
G1 X143.072 Y89.918 E478.78454
G1 X143.501 Y90.904 E478.79307
G1 X144.389 Y91.783 E478.80298
G1 X145.469 Y92.118 E478.81195
G1 X146.285 Y92.008 E478.81848
G1 X147.038 Y91.609 E478.82524
G1 X147.57 Y90.723 E478.83344
G0 F10500 X147.742 Y90.552
G0 X145.683 Y92.461
G0 X142.834 Y90.254
G0 X142.806 Y81.668
G0 X145.481 Y79.539
G0 X147.668 Y81.368
G0 X148.01 Y83.566
G1 F2700 X148.201 Y83.376 E478.83555
G0 F10500 X147.277 Y81.142
G0 X146.538 Y80.438
G0 X144.56 Y79.946
G0 X143.898 Y80.607
G1 F2700 X143.225 Y81.634 E478.85158
G1 X142.868 Y82.697 E478.86622
G1 X142.716 Y83.91 E478.88218
G1 X142.879 Y84.102 E478.88547
G0 F10500 X142.77 Y84.057
G1 F600 E477.88547
G0 F10500 X142.468 Y82.767
G0 X141.09 Y82.367
G0 X140.052 Y81.21
G0 X138.668 Y81.575
G0 X136.785 Y79.67
G0 X136.81 Y79.574
;TYPE:WALL-INNER
G1 F600 E478.88547
G1 F3600 X137.35 Y79.801 E478.89465
G1 X137.842 Y80.188 E478.90446
G1 X138.298 Y80.759 E478.91592
G1 X138.686 Y81.569 E478.93
G1 X138.984 Y82.711 E478.9485
G1 X139.169 Y84.173 E478.9716
G1 X139.232 Y85.971 E478.9998
G1 X139.169 Y87.804 E479.02855
G1 X138.984 Y89.288 E479.05199
G1 X138.686 Y90.437 E479.0706
G1 X138.3 Y91.244 E479.08462
G1 X137.845 Y91.808 E479.09598
G1 X137.346 Y92.195 E479.10588
G1 X136.809 Y92.416 E479.11498
G1 X136.196 Y92.491 E479.12466
G1 X135.59 Y92.417 E479.13423
G1 X135.05 Y92.19 E479.14342
G1 X134.557 Y91.803 E479.15324
G1 X134.104 Y91.235 E479.16463
G1 X133.712 Y90.417 E479.17885
G1 X133.415 Y89.271 E479.19741
G1 X133.231 Y87.808 E479.22052
G1 X133.168 Y86 E479.24888
G1 X133.231 Y84.186 E479.27733
G1 X133.416 Y82.716 E479.30055
G1 X133.712 Y81.575 E479.31903
G1 X134.104 Y80.756 E479.33327
G1 X134.558 Y80.189 E479.34465
G1 X135.053 Y79.801 E479.35451
G1 X135.595 Y79.575 E479.36372
G1 X136.206 Y79.5 E479.37337
G1 X136.81 Y79.574 E479.3829
G0 F10500 X136.206 Y80.203
G1 F3600 X135.128 Y80.595 E479.40088
G1 X134.444 Y81.573 E479.41959
G1 X134.111 Y83.254 E479.44646
G1 X134.011 Y86 E479.48953
G1 X134.111 Y88.74 E479.53251
G1 X134.444 Y90.418 E479.55932
G1 X135.128 Y91.396 E479.57803
G1 X136.205 Y91.788 E479.596
G1 X137.274 Y91.397 E479.61384
G1 X137.96 Y90.426 E479.63248
G1 X138.297 Y88.747 E479.65932
G1 X138.398 Y86 E479.70241
G1 X138.297 Y83.253 E479.7455
G1 X137.961 Y81.571 E479.77239
G1 X137.276 Y80.596 E479.79107
G1 X136.206 Y80.203 E479.80893
G0 F10500 X136.205 Y80.735
;TYPE:WALL-OUTER
G1 F2700 X135.447 Y81.011 E479.82158
G1 X134.914 Y81.773 E479.83616
G1 X134.609 Y83.312 E479.86075
G1 X134.511 Y86 E479.90291
G1 X134.609 Y88.682 E479.94498
G1 X134.914 Y90.218 E479.96953
G1 X135.447 Y90.98 E479.98411
G1 X136.205 Y91.256 E479.99675
G1 X136.956 Y90.981 E480.00929
G1 X137.491 Y90.224 E480.02382
G1 X137.799 Y88.688 E480.04838
G1 X137.898 Y86 E480.09054
G1 X137.799 Y83.312 E480.13271
G1 X137.491 Y81.772 E480.15732
G1 X136.957 Y81.011 E480.1719
G1 X136.205 Y80.735 E480.18445
G0 F10500 X135.97 Y80.82
G0 X135.766 Y80.257
G0 X136.785 Y79.67
G0 X136.941 Y79.087
G1 F2700 X137.605 Y79.366 E480.19574
G1 X138.198 Y79.831 E480.20756
G1 X138.724 Y80.491 E480.22079
G1 X139.158 Y81.397 E480.23653
G1 X139.476 Y82.615 E480.25627
G1 X139.668 Y84.136 E480.2803
G1 X139.733 Y85.971 E480.30908
G1 X139.668 Y87.839 E480.33838
G1 X139.476 Y89.382 E480.36275
G1 X139.158 Y90.61 E480.38264
G1 X138.726 Y91.512 E480.39831
G1 X138.196 Y92.168 E480.41153
G1 X137.6 Y92.631 E480.42337
G1 X136.938 Y92.904 E480.43459
G1 X136.196 Y92.995 E480.44631
G1 X135.459 Y92.904 E480.45795
G1 X134.795 Y92.625 E480.46924
G1 X134.202 Y92.16 E480.48105
G1 X133.678 Y91.503 E480.49422
G1 X133.24 Y90.589 E480.51011
G1 X132.923 Y89.367 E480.5299
G1 X132.732 Y87.843 E480.55398
G1 X132.667 Y86 E480.58289
G1 X132.732 Y84.151 E480.61189
G1 X132.924 Y82.622 E480.63604
G1 X133.24 Y81.402 E480.6558
G1 X133.678 Y80.488 E480.67169
G1 X134.203 Y79.831 E480.68487
G1 X134.799 Y79.365 E480.69673
G1 X135.464 Y79.088 E480.70802
G1 X136.205 Y78.996 E480.71973
G1 X136.941 Y79.087 E480.73135
G0 F10500 X137.171 Y79.183
G0 X136.747 Y79.98
;TYPE:SKIN
G1 F2700 X137.001 Y80.08 E480.73431
G1 X136.134 Y79.885 E480.74392
G1 X135.664 Y80.002 E480.74917
G1 X134.796 Y80.517 E480.76009
G0 F10500 X134.094 Y81.572
G1 F2700 X133.962 Y82.058 E480.76484
G1 X133.681 Y83.753 E480.78103
G1 X133.599 Y86.31 E480.80514
G1 X133.761 Y88.977 E480.83033
G1 X134.198 Y90.66 E480.84672
G1 X134.947 Y91.68 E480.85864
G1 X135.944 Y92.096 E480.86883
G1 X136.768 Y91.98 E480.87667
G1 X137.617 Y91.485 E480.88593
G1 X138.283 Y90.465 E480.89741
G1 X138.614 Y89.073 E480.9109
G1 X138.759 Y87.514 E480.92566
G1 X138.779 Y85.019 E480.94917
G1 X138.644 Y83.033 E480.96794
G1 X138.211 Y81.344 E480.98437
G1 X137.468 Y80.319 E480.9963
G1 X137.24 Y80.193 E480.99876
G0 F10500 X137.266 Y80.061
G1 F600 E479.99876
G0 F10500 X134.572 Y80.203
G0 X133.449 Y79.311
G0 X129.895 Y79.303
G0 X128.779 Y80.201
G0 X127.743 Y79.674
G0 X127.769 Y79.578
;TYPE:WALL-INNER
G1 F600 E480.99876
G1 F3600 X128.308 Y79.806 E481.00793
G1 X128.793 Y80.187 E481.0176
G1 X129.249 Y80.759 E481.02907
G1 X129.637 Y81.569 E481.04315
G1 X129.935 Y82.711 E481.06165
G1 X130.12 Y84.173 E481.08475
G1 X130.183 Y85.971 E481.11295
G1 X130.12 Y87.804 E481.1417
G1 X129.935 Y89.288 E481.16514
G1 X129.637 Y90.437 E481.18375
G1 X129.251 Y91.244 E481.19777
G1 X128.796 Y91.808 E481.20913
G1 X128.297 Y92.195 E481.21903
G1 X127.76 Y92.416 E481.22813
G1 X127.147 Y92.491 E481.23781
G1 X126.541 Y92.417 E481.24738
G1 X126.001 Y92.19 E481.25656
G1 X125.508 Y91.803 E481.26639
G1 X125.055 Y91.235 E481.27778
G1 X124.663 Y90.417 E481.292
G1 X124.366 Y89.271 E481.31055
G1 X124.182 Y87.808 E481.33367
G1 X124.119 Y86 E481.36203
G1 X124.182 Y84.186 E481.39048
G1 X124.365 Y82.733 E481.41344
G1 X124.658 Y81.592 E481.4319
G1 X125.048 Y80.77 E481.44616
G1 X125.515 Y80.185 E481.4579
G1 X126.015 Y79.796 E481.46783
G1 X126.55 Y79.576 E481.47689
G1 X127.163 Y79.5 E481.48658
G1 X127.769 Y79.578 E481.49616
G0 F10500 X127.158 Y80.203
G1 F3600 X126.078 Y80.595 E481.51417
G1 X125.395 Y81.573 E481.53286
G1 X125.062 Y83.254 E481.55973
G1 X124.962 Y86 E481.6028
G1 X125.062 Y88.74 E481.64578
G1 X125.395 Y90.418 E481.6726
G1 X126.078 Y91.396 E481.69129
G1 X127.157 Y91.788 E481.70929
G1 X128.225 Y91.397 E481.72712
G1 X128.911 Y90.426 E481.74575
G1 X129.248 Y88.747 E481.7726
G1 X129.349 Y86.018 E481.81541
G1 X129.248 Y83.253 E481.85878
G1 X128.912 Y81.571 E481.88566
G1 X128.227 Y80.596 E481.90434
G1 X127.158 Y80.203 E481.9222
G0 F10500 X127.157 Y80.735
;TYPE:WALL-OUTER
G1 F2700 X126.397 Y81.011 E481.93487
G1 X125.865 Y81.773 E481.94944
G1 X125.56 Y83.312 E481.97403
G1 X125.462 Y86 E482.0162
G1 X125.56 Y88.682 E482.05827
G1 X125.865 Y90.218 E482.08281
G1 X126.397 Y90.98 E482.09738
G1 X127.156 Y91.256 E482.11004
G1 X127.907 Y90.981 E482.12258
G1 X128.442 Y90.224 E482.13711
G1 X128.75 Y88.688 E482.16167
G1 X128.849 Y86.018 E482.20355
G1 X128.75 Y83.312 E482.24599
G1 X128.442 Y81.772 E482.27061
G1 X127.908 Y81.011 E482.28519
G1 X127.157 Y80.735 E482.29773
G0 F10500 X126.922 Y80.82
G0 X126.718 Y80.256
G0 X127.743 Y79.674
G0 X127.902 Y79.091
G1 F2700 X128.562 Y79.37 E482.30896
G1 X129.149 Y79.831 E482.32066
G1 X129.675 Y80.491 E482.33389
G1 X130.109 Y81.397 E482.34964
G1 X130.427 Y82.615 E482.36937
G1 X130.619 Y84.136 E482.3934
G1 X130.684 Y85.971 E482.42218
G1 X130.619 Y87.839 E482.45148
G1 X130.427 Y89.382 E482.47586
G1 X130.109 Y90.61 E482.49574
G1 X129.677 Y91.512 E482.51142
G1 X129.147 Y92.168 E482.52464
G1 X128.551 Y92.631 E482.53647
G1 X127.889 Y92.904 E482.54769
G1 X127.147 Y92.995 E482.55941
G1 X126.41 Y92.904 E482.57105
G1 X125.746 Y92.625 E482.58234
G1 X125.153 Y92.16 E482.59416
G1 X124.629 Y91.503 E482.60733
G1 X124.191 Y90.589 E482.62322
G1 X123.874 Y89.367 E482.64301
G1 X123.683 Y87.843 E482.66708
G1 X123.618 Y86 E482.69599
G1 X123.683 Y84.151 E482.72499
G1 X123.873 Y82.641 E482.74885
G1 X124.187 Y81.419 E482.76863
G1 X124.621 Y80.503 E482.78451
G1 X125.161 Y79.826 E482.79809
G1 X125.76 Y79.361 E482.80998
G1 X126.423 Y79.088 E482.82122
G1 X127.165 Y78.996 E482.83294
G1 X127.902 Y79.091 E482.84458
G0 F10500 X128.132 Y79.188
G0 X127.848 Y80.04
;TYPE:SKIN
G1 F2700 X127.595 Y79.94 E482.84716
G1 X126.899 Y79.929 E482.85374
G1 X126.419 Y80.055 E482.85844
G1 X125.707 Y80.413 E482.86598
G1 X124.956 Y81.871 E482.8815
G1 X124.645 Y83.596 E482.89809
G1 X124.545 Y86.171 E482.92247
G1 X124.695 Y88.85 E482.94786
G1 X125.099 Y90.567 E482.96455
G1 X125.818 Y91.616 E482.97658
G1 X126.779 Y92.069 E482.98664
G1 X127.067 Y92.134 E482.98943
G1 X128.014 Y91.895 E482.99867
G0 F10500 X128.904 Y91.005
G1 F2700 X129.321 Y90.234 E483.00726
G1 X129.651 Y88.49 E483.02466
G1 X129.759 Y85.907 E483.05
G1 X129.616 Y83.222 E483.07635
G1 X129.226 Y81.49 E483.09376
G1 X128.528 Y80.421 E483.10627
G1 X128.099 Y80.143 E483.11128
G0 F10500 X128.124 Y80.026
G1 F600 E482.11128
G0 F10500 X125.529 Y80.199
G0 X124.404 Y79.309
G0 X120.846 Y79.304
G0 X119.73 Y80.202
G0 X118.687 Y79.67
G0 X118.712 Y79.574
;TYPE:WALL-INNER
G1 F600 E483.11128
G1 F3600 X119.252 Y79.801 E483.12046
G1 X119.744 Y80.188 E483.13027
G1 X120.2 Y80.759 E483.14173
G1 X120.588 Y81.569 E483.15581
G1 X120.886 Y82.711 E483.17431
G1 X121.071 Y84.173 E483.19741
G1 X121.134 Y85.971 E483.22561
G1 X121.071 Y87.804 E483.25436
G1 X120.888 Y89.271 E483.27753
G1 X120.595 Y90.414 E483.29603
G1 X120.205 Y91.234 E483.31026
G1 X119.736 Y91.817 E483.32199
G1 X119.245 Y92.194 E483.3317
G1 X118.702 Y92.416 E483.34089
G1 X118.092 Y92.491 E483.35053
G1 X117.484 Y92.413 E483.36014
G1 X116.945 Y92.185 E483.36931
G1 X116.46 Y91.804 E483.37898
G1 X116.006 Y91.235 E483.39039
G1 X115.614 Y90.417 E483.40461
G1 X115.318 Y89.275 E483.4231
G1 X115.133 Y87.808 E483.44628
G1 X115.069 Y86 E483.47464
G1 X115.133 Y84.186 E483.50309
G1 X115.318 Y82.716 E483.52631
G1 X115.614 Y81.575 E483.54479
G1 X116.006 Y80.756 E483.55903
G1 X116.459 Y80.188 E483.57041
G1 X116.956 Y79.8 E483.5803
G1 X117.493 Y79.576 E483.58942
G1 X118.107 Y79.5 E483.59912
G1 X118.712 Y79.574 E483.60867
G0 F10500 X118.109 Y80.203
G1 F3600 X117.029 Y80.595 E483.62668
G1 X116.346 Y81.573 E483.64538
G1 X116.013 Y83.254 E483.67224
G1 X115.913 Y86 E483.71532
G1 X116.013 Y88.74 E483.7583
G1 X116.346 Y90.418 E483.78511
G1 X117.029 Y91.396 E483.80381
G1 X118.108 Y91.788 E483.82181
G1 X119.176 Y91.397 E483.83963
G1 X119.862 Y90.426 E483.85827
G1 X120.199 Y88.747 E483.88511
G1 X120.3 Y86 E483.9282
G1 X120.199 Y83.253 E483.97129
G1 X119.863 Y81.571 E483.99818
G1 X119.178 Y80.596 E484.01686
G1 X118.109 Y80.203 E484.03471
G0 F10500 X118.108 Y80.735
;TYPE:WALL-OUTER
G1 F2700 X117.348 Y81.011 E484.04739
G1 X116.816 Y81.773 E484.06196
G1 X116.511 Y83.312 E484.08655
G1 X116.413 Y86 E484.12871
G1 X116.511 Y88.682 E484.17078
G1 X116.816 Y90.218 E484.19533
G1 X117.348 Y90.98 E484.2099
G1 X118.107 Y91.256 E484.22256
G1 X118.858 Y90.981 E484.23509
G1 X119.393 Y90.224 E484.24962
G1 X119.701 Y88.688 E484.27418
G1 X119.8 Y86 E484.31635
G1 X119.701 Y83.312 E484.35851
G1 X119.393 Y81.772 E484.38313
G1 X118.859 Y81.011 E484.3977
G1 X118.108 Y80.735 E484.41024
G0 F10500 X117.873 Y80.82
G0 X117.669 Y80.256
G0 X118.687 Y79.67
G0 X118.843 Y79.087
G1 F2700 X119.507 Y79.366 E484.42153
G1 X120.1 Y79.831 E484.43335
G1 X120.626 Y80.491 E484.44658
G1 X121.06 Y81.397 E484.46232
G1 X121.378 Y82.615 E484.48206
G1 X121.57 Y84.136 E484.50609
G1 X121.635 Y85.971 E484.53487
G1 X121.57 Y87.839 E484.56417
G1 X121.38 Y89.363 E484.58824
G1 X121.066 Y90.589 E484.60808
G1 X120.633 Y91.5 E484.62389
G1 X120.089 Y92.176 E484.6375
G1 X119.496 Y92.632 E484.64922
G1 X118.831 Y92.904 E484.66048
G1 X118.089 Y92.995 E484.6722
G1 X117.351 Y92.9 E484.68387
G1 X116.691 Y92.621 E484.6951
G1 X116.104 Y92.16 E484.7068
G1 X115.58 Y91.503 E484.71997
G1 X115.142 Y90.589 E484.73586
G1 X114.826 Y89.371 E484.75558
G1 X114.634 Y87.843 E484.77972
G1 X114.568 Y86 E484.80863
G1 X114.634 Y84.151 E484.83763
G1 X114.826 Y82.622 E484.86179
G1 X115.142 Y81.402 E484.88155
G1 X115.58 Y80.488 E484.89743
G1 X116.104 Y79.831 E484.91061
G1 X116.7 Y79.365 E484.92247
G1 X117.364 Y79.088 E484.93374
G1 X118.107 Y78.996 E484.94548
G1 X118.843 Y79.087 E484.9571
G0 F10500 X119.073 Y79.183
G0 X118.697 Y79.999
;TYPE:SKIN
G1 F2700 X118.951 Y80.098 E484.95964
G1 X119.57 Y80.539 E484.96671
G1 X120.138 Y81.386 E484.97619
G1 X120.555 Y83.09 E484.99251
G1 X120.708 Y85.766 E485.01744
G1 X120.614 Y88.334 E485.04134
G1 X120.315 Y90.048 E485.05753
G1 X120.09 Y90.627 E485.0633
G0 F10500 X119.828 Y90.889
G0 X119.001 Y91.715
G0 X118.761 Y91.955
G1 F2700 X118.281 Y92.082 E485.06803
G1 X117.621 Y92.035 E485.07432
G1 X116.7 Y91.541 E485.08426
G1 X116.015 Y90.459 E485.09644
G1 X115.635 Y88.717 E485.1134
G1 X115.496 Y86.028 E485.13902
G1 X115.609 Y83.44 E485.16366
G1 X115.95 Y81.685 E485.18067
G1 X116.44 Y80.841 E485.18995
G1 X117.153 Y80.128 E485.19954
G1 X118.118 Y79.871 E485.20904
G0 F10500 X118.232 Y79.757
G0 X119.202 Y80.565
G0 X119.899 Y81.556
G0 X120.238 Y83.249
G0 X120.34 Y86
G0 X120.259 Y88.227
G0 X120.029 Y91.041
G1 F2700 X119.061 Y92.009 E485.21977
G0 F10500 X119.039 Y91.979
G1 F600 E484.21977
G0 F10500 X118.108 Y91.828
G0 X117.005 Y91.427
G0 X116.31 Y90.433
G0 X116.039 Y89.065
G0 X115.337 Y82.719
G0 X113.915 Y82.541
G0 X111.283 Y82.719
G0 X110.368 Y82.719
G0 X110.367 Y82.647
G0 X110.298 Y75.978
G0 X110.368 Y76.048
;TYPE:WALL-OUTER
G1 F600 E485.21977
G1 F2700 X110.368 Y95.682 E485.52754
G1 X190.383 Y95.682 E486.78181
G1 X190.383 Y76.048 E487.08959
G1 X110.368 Y76.048 E488.34386
G0 F10500 X110.368 Y76.298
G0 X110.268 Y76.298
G0 X110.34 Y95.71
G0 X191.18 Y96.479
G0 X191.25 Y96.549
G1 F2700 X109.744 Y96.549 E489.6215
G1 X109.744 Y75.181 E489.95646
G1 X191.25 Y75.181 E491.2341
G1 X191.25 Y96.549 E491.56905
G0 F10500 X191 Y96.549
G0 X190.775 Y96.309
;TYPE:SKIN
G1 F2700 X191.009 Y96.076 E491.57164
G0 F10500 X190.715 Y96.015
G1 F2700 X190.262 Y96.115 E491.57736
G1 X190.815 Y95.561 E491.587
G1 X190.815 Y75.762 E491.83091
G0 F10500 X190.61 Y75.614
G1 F2700 X190.256 Y75.614 E491.83491
G1 X124.849 Y75.614 E492.57462
G1 X110.353 Y75.614 E492.73856
G1 X110.088 Y75.526 E492.74171
G1 X110.054 Y78.388 E492.77408
G1 X110.054 Y95.712 E492.97001
G1 X110.091 Y96.029 E492.97362
G1 X111.066 Y96.115 E492.98468
G1 X176.473 Y96.115 E493.72439
G1 X189.908 Y96.115 E493.87633
G0 F10500 X189.715 Y96.182
G1 F600 E492.87633
;MESH:NONMESH
G0 F10500 X190.411 Y95.71
G0 X190.411 Y76.02
G0 X109.764 Y75.201
G0 X109.097 Y74.534
G0 X101.924 Y66.167
G0 X100.495 Y66.167
G0 X100.439 Y66.111
G0 X100.509 Y66.181
;TIME_ELAPSED:4233.035513
;LAYER:20
;MESH:
G0 X100.509 Y66.181 Z4.2
;TYPE:WALL-INNER
G1 F600 E493.87633
G1 F3600 X100.009 Y66.181 E493.88417
G1 X100.009 Y22.681 E494.56605
G1 X100.509 Y22.681 E494.57389
G1 X100.509 Y66.181 E495.25577
G0 F10500 X101.009 Y66.681
;TYPE:WALL-OUTER
G1 F2700 X99.509 Y66.681 E495.27929
G1 X99.509 Y22.181 E495.97685
G1 X101.009 Y22.181 E496.00036
G1 X101.009 Y66.681 E496.69792
G0 F10500 X100.759 Y66.681
G1 F600 E495.69792
G0 F10500 X100.439 Y66.111
G0 X100.489 Y66.111
G0 X101.924 Y66.111
G0 X104.494 Y66.111
G0 X105.929 Y66.111
G0 X106.339 Y66.111
G0 X106.409 Y66.181
;TYPE:WALL-INNER
G1 F600 E496.69792
G1 F3600 X105.909 Y66.181 E496.70575
G1 X105.909 Y22.681 E497.38764
G1 X106.409 Y22.681 E497.39547
G1 X106.409 Y66.181 E498.07736
G0 F10500 X106.909 Y66.681
;TYPE:WALL-OUTER
G1 F2700 X105.409 Y66.681 E498.10087
G1 X105.409 Y22.181 E498.79843
G1 X106.909 Y22.181 E498.82194
G1 X106.909 Y66.681 E499.5195
G0 F10500 X106.659 Y66.681
G1 F600 E498.5195
G0 F10500 X106.339 Y66.111
G0 X106.389 Y66.111
G0 X107.824 Y66.111
G0 X110.494 Y66.111
G0 X111.929 Y66.111
G0 X112.339 Y66.111
G0 X112.409 Y66.181
;TYPE:WALL-INNER
G1 F600 E499.5195
G1 F3600 X111.909 Y66.181 E499.52734
G1 X111.909 Y22.681 E500.20922
G1 X112.409 Y22.681 E500.21706
G1 X112.409 Y66.181 E500.89894
G0 F10500 X112.909 Y66.681
;TYPE:WALL-OUTER
G1 F2700 X111.409 Y66.681 E500.92245
G1 X111.409 Y22.181 E501.62001
G1 X112.909 Y22.181 E501.64353
G1 X112.909 Y66.681 E502.34108
G0 F10500 X112.659 Y66.681
G1 F600 E501.34108
G0 F10500 X112.339 Y66.111
G0 X112.389 Y66.111
G0 X113.824 Y66.111
G0 X116.394 Y66.111
G0 X117.829 Y66.111
G0 X118.239 Y66.111
G0 X118.309 Y66.181
;TYPE:WALL-INNER
G1 F600 E502.34108
G1 F3600 X117.809 Y66.181 E502.34892
G1 X117.809 Y22.681 E503.0308
G1 X118.309 Y22.681 E503.03864
G1 X118.309 Y66.181 E503.72052
G0 F10500 X118.809 Y66.681
;TYPE:WALL-OUTER
G1 F2700 X117.309 Y66.681 E503.74404
G1 X117.309 Y22.181 E504.4416
G1 X118.809 Y22.181 E504.46511
G1 X118.809 Y66.681 E505.16267
G0 F10500 X118.559 Y66.681
G1 F600 E504.16267
G0 F10500 X118.239 Y66.111
G0 X118.289 Y66.111
G0 X119.724 Y66.111
G0 X122.394 Y66.111
G0 X123.829 Y66.111
G0 X124.239 Y66.111
G0 X124.309 Y66.181
;TYPE:WALL-INNER
G1 F600 E505.16267
G1 F3600 X123.809 Y66.181 E505.1705
G1 X123.809 Y22.681 E505.85239
G1 X124.309 Y22.681 E505.86022
G1 X124.309 Y66.181 E506.54211
G0 F10500 X124.809 Y66.681
;TYPE:WALL-OUTER
G1 F2700 X123.309 Y66.681 E506.56562
G1 X123.309 Y22.181 E507.26318
G1 X124.809 Y22.181 E507.28669
G1 X124.809 Y66.681 E507.98425
G0 F10500 X124.559 Y66.681
G1 F600 E506.98425
G0 F10500 X124.239 Y66.111
G0 X124.289 Y66.111
G0 X125.724 Y66.111
G0 X128.294 Y66.111
G0 X129.729 Y66.111
G0 X130.139 Y66.111
G0 X130.209 Y66.181
;TYPE:WALL-INNER
G1 F600 E507.98425
G1 F3600 X129.709 Y66.181 E507.99209
G1 X129.709 Y22.681 E508.67397
G1 X130.209 Y22.681 E508.68181
G1 X130.209 Y66.181 E509.36369
G0 F10500 X130.709 Y66.681
;TYPE:WALL-OUTER
G1 F2700 X129.209 Y66.681 E509.3872
G1 X129.209 Y22.181 E510.08476
G1 X130.709 Y22.181 E510.10828
G1 X130.709 Y66.681 E510.80583
G0 F10500 X130.459 Y66.681
G1 F600 E509.80583
G0 F10500 X130.139 Y66.111
G0 X130.189 Y66.111
G0 X131.624 Y66.111
G0 X134.294 Y66.111
G0 X135.729 Y66.111
G0 X136.139 Y66.111
G0 X136.209 Y66.181
;TYPE:WALL-INNER
G1 F600 E510.80583
G1 F3600 X135.709 Y66.181 E510.81367
G1 X135.709 Y22.681 E511.49555
G1 X136.209 Y22.681 E511.50339
G1 X136.209 Y66.181 E512.18527
G0 F10500 X136.709 Y66.681
;TYPE:WALL-OUTER
G1 F2700 X135.209 Y66.681 E512.20879
G1 X135.209 Y22.181 E512.90635
G1 X136.709 Y22.181 E512.92986
G1 X136.709 Y66.681 E513.62742
G0 F10500 X136.459 Y66.681
G1 F600 E512.62742
G0 F10500 X136.139 Y66.111
G0 X136.189 Y66.111
G0 X137.624 Y66.111
G0 X140.194 Y66.111
G0 X141.629 Y66.111
G0 X142.039 Y66.111
G0 X142.109 Y66.181
;TYPE:WALL-INNER
G1 F600 E513.62742
G1 F3600 X141.609 Y66.181 E513.63526
G1 X141.609 Y22.681 E514.31714
G1 X142.109 Y22.681 E514.32498
G1 X142.109 Y66.181 E515.00686
G0 F10500 X142.609 Y66.681
;TYPE:WALL-OUTER
G1 F2700 X141.109 Y66.681 E515.03037
G1 X141.109 Y22.181 E515.72793
G1 X142.609 Y22.181 E515.75144
G1 X142.609 Y66.681 E516.449
G0 F10500 X142.359 Y66.681
G1 F600 E515.449
G0 F10500 X142.039 Y66.111
G0 X142.089 Y66.111
G0 X143.524 Y66.111
G0 X146.194 Y66.111
G0 X147.629 Y66.111
G0 X148.039 Y66.111
G0 X148.109 Y66.181
;TYPE:WALL-INNER
G1 F600 E516.449
G1 F3600 X147.609 Y66.181 E516.45684
G1 X147.609 Y22.681 E517.13872
G1 X148.109 Y22.681 E517.14656
G1 X148.109 Y66.181 E517.82844
G0 F10500 X148.609 Y66.681
;TYPE:WALL-OUTER
G1 F2700 X147.109 Y66.681 E517.85195
G1 X147.109 Y22.181 E518.54951
G1 X148.609 Y22.181 E518.57303
G1 X148.609 Y66.681 E519.27058
G0 F10500 X148.359 Y66.681
G1 F600 E518.27058
G0 F10500 X148.039 Y66.111
G0 X148.089 Y66.111
G0 X149.524 Y66.111
G0 X152.094 Y66.111
G0 X153.529 Y66.111
G0 X153.939 Y66.111
G0 X154.009 Y66.181
;TYPE:WALL-INNER
G1 F600 E519.27058
G1 F3600 X153.509 Y66.181 E519.27842
G1 X153.509 Y22.681 E519.9603
G1 X154.009 Y22.681 E519.96814
G1 X154.009 Y66.181 E520.65003
G0 F10500 X154.509 Y66.681
;TYPE:WALL-OUTER
G1 F2700 X153.009 Y66.681 E520.67354
G1 X153.009 Y22.181 E521.3711
G1 X154.509 Y22.181 E521.39461
G1 X154.509 Y66.681 E522.09217
G0 F10500 X154.259 Y66.681
G1 F600 E521.09217
G0 F10500 X153.939 Y66.111
G0 X153.989 Y66.111
G0 X155.424 Y66.111
G0 X158.094 Y66.111
G0 X159.529 Y66.111
G0 X159.939 Y66.111
G0 X160.009 Y66.181
;TYPE:WALL-INNER
G1 F600 E522.09217
G1 F3600 X159.509 Y66.181 E522.10001
G1 X159.509 Y22.681 E522.78189
G1 X160.009 Y22.681 E522.78973
G1 X160.009 Y66.181 E523.47161
G0 F10500 X160.509 Y66.681
;TYPE:WALL-OUTER
G1 F2700 X159.009 Y66.681 E523.49512
G1 X159.009 Y22.181 E524.19268
G1 X160.509 Y22.181 E524.21619
G1 X160.509 Y66.681 E524.91375
G0 F10500 X160.259 Y66.681
G1 F600 E523.91375
G0 F10500 X159.939 Y66.111
G0 X159.989 Y66.111
G0 X161.424 Y66.111
G0 X163.994 Y66.111
G0 X165.429 Y66.111
G0 X165.839 Y66.111
G0 X165.909 Y66.181
;TYPE:WALL-INNER
G1 F600 E524.91375
G1 F3600 X165.409 Y66.181 E524.92159
G1 X165.409 Y22.681 E525.60347
G1 X165.909 Y22.681 E525.61131
G1 X165.909 Y66.181 E526.29319
G0 F10500 X166.409 Y66.681
;TYPE:WALL-OUTER
G1 F2700 X164.909 Y66.681 E526.31671
G1 X164.909 Y22.181 E527.01426
G1 X166.409 Y22.181 E527.03778
G1 X166.409 Y66.681 E527.73533
G0 F10500 X166.159 Y66.681
G1 F600 E526.73533
G0 F10500 X165.839 Y66.111
G0 X165.889 Y66.111
G0 X167.324 Y66.111
G0 X169.994 Y66.111
G0 X171.429 Y66.111
G0 X171.839 Y66.111
G0 X171.909 Y66.181
;TYPE:WALL-INNER
G1 F600 E527.73533
G1 F3600 X171.409 Y66.181 E527.74317
G1 X171.409 Y22.681 E528.42506
G1 X171.909 Y22.681 E528.43289
G1 X171.909 Y66.181 E529.11478
G0 F10500 X172.409 Y66.681
;TYPE:WALL-OUTER
G1 F2700 X170.909 Y66.681 E529.13829
G1 X170.909 Y22.181 E529.83585
G1 X172.409 Y22.181 E529.85936
G1 X172.409 Y66.681 E530.55692
G0 F10500 X172.159 Y66.681
G1 F600 E529.55692
G0 F10500 X171.839 Y66.111
G0 X171.889 Y66.111
G0 X173.324 Y66.111
G0 X175.894 Y66.111
G0 X177.329 Y66.111
G0 X177.739 Y66.111
G0 X177.809 Y66.181
;TYPE:WALL-INNER
G1 F600 E530.55692
G1 F3600 X177.309 Y66.181 E530.56476
G1 X177.309 Y22.681 E531.24664
G1 X177.809 Y22.681 E531.25448
G1 X177.809 Y66.181 E531.93636
G0 F10500 X178.309 Y66.681
;TYPE:WALL-OUTER
G1 F2700 X176.809 Y66.681 E531.95987
G1 X176.809 Y22.181 E532.65743
G1 X178.309 Y22.181 E532.68094
G1 X178.309 Y66.681 E533.3785
G0 F10500 X178.059 Y66.681
G1 F600 E532.3785
G0 F10500 X177.739 Y66.111
G0 X177.789 Y66.111
G0 X179.224 Y66.111
G0 X181.894 Y66.111
G0 X183.329 Y66.111
G0 X183.739 Y66.111
G0 X183.809 Y66.181
;TYPE:WALL-INNER
G1 F600 E533.3785
G1 F3600 X183.309 Y66.181 E533.38634
G1 X183.309 Y22.681 E534.06822
G1 X183.809 Y22.681 E534.07606
G1 X183.809 Y66.181 E534.75794
G0 F10500 X184.309 Y66.681
;TYPE:WALL-OUTER
G1 F2700 X182.809 Y66.681 E534.78146
G1 X182.809 Y22.181 E535.47901
G1 X184.309 Y22.181 E535.50253
G1 X184.309 Y66.681 E536.20009
G0 F10500 X184.059 Y66.681
G1 F600 E535.20009
G0 F10500 X183.739 Y66.111
G0 X183.789 Y66.111
G0 X185.224 Y66.111
G0 X187.794 Y66.111
G0 X189.229 Y66.111
G0 X189.639 Y66.111
G0 X189.709 Y66.181
;TYPE:WALL-INNER
G1 F600 E536.20009
G1 F3600 X189.209 Y66.181 E536.20792
G1 X189.209 Y22.681 E536.88981
G1 X189.709 Y22.681 E536.89764
G1 X189.709 Y66.181 E537.57953
G0 F10500 X190.209 Y66.681
;TYPE:WALL-OUTER
G1 F2700 X188.709 Y66.681 E537.60304
G1 X188.709 Y22.181 E538.3006
G1 X190.209 Y22.181 E538.32411
G1 X190.209 Y66.681 E539.02167
G0 F10500 X189.959 Y66.681
G1 F600 E538.02167
;MESH:NONMESH
G0 F10500 X189.639 Y66.111
G0 X189.229 Y66.111
G0 X187.794 Y66.111
G0 X184.687 Y67.592
G0 X105.031 Y67.592
G0 X101.924 Y66.111
G0 X100.489 Y66.111
G0 X100.439 Y66.111
G0 X100.509 Y66.181
;TIME_ELAPSED:4302.750204
;LAYER:21
;MESH:
G0 X100.509 Y66.181 Z4.4
;TYPE:WALL-INNER
G1 F600 E539.02167
G1 F3600 X100.009 Y66.181 E539.02951
G1 X100.009 Y22.681 E539.71139
G1 X100.509 Y22.681 E539.71923
G1 X100.509 Y66.181 E540.40111
G0 F10500 X101.009 Y66.681
;TYPE:WALL-OUTER
G1 F2700 X99.509 Y66.681 E540.42462
G1 X99.509 Y22.181 E541.12218
G1 X101.009 Y22.181 E541.14569
G1 X101.009 Y66.681 E541.84325
G0 F10500 X100.759 Y66.681
G1 F600 E540.84325
G0 F10500 X100.439 Y66.111
G0 X100.489 Y66.111
G0 X101.924 Y66.111
G0 X104.494 Y66.111
G0 X105.929 Y66.111
G0 X106.339 Y66.111
G0 X106.409 Y66.181
;TYPE:WALL-INNER
G1 F600 E541.84325
G1 F3600 X105.909 Y66.181 E541.85109
G1 X105.909 Y22.681 E542.53297
G1 X106.409 Y22.681 E542.54081
G1 X106.409 Y66.181 E543.22269
G0 F10500 X106.909 Y66.681
;TYPE:WALL-OUTER
G1 F2700 X105.409 Y66.681 E543.24621
G1 X105.409 Y22.181 E543.94376
G1 X106.909 Y22.181 E543.96728
G1 X106.909 Y66.681 E544.66484
G0 F10500 X106.659 Y66.681
G1 F600 E543.66484
G0 F10500 X106.339 Y66.111
G0 X106.389 Y66.111
G0 X107.824 Y66.111
G0 X110.494 Y66.111
G0 X111.929 Y66.111
G0 X112.339 Y66.111
G0 X112.409 Y66.181
;TYPE:WALL-INNER
G1 F600 E544.66484
G1 F3600 X111.909 Y66.181 E544.67267
G1 X111.909 Y22.681 E545.35456
G1 X112.409 Y22.681 E545.36239
G1 X112.409 Y66.181 E546.04428
G0 F10500 X112.909 Y66.681
;TYPE:WALL-OUTER
G1 F2700 X111.409 Y66.681 E546.06779
G1 X111.409 Y22.181 E546.76535
G1 X112.909 Y22.181 E546.78886
G1 X112.909 Y66.681 E547.48642
G0 F10500 X112.659 Y66.681
G1 F600 E546.48642
G0 F10500 X112.339 Y66.111
G0 X112.389 Y66.111
G0 X113.824 Y66.111
G0 X116.394 Y66.111
G0 X117.829 Y66.111
G0 X118.239 Y66.111
G0 X118.309 Y66.181
;TYPE:WALL-INNER
G1 F600 E547.48642
G1 F3600 X117.809 Y66.181 E547.49426
G1 X117.809 Y22.681 E548.17614
G1 X118.309 Y22.681 E548.18398
G1 X118.309 Y66.181 E548.86586
G0 F10500 X118.809 Y66.681
;TYPE:WALL-OUTER
G1 F2700 X117.309 Y66.681 E548.88937
G1 X117.309 Y22.181 E549.58693
G1 X118.809 Y22.181 E549.61044
G1 X118.809 Y66.681 E550.308
G0 F10500 X118.559 Y66.681
G1 F600 E549.308
G0 F10500 X118.239 Y66.111
G0 X118.289 Y66.111
G0 X119.724 Y66.111
G0 X122.394 Y66.111
G0 X123.829 Y66.111
G0 X124.239 Y66.111
G0 X124.309 Y66.181
;TYPE:WALL-INNER
G1 F600 E550.308
G1 F3600 X123.809 Y66.181 E550.31584
G1 X123.809 Y22.681 E550.99772
G1 X124.309 Y22.681 E551.00556
G1 X124.309 Y66.181 E551.68744
G0 F10500 X124.809 Y66.681
;TYPE:WALL-OUTER
G1 F2700 X123.309 Y66.681 E551.71096
G1 X123.309 Y22.181 E552.40851
G1 X124.809 Y22.181 E552.43203
G1 X124.809 Y66.681 E553.12959
G0 F10500 X124.559 Y66.681
G1 F600 E552.12959
G0 F10500 X124.239 Y66.111
G0 X124.289 Y66.111
G0 X125.724 Y66.111
G0 X128.294 Y66.111
G0 X129.729 Y66.111
G0 X130.139 Y66.111
G0 X130.209 Y66.181
;TYPE:WALL-INNER
G1 F600 E553.12959
G1 F3600 X129.709 Y66.181 E553.13742
G1 X129.709 Y22.681 E553.81931
G1 X130.209 Y22.681 E553.82714
G1 X130.209 Y66.181 E554.50903
G0 F10500 X130.709 Y66.681
;TYPE:WALL-OUTER
G1 F2700 X129.209 Y66.681 E554.53254
G1 X129.209 Y22.181 E555.2301
G1 X130.709 Y22.181 E555.25361
G1 X130.709 Y66.681 E555.95117
G0 F10500 X130.459 Y66.681
G1 F600 E554.95117
G0 F10500 X130.139 Y66.111
G0 X130.189 Y66.111
G0 X131.624 Y66.111
G0 X134.294 Y66.111
G0 X135.729 Y66.111
G0 X136.139 Y66.111
G0 X136.209 Y66.181
;TYPE:WALL-INNER
G1 F600 E555.95117
G1 F3600 X135.709 Y66.181 E555.95901
G1 X135.709 Y22.681 E556.64089
G1 X136.209 Y22.681 E556.64873
G1 X136.209 Y66.181 E557.33061
G0 F10500 X136.709 Y66.681
;TYPE:WALL-OUTER
G1 F2700 X135.209 Y66.681 E557.35412
G1 X135.209 Y22.181 E558.05168
G1 X136.709 Y22.181 E558.07519
G1 X136.709 Y66.681 E558.77275
G0 F10500 X136.459 Y66.681
G1 F600 E557.77275
G0 F10500 X136.139 Y66.111
G0 X136.189 Y66.111
G0 X137.624 Y66.111
G0 X140.194 Y66.111
G0 X141.629 Y66.111
G0 X142.039 Y66.111
G0 X142.109 Y66.181
;TYPE:WALL-INNER
G1 F600 E558.77275
G1 F3600 X141.609 Y66.181 E558.78059
G1 X141.609 Y22.681 E559.46247
G1 X142.109 Y22.681 E559.47031
G1 X142.109 Y66.181 E560.15219
G0 F10500 X142.609 Y66.681
;TYPE:WALL-OUTER
G1 F2700 X141.109 Y66.681 E560.17571
G1 X141.109 Y22.181 E560.87327
G1 X142.609 Y22.181 E560.89678
G1 X142.609 Y66.681 E561.59434
G0 F10500 X142.359 Y66.681
G1 F600 E560.59434
G0 F10500 X142.039 Y66.111
G0 X142.089 Y66.111
G0 X143.524 Y66.111
G0 X146.194 Y66.111
G0 X147.629 Y66.111
G0 X148.039 Y66.111
G0 X148.109 Y66.181
;TYPE:WALL-INNER
G1 F600 E561.59434
G1 F3600 X147.609 Y66.181 E561.60217
G1 X147.609 Y22.681 E562.28406
G1 X148.109 Y22.681 E562.29189
G1 X148.109 Y66.181 E562.97378
G0 F10500 X148.609 Y66.681
;TYPE:WALL-OUTER
G1 F2700 X147.109 Y66.681 E562.99729
G1 X147.109 Y22.181 E563.69485
G1 X148.609 Y22.181 E563.71836
G1 X148.609 Y66.681 E564.41592
G0 F10500 X148.359 Y66.681
G1 F600 E563.41592
G0 F10500 X148.039 Y66.111
G0 X148.089 Y66.111
G0 X149.524 Y66.111
G0 X152.094 Y66.111
G0 X153.529 Y66.111
G0 X153.939 Y66.111
G0 X154.009 Y66.181
;TYPE:WALL-INNER
G1 F600 E564.41592
G1 F3600 X153.509 Y66.181 E564.42376
G1 X153.509 Y22.681 E565.10564
G1 X154.009 Y22.681 E565.11348
G1 X154.009 Y66.181 E565.79536
G0 F10500 X154.509 Y66.681
;TYPE:WALL-OUTER
G1 F2700 X153.009 Y66.681 E565.81887
G1 X153.009 Y22.181 E566.51643
G1 X154.509 Y22.181 E566.53995
G1 X154.509 Y66.681 E567.2375
G0 F10500 X154.259 Y66.681
G1 F600 E566.2375
G0 F10500 X153.939 Y66.111
G0 X153.989 Y66.111
G0 X155.424 Y66.111
G0 X158.094 Y66.111
G0 X159.529 Y66.111
G0 X159.939 Y66.111
G0 X160.009 Y66.181
;TYPE:WALL-INNER
G1 F600 E567.2375
G1 F3600 X159.509 Y66.181 E567.24534
G1 X159.509 Y22.681 E567.92722
G1 X160.009 Y22.681 E567.93506
G1 X160.009 Y66.181 E568.61694
G0 F10500 X160.509 Y66.681
;TYPE:WALL-OUTER
G1 F2700 X159.009 Y66.681 E568.64046
G1 X159.009 Y22.181 E569.33802
G1 X160.509 Y22.181 E569.36153
G1 X160.509 Y66.681 E570.05909
G0 F10500 X160.259 Y66.681
G1 F600 E569.05909
G0 F10500 X159.939 Y66.111
G0 X159.989 Y66.111
G0 X161.424 Y66.111
G0 X163.994 Y66.111
G0 X165.429 Y66.111
G0 X165.839 Y66.111
G0 X165.909 Y66.181
;TYPE:WALL-INNER
G1 F600 E570.05909
G1 F3600 X165.409 Y66.181 E570.06692
G1 X165.409 Y22.681 E570.74881
G1 X165.909 Y22.681 E570.75664
G1 X165.909 Y66.181 E571.43853
G0 F10500 X166.409 Y66.681
;TYPE:WALL-OUTER
G1 F2700 X164.909 Y66.681 E571.46204
G1 X164.909 Y22.181 E572.1596
G1 X166.409 Y22.181 E572.18311
G1 X166.409 Y66.681 E572.88067
G0 F10500 X166.159 Y66.681
G1 F600 E571.88067
G0 F10500 X165.839 Y66.111
G0 X165.889 Y66.111
G0 X167.324 Y66.111
G0 X169.994 Y66.111
G0 X171.429 Y66.111
G0 X171.839 Y66.111
G0 X171.909 Y66.181
;TYPE:WALL-INNER
G1 F600 E572.88067
G1 F3600 X171.409 Y66.181 E572.88851
G1 X171.409 Y22.681 E573.57039
G1 X171.909 Y22.681 E573.57823
G1 X171.909 Y66.181 E574.26011
G0 F10500 X172.409 Y66.681
;TYPE:WALL-OUTER
G1 F2700 X170.909 Y66.681 E574.28362
G1 X170.909 Y22.181 E574.98118
G1 X172.409 Y22.181 E575.0047
G1 X172.409 Y66.681 E575.70225
G0 F10500 X172.159 Y66.681
G1 F600 E574.70225
G0 F10500 X171.839 Y66.111
G0 X171.889 Y66.111
G0 X173.324 Y66.111
G0 X175.894 Y66.111
G0 X177.329 Y66.111
G0 X177.739 Y66.111
G0 X177.809 Y66.181
;TYPE:WALL-INNER
G1 F600 E575.70225
G1 F3600 X177.309 Y66.181 E575.71009
G1 X177.309 Y22.681 E576.39197
G1 X177.809 Y22.681 E576.39981
G1 X177.809 Y66.181 E577.08169
G0 F10500 X178.309 Y66.681
;TYPE:WALL-OUTER
G1 F2700 X176.809 Y66.681 E577.10521
G1 X176.809 Y22.181 E577.80277
G1 X178.309 Y22.181 E577.82628
G1 X178.309 Y66.681 E578.52384
G0 F10500 X178.059 Y66.681
G1 F600 E577.52384
G0 F10500 X177.739 Y66.111
G0 X177.789 Y66.111
G0 X179.224 Y66.111
G0 X181.894 Y66.111
G0 X183.329 Y66.111
G0 X183.739 Y66.111
G0 X183.809 Y66.181
;TYPE:WALL-INNER
G1 F600 E578.52384
G1 F3600 X183.309 Y66.181 E578.53168
G1 X183.309 Y22.681 E579.21356
G1 X183.809 Y22.681 E579.2214
G1 X183.809 Y66.181 E579.90328
G0 F10500 X184.309 Y66.681
;TYPE:WALL-OUTER
G1 F2700 X182.809 Y66.681 E579.92679
G1 X182.809 Y22.181 E580.62435
G1 X184.309 Y22.181 E580.64786
G1 X184.309 Y66.681 E581.34542
G0 F10500 X184.059 Y66.681
G1 F600 E580.34542
G0 F10500 X183.739 Y66.111
G0 X183.789 Y66.111
G0 X185.224 Y66.111
G0 X187.794 Y66.111
G0 X189.229 Y66.111
G0 X189.639 Y66.111
G0 X189.709 Y66.181
;TYPE:WALL-INNER
G1 F600 E581.34542
G1 F3600 X189.209 Y66.181 E581.35326
G1 X189.209 Y22.681 E582.03514
G1 X189.709 Y22.681 E582.04298
G1 X189.709 Y66.181 E582.72486
G0 F10500 X190.209 Y66.681
;TYPE:WALL-OUTER
G1 F2700 X188.709 Y66.681 E582.74837
G1 X188.709 Y22.181 E583.44593
G1 X190.209 Y22.181 E583.46945
G1 X190.209 Y66.681 E584.167
G0 F10500 X189.959 Y66.681
G1 F600 E583.167
;MESH:NONMESH
G0 F10500 X189.639 Y66.111
G0 X189.229 Y66.111
G0 X187.794 Y66.111
G0 X184.687 Y67.592
G0 X105.031 Y67.592
G0 X101.924 Y66.111
G0 X100.489 Y66.111
G0 X100.439 Y66.111
G0 X100.509 Y66.181
;TIME_ELAPSED:4372.464896
;LAYER:22
;MESH:
G0 X100.509 Y66.181 Z4.6
;TYPE:WALL-INNER
G1 F600 E584.167
G1 F3600 X100.009 Y66.181 E584.17484
G1 X100.009 Y22.681 E584.85672
G1 X100.509 Y22.681 E584.86456
G1 X100.509 Y66.181 E585.54645
G0 F10500 X101.009 Y66.681
;TYPE:WALL-OUTER
G1 F2700 X99.509 Y66.681 E585.56996
G1 X99.509 Y22.181 E586.26752
G1 X101.009 Y22.181 E586.29103
G1 X101.009 Y66.681 E586.98859
G0 F10500 X100.759 Y66.681
G1 F600 E585.98859
G0 F10500 X100.439 Y66.111
G0 X100.489 Y66.111
G0 X101.924 Y66.111
G0 X104.494 Y66.111
G0 X105.929 Y66.111
G0 X106.339 Y66.111
G0 X106.409 Y66.181
;TYPE:WALL-INNER
G1 F600 E586.98859
G1 F3600 X105.909 Y66.181 E586.99643
G1 X105.909 Y22.681 E587.67831
G1 X106.409 Y22.681 E587.68615
G1 X106.409 Y66.181 E588.36803
G0 F10500 X106.909 Y66.681
;TYPE:WALL-OUTER
G1 F2700 X105.409 Y66.681 E588.39154
G1 X105.409 Y22.181 E589.0891
G1 X106.909 Y22.181 E589.11261
G1 X106.909 Y66.681 E589.81017
G0 F10500 X106.659 Y66.681
G1 F600 E588.81017
G0 F10500 X106.339 Y66.111
G0 X106.389 Y66.111
G0 X107.824 Y66.111
G0 X110.494 Y66.111
G0 X111.929 Y66.111
G0 X112.339 Y66.111
G0 X112.409 Y66.181
;TYPE:WALL-INNER
G1 F600 E589.81017
G1 F3600 X111.909 Y66.181 E589.81801
G1 X111.909 Y22.681 E590.49989
G1 X112.409 Y22.681 E590.50773
G1 X112.409 Y66.181 E591.18961
G0 F10500 X112.909 Y66.681
;TYPE:WALL-OUTER
G1 F2700 X111.409 Y66.681 E591.21313
G1 X111.409 Y22.181 E591.91068
G1 X112.909 Y22.181 E591.9342
G1 X112.909 Y66.681 E592.63175
G0 F10500 X112.659 Y66.681
G1 F600 E591.63175
G0 F10500 X112.339 Y66.111
G0 X112.389 Y66.111
G0 X113.824 Y66.111
G0 X116.394 Y66.111
G0 X117.829 Y66.111
G0 X118.239 Y66.111
G0 X118.309 Y66.181
;TYPE:WALL-INNER
G1 F600 E592.63175
G1 F3600 X117.809 Y66.181 E592.63959
G1 X117.809 Y22.681 E593.32148
G1 X118.309 Y22.681 E593.32931
G1 X118.309 Y66.181 E594.0112
G0 F10500 X118.809 Y66.681
;TYPE:WALL-OUTER
G1 F2700 X117.309 Y66.681 E594.03471
G1 X117.309 Y22.181 E594.73227
G1 X118.809 Y22.181 E594.75578
G1 X118.809 Y66.681 E595.45334
G0 F10500 X118.559 Y66.681
G1 F600 E594.45334
G0 F10500 X118.239 Y66.111
G0 X118.289 Y66.111
G0 X119.724 Y66.111
G0 X122.394 Y66.111
G0 X123.829 Y66.111
G0 X124.239 Y66.111
G0 X124.309 Y66.181
;TYPE:WALL-INNER
G1 F600 E595.45334
G1 F3600 X123.809 Y66.181 E595.46118
G1 X123.809 Y22.681 E596.14306
G1 X124.309 Y22.681 E596.1509
G1 X124.309 Y66.181 E596.83278
G0 F10500 X124.809 Y66.681
;TYPE:WALL-OUTER
G1 F2700 X123.309 Y66.681 E596.85629
G1 X123.309 Y22.181 E597.55385
G1 X124.809 Y22.181 E597.57736
G1 X124.809 Y66.681 E598.27492
G0 F10500 X124.559 Y66.681
G1 F600 E597.27492
G0 F10500 X124.239 Y66.111
G0 X124.289 Y66.111
G0 X125.724 Y66.111
G0 X128.294 Y66.111
G0 X129.729 Y66.111
G0 X130.139 Y66.111
G0 X130.209 Y66.181
;TYPE:WALL-INNER
G1 F600 E598.27492
G1 F3600 X129.709 Y66.181 E598.28276
G1 X129.709 Y22.681 E598.96464
G1 X130.209 Y22.681 E598.97248
G1 X130.209 Y66.181 E599.65436
G0 F10500 X130.709 Y66.681
;TYPE:WALL-OUTER
G1 F2700 X129.209 Y66.681 E599.67788
G1 X129.209 Y22.181 E600.37543
G1 X130.709 Y22.181 E600.39895
G1 X130.709 Y66.681 E601.09651
G0 F10500 X130.459 Y66.681
G1 F600 E600.09651
G0 F10500 X130.139 Y66.111
G0 X130.189 Y66.111
G0 X131.624 Y66.111
G0 X134.294 Y66.111
G0 X135.729 Y66.111
G0 X136.139 Y66.111
G0 X136.209 Y66.181
;TYPE:WALL-INNER
G1 F600 E601.09651
G1 F3600 X135.709 Y66.181 E601.10434
G1 X135.709 Y22.681 E601.78623
G1 X136.209 Y22.681 E601.79406
G1 X136.209 Y66.181 E602.47595
G0 F10500 X136.709 Y66.681
;TYPE:WALL-OUTER
G1 F2700 X135.209 Y66.681 E602.49946
G1 X135.209 Y22.181 E603.19702
G1 X136.709 Y22.181 E603.22053
G1 X136.709 Y66.681 E603.91809
G0 F10500 X136.459 Y66.681
G1 F600 E602.91809
G0 F10500 X136.139 Y66.111
G0 X136.189 Y66.111
G0 X137.624 Y66.111
G0 X140.194 Y66.111
G0 X141.629 Y66.111
G0 X142.039 Y66.111
G0 X142.109 Y66.181
;TYPE:WALL-INNER
G1 F600 E603.91809
G1 F3600 X141.609 Y66.181 E603.92593
G1 X141.609 Y22.681 E604.60781
G1 X142.109 Y22.681 E604.61565
G1 X142.109 Y66.181 E605.29753
G0 F10500 X142.609 Y66.681
;TYPE:WALL-OUTER
G1 F2700 X141.109 Y66.681 E605.32104
G1 X141.109 Y22.181 E606.0186
G1 X142.609 Y22.181 E606.04211
G1 X142.609 Y66.681 E606.73967
G0 F10500 X142.359 Y66.681
G1 F600 E605.73967
G0 F10500 X142.039 Y66.111
G0 X142.089 Y66.111
G0 X143.524 Y66.111
G0 X146.194 Y66.111
G0 X147.629 Y66.111
G0 X148.039 Y66.111
G0 X148.109 Y66.181
;TYPE:WALL-INNER
G1 F600 E606.73967
G1 F3600 X147.609 Y66.181 E606.74751
G1 X147.609 Y22.681 E607.42939
G1 X148.109 Y22.681 E607.43723
G1 X148.109 Y66.181 E608.11911
G0 F10500 X148.609 Y66.681
;TYPE:WALL-OUTER
G1 F2700 X147.109 Y66.681 E608.14263
G1 X147.109 Y22.181 E608.84018
G1 X148.609 Y22.181 E608.8637
G1 X148.609 Y66.681 E609.56126
G0 F10500 X148.359 Y66.681
G1 F600 E608.56126
G0 F10500 X148.039 Y66.111
G0 X148.089 Y66.111
G0 X149.524 Y66.111
G0 X152.094 Y66.111
G0 X153.529 Y66.111
G0 X153.939 Y66.111
G0 X154.009 Y66.181
;TYPE:WALL-INNER
G1 F600 E609.56126
G1 F3600 X153.509 Y66.181 E609.56909
G1 X153.509 Y22.681 E610.25098
G1 X154.009 Y22.681 E610.25881
G1 X154.009 Y66.181 E610.9407
G0 F10500 X154.509 Y66.681
;TYPE:WALL-OUTER
G1 F2700 X153.009 Y66.681 E610.96421
G1 X153.009 Y22.181 E611.66177
G1 X154.509 Y22.181 E611.68528
G1 X154.509 Y66.681 E612.38284
G0 F10500 X154.259 Y66.681
G1 F600 E611.38284
G0 F10500 X153.939 Y66.111
G0 X153.989 Y66.111
G0 X155.424 Y66.111
G0 X158.094 Y66.111
G0 X159.529 Y66.111
G0 X159.939 Y66.111
G0 X160.009 Y66.181
;TYPE:WALL-INNER
G1 F600 E612.38284
G1 F3600 X159.509 Y66.181 E612.39068
G1 X159.509 Y22.681 E613.07256
G1 X160.009 Y22.681 E613.0804
G1 X160.009 Y66.181 E613.76228
G0 F10500 X160.509 Y66.681
;TYPE:WALL-OUTER
G1 F2700 X159.009 Y66.681 E613.78579
G1 X159.009 Y22.181 E614.48335
G1 X160.509 Y22.181 E614.50686
G1 X160.509 Y66.681 E615.20442
G0 F10500 X160.259 Y66.681
G1 F600 E614.20442
G0 F10500 X159.939 Y66.111
G0 X159.989 Y66.111
G0 X161.424 Y66.111
G0 X163.994 Y66.111
G0 X165.429 Y66.111
G0 X165.839 Y66.111
G0 X165.909 Y66.181
;TYPE:WALL-INNER
G1 F600 E615.20442
G1 F3600 X165.409 Y66.181 E615.21226
G1 X165.409 Y22.681 E615.89414
G1 X165.909 Y22.681 E615.90198
G1 X165.909 Y66.181 E616.58386
G0 F10500 X166.409 Y66.681
;TYPE:WALL-OUTER
G1 F2700 X164.909 Y66.681 E616.60738
G1 X164.909 Y22.181 E617.30493
G1 X166.409 Y22.181 E617.32845
G1 X166.409 Y66.681 E618.02601
G0 F10500 X166.159 Y66.681
G1 F600 E617.02601
G0 F10500 X165.839 Y66.111
G0 X165.889 Y66.111
G0 X167.324 Y66.111
G0 X169.994 Y66.111
G0 X171.429 Y66.111
G0 X171.839 Y66.111
G0 X171.909 Y66.181
;TYPE:WALL-INNER
G1 F600 E618.02601
G1 F3600 X171.409 Y66.181 E618.03384
G1 X171.409 Y22.681 E618.71573
G1 X171.909 Y22.681 E618.72356
G1 X171.909 Y66.181 E619.40545
G0 F10500 X172.409 Y66.681
;TYPE:WALL-OUTER
G1 F2700 X170.909 Y66.681 E619.42896
G1 X170.909 Y22.181 E620.12652
G1 X172.409 Y22.181 E620.15003
G1 X172.409 Y66.681 E620.84759
G0 F10500 X172.159 Y66.681
G1 F600 E619.84759
G0 F10500 X171.839 Y66.111
G0 X171.889 Y66.111
G0 X173.324 Y66.111
G0 X175.894 Y66.111
G0 X177.329 Y66.111
G0 X177.739 Y66.111
G0 X177.809 Y66.181
;TYPE:WALL-INNER
G1 F600 E620.84759
G1 F3600 X177.309 Y66.181 E620.85543
G1 X177.309 Y22.681 E621.53731
G1 X177.809 Y22.681 E621.54515
G1 X177.809 Y66.181 E622.22703
G0 F10500 X178.309 Y66.681
;TYPE:WALL-OUTER
G1 F2700 X176.809 Y66.681 E622.25054
G1 X176.809 Y22.181 E622.9481
G1 X178.309 Y22.181 E622.97161
G1 X178.309 Y66.681 E623.66917
G0 F10500 X178.059 Y66.681
G1 F600 E622.66917
G0 F10500 X177.739 Y66.111
G0 X177.789 Y66.111
G0 X179.224 Y66.111
G0 X181.894 Y66.111
G0 X183.329 Y66.111
G0 X183.739 Y66.111
G0 X183.809 Y66.181
;TYPE:WALL-INNER
G1 F600 E623.66917
G1 F3600 X183.309 Y66.181 E623.67701
G1 X183.309 Y22.681 E624.35889
G1 X183.809 Y22.681 E624.36673
G1 X183.809 Y66.181 E625.04861
G0 F10500 X184.309 Y66.681
;TYPE:WALL-OUTER
G1 F2700 X182.809 Y66.681 E625.07213
G1 X182.809 Y22.181 E625.76969
G1 X184.309 Y22.181 E625.7932
G1 X184.309 Y66.681 E626.49076
G0 F10500 X184.059 Y66.681
G1 F600 E625.49076
G0 F10500 X183.739 Y66.111
G0 X183.789 Y66.111
G0 X185.224 Y66.111
G0 X187.794 Y66.111
G0 X189.229 Y66.111
G0 X189.639 Y66.111
G0 X189.709 Y66.181
;TYPE:WALL-INNER
G1 F600 E626.49076
G1 F3600 X189.209 Y66.181 E626.49859
G1 X189.209 Y22.681 E627.18048
G1 X189.709 Y22.681 E627.18831
G1 X189.709 Y66.181 E627.8702
G0 F10500 X190.209 Y66.681
;TYPE:WALL-OUTER
G1 F2700 X188.709 Y66.681 E627.89371
G1 X188.709 Y22.181 E628.59127
G1 X190.209 Y22.181 E628.61478
G1 X190.209 Y66.681 E629.31234
G0 F10500 X189.959 Y66.681
G1 F600 E628.31234
;MESH:NONMESH
G0 F10500 X189.639 Y66.111
G0 X189.229 Y66.111
G0 X187.794 Y66.111
G0 X184.687 Y67.592
G0 X105.031 Y67.592
G0 X101.924 Y66.111
G0 X100.489 Y66.111
G0 X100.439 Y66.111
G0 X100.509 Y66.181
;TIME_ELAPSED:4442.179587
;LAYER:23
;MESH:
G0 X100.509 Y66.181 Z4.8
;TYPE:WALL-INNER
G1 F600 E629.31234
G1 F3600 X100.009 Y66.181 E629.32018
G1 X100.009 Y22.681 E630.00206
G1 X100.509 Y22.681 E630.0099
G1 X100.509 Y66.181 E630.69178
G0 F10500 X101.009 Y66.681
;TYPE:WALL-OUTER
G1 F2700 X99.509 Y66.681 E630.71529
G1 X99.509 Y22.181 E631.41285
G1 X101.009 Y22.181 E631.43637
G1 X101.009 Y66.681 E632.13392
G0 F10500 X100.759 Y66.681
G1 F600 E631.13392
G0 F10500 X100.439 Y66.111
G0 X100.489 Y66.111
G0 X101.924 Y66.111
G0 X104.494 Y66.111
G0 X105.929 Y66.111
G0 X106.339 Y66.111
G0 X106.409 Y66.181
;TYPE:WALL-INNER
G1 F600 E632.13392
G1 F3600 X105.909 Y66.181 E632.14176
G1 X105.909 Y22.681 E632.82364
G1 X106.409 Y22.681 E632.83148
G1 X106.409 Y66.181 E633.51336
G0 F10500 X106.909 Y66.681
;TYPE:WALL-OUTER
G1 F2700 X105.409 Y66.681 E633.53688
G1 X105.409 Y22.181 E634.23444
G1 X106.909 Y22.181 E634.25795
G1 X106.909 Y66.681 E634.95551
G0 F10500 X106.659 Y66.681
G1 F600 E633.95551
G0 F10500 X106.339 Y66.111
G0 X106.389 Y66.111
G0 X107.824 Y66.111
G0 X110.494 Y66.111
G0 X111.929 Y66.111
G0 X112.339 Y66.111
G0 X112.409 Y66.181
;TYPE:WALL-INNER
G1 F600 E634.95551
G1 F3600 X111.909 Y66.181 E634.96334
G1 X111.909 Y22.681 E635.64523
G1 X112.409 Y22.681 E635.65307
G1 X112.409 Y66.181 E636.33495
G0 F10500 X112.909 Y66.681
;TYPE:WALL-OUTER
G1 F2700 X111.409 Y66.681 E636.35846
G1 X111.409 Y22.181 E637.05602
G1 X112.909 Y22.181 E637.07953
G1 X112.909 Y66.681 E637.77709
G0 F10500 X112.659 Y66.681
G1 F600 E636.77709
G0 F10500 X112.339 Y66.111
G0 X112.389 Y66.111
G0 X113.824 Y66.111
G0 X116.394 Y66.111
G0 X117.829 Y66.111
G0 X118.239 Y66.111
G0 X118.309 Y66.181
;TYPE:WALL-INNER
G1 F600 E637.77709
G1 F3600 X117.809 Y66.181 E637.78493
G1 X117.809 Y22.681 E638.46681
G1 X118.309 Y22.681 E638.47465
G1 X118.309 Y66.181 E639.15653
G0 F10500 X118.809 Y66.681
;TYPE:WALL-OUTER
G1 F2700 X117.309 Y66.681 E639.18004
G1 X117.309 Y22.181 E639.8776
G1 X118.809 Y22.181 E639.90112
G1 X118.809 Y66.681 E640.59867
G0 F10500 X118.559 Y66.681
G1 F600 E639.59867
G0 F10500 X118.239 Y66.111
G0 X118.289 Y66.111
G0 X119.724 Y66.111
G0 X122.394 Y66.111
G0 X123.829 Y66.111
G0 X124.239 Y66.111
G0 X124.309 Y66.181
;TYPE:WALL-INNER
G1 F600 E640.59867
G1 F3600 X123.809 Y66.181 E640.60651
G1 X123.809 Y22.681 E641.28839
G1 X124.309 Y22.681 E641.29623
G1 X124.309 Y66.181 E641.97811
G0 F10500 X124.809 Y66.681
;TYPE:WALL-OUTER
G1 F2700 X123.309 Y66.681 E642.00163
G1 X123.309 Y22.181 E642.69919
G1 X124.809 Y22.181 E642.7227
G1 X124.809 Y66.681 E643.42026
G0 F10500 X124.559 Y66.681
G1 F600 E642.42026
G0 F10500 X124.239 Y66.111
G0 X124.289 Y66.111
G0 X125.724 Y66.111
G0 X128.294 Y66.111
G0 X129.729 Y66.111
G0 X130.139 Y66.111
G0 X130.209 Y66.181
;TYPE:WALL-INNER
G1 F600 E643.42026
G1 F3600 X129.709 Y66.181 E643.4281
G1 X129.709 Y22.681 E644.10998
G1 X130.209 Y22.681 E644.11782
G1 X130.209 Y66.181 E644.7997
G0 F10500 X130.709 Y66.681
;TYPE:WALL-OUTER
G1 F2700 X129.209 Y66.681 E644.82321
G1 X129.209 Y22.181 E645.52077
G1 X130.709 Y22.181 E645.54428
G1 X130.709 Y66.681 E646.24184
G0 F10500 X130.459 Y66.681
G1 F600 E645.24184
G0 F10500 X130.139 Y66.111
G0 X130.189 Y66.111
G0 X131.624 Y66.111
G0 X134.294 Y66.111
G0 X135.729 Y66.111
G0 X136.139 Y66.111
G0 X136.209 Y66.181
;TYPE:WALL-INNER
G1 F600 E646.24184
G1 F3600 X135.709 Y66.181 E646.24968
G1 X135.709 Y22.681 E646.93156
G1 X136.209 Y22.681 E646.9394
G1 X136.209 Y66.181 E647.62128
G0 F10500 X136.709 Y66.681
;TYPE:WALL-OUTER
G1 F2700 X135.209 Y66.681 E647.64479
G1 X135.209 Y22.181 E648.34235
G1 X136.709 Y22.181 E648.36587
G1 X136.709 Y66.681 E649.06342
G0 F10500 X136.459 Y66.681
G1 F600 E648.06342
G0 F10500 X136.139 Y66.111
G0 X136.189 Y66.111
G0 X137.624 Y66.111
G0 X140.194 Y66.111
G0 X141.629 Y66.111
G0 X142.039 Y66.111
G0 X142.109 Y66.181
;TYPE:WALL-INNER
G1 F600 E649.06342
G1 F3600 X141.609 Y66.181 E649.07126
G1 X141.609 Y22.681 E649.75314
G1 X142.109 Y22.681 E649.76098
G1 X142.109 Y66.181 E650.44287
G0 F10500 X142.609 Y66.681
;TYPE:WALL-OUTER
G1 F2700 X141.109 Y66.681 E650.46638
G1 X141.109 Y22.181 E651.16394
G1 X142.609 Y22.181 E651.18745
G1 X142.609 Y66.681 E651.88501
G0 F10500 X142.359 Y66.681
G1 F600 E650.88501
G0 F10500 X142.039 Y66.111
G0 X142.089 Y66.111
G0 X143.524 Y66.111
G0 X146.194 Y66.111
G0 X147.629 Y66.111
G0 X148.039 Y66.111
G0 X148.109 Y66.181
;TYPE:WALL-INNER
G1 F600 E651.88501
G1 F3600 X147.609 Y66.181 E651.89285
G1 X147.609 Y22.681 E652.57473
G1 X148.109 Y22.681 E652.58257
G1 X148.109 Y66.181 E653.26445
G0 F10500 X148.609 Y66.681
;TYPE:WALL-OUTER
G1 F2700 X147.109 Y66.681 E653.28796
G1 X147.109 Y22.181 E653.98552
G1 X148.609 Y22.181 E654.00903
G1 X148.609 Y66.681 E654.70659
G0 F10500 X148.359 Y66.681
G1 F600 E653.70659
G0 F10500 X148.039 Y66.111
G0 X148.089 Y66.111
G0 X149.524 Y66.111
G0 X152.094 Y66.111
G0 X153.529 Y66.111
G0 X153.939 Y66.111
G0 X154.009 Y66.181
;TYPE:WALL-INNER
G1 F600 E654.70659
G1 F3600 X153.509 Y66.181 E654.71443
G1 X153.509 Y22.681 E655.39631
G1 X154.009 Y22.681 E655.40415
G1 X154.009 Y66.181 E656.08603
G0 F10500 X154.509 Y66.681
;TYPE:WALL-OUTER
G1 F2700 X153.009 Y66.681 E656.10955
G1 X153.009 Y22.181 E656.8071
G1 X154.509 Y22.181 E656.83062
G1 X154.509 Y66.681 E657.52817
G0 F10500 X154.259 Y66.681
G1 F600 E656.52817
G0 F10500 X153.939 Y66.111
G0 X153.989 Y66.111
G0 X155.424 Y66.111
G0 X158.094 Y66.111
G0 X159.529 Y66.111
G0 X159.939 Y66.111
G0 X160.009 Y66.181
;TYPE:WALL-INNER
G1 F600 E657.52817
G1 F3600 X159.509 Y66.181 E657.53601
G1 X159.509 Y22.681 E658.2179
G1 X160.009 Y22.681 E658.22573
G1 X160.009 Y66.181 E658.90762
G0 F10500 X160.509 Y66.681
;TYPE:WALL-OUTER
G1 F2700 X159.009 Y66.681 E658.93113
G1 X159.009 Y22.181 E659.62869
G1 X160.509 Y22.181 E659.6522
G1 X160.509 Y66.681 E660.34976
G0 F10500 X160.259 Y66.681
G1 F600 E659.34976
G0 F10500 X159.939 Y66.111
G0 X159.989 Y66.111
G0 X161.424 Y66.111
G0 X163.994 Y66.111
G0 X165.429 Y66.111
G0 X165.839 Y66.111
G0 X165.909 Y66.181
;TYPE:WALL-INNER
G1 F600 E660.34976
G1 F3600 X165.409 Y66.181 E660.3576
G1 X165.409 Y22.681 E661.03948
G1 X165.909 Y22.681 E661.04732
G1 X165.909 Y66.181 E661.7292
G0 F10500 X166.409 Y66.681
;TYPE:WALL-OUTER
G1 F2700 X164.909 Y66.681 E661.75271
G1 X164.909 Y22.181 E662.45027
G1 X166.409 Y22.181 E662.47378
G1 X166.409 Y66.681 E663.17134
G0 F10500 X166.159 Y66.681
G1 F600 E662.17134
G0 F10500 X165.839 Y66.111
G0 X165.889 Y66.111
G0 X167.324 Y66.111
G0 X169.994 Y66.111
G0 X171.429 Y66.111
G0 X171.839 Y66.111
G0 X171.909 Y66.181
;TYPE:WALL-INNER
G1 F600 E663.17134
G1 F3600 X171.409 Y66.181 E663.17918
G1 X171.409 Y22.681 E663.86106
G1 X171.909 Y22.681 E663.8689
G1 X171.909 Y66.181 E664.55078
G0 F10500 X172.409 Y66.681
;TYPE:WALL-OUTER
G1 F2700 X170.909 Y66.681 E664.5743
G1 X170.909 Y22.181 E665.27185
G1 X172.409 Y22.181 E665.29537
G1 X172.409 Y66.681 E665.99293
G0 F10500 X172.159 Y66.681
G1 F600 E664.99293
G0 F10500 X171.839 Y66.111
G0 X171.889 Y66.111
G0 X173.324 Y66.111
G0 X175.894 Y66.111
G0 X177.329 Y66.111
G0 X177.739 Y66.111
G0 X177.809 Y66.181
;TYPE:WALL-INNER
G1 F600 E665.99293
G1 F3600 X177.309 Y66.181 E666.00076
G1 X177.309 Y22.681 E666.68265
G1 X177.809 Y22.681 E666.69048
G1 X177.809 Y66.181 E667.37237
G0 F10500 X178.309 Y66.681
;TYPE:WALL-OUTER
G1 F2700 X176.809 Y66.681 E667.39588
G1 X176.809 Y22.181 E668.09344
G1 X178.309 Y22.181 E668.11695
G1 X178.309 Y66.681 E668.81451
G0 F10500 X178.059 Y66.681
G1 F600 E667.81451
G0 F10500 X177.739 Y66.111
G0 X177.789 Y66.111
G0 X179.224 Y66.111
G0 X181.894 Y66.111
G0 X183.329 Y66.111
G0 X183.739 Y66.111
G0 X183.809 Y66.181
;TYPE:WALL-INNER
G1 F600 E668.81451
G1 F3600 X183.309 Y66.181 E668.82235
G1 X183.309 Y22.681 E669.50423
G1 X183.809 Y22.681 E669.51207
G1 X183.809 Y66.181 E670.19395
G0 F10500 X184.309 Y66.681
;TYPE:WALL-OUTER
G1 F2700 X182.809 Y66.681 E670.21746
G1 X182.809 Y22.181 E670.91502
G1 X184.309 Y22.181 E670.93853
G1 X184.309 Y66.681 E671.63609
G0 F10500 X184.059 Y66.681
G1 F600 E670.63609
G0 F10500 X183.739 Y66.111
G0 X183.789 Y66.111
G0 X185.224 Y66.111
G0 X187.794 Y66.111
G0 X189.229 Y66.111
G0 X189.639 Y66.111
G0 X189.709 Y66.181
;TYPE:WALL-INNER
G1 F600 E671.63609
G1 F3600 X189.209 Y66.181 E671.64393
G1 X189.209 Y22.681 E672.32581
G1 X189.709 Y22.681 E672.33365
G1 X189.709 Y66.181 E673.01553
G0 F10500 X190.209 Y66.681
;TYPE:WALL-OUTER
G1 F2700 X188.709 Y66.681 E673.03905
G1 X188.709 Y22.181 E673.7366
G1 X190.209 Y22.181 E673.76012
G1 X190.209 Y66.681 E674.45768
G0 F10500 X189.959 Y66.681
G1 F600 E673.45768
;MESH:NONMESH
G0 F10500 X189.639 Y66.111
G0 X189.229 Y66.111
G0 X187.794 Y66.111
G0 X184.687 Y67.592
G0 X105.031 Y67.592
G0 X101.924 Y66.111
G0 X100.489 Y66.111
G0 X100.439 Y66.111
G0 X100.509 Y66.181
;TIME_ELAPSED:4511.894278
;LAYER:24
;MESH:
G0 X100.509 Y66.181 Z5
;TYPE:WALL-INNER
G1 F600 E674.45768
G1 F3600 X100.009 Y66.181 E674.46551
G1 X100.009 Y22.681 E675.1474
G1 X100.509 Y22.681 E675.15523
G1 X100.509 Y66.181 E675.83712
G0 F10500 X101.009 Y66.681
;TYPE:WALL-OUTER
G1 F2700 X99.509 Y66.681 E675.86063
G1 X99.509 Y22.181 E676.55819
G1 X101.009 Y22.181 E676.5817
G1 X101.009 Y66.681 E677.27926
G0 F10500 X100.759 Y66.681
G1 F600 E676.27926
G0 F10500 X100.439 Y66.111
G0 X100.489 Y66.111
G0 X101.924 Y66.111
G0 X104.494 Y66.111
G0 X105.929 Y66.111
G0 X106.339 Y66.111
G0 X106.409 Y66.181
;TYPE:WALL-INNER
G1 F600 E677.27926
G1 F3600 X105.909 Y66.181 E677.2871
G1 X105.909 Y22.681 E677.96898
G1 X106.409 Y22.681 E677.97682
G1 X106.409 Y66.181 E678.6587
G0 F10500 X106.909 Y66.681
;TYPE:WALL-OUTER
G1 F2700 X105.409 Y66.681 E678.68221
G1 X105.409 Y22.181 E679.37977
G1 X106.909 Y22.181 E679.40328
G1 X106.909 Y66.681 E680.10084
G0 F10500 X106.659 Y66.681
G1 F600 E679.10084
G0 F10500 X106.339 Y66.111
G0 X106.389 Y66.111
G0 X107.824 Y66.111
G0 X110.494 Y66.111
G0 X111.929 Y66.111
G0 X112.339 Y66.111
G0 X112.409 Y66.181
;TYPE:WALL-INNER
G1 F600 E680.10084
G1 F3600 X111.909 Y66.181 E680.10868
G1 X111.909 Y22.681 E680.79056
G1 X112.409 Y22.681 E680.7984
G1 X112.409 Y66.181 E681.48028
G0 F10500 X112.909 Y66.681
;TYPE:WALL-OUTER
G1 F2700 X111.409 Y66.681 E681.5038
G1 X111.409 Y22.181 E682.20135
G1 X112.909 Y22.181 E682.22487
G1 X112.909 Y66.681 E682.92243
G0 F10500 X112.659 Y66.681
G1 F600 E681.92243
G0 F10500 X112.339 Y66.111
G0 X112.389 Y66.111
G0 X113.824 Y66.111
G0 X116.394 Y66.111
G0 X117.829 Y66.111
G0 X118.239 Y66.111
G0 X118.309 Y66.181
;TYPE:WALL-INNER
G1 F600 E682.92243
G1 F3600 X117.809 Y66.181 E682.93026
G1 X117.809 Y22.681 E683.61215
G1 X118.309 Y22.681 E683.61998
G1 X118.309 Y66.181 E684.30187
G0 F10500 X118.809 Y66.681
;TYPE:WALL-OUTER
G1 F2700 X117.309 Y66.681 E684.32538
G1 X117.309 Y22.181 E685.02294
G1 X118.809 Y22.181 E685.04645
G1 X118.809 Y66.681 E685.74401
G0 F10500 X118.559 Y66.681
G1 F600 E684.74401
G0 F10500 X118.239 Y66.111
G0 X118.289 Y66.111
G0 X119.724 Y66.111
G0 X122.394 Y66.111
G0 X123.829 Y66.111
G0 X124.239 Y66.111
G0 X124.309 Y66.181
;TYPE:WALL-INNER
G1 F600 E685.74401
G1 F3600 X123.809 Y66.181 E685.75185
G1 X123.809 Y22.681 E686.43373
G1 X124.309 Y22.681 E686.44157
G1 X124.309 Y66.181 E687.12345
G0 F10500 X124.809 Y66.681
;TYPE:WALL-OUTER
G1 F2700 X123.309 Y66.681 E687.14696
G1 X123.309 Y22.181 E687.84452
G1 X124.809 Y22.181 E687.86803
G1 X124.809 Y66.681 E688.56559
G0 F10500 X124.559 Y66.681
G1 F600 E687.56559
G0 F10500 X124.239 Y66.111
G0 X124.289 Y66.111
G0 X125.724 Y66.111
G0 X128.294 Y66.111
G0 X129.729 Y66.111
G0 X130.139 Y66.111
G0 X130.209 Y66.181
;TYPE:WALL-INNER
G1 F600 E688.56559
G1 F3600 X129.709 Y66.181 E688.57343
G1 X129.709 Y22.681 E689.25531
G1 X130.209 Y22.681 E689.26315
G1 X130.209 Y66.181 E689.94503
G0 F10500 X130.709 Y66.681
;TYPE:WALL-OUTER
G1 F2700 X129.209 Y66.681 E689.96855
G1 X129.209 Y22.181 E690.66611
G1 X130.709 Y22.181 E690.68962
G1 X130.709 Y66.681 E691.38718
G0 F10500 X130.459 Y66.681
G1 F600 E690.38718
G0 F10500 X130.139 Y66.111
G0 X130.189 Y66.111
G0 X131.624 Y66.111
G0 X134.294 Y66.111
G0 X135.729 Y66.111
G0 X136.139 Y66.111
G0 X136.209 Y66.181
;TYPE:WALL-INNER
G1 F600 E691.38718
G1 F3600 X135.709 Y66.181 E691.39501
G1 X135.709 Y22.681 E692.0769
G1 X136.209 Y22.681 E692.08473
G1 X136.209 Y66.181 E692.76662
G0 F10500 X136.709 Y66.681
;TYPE:WALL-OUTER
G1 F2700 X135.209 Y66.681 E692.79013
G1 X135.209 Y22.181 E693.48769
G1 X136.709 Y22.181 E693.5112
G1 X136.709 Y66.681 E694.20876
G0 F10500 X136.459 Y66.681
G1 F600 E693.20876
G0 F10500 X136.139 Y66.111
G0 X136.189 Y66.111
G0 X137.624 Y66.111
G0 X140.194 Y66.111
G0 X141.629 Y66.111
G0 X142.039 Y66.111
G0 X142.109 Y66.181
;TYPE:WALL-INNER
G1 F600 E694.20876
G1 F3600 X141.609 Y66.181 E694.2166
G1 X141.609 Y22.681 E694.89848
G1 X142.109 Y22.681 E694.90632
G1 X142.109 Y66.181 E695.5882
G0 F10500 X142.609 Y66.681
;TYPE:WALL-OUTER
G1 F2700 X141.109 Y66.681 E695.61171
G1 X141.109 Y22.181 E696.30927
G1 X142.609 Y22.181 E696.33279
G1 X142.609 Y66.681 E697.03034
G0 F10500 X142.359 Y66.681
G1 F600 E696.03034
G0 F10500 X142.039 Y66.111
G0 X142.089 Y66.111
G0 X143.524 Y66.111
G0 X146.194 Y66.111
G0 X147.629 Y66.111
G0 X148.039 Y66.111
G0 X148.109 Y66.181
;TYPE:WALL-INNER
G1 F600 E697.03034
G1 F3600 X147.609 Y66.181 E697.03818
G1 X147.609 Y22.681 E697.72006
G1 X148.109 Y22.681 E697.7279
G1 X148.109 Y66.181 E698.40978
G0 F10500 X148.609 Y66.681
;TYPE:WALL-OUTER
G1 F2700 X147.109 Y66.681 E698.4333
G1 X147.109 Y22.181 E699.13086
G1 X148.609 Y22.181 E699.15437
G1 X148.609 Y66.681 E699.85193
G0 F10500 X148.359 Y66.681
G1 F600 E698.85193
G0 F10500 X148.039 Y66.111
G0 X148.089 Y66.111
G0 X149.524 Y66.111
G0 X152.094 Y66.111
G0 X153.529 Y66.111
G0 X153.939 Y66.111
G0 X154.009 Y66.181
;TYPE:WALL-INNER
G1 F600 E699.85193
G1 F3600 X153.509 Y66.181 E699.85976
G1 X153.509 Y22.681 E700.54165
G1 X154.009 Y22.681 E700.54949
G1 X154.009 Y66.181 E701.23137
G0 F10500 X154.509 Y66.681
;TYPE:WALL-OUTER
G1 F2700 X153.009 Y66.681 E701.25488
G1 X153.009 Y22.181 E701.95244
G1 X154.509 Y22.181 E701.97595
G1 X154.509 Y66.681 E702.67351
G0 F10500 X154.259 Y66.681
G1 F600 E701.67351
G0 F10500 X153.939 Y66.111
G0 X153.989 Y66.111
G0 X155.424 Y66.111
G0 X158.094 Y66.111
G0 X159.529 Y66.111
G0 X159.939 Y66.111
G0 X160.009 Y66.181
;TYPE:WALL-INNER
G1 F600 E702.67351
G1 F3600 X159.509 Y66.181 E702.68135
G1 X159.509 Y22.681 E703.36323
G1 X160.009 Y22.681 E703.37107
G1 X160.009 Y66.181 E704.05295
G0 F10500 X160.509 Y66.681
;TYPE:WALL-OUTER
G1 F2700 X159.009 Y66.681 E704.07646
G1 X159.009 Y22.181 E704.77402
G1 X160.509 Y22.181 E704.79754
G1 X160.509 Y66.681 E705.49509
G0 F10500 X160.259 Y66.681
G1 F600 E704.49509
G0 F10500 X159.939 Y66.111
G0 X159.989 Y66.111
G0 X161.424 Y66.111
G0 X163.994 Y66.111
G0 X165.429 Y66.111
G0 X165.839 Y66.111
G0 X165.909 Y66.181
;TYPE:WALL-INNER
G1 F600 E705.49509
G1 F3600 X165.409 Y66.181 E705.50293
G1 X165.409 Y22.681 E706.18481
G1 X165.909 Y22.681 E706.19265
G1 X165.909 Y66.181 E706.87453
G0 F10500 X166.409 Y66.681
;TYPE:WALL-OUTER
G1 F2700 X164.909 Y66.681 E706.89805
G1 X164.909 Y22.181 E707.59561
G1 X166.409 Y22.181 E707.61912
G1 X166.409 Y66.681 E708.31668
G0 F10500 X166.159 Y66.681
G1 F600 E707.31668
G0 F10500 X165.839 Y66.111
G0 X165.889 Y66.111
G0 X167.324 Y66.111
G0 X169.994 Y66.111
G0 X171.429 Y66.111
G0 X171.839 Y66.111
G0 X171.909 Y66.181
;TYPE:WALL-INNER
G1 F600 E708.31668
G1 F3600 X171.409 Y66.181 E708.32452
G1 X171.409 Y22.681 E709.0064
G1 X171.909 Y22.681 E709.01424
G1 X171.909 Y66.181 E709.69612
G0 F10500 X172.409 Y66.681
;TYPE:WALL-OUTER
G1 F2700 X170.909 Y66.681 E709.71963
G1 X170.909 Y22.181 E710.41719
G1 X172.409 Y22.181 E710.4407
G1 X172.409 Y66.681 E711.13826
G0 F10500 X172.159 Y66.681
G1 F600 E710.13826
G0 F10500 X171.839 Y66.111
G0 X171.889 Y66.111
G0 X173.324 Y66.111
G0 X175.894 Y66.111
G0 X177.329 Y66.111
G0 X177.739 Y66.111
G0 X177.809 Y66.181
;TYPE:WALL-INNER
G1 F600 E711.13826
G1 F3600 X177.309 Y66.181 E711.1461
G1 X177.309 Y22.681 E711.82798
G1 X177.809 Y22.681 E711.83582
G1 X177.809 Y66.181 E712.5177
G0 F10500 X178.309 Y66.681
;TYPE:WALL-OUTER
G1 F2700 X176.809 Y66.681 E712.54121
G1 X176.809 Y22.181 E713.23877
G1 X178.309 Y22.181 E713.26229
G1 X178.309 Y66.681 E713.95984
G0 F10500 X178.059 Y66.681
G1 F600 E712.95984
G0 F10500 X177.739 Y66.111
G0 X177.789 Y66.111
G0 X179.224 Y66.111
G0 X181.894 Y66.111
G0 X183.329 Y66.111
G0 X183.739 Y66.111
G0 X183.809 Y66.181
;TYPE:WALL-INNER
G1 F600 E713.95984
G1 F3600 X183.309 Y66.181 E713.96768
G1 X183.309 Y22.681 E714.64956
G1 X183.809 Y22.681 E714.6574
G1 X183.809 Y66.181 E715.33929
G0 F10500 X184.309 Y66.681
;TYPE:WALL-OUTER
G1 F2700 X182.809 Y66.681 E715.3628
G1 X182.809 Y22.181 E716.06036
G1 X184.309 Y22.181 E716.08387
G1 X184.309 Y66.681 E716.78143
G0 F10500 X184.059 Y66.681
G1 F600 E715.78143
G0 F10500 X183.739 Y66.111
G0 X183.789 Y66.111
G0 X185.224 Y66.111
G0 X187.794 Y66.111
G0 X189.229 Y66.111
G0 X189.639 Y66.111
G0 X189.709 Y66.181
;TYPE:WALL-INNER
G1 F600 E716.78143
G1 F3600 X189.209 Y66.181 E716.78927
G1 X189.209 Y22.681 E717.47115
G1 X189.709 Y22.681 E717.47899
G1 X189.709 Y66.181 E718.16087
G0 F10500 X190.209 Y66.681
;TYPE:WALL-OUTER
G1 F2700 X188.709 Y66.681 E718.18438
G1 X188.709 Y22.181 E718.88194
G1 X190.209 Y22.181 E718.90545
G1 X190.209 Y66.681 E719.60301
G0 F10500 X189.959 Y66.681
G1 F600 E718.60301
;MESH:NONMESH
G0 F10500 X189.639 Y66.111
G0 X189.229 Y66.111
G0 X187.794 Y66.111
G0 X184.687 Y67.592
G0 X105.031 Y67.592
G0 X101.924 Y66.111
G0 X100.489 Y66.111
G0 X100.439 Y66.111
G0 X100.509 Y66.181
;TIME_ELAPSED:4581.608969
;LAYER:25
;MESH:
G0 X100.509 Y66.181 Z5.2
;TYPE:WALL-INNER
G1 F600 E719.60301
G1 F3600 X100.009 Y66.181 E719.61085
G1 X100.009 Y22.681 E720.29273
G1 X100.509 Y22.681 E720.30057
G1 X100.509 Y66.181 E720.98245
G0 F10500 X101.009 Y66.681
;TYPE:WALL-OUTER
G1 F2700 X99.509 Y66.681 E721.00597
G1 X99.509 Y22.181 E721.70352
G1 X101.009 Y22.181 E721.72704
G1 X101.009 Y66.681 E722.42459
G0 F10500 X100.759 Y66.681
G1 F600 E721.42459
G0 F10500 X100.439 Y66.111
G0 X100.489 Y66.111
G0 X101.924 Y66.111
G0 X104.494 Y66.111
G0 X105.929 Y66.111
G0 X106.339 Y66.111
G0 X106.409 Y66.181
;TYPE:WALL-INNER
G1 F600 E722.42459
G1 F3600 X105.909 Y66.181 E722.43243
G1 X105.909 Y22.681 E723.11432
G1 X106.409 Y22.681 E723.12215
G1 X106.409 Y66.181 E723.80404
G0 F10500 X106.909 Y66.681
;TYPE:WALL-OUTER
G1 F2700 X105.409 Y66.681 E723.82755
G1 X105.409 Y22.181 E724.52511
G1 X106.909 Y22.181 E724.54862
G1 X106.909 Y66.681 E725.24618
G0 F10500 X106.659 Y66.681
G1 F600 E724.24618
G0 F10500 X106.339 Y66.111
G0 X106.389 Y66.111
G0 X107.824 Y66.111
G0 X110.494 Y66.111
G0 X111.929 Y66.111
G0 X112.339 Y66.111
G0 X112.409 Y66.181
;TYPE:WALL-INNER
G1 F600 E725.24618
G1 F3600 X111.909 Y66.181 E725.25402
G1 X111.909 Y22.681 E725.9359
G1 X112.409 Y22.681 E725.94374
G1 X112.409 Y66.181 E726.62562
G0 F10500 X112.909 Y66.681
;TYPE:WALL-OUTER
G1 F2700 X111.409 Y66.681 E726.64913
G1 X111.409 Y22.181 E727.34669
G1 X112.909 Y22.181 E727.3702
G1 X112.909 Y66.681 E728.06776
G0 F10500 X112.659 Y66.681
G1 F600 E727.06776
G0 F10500 X112.339 Y66.111
G0 X112.389 Y66.111
G0 X113.824 Y66.111
G0 X116.394 Y66.111
G0 X117.829 Y66.111
G0 X118.239 Y66.111
G0 X118.309 Y66.181
;TYPE:WALL-INNER
G1 F600 E728.06776
G1 F3600 X117.809 Y66.181 E728.0756
G1 X117.809 Y22.681 E728.75748
G1 X118.309 Y22.681 E728.76532
G1 X118.309 Y66.181 E729.4472
G0 F10500 X118.809 Y66.681
;TYPE:WALL-OUTER
G1 F2700 X117.309 Y66.681 E729.47072
G1 X117.309 Y22.181 E730.16827
G1 X118.809 Y22.181 E730.19179
G1 X118.809 Y66.681 E730.88935
G0 F10500 X118.559 Y66.681
G1 F600 E729.88935
G0 F10500 X118.239 Y66.111
G0 X118.289 Y66.111
G0 X119.724 Y66.111
G0 X122.394 Y66.111
G0 X123.829 Y66.111
G0 X124.239 Y66.111
G0 X124.309 Y66.181
;TYPE:WALL-INNER
G1 F600 E730.88935
G1 F3600 X123.809 Y66.181 E730.89718
G1 X123.809 Y22.681 E731.57907
G1 X124.309 Y22.681 E731.5869
G1 X124.309 Y66.181 E732.26879
G0 F10500 X124.809 Y66.681
;TYPE:WALL-OUTER
G1 F2700 X123.309 Y66.681 E732.2923
G1 X123.309 Y22.181 E732.98986
G1 X124.809 Y22.181 E733.01337
G1 X124.809 Y66.681 E733.71093
G0 F10500 X124.559 Y66.681
G1 F600 E732.71093
G0 F10500 X124.239 Y66.111
G0 X124.289 Y66.111
G0 X125.724 Y66.111
G0 X128.294 Y66.111
G0 X129.729 Y66.111
G0 X130.139 Y66.111
G0 X130.209 Y66.181
;TYPE:WALL-INNER
G1 F600 E733.71093
G1 F3600 X129.709 Y66.181 E733.71877
G1 X129.709 Y22.681 E734.40065
G1 X130.209 Y22.681 E734.40849
G1 X130.209 Y66.181 E735.09037
G0 F10500 X130.709 Y66.681
;TYPE:WALL-OUTER
G1 F2700 X129.209 Y66.681 E735.11388
G1 X129.209 Y22.181 E735.81144
G1 X130.709 Y22.181 E735.83495
G1 X130.709 Y66.681 E736.53251
G0 F10500 X130.459 Y66.681
G1 F600 E735.53251
G0 F10500 X130.139 Y66.111
G0 X130.189 Y66.111
G0 X131.624 Y66.111
G0 X134.294 Y66.111
G0 X135.729 Y66.111
G0 X136.139 Y66.111
G0 X136.209 Y66.181
;TYPE:WALL-INNER
G1 F600 E736.53251
G1 F3600 X135.709 Y66.181 E736.54035
G1 X135.709 Y22.681 E737.22223
G1 X136.209 Y22.681 E737.23007
G1 X136.209 Y66.181 E737.91195
G0 F10500 X136.709 Y66.681
;TYPE:WALL-OUTER
G1 F2700 X135.209 Y66.681 E737.93547
G1 X135.209 Y22.181 E738.63302
G1 X136.709 Y22.181 E738.65654
G1 X136.709 Y66.681 E739.3541
G0 F10500 X136.459 Y66.681
G1 F600 E738.3541
G0 F10500 X136.139 Y66.111
G0 X136.189 Y66.111
G0 X137.624 Y66.111
G0 X140.194 Y66.111
G0 X141.629 Y66.111
G0 X142.039 Y66.111
G0 X142.109 Y66.181
;TYPE:WALL-INNER
G1 F600 E739.3541
G1 F3600 X141.609 Y66.181 E739.36193
G1 X141.609 Y22.681 E740.04382
G1 X142.109 Y22.681 E740.05165
G1 X142.109 Y66.181 E740.73354
G0 F10500 X142.609 Y66.681
;TYPE:WALL-OUTER
G1 F2700 X141.109 Y66.681 E740.75705
G1 X141.109 Y22.181 E741.45461
G1 X142.609 Y22.181 E741.47812
G1 X142.609 Y66.681 E742.17568
G0 F10500 X142.359 Y66.681
G1 F600 E741.17568
G0 F10500 X142.039 Y66.111
G0 X142.089 Y66.111
G0 X143.524 Y66.111
G0 X146.194 Y66.111
G0 X147.629 Y66.111
G0 X148.039 Y66.111
G0 X148.109 Y66.181
;TYPE:WALL-INNER
G1 F600 E742.17568
G1 F3600 X147.609 Y66.181 E742.18352
G1 X147.609 Y22.681 E742.8654
G1 X148.109 Y22.681 E742.87324
G1 X148.109 Y66.181 E743.55512
G0 F10500 X148.609 Y66.681
;TYPE:WALL-OUTER
G1 F2700 X147.109 Y66.681 E743.57863
G1 X147.109 Y22.181 E744.27619
G1 X148.609 Y22.181 E744.2997
G1 X148.609 Y66.681 E744.99726
G0 F10500 X148.359 Y66.681
G1 F600 E743.99726
G0 F10500 X148.039 Y66.111
G0 X148.089 Y66.111
G0 X149.524 Y66.111
G0 X152.094 Y66.111
G0 X153.529 Y66.111
G0 X153.939 Y66.111
G0 X154.009 Y66.181
;TYPE:WALL-INNER
G1 F600 E744.99726
G1 F3600 X153.509 Y66.181 E745.0051
G1 X153.509 Y22.681 E745.68698
G1 X154.009 Y22.681 E745.69482
G1 X154.009 Y66.181 E746.3767
G0 F10500 X154.509 Y66.681
;TYPE:WALL-OUTER
G1 F2700 X153.009 Y66.681 E746.40022
G1 X153.009 Y22.181 E747.09777
G1 X154.509 Y22.181 E747.12129
G1 X154.509 Y66.681 E747.81885
G0 F10500 X154.259 Y66.681
G1 F600 E746.81885
G0 F10500 X153.939 Y66.111
G0 X153.989 Y66.111
G0 X155.424 Y66.111
G0 X158.094 Y66.111
G0 X159.529 Y66.111
G0 X159.939 Y66.111
G0 X160.009 Y66.181
;TYPE:WALL-INNER
G1 F600 E747.81885
G1 F3600 X159.509 Y66.181 E747.82668
G1 X159.509 Y22.681 E748.50857
G1 X160.009 Y22.681 E748.5164
G1 X160.009 Y66.181 E749.19829
G0 F10500 X160.509 Y66.681
;TYPE:WALL-OUTER
G1 F2700 X159.009 Y66.681 E749.2218
G1 X159.009 Y22.181 E749.91936
G1 X160.509 Y22.181 E749.94287
G1 X160.509 Y66.681 E750.64043
G0 F10500 X160.259 Y66.681
G1 F600 E749.64043
G0 F10500 X159.939 Y66.111
G0 X159.989 Y66.111
G0 X161.424 Y66.111
G0 X163.994 Y66.111
G0 X165.429 Y66.111
G0 X165.839 Y66.111
G0 X165.909 Y66.181
;TYPE:WALL-INNER
G1 F600 E750.64043
G1 F3600 X165.409 Y66.181 E750.64827
G1 X165.409 Y22.681 E751.33015
G1 X165.909 Y22.681 E751.33799
G1 X165.909 Y66.181 E752.01987
G0 F10500 X166.409 Y66.681
;TYPE:WALL-OUTER
G1 F2700 X164.909 Y66.681 E752.04338
G1 X164.909 Y22.181 E752.74094
G1 X166.409 Y22.181 E752.76445
G1 X166.409 Y66.681 E753.46201
G0 F10500 X166.159 Y66.681
G1 F600 E752.46201
G0 F10500 X165.839 Y66.111
G0 X165.889 Y66.111
G0 X167.324 Y66.111
G0 X169.994 Y66.111
G0 X171.429 Y66.111
G0 X171.839 Y66.111
G0 X171.909 Y66.181
;TYPE:WALL-INNER
G1 F600 E753.46201
G1 F3600 X171.409 Y66.181 E753.46985
G1 X171.409 Y22.681 E754.15173
G1 X171.909 Y22.681 E754.15957
G1 X171.909 Y66.181 E754.84145
G0 F10500 X172.409 Y66.681
;TYPE:WALL-OUTER
G1 F2700 X170.909 Y66.681 E754.86497
G1 X170.909 Y22.181 E755.56253
G1 X172.409 Y22.181 E755.58604
G1 X172.409 Y66.681 E756.2836
G0 F10500 X172.159 Y66.681
G1 F600 E755.2836
G0 F10500 X171.839 Y66.111
G0 X171.889 Y66.111
G0 X173.324 Y66.111
G0 X175.894 Y66.111
G0 X177.329 Y66.111
G0 X177.739 Y66.111
G0 X177.809 Y66.181
;TYPE:WALL-INNER
G1 F600 E756.2836
G1 F3600 X177.309 Y66.181 E756.29143
G1 X177.309 Y22.681 E756.97332
G1 X177.809 Y22.681 E756.98115
G1 X177.809 Y66.181 E757.66304
G0 F10500 X178.309 Y66.681
;TYPE:WALL-OUTER
G1 F2700 X176.809 Y66.681 E757.68655
G1 X176.809 Y22.181 E758.38411
G1 X178.309 Y22.181 E758.40762
G1 X178.309 Y66.681 E759.10518
G0 F10500 X178.059 Y66.681
G1 F600 E758.10518
G0 F10500 X177.739 Y66.111
G0 X177.789 Y66.111
G0 X179.224 Y66.111
G0 X181.894 Y66.111
G0 X183.329 Y66.111
G0 X183.739 Y66.111
G0 X183.809 Y66.181
;TYPE:WALL-INNER
G1 F600 E759.10518
G1 F3600 X183.309 Y66.181 E759.11302
G1 X183.309 Y22.681 E759.7949
G1 X183.809 Y22.681 E759.80274
G1 X183.809 Y66.181 E760.48462
G0 F10500 X184.309 Y66.681
;TYPE:WALL-OUTER
G1 F2700 X182.809 Y66.681 E760.50813
G1 X182.809 Y22.181 E761.20569
G1 X184.309 Y22.181 E761.22921
G1 X184.309 Y66.681 E761.92676
G0 F10500 X184.059 Y66.681
G1 F600 E760.92676
G0 F10500 X183.739 Y66.111
G0 X183.789 Y66.111
G0 X185.224 Y66.111
G0 X187.794 Y66.111
G0 X189.229 Y66.111
G0 X189.639 Y66.111
G0 X189.709 Y66.181
;TYPE:WALL-INNER
G1 F600 E761.92676
G1 F3600 X189.209 Y66.181 E761.9346
G1 X189.209 Y22.681 E762.61648
G1 X189.709 Y22.681 E762.62432
G1 X189.709 Y66.181 E763.3062
G0 F10500 X190.209 Y66.681
;TYPE:WALL-OUTER
G1 F2700 X188.709 Y66.681 E763.32972
G1 X188.709 Y22.181 E764.02728
G1 X190.209 Y22.181 E764.05079
G1 X190.209 Y66.681 E764.74835
G0 F10500 X189.959 Y66.681
G1 F600 E763.74835
;MESH:NONMESH
G0 F10500 X189.639 Y66.111
G0 X189.229 Y66.111
G0 X187.794 Y66.111
G0 X184.687 Y67.592
G0 X105.031 Y67.592
G0 X101.924 Y66.111
G0 X100.489 Y66.111
G0 X100.439 Y66.111
G0 X100.509 Y66.181
;TIME_ELAPSED:4651.323660
;LAYER:26
;MESH:
G0 X100.509 Y66.181 Z5.4
;TYPE:WALL-INNER
G1 F600 E764.74835
G1 F3600 X100.009 Y66.181 E764.75618
G1 X100.009 Y22.681 E765.43807
G1 X100.509 Y22.681 E765.44591
G1 X100.509 Y66.181 E766.12779
G0 F10500 X101.009 Y66.681
;TYPE:WALL-OUTER
G1 F2700 X99.509 Y66.681 E766.1513
G1 X99.509 Y22.181 E766.84886
G1 X101.009 Y22.181 E766.87237
G1 X101.009 Y66.681 E767.56993
G0 F10500 X100.759 Y66.681
G1 F600 E766.56993
G0 F10500 X100.439 Y66.111
G0 X100.489 Y66.111
G0 X101.924 Y66.111
G0 X104.494 Y66.111
G0 X105.929 Y66.111
G0 X106.339 Y66.111
G0 X106.409 Y66.181
;TYPE:WALL-INNER
G1 F600 E767.56993
G1 F3600 X105.909 Y66.181 E767.57777
G1 X105.909 Y22.681 E768.25965
G1 X106.409 Y22.681 E768.26749
G1 X106.409 Y66.181 E768.94937
G0 F10500 X106.909 Y66.681
;TYPE:WALL-OUTER
G1 F2700 X105.409 Y66.681 E768.97288
G1 X105.409 Y22.181 E769.67044
G1 X106.909 Y22.181 E769.69396
G1 X106.909 Y66.681 E770.39151
G0 F10500 X106.659 Y66.681
G1 F600 E769.39151
G0 F10500 X106.339 Y66.111
G0 X106.389 Y66.111
G0 X107.824 Y66.111
G0 X110.494 Y66.111
G0 X111.929 Y66.111
G0 X112.339 Y66.111
G0 X112.409 Y66.181
;TYPE:WALL-INNER
G1 F600 E770.39151
G1 F3600 X111.909 Y66.181 E770.39935
G1 X111.909 Y22.681 E771.08123
G1 X112.409 Y22.681 E771.08907
G1 X112.409 Y66.181 E771.77095
G0 F10500 X112.909 Y66.681
;TYPE:WALL-OUTER
G1 F2700 X111.409 Y66.681 E771.79447
G1 X111.409 Y22.181 E772.49203
G1 X112.909 Y22.181 E772.51554
G1 X112.909 Y66.681 E773.2131
G0 F10500 X112.659 Y66.681
G1 F600 E772.2131
G0 F10500 X112.339 Y66.111
G0 X112.389 Y66.111
G0 X113.824 Y66.111
G0 X116.394 Y66.111
G0 X117.829 Y66.111
G0 X118.239 Y66.111
G0 X118.309 Y66.181
;TYPE:WALL-INNER
G1 F600 E773.2131
G1 F3600 X117.809 Y66.181 E773.22094
G1 X117.809 Y22.681 E773.90282
G1 X118.309 Y22.681 E773.91066
G1 X118.309 Y66.181 E774.59254
G0 F10500 X118.809 Y66.681
;TYPE:WALL-OUTER
G1 F2700 X117.309 Y66.681 E774.61605
G1 X117.309 Y22.181 E775.31361
G1 X118.809 Y22.181 E775.33712
G1 X118.809 Y66.681 E776.03468
G0 F10500 X118.559 Y66.681
G1 F600 E775.03468
G0 F10500 X118.239 Y66.111
G0 X118.289 Y66.111
G0 X119.724 Y66.111
G0 X122.394 Y66.111
G0 X123.829 Y66.111
G0 X124.239 Y66.111
G0 X124.309 Y66.181
;TYPE:WALL-INNER
G1 F600 E776.03468
G1 F3600 X123.809 Y66.181 E776.04252
G1 X123.809 Y22.681 E776.7244
G1 X124.309 Y22.681 E776.73224
G1 X124.309 Y66.181 E777.41412
G0 F10500 X124.809 Y66.681
;TYPE:WALL-OUTER
G1 F2700 X123.309 Y66.681 E777.43763
G1 X123.309 Y22.181 E778.13519
G1 X124.809 Y22.181 E778.15871
G1 X124.809 Y66.681 E778.85626
G0 F10500 X124.559 Y66.681
G1 F600 E777.85626
G0 F10500 X124.239 Y66.111
G0 X124.289 Y66.111
G0 X125.724 Y66.111
G0 X128.294 Y66.111
G0 X129.729 Y66.111
G0 X130.139 Y66.111
G0 X130.209 Y66.181
;TYPE:WALL-INNER
G1 F600 E778.85626
G1 F3600 X129.709 Y66.181 E778.8641
G1 X129.709 Y22.681 E779.54598
G1 X130.209 Y22.681 E779.55382
G1 X130.209 Y66.181 E780.23571
G0 F10500 X130.709 Y66.681
;TYPE:WALL-OUTER
G1 F2700 X129.209 Y66.681 E780.25922
G1 X129.209 Y22.181 E780.95678
G1 X130.709 Y22.181 E780.98029
G1 X130.709 Y66.681 E781.67785
G0 F10500 X130.459 Y66.681
G1 F600 E780.67785
G0 F10500 X130.139 Y66.111
G0 X130.189 Y66.111
G0 X131.624 Y66.111
G0 X134.294 Y66.111
G0 X135.729 Y66.111
G0 X136.139 Y66.111
G0 X136.209 Y66.181
;TYPE:WALL-INNER
G1 F600 E781.67785
G1 F3600 X135.709 Y66.181 E781.68569
G1 X135.709 Y22.681 E782.36757
G1 X136.209 Y22.681 E782.37541
G1 X136.209 Y66.181 E783.05729
G0 F10500 X136.709 Y66.681
;TYPE:WALL-OUTER
G1 F2700 X135.209 Y66.681 E783.0808
G1 X135.209 Y22.181 E783.77836
G1 X136.709 Y22.181 E783.80187
G1 X136.709 Y66.681 E784.49943
G0 F10500 X136.459 Y66.681
G1 F600 E783.49943
G0 F10500 X136.139 Y66.111
G0 X136.189 Y66.111
G0 X137.624 Y66.111
G0 X140.194 Y66.111
G0 X141.629 Y66.111
G0 X142.039 Y66.111
G0 X142.109 Y66.181
;TYPE:WALL-INNER
G1 F600 E784.49943
G1 F3600 X141.609 Y66.181 E784.50727
G1 X141.609 Y22.681 E785.18915
G1 X142.109 Y22.681 E785.19699
G1 X142.109 Y66.181 E785.87887
G0 F10500 X142.609 Y66.681
;TYPE:WALL-OUTER
G1 F2700 X141.109 Y66.681 E785.90239
G1 X141.109 Y22.181 E786.59994
G1 X142.609 Y22.181 E786.62346
G1 X142.609 Y66.681 E787.32101
G0 F10500 X142.359 Y66.681
G1 F600 E786.32101
G0 F10500 X142.039 Y66.111
G0 X142.089 Y66.111
G0 X143.524 Y66.111
G0 X146.194 Y66.111
G0 X147.629 Y66.111
G0 X148.039 Y66.111
G0 X148.109 Y66.181
;TYPE:WALL-INNER
G1 F600 E787.32101
G1 F3600 X147.609 Y66.181 E787.32885
G1 X147.609 Y22.681 E788.01074
G1 X148.109 Y22.681 E788.01857
G1 X148.109 Y66.181 E788.70046
G0 F10500 X148.609 Y66.681
;TYPE:WALL-OUTER
G1 F2700 X147.109 Y66.681 E788.72397
G1 X147.109 Y22.181 E789.42153
G1 X148.609 Y22.181 E789.44504
G1 X148.609 Y66.681 E790.1426
G0 F10500 X148.359 Y66.681
G1 F600 E789.1426
G0 F10500 X148.039 Y66.111
G0 X148.089 Y66.111
G0 X149.524 Y66.111
G0 X152.094 Y66.111
G0 X153.529 Y66.111
G0 X153.939 Y66.111
G0 X154.009 Y66.181
;TYPE:WALL-INNER
G1 F600 E790.1426
G1 F3600 X153.509 Y66.181 E790.15044
G1 X153.509 Y22.681 E790.83232
G1 X154.009 Y22.681 E790.84016
G1 X154.009 Y66.181 E791.52204
G0 F10500 X154.509 Y66.681
;TYPE:WALL-OUTER
G1 F2700 X153.009 Y66.681 E791.54555
G1 X153.009 Y22.181 E792.24311
G1 X154.509 Y22.181 E792.26662
G1 X154.509 Y66.681 E792.96418
G0 F10500 X154.259 Y66.681
G1 F600 E791.96418
G0 F10500 X153.939 Y66.111
G0 X153.989 Y66.111
G0 X155.424 Y66.111
G0 X158.094 Y66.111
G0 X159.529 Y66.111
G0 X159.939 Y66.111
G0 X160.009 Y66.181
;TYPE:WALL-INNER
G1 F600 E792.96418
G1 F3600 X159.509 Y66.181 E792.97202
G1 X159.509 Y22.681 E793.6539
G1 X160.009 Y22.681 E793.66174
G1 X160.009 Y66.181 E794.34362
G0 F10500 X160.509 Y66.681
;TYPE:WALL-OUTER
G1 F2700 X159.009 Y66.681 E794.36714
G1 X159.009 Y22.181 E795.06469
G1 X160.509 Y22.181 E795.08821
G1 X160.509 Y66.681 E795.78577
G0 F10500 X160.259 Y66.681
G1 F600 E794.78577
G0 F10500 X159.939 Y66.111
G0 X159.989 Y66.111
G0 X161.424 Y66.111
G0 X163.994 Y66.111
G0 X165.429 Y66.111
G0 X165.839 Y66.111
G0 X165.909 Y66.181
;TYPE:WALL-INNER
G1 F600 E795.78577
G1 F3600 X165.409 Y66.181 E795.7936
G1 X165.409 Y22.681 E796.47549
G1 X165.909 Y22.681 E796.48332
G1 X165.909 Y66.181 E797.16521
G0 F10500 X166.409 Y66.681
;TYPE:WALL-OUTER
G1 F2700 X164.909 Y66.681 E797.18872
G1 X164.909 Y22.181 E797.88628
G1 X166.409 Y22.181 E797.90979
G1 X166.409 Y66.681 E798.60735
G0 F10500 X166.159 Y66.681
G1 F600 E797.60735
G0 F10500 X165.839 Y66.111
G0 X165.889 Y66.111
G0 X167.324 Y66.111
G0 X169.994 Y66.111
G0 X171.429 Y66.111
G0 X171.839 Y66.111
G0 X171.909 Y66.181
;TYPE:WALL-INNER
G1 F600 E798.60735
G1 F3600 X171.409 Y66.181 E798.61519
G1 X171.409 Y22.681 E799.29707
G1 X171.909 Y22.681 E799.30491
G1 X171.909 Y66.181 E799.98679
G0 F10500 X172.409 Y66.681
;TYPE:WALL-OUTER
G1 F2700 X170.909 Y66.681 E800.0103
G1 X170.909 Y22.181 E800.70786
G1 X172.409 Y22.181 E800.73137
G1 X172.409 Y66.681 E801.42893
G0 F10500 X172.159 Y66.681
G1 F600 E800.42893
G0 F10500 X171.839 Y66.111
G0 X171.889 Y66.111
G0 X173.324 Y66.111
G0 X175.894 Y66.111
G0 X177.329 Y66.111
G0 X177.739 Y66.111
G0 X177.809 Y66.181
;TYPE:WALL-INNER
G1 F600 E801.42893
G1 F3600 X177.309 Y66.181 E801.43677
G1 X177.309 Y22.681 E802.11865
G1 X177.809 Y22.681 E802.12649
G1 X177.809 Y66.181 E802.80837
G0 F10500 X178.309 Y66.681
;TYPE:WALL-OUTER
G1 F2700 X176.809 Y66.681 E802.83189
G1 X176.809 Y22.181 E803.52944
G1 X178.309 Y22.181 E803.55296
G1 X178.309 Y66.681 E804.25052
G0 F10500 X178.059 Y66.681
G1 F600 E803.25052
G0 F10500 X177.739 Y66.111
G0 X177.789 Y66.111
G0 X179.224 Y66.111
G0 X181.894 Y66.111
G0 X183.329 Y66.111
G0 X183.739 Y66.111
G0 X183.809 Y66.181
;TYPE:WALL-INNER
G1 F600 E804.25052
G1 F3600 X183.309 Y66.181 E804.25835
G1 X183.309 Y22.681 E804.94024
G1 X183.809 Y22.681 E804.94807
G1 X183.809 Y66.181 E805.62996
G0 F10500 X184.309 Y66.681
;TYPE:WALL-OUTER
G1 F2700 X182.809 Y66.681 E805.65347
G1 X182.809 Y22.181 E806.35103
G1 X184.309 Y22.181 E806.37454
G1 X184.309 Y66.681 E807.0721
G0 F10500 X184.059 Y66.681
G1 F600 E806.0721
G0 F10500 X183.739 Y66.111
G0 X183.789 Y66.111
G0 X185.224 Y66.111
G0 X187.794 Y66.111
G0 X189.229 Y66.111
G0 X189.639 Y66.111
G0 X189.709 Y66.181
;TYPE:WALL-INNER
G1 F600 E807.0721
G1 F3600 X189.209 Y66.181 E807.07994
G1 X189.209 Y22.681 E807.76182
G1 X189.709 Y22.681 E807.76966
G1 X189.709 Y66.181 E808.45154
G0 F10500 X190.209 Y66.681
;TYPE:WALL-OUTER
G1 F2700 X188.709 Y66.681 E808.47505
G1 X188.709 Y22.181 E809.17261
G1 X190.209 Y22.181 E809.19612
G1 X190.209 Y66.681 E809.89368
G0 F10500 X189.959 Y66.681
G1 F600 E808.89368
;MESH:NONMESH
G0 F10500 X189.639 Y66.111
G0 X189.229 Y66.111
G0 X187.794 Y66.111
G0 X184.687 Y67.592
G0 X105.031 Y67.592
G0 X101.924 Y66.111
G0 X100.489 Y66.111
G0 X100.439 Y66.111
G0 X100.509 Y66.181
;TIME_ELAPSED:4721.038351
;LAYER:27
;MESH:
G0 X100.509 Y66.181 Z5.6
;TYPE:WALL-INNER
G1 F600 E809.89368
G1 F3600 X100.009 Y66.181 E809.90152
G1 X100.009 Y22.681 E810.5834
G1 X100.509 Y22.681 E810.59124
G1 X100.509 Y66.181 E811.27312
G0 F10500 X101.009 Y66.681
;TYPE:WALL-OUTER
G1 F2700 X99.509 Y66.681 E811.29664
G1 X99.509 Y22.181 E811.99419
G1 X101.009 Y22.181 E812.01771
G1 X101.009 Y66.681 E812.71527
G0 F10500 X100.759 Y66.681
G1 F600 E811.71527
G0 F10500 X100.439 Y66.111
G0 X100.489 Y66.111
G0 X101.924 Y66.111
G0 X104.494 Y66.111
G0 X105.929 Y66.111
G0 X106.339 Y66.111
G0 X106.409 Y66.181
;TYPE:WALL-INNER
G1 F600 E812.71527
G1 F3600 X105.909 Y66.181 E812.7231
G1 X105.909 Y22.681 E813.40499
G1 X106.409 Y22.681 E813.41282
G1 X106.409 Y66.181 E814.09471
G0 F10500 X106.909 Y66.681
;TYPE:WALL-OUTER
G1 F2700 X105.409 Y66.681 E814.11822
G1 X105.409 Y22.181 E814.81578
G1 X106.909 Y22.181 E814.83929
G1 X106.909 Y66.681 E815.53685
G0 F10500 X106.659 Y66.681
G1 F600 E814.53685
G0 F10500 X106.339 Y66.111
G0 X106.389 Y66.111
G0 X107.824 Y66.111
G0 X110.494 Y66.111
G0 X111.929 Y66.111
G0 X112.339 Y66.111
G0 X112.409 Y66.181
;TYPE:WALL-INNER
G1 F600 E815.53685
G1 F3600 X111.909 Y66.181 E815.54469
G1 X111.909 Y22.681 E816.22657
G1 X112.409 Y22.681 E816.23441
G1 X112.409 Y66.181 E816.91629
G0 F10500 X112.909 Y66.681
;TYPE:WALL-OUTER
G1 F2700 X111.409 Y66.681 E816.9398
G1 X111.409 Y22.181 E817.63736
G1 X112.909 Y22.181 E817.66087
G1 X112.909 Y66.681 E818.35843
G0 F10500 X112.659 Y66.681
G1 F600 E817.35843
G0 F10500 X112.339 Y66.111
G0 X112.389 Y66.111
G0 X113.824 Y66.111
G0 X116.394 Y66.111
G0 X117.829 Y66.111
G0 X118.239 Y66.111
G0 X118.309 Y66.181
;TYPE:WALL-INNER
G1 F600 E818.35843
G1 F3600 X117.809 Y66.181 E818.36627
G1 X117.809 Y22.681 E819.04815
G1 X118.309 Y22.681 E819.05599
G1 X118.309 Y66.181 E819.73787
G0 F10500 X118.809 Y66.681
;TYPE:WALL-OUTER
G1 F2700 X117.309 Y66.681 E819.76139
G1 X117.309 Y22.181 E820.45895
G1 X118.809 Y22.181 E820.48246
G1 X118.809 Y66.681 E821.18002
G0 F10500 X118.559 Y66.681
G1 F600 E820.18002
G0 F10500 X118.239 Y66.111
G0 X118.289 Y66.111
G0 X119.724 Y66.111
G0 X122.394 Y66.111
G0 X123.829 Y66.111
G0 X124.239 Y66.111
G0 X124.309 Y66.181
;TYPE:WALL-INNER
G1 F600 E821.18002
G1 F3600 X123.809 Y66.181 E821.18785
G1 X123.809 Y22.681 E821.86974
G1 X124.309 Y22.681 E821.87757
G1 X124.309 Y66.181 E822.55946
G0 F10500 X124.809 Y66.681
;TYPE:WALL-OUTER
G1 F2700 X123.309 Y66.681 E822.58297
G1 X123.309 Y22.181 E823.28053
G1 X124.809 Y22.181 E823.30404
G1 X124.809 Y66.681 E824.0016
G0 F10500 X124.559 Y66.681
G1 F600 E823.0016
G0 F10500 X124.239 Y66.111
G0 X124.289 Y66.111
G0 X125.724 Y66.111
G0 X128.294 Y66.111
G0 X129.729 Y66.111
G0 X130.139 Y66.111
G0 X130.209 Y66.181
;TYPE:WALL-INNER
G1 F600 E824.0016
G1 F3600 X129.709 Y66.181 E824.00944
G1 X129.709 Y22.681 E824.69132
G1 X130.209 Y22.681 E824.69916
G1 X130.209 Y66.181 E825.38104
G0 F10500 X130.709 Y66.681
;TYPE:WALL-OUTER
G1 F2700 X129.209 Y66.681 E825.40455
G1 X129.209 Y22.181 E826.10211
G1 X130.709 Y22.181 E826.12563
G1 X130.709 Y66.681 E826.82318
G0 F10500 X130.459 Y66.681
G1 F600 E825.82318
G0 F10500 X130.139 Y66.111
G0 X130.189 Y66.111
G0 X131.624 Y66.111
G0 X134.294 Y66.111
G0 X135.729 Y66.111
G0 X136.139 Y66.111
G0 X136.209 Y66.181
;TYPE:WALL-INNER
G1 F600 E826.82318
G1 F3600 X135.709 Y66.181 E826.83102
G1 X135.709 Y22.681 E827.5129
G1 X136.209 Y22.681 E827.52074
G1 X136.209 Y66.181 E828.20262
G0 F10500 X136.709 Y66.681
;TYPE:WALL-OUTER
G1 F2700 X135.209 Y66.681 E828.22614
G1 X135.209 Y22.181 E828.9237
G1 X136.709 Y22.181 E828.94721
G1 X136.709 Y66.681 E829.64477
G0 F10500 X136.459 Y66.681
G1 F600 E828.64477
G0 F10500 X136.139 Y66.111
G0 X136.189 Y66.111
G0 X137.624 Y66.111
G0 X140.194 Y66.111
G0 X141.629 Y66.111
G0 X142.039 Y66.111
G0 X142.109 Y66.181
;TYPE:WALL-INNER
G1 F600 E829.64477
G1 F3600 X141.609 Y66.181 E829.6526
G1 X141.609 Y22.681 E830.33449
G1 X142.109 Y22.681 E830.34233
G1 X142.109 Y66.181 E831.02421
G0 F10500 X142.609 Y66.681
;TYPE:WALL-OUTER
G1 F2700 X141.109 Y66.681 E831.04772
G1 X141.109 Y22.181 E831.74528
G1 X142.609 Y22.181 E831.76879
G1 X142.609 Y66.681 E832.46635
G0 F10500 X142.359 Y66.681
G1 F600 E831.46635
G0 F10500 X142.039 Y66.111
G0 X142.089 Y66.111
G0 X143.524 Y66.111
G0 X146.194 Y66.111
G0 X147.629 Y66.111
G0 X148.039 Y66.111
G0 X148.109 Y66.181
;TYPE:WALL-INNER
G1 F600 E832.46635
G1 F3600 X147.609 Y66.181 E832.47419
G1 X147.609 Y22.681 E833.15607
G1 X148.109 Y22.681 E833.16391
G1 X148.109 Y66.181 E833.84579
G0 F10500 X148.609 Y66.681
;TYPE:WALL-OUTER
G1 F2700 X147.109 Y66.681 E833.8693
G1 X147.109 Y22.181 E834.56686
G1 X148.609 Y22.181 E834.59038
G1 X148.609 Y66.681 E835.28793
G0 F10500 X148.359 Y66.681
G1 F600 E834.28793
G0 F10500 X148.039 Y66.111
G0 X148.089 Y66.111
G0 X149.524 Y66.111
G0 X152.094 Y66.111
G0 X153.529 Y66.111
G0 X153.939 Y66.111
G0 X154.009 Y66.181
;TYPE:WALL-INNER
G1 F600 E835.28793
G1 F3600 X153.509 Y66.181 E835.29577
G1 X153.509 Y22.681 E835.97765
G1 X154.009 Y22.681 E835.98549
G1 X154.009 Y66.181 E836.66737
G0 F10500 X154.509 Y66.681
;TYPE:WALL-OUTER
G1 F2700 X153.009 Y66.681 E836.69089
G1 X153.009 Y22.181 E837.38845
G1 X154.509 Y22.181 E837.41196
G1 X154.509 Y66.681 E838.10952
G0 F10500 X154.259 Y66.681
G1 F600 E837.10952
G0 F10500 X153.939 Y66.111
G0 X153.989 Y66.111
G0 X155.424 Y66.111
G0 X158.094 Y66.111
G0 X159.529 Y66.111
G0 X159.939 Y66.111
G0 X160.009 Y66.181
;TYPE:WALL-INNER
G1 F600 E838.10952
G1 F3600 X159.509 Y66.181 E838.11736
G1 X159.509 Y22.681 E838.79924
G1 X160.009 Y22.681 E838.80708
G1 X160.009 Y66.181 E839.48896
G0 F10500 X160.509 Y66.681
;TYPE:WALL-OUTER
G1 F2700 X159.009 Y66.681 E839.51247
G1 X159.009 Y22.181 E840.21003
G1 X160.509 Y22.181 E840.23354
G1 X160.509 Y66.681 E840.9311
G0 F10500 X160.259 Y66.681
G1 F600 E839.9311
G0 F10500 X159.939 Y66.111
G0 X159.989 Y66.111
G0 X161.424 Y66.111
G0 X163.994 Y66.111
G0 X165.429 Y66.111
G0 X165.839 Y66.111
G0 X165.909 Y66.181
;TYPE:WALL-INNER
G1 F600 E840.9311
G1 F3600 X165.409 Y66.181 E840.93894
G1 X165.409 Y22.681 E841.62082
G1 X165.909 Y22.681 E841.62866
G1 X165.909 Y66.181 E842.31054
G0 F10500 X166.409 Y66.681
;TYPE:WALL-OUTER
G1 F2700 X164.909 Y66.681 E842.33405
G1 X164.909 Y22.181 E843.03161
G1 X166.409 Y22.181 E843.05513
G1 X166.409 Y66.681 E843.75268
G0 F10500 X166.159 Y66.681
G1 F600 E842.75268
G0 F10500 X165.839 Y66.111
G0 X165.889 Y66.111
G0 X167.324 Y66.111
G0 X169.994 Y66.111
G0 X171.429 Y66.111
G0 X171.839 Y66.111
G0 X171.909 Y66.181
;TYPE:WALL-INNER
G1 F600 E843.75268
G1 F3600 X171.409 Y66.181 E843.76052
G1 X171.409 Y22.681 E844.4424
G1 X171.909 Y22.681 E844.45024
G1 X171.909 Y66.181 E845.13213
G0 F10500 X172.409 Y66.681
;TYPE:WALL-OUTER
G1 F2700 X170.909 Y66.681 E845.15564
G1 X170.909 Y22.181 E845.8532
G1 X172.409 Y22.181 E845.87671
G1 X172.409 Y66.681 E846.57427
G0 F10500 X172.159 Y66.681
G1 F600 E845.57427
G0 F10500 X171.839 Y66.111
G0 X171.889 Y66.111
G0 X173.324 Y66.111
G0 X175.894 Y66.111
G0 X177.329 Y66.111
G0 X177.739 Y66.111
G0 X177.809 Y66.181
;TYPE:WALL-INNER
G1 F600 E846.57427
G1 F3600 X177.309 Y66.181 E846.58211
G1 X177.309 Y22.681 E847.26399
G1 X177.809 Y22.681 E847.27183
G1 X177.809 Y66.181 E847.95371
G0 F10500 X178.309 Y66.681
;TYPE:WALL-OUTER
G1 F2700 X176.809 Y66.681 E847.97722
G1 X176.809 Y22.181 E848.67478
G1 X178.309 Y22.181 E848.69829
G1 X178.309 Y66.681 E849.39585
G0 F10500 X178.059 Y66.681
G1 F600 E848.39585
G0 F10500 X177.739 Y66.111
G0 X177.789 Y66.111
G0 X179.224 Y66.111
G0 X181.894 Y66.111
G0 X183.329 Y66.111
G0 X183.739 Y66.111
G0 X183.809 Y66.181
;TYPE:WALL-INNER
G1 F600 E849.39585
G1 F3600 X183.309 Y66.181 E849.40369
G1 X183.309 Y22.681 E850.08557
G1 X183.809 Y22.681 E850.09341
G1 X183.809 Y66.181 E850.77529
G0 F10500 X184.309 Y66.681
;TYPE:WALL-OUTER
G1 F2700 X182.809 Y66.681 E850.79881
G1 X182.809 Y22.181 E851.49636
G1 X184.309 Y22.181 E851.51988
G1 X184.309 Y66.681 E852.21743
G0 F10500 X184.059 Y66.681
G1 F600 E851.21743
G0 F10500 X183.739 Y66.111
G0 X183.789 Y66.111
G0 X185.224 Y66.111
G0 X187.794 Y66.111
G0 X189.229 Y66.111
G0 X189.639 Y66.111
G0 X189.709 Y66.181
;TYPE:WALL-INNER
G1 F600 E852.21743
G1 F3600 X189.209 Y66.181 E852.22527
G1 X189.209 Y22.681 E852.90716
G1 X189.709 Y22.681 E852.91499
G1 X189.709 Y66.181 E853.59688
G0 F10500 X190.209 Y66.681
;TYPE:WALL-OUTER
G1 F2700 X188.709 Y66.681 E853.62039
G1 X188.709 Y22.181 E854.31795
G1 X190.209 Y22.181 E854.34146
G1 X190.209 Y66.681 E855.03902
G0 F10500 X189.959 Y66.681
G1 F600 E854.03902
;MESH:NONMESH
G0 F10500 X189.639 Y66.111
G0 X189.229 Y66.111
G0 X187.794 Y66.111
G0 X184.687 Y67.592
G0 X105.031 Y67.592
G0 X101.924 Y66.111
G0 X100.489 Y66.111
G0 X100.439 Y66.111
G0 X100.509 Y66.181
;TIME_ELAPSED:4790.753042
;LAYER:28
;MESH:
G0 X100.509 Y66.181 Z5.8
;TYPE:WALL-INNER
G1 F600 E855.03902
G1 F3600 X100.009 Y66.181 E855.04686
G1 X100.009 Y22.681 E855.72874
G1 X100.509 Y22.681 E855.73658
G1 X100.509 Y66.181 E856.41846
G0 F10500 X101.009 Y66.681
;TYPE:WALL-OUTER
G1 F2700 X99.509 Y66.681 E856.44197
G1 X99.509 Y22.181 E857.13953
G1 X101.009 Y22.181 E857.16304
G1 X101.009 Y66.681 E857.8606
G0 F10500 X100.759 Y66.681
G1 F600 E856.8606
G0 F10500 X100.439 Y66.111
G0 X100.489 Y66.111
G0 X101.924 Y66.111
G0 X104.494 Y66.111
G0 X105.929 Y66.111
G0 X106.339 Y66.111
G0 X106.409 Y66.181
;TYPE:WALL-INNER
G1 F600 E857.8606
G1 F3600 X105.909 Y66.181 E857.86844
G1 X105.909 Y22.681 E858.55032
G1 X106.409 Y22.681 E858.55816
G1 X106.409 Y66.181 E859.24004
G0 F10500 X106.909 Y66.681
;TYPE:WALL-OUTER
G1 F2700 X105.409 Y66.681 E859.26356
G1 X105.409 Y22.181 E859.96111
G1 X106.909 Y22.181 E859.98463
G1 X106.909 Y66.681 E860.68219
G0 F10500 X106.659 Y66.681
G1 F600 E859.68219
G0 F10500 X106.339 Y66.111
G0 X106.389 Y66.111
G0 X107.824 Y66.111
G0 X110.494 Y66.111
G0 X111.929 Y66.111
G0 X112.339 Y66.111
G0 X112.409 Y66.181
;TYPE:WALL-INNER
G1 F600 E860.68219
G1 F3600 X111.909 Y66.181 E860.69002
G1 X111.909 Y22.681 E861.37191
G1 X112.409 Y22.681 E861.37974
G1 X112.409 Y66.181 E862.06163
G0 F10500 X112.909 Y66.681
;TYPE:WALL-OUTER
G1 F2700 X111.409 Y66.681 E862.08514
G1 X111.409 Y22.181 E862.7827
G1 X112.909 Y22.181 E862.80621
G1 X112.909 Y66.681 E863.50377
G0 F10500 X112.659 Y66.681
G1 F600 E862.50377
G0 F10500 X112.339 Y66.111
G0 X112.389 Y66.111
G0 X113.824 Y66.111
G0 X116.394 Y66.111
G0 X117.829 Y66.111
G0 X118.239 Y66.111
G0 X118.309 Y66.181
;TYPE:WALL-INNER
G1 F600 E863.50377
G1 F3600 X117.809 Y66.181 E863.51161
G1 X117.809 Y22.681 E864.19349
G1 X118.309 Y22.681 E864.20133
G1 X118.309 Y66.181 E864.88321
G0 F10500 X118.809 Y66.681
;TYPE:WALL-OUTER
G1 F2700 X117.309 Y66.681 E864.90672
G1 X117.309 Y22.181 E865.60428
G1 X118.809 Y22.181 E865.62779
G1 X118.809 Y66.681 E866.32535
G0 F10500 X118.559 Y66.681
G1 F600 E865.32535
G0 F10500 X118.239 Y66.111
G0 X118.289 Y66.111
G0 X119.724 Y66.111
G0 X122.394 Y66.111
G0 X123.829 Y66.111
G0 X124.239 Y66.111
G0 X124.309 Y66.181
;TYPE:WALL-INNER
G1 F600 E866.32535
G1 F3600 X123.809 Y66.181 E866.33319
G1 X123.809 Y22.681 E867.01507
G1 X124.309 Y22.681 E867.02291
G1 X124.309 Y66.181 E867.70479
G0 F10500 X124.809 Y66.681
;TYPE:WALL-OUTER
G1 F2700 X123.309 Y66.681 E867.72831
G1 X123.309 Y22.181 E868.42586
G1 X124.809 Y22.181 E868.44938
G1 X124.809 Y66.681 E869.14694
G0 F10500 X124.559 Y66.681
G1 F600 E868.14694
G0 F10500 X124.239 Y66.111
G0 X124.289 Y66.111
G0 X125.724 Y66.111
G0 X128.294 Y66.111
G0 X129.729 Y66.111
G0 X130.139 Y66.111
G0 X130.209 Y66.181
;TYPE:WALL-INNER
G1 F600 E869.14694
G1 F3600 X129.709 Y66.181 E869.15477
G1 X129.709 Y22.681 E869.83666
G1 X130.209 Y22.681 E869.84449
G1 X130.209 Y66.181 E870.52638
G0 F10500 X130.709 Y66.681
;TYPE:WALL-OUTER
G1 F2700 X129.209 Y66.681 E870.54989
G1 X129.209 Y22.181 E871.24745
G1 X130.709 Y22.181 E871.27096
G1 X130.709 Y66.681 E871.96852
G0 F10500 X130.459 Y66.681
G1 F600 E870.96852
G0 F10500 X130.139 Y66.111
G0 X130.189 Y66.111
G0 X131.624 Y66.111
G0 X134.294 Y66.111
G0 X135.729 Y66.111
G0 X136.139 Y66.111
G0 X136.209 Y66.181
;TYPE:WALL-INNER
G1 F600 E871.96852
G1 F3600 X135.709 Y66.181 E871.97636
G1 X135.709 Y22.681 E872.65824
G1 X136.209 Y22.681 E872.66608
G1 X136.209 Y66.181 E873.34796
G0 F10500 X136.709 Y66.681
;TYPE:WALL-OUTER
G1 F2700 X135.209 Y66.681 E873.37147
G1 X135.209 Y22.181 E874.06903
G1 X136.709 Y22.181 E874.09254
G1 X136.709 Y66.681 E874.7901
G0 F10500 X136.459 Y66.681
G1 F600 E873.7901
G0 F10500 X136.139 Y66.111
G0 X136.189 Y66.111
G0 X137.624 Y66.111
G0 X140.194 Y66.111
G0 X141.629 Y66.111
G0 X142.039 Y66.111
G0 X142.109 Y66.181
;TYPE:WALL-INNER
G1 F600 E874.7901
G1 F3600 X141.609 Y66.181 E874.79794
G1 X141.609 Y22.681 E875.47982
G1 X142.109 Y22.681 E875.48766
G1 X142.109 Y66.181 E876.16954
G0 F10500 X142.609 Y66.681
;TYPE:WALL-OUTER
G1 F2700 X141.109 Y66.681 E876.19306
G1 X141.109 Y22.181 E876.89061
G1 X142.609 Y22.181 E876.91413
G1 X142.609 Y66.681 E877.61169
G0 F10500 X142.359 Y66.681
G1 F600 E876.61169
G0 F10500 X142.039 Y66.111
G0 X142.089 Y66.111
G0 X143.524 Y66.111
G0 X146.194 Y66.111
G0 X147.629 Y66.111
G0 X148.039 Y66.111
G0 X148.109 Y66.181
;TYPE:WALL-INNER
G1 F600 E877.61169
G1 F3600 X147.609 Y66.181 E877.61952
G1 X147.609 Y22.681 E878.30141
G1 X148.109 Y22.681 E878.30924
G1 X148.109 Y66.181 E878.99113
G0 F10500 X148.609 Y66.681
;TYPE:WALL-OUTER
G1 F2700 X147.109 Y66.681 E879.01464
G1 X147.109 Y22.181 E879.7122
G1 X148.609 Y22.181 E879.73571
G1 X148.609 Y66.681 E880.43327
G0 F10500 X148.359 Y66.681
G1 F600 E879.43327
G0 F10500 X148.039 Y66.111
G0 X148.089 Y66.111
G0 X149.524 Y66.111
G0 X152.094 Y66.111
G0 X153.529 Y66.111
G0 X153.939 Y66.111
G0 X154.009 Y66.181
;TYPE:WALL-INNER
G1 F600 E880.43327
G1 F3600 X153.509 Y66.181 E880.44111
G1 X153.509 Y22.681 E881.12299
G1 X154.009 Y22.681 E881.13083
G1 X154.009 Y66.181 E881.81271
G0 F10500 X154.509 Y66.681
;TYPE:WALL-OUTER
G1 F2700 X153.009 Y66.681 E881.83622
G1 X153.009 Y22.181 E882.53378
G1 X154.509 Y22.181 E882.55729
G1 X154.509 Y66.681 E883.25485
G0 F10500 X154.259 Y66.681
G1 F600 E882.25485
G0 F10500 X153.939 Y66.111
G0 X153.989 Y66.111
G0 X155.424 Y66.111
G0 X158.094 Y66.111
G0 X159.529 Y66.111
G0 X159.939 Y66.111
G0 X160.009 Y66.181
;TYPE:WALL-INNER
G1 F600 E883.25485
G1 F3600 X159.509 Y66.181 E883.26269
G1 X159.509 Y22.681 E883.94457
G1 X160.009 Y22.681 E883.95241
G1 X160.009 Y66.181 E884.63429
G0 F10500 X160.509 Y66.681
;TYPE:WALL-OUTER
G1 F2700 X159.009 Y66.681 E884.65781
G1 X159.009 Y22.181 E885.35537
G1 X160.509 Y22.181 E885.37888
G1 X160.509 Y66.681 E886.07644
G0 F10500 X160.259 Y66.681
G1 F600 E885.07644
G0 F10500 X159.939 Y66.111
G0 X159.989 Y66.111
G0 X161.424 Y66.111
G0 X163.994 Y66.111
G0 X165.429 Y66.111
G0 X165.839 Y66.111
G0 X165.909 Y66.181
;TYPE:WALL-INNER
G1 F600 E886.07644
G1 F3600 X165.409 Y66.181 E886.08427
G1 X165.409 Y22.681 E886.76616
G1 X165.909 Y22.681 E886.77399
G1 X165.909 Y66.181 E887.45588
G0 F10500 X166.409 Y66.681
;TYPE:WALL-OUTER
G1 F2700 X164.909 Y66.681 E887.47939
G1 X164.909 Y22.181 E888.17695
G1 X166.409 Y22.181 E888.20046
G1 X166.409 Y66.681 E888.89802
G0 F10500 X166.159 Y66.681
G1 F600 E887.89802
G0 F10500 X165.839 Y66.111
G0 X165.889 Y66.111
G0 X167.324 Y66.111
G0 X169.994 Y66.111
G0 X171.429 Y66.111
G0 X171.839 Y66.111
G0 X171.909 Y66.181
;TYPE:WALL-INNER
G1 F600 E888.89802
G1 F3600 X171.409 Y66.181 E888.90586
G1 X171.409 Y22.681 E889.58774
G1 X171.909 Y22.681 E889.59558
G1 X171.909 Y66.181 E890.27746
G0 F10500 X172.409 Y66.681
;TYPE:WALL-OUTER
G1 F2700 X170.909 Y66.681 E890.30097
G1 X170.909 Y22.181 E890.99853
G1 X172.409 Y22.181 E891.02205
G1 X172.409 Y66.681 E891.7196
G0 F10500 X172.159 Y66.681
G1 F600 E890.7196
G0 F10500 X171.839 Y66.111
G0 X171.889 Y66.111
G0 X173.324 Y66.111
G0 X175.894 Y66.111
G0 X177.329 Y66.111
G0 X177.739 Y66.111
G0 X177.809 Y66.181
;TYPE:WALL-INNER
G1 F600 E891.7196
G1 F3600 X177.309 Y66.181 E891.72744
G1 X177.309 Y22.681 E892.40932
G1 X177.809 Y22.681 E892.41716
G1 X177.809 Y66.181 E893.09904
G0 F10500 X178.309 Y66.681
;TYPE:WALL-OUTER
G1 F2700 X176.809 Y66.681 E893.12256
G1 X176.809 Y22.181 E893.82012
G1 X178.309 Y22.181 E893.84363
G1 X178.309 Y66.681 E894.54119
G0 F10500 X178.059 Y66.681
G1 F600 E893.54119
G0 F10500 X177.739 Y66.111
G0 X177.789 Y66.111
G0 X179.224 Y66.111
G0 X181.894 Y66.111
G0 X183.329 Y66.111
G0 X183.739 Y66.111
G0 X183.809 Y66.181
;TYPE:WALL-INNER
G1 F600 E894.54119
G1 F3600 X183.309 Y66.181 E894.54902
G1 X183.309 Y22.681 E895.23091
G1 X183.809 Y22.681 E895.23875
G1 X183.809 Y66.181 E895.92063
G0 F10500 X184.309 Y66.681
;TYPE:WALL-OUTER
G1 F2700 X182.809 Y66.681 E895.94414
G1 X182.809 Y22.181 E896.6417
G1 X184.309 Y22.181 E896.66521
G1 X184.309 Y66.681 E897.36277
G0 F10500 X184.059 Y66.681
G1 F600 E896.36277
G0 F10500 X183.739 Y66.111
G0 X183.789 Y66.111
G0 X185.224 Y66.111
G0 X187.794 Y66.111
G0 X189.229 Y66.111
G0 X189.639 Y66.111
G0 X189.709 Y66.181
;TYPE:WALL-INNER
G1 F600 E897.36277
G1 F3600 X189.209 Y66.181 E897.37061
G1 X189.209 Y22.681 E898.05249
G1 X189.709 Y22.681 E898.06033
G1 X189.709 Y66.181 E898.74221
G0 F10500 X190.209 Y66.681
;TYPE:WALL-OUTER
G1 F2700 X188.709 Y66.681 E898.76572
G1 X188.709 Y22.181 E899.46328
G1 X190.209 Y22.181 E899.4868
G1 X190.209 Y66.681 E900.18435
G0 F10500 X189.959 Y66.681
G1 F600 E899.18435
;MESH:NONMESH
G0 F10500 X189.639 Y66.111
G0 X189.229 Y66.111
G0 X187.794 Y66.111
G0 X184.687 Y67.592
G0 X105.031 Y67.592
G0 X101.924 Y66.111
G0 X100.489 Y66.111
G0 X100.439 Y66.111
G0 X100.509 Y66.181
;TIME_ELAPSED:4860.467733
;LAYER:29
;MESH:
G0 X100.509 Y66.181 Z6
;TYPE:WALL-INNER
G1 F600 E900.18435
G1 F3600 X100.009 Y66.181 E900.19219
G1 X100.009 Y22.681 E900.87407
G1 X100.509 Y22.681 E900.88191
G1 X100.509 Y66.181 E901.56379
G0 F10500 X101.009 Y66.681
;TYPE:WALL-OUTER
G1 F2700 X99.509 Y66.681 E901.58731
G1 X99.509 Y22.181 E902.28487
G1 X101.009 Y22.181 E902.30838
G1 X101.009 Y66.681 E903.00594
G0 F10500 X100.759 Y66.681
G1 F600 E902.00594
G0 F10500 X100.439 Y66.111
G0 X100.489 Y66.111
G0 X101.924 Y66.111
G0 X104.494 Y66.111
G0 X105.929 Y66.111
G0 X106.339 Y66.111
G0 X106.409 Y66.181
;TYPE:WALL-INNER
G1 F600 E903.00594
G1 F3600 X105.909 Y66.181 E903.01378
G1 X105.909 Y22.681 E903.69566
G1 X106.409 Y22.681 E903.7035
G1 X106.409 Y66.181 E904.38538
G0 F10500 X106.909 Y66.681
;TYPE:WALL-OUTER
G1 F2700 X105.409 Y66.681 E904.40889
G1 X105.409 Y22.181 E905.10645
G1 X106.909 Y22.181 E905.12996
G1 X106.909 Y66.681 E905.82752
G0 F10500 X106.659 Y66.681
G1 F600 E904.82752
G0 F10500 X106.339 Y66.111
G0 X106.389 Y66.111
G0 X107.824 Y66.111
G0 X110.494 Y66.111
G0 X111.929 Y66.111
G0 X112.339 Y66.111
G0 X112.409 Y66.181
;TYPE:WALL-INNER
G1 F600 E905.82752
G1 F3600 X111.909 Y66.181 E905.83536
G1 X111.909 Y22.681 E906.51724
G1 X112.409 Y22.681 E906.52508
G1 X112.409 Y66.181 E907.20696
G0 F10500 X112.909 Y66.681
;TYPE:WALL-OUTER
G1 F2700 X111.409 Y66.681 E907.23047
G1 X111.409 Y22.181 E907.92803
G1 X112.909 Y22.181 E907.95155
G1 X112.909 Y66.681 E908.6491
G0 F10500 X112.659 Y66.681
G1 F600 E907.6491
G0 F10500 X112.339 Y66.111
G0 X112.389 Y66.111
G0 X113.824 Y66.111
G0 X116.394 Y66.111
G0 X117.829 Y66.111
G0 X118.239 Y66.111
G0 X118.309 Y66.181
;TYPE:WALL-INNER
G1 F600 E908.6491
G1 F3600 X117.809 Y66.181 E908.65694
G1 X117.809 Y22.681 E909.33882
G1 X118.309 Y22.681 E909.34666
G1 X118.309 Y66.181 E910.02855
G0 F10500 X118.809 Y66.681
;TYPE:WALL-OUTER
G1 F2700 X117.309 Y66.681 E910.05206
G1 X117.309 Y22.181 E910.74962
G1 X118.809 Y22.181 E910.77313
G1 X118.809 Y66.681 E911.47069
G0 F10500 X118.559 Y66.681
G1 F600 E910.47069
G0 F10500 X118.239 Y66.111
G0 X118.289 Y66.111
G0 X119.724 Y66.111
G0 X122.394 Y66.111
G0 X123.829 Y66.111
G0 X124.239 Y66.111
G0 X124.309 Y66.181
;TYPE:WALL-INNER
G1 F600 E911.47069
G1 F3600 X123.809 Y66.181 E911.47853
G1 X123.809 Y22.681 E912.16041
G1 X124.309 Y22.681 E912.16825
G1 X124.309 Y66.181 E912.85013
G0 F10500 X124.809 Y66.681
;TYPE:WALL-OUTER
G1 F2700 X123.309 Y66.681 E912.87364
G1 X123.309 Y22.181 E913.5712
G1 X124.809 Y22.181 E913.59471
G1 X124.809 Y66.681 E914.29227
G0 F10500 X124.559 Y66.681
G1 F600 E913.29227
G0 F10500 X124.239 Y66.111
G0 X124.289 Y66.111
G0 X125.724 Y66.111
G0 X128.294 Y66.111
G0 X129.729 Y66.111
G0 X130.139 Y66.111
G0 X130.209 Y66.181
;TYPE:WALL-INNER
G1 F600 E914.29227
G1 F3600 X129.709 Y66.181 E914.30011
G1 X129.709 Y22.681 E914.98199
G1 X130.209 Y22.681 E914.98983
G1 X130.209 Y66.181 E915.67171
G0 F10500 X130.709 Y66.681
;TYPE:WALL-OUTER
G1 F2700 X129.209 Y66.681 E915.69523
G1 X129.209 Y22.181 E916.39278
G1 X130.709 Y22.181 E916.4163
G1 X130.709 Y66.681 E917.11385
G0 F10500 X130.459 Y66.681
G1 F600 E916.11385
G0 F10500 X130.139 Y66.111
G0 X130.189 Y66.111
G0 X131.624 Y66.111
G0 X134.294 Y66.111
G0 X135.729 Y66.111
G0 X136.139 Y66.111
G0 X136.209 Y66.181
;TYPE:WALL-INNER
G1 F600 E917.11385
G1 F3600 X135.709 Y66.181 E917.12169
G1 X135.709 Y22.681 E917.80358
G1 X136.209 Y22.681 E917.81141
G1 X136.209 Y66.181 E918.4933
G0 F10500 X136.709 Y66.681
;TYPE:WALL-OUTER
G1 F2700 X135.209 Y66.681 E918.51681
G1 X135.209 Y22.181 E919.21437
G1 X136.709 Y22.181 E919.23788
G1 X136.709 Y66.681 E919.93544
G0 F10500 X136.459 Y66.681
G1 F600 E918.93544
G0 F10500 X136.139 Y66.111
G0 X136.189 Y66.111
G0 X137.624 Y66.111
G0 X140.194 Y66.111
G0 X141.629 Y66.111
G0 X142.039 Y66.111
G0 X142.109 Y66.181
;TYPE:WALL-INNER
G1 F600 E919.93544
G1 F3600 X141.609 Y66.181 E919.94328
G1 X141.609 Y22.681 E920.62516
G1 X142.109 Y22.681 E920.633
G1 X142.109 Y66.181 E921.31488
G0 F10500 X142.609 Y66.681
;TYPE:WALL-OUTER
G1 F2700 X141.109 Y66.681 E921.33839
G1 X141.109 Y22.181 E922.03595
G1 X142.609 Y22.181 E922.05946
G1 X142.609 Y66.681 E922.75702
G0 F10500 X142.359 Y66.681
G1 F600 E921.75702
G0 F10500 X142.039 Y66.111
G0 X142.089 Y66.111
G0 X143.524 Y66.111
G0 X146.194 Y66.111
G0 X147.629 Y66.111
G0 X148.039 Y66.111
G0 X148.109 Y66.181
;TYPE:WALL-INNER
G1 F600 E922.75702
G1 F3600 X147.609 Y66.181 E922.76486
G1 X147.609 Y22.681 E923.44674
G1 X148.109 Y22.681 E923.45458
G1 X148.109 Y66.181 E924.13646
G0 F10500 X148.609 Y66.681
;TYPE:WALL-OUTER
G1 F2700 X147.109 Y66.681 E924.15998
G1 X147.109 Y22.181 E924.85753
G1 X148.609 Y22.181 E924.88105
G1 X148.609 Y66.681 E925.57861
G0 F10500 X148.359 Y66.681
G1 F600 E924.57861
G0 F10500 X148.039 Y66.111
G0 X148.089 Y66.111
G0 X149.524 Y66.111
G0 X152.094 Y66.111
G0 X153.529 Y66.111
G0 X153.939 Y66.111
G0 X154.009 Y66.181
;TYPE:WALL-INNER
G1 F600 E925.57861
G1 F3600 X153.509 Y66.181 E925.58644
G1 X153.509 Y22.681 E926.26833
G1 X154.009 Y22.681 E926.27616
G1 X154.009 Y66.181 E926.95805
G0 F10500 X154.509 Y66.681
;TYPE:WALL-OUTER
G1 F2700 X153.009 Y66.681 E926.98156
G1 X153.009 Y22.181 E927.67912
G1 X154.509 Y22.181 E927.70263
G1 X154.509 Y66.681 E928.40019
G0 F10500 X154.259 Y66.681
G1 F600 E927.40019
G0 F10500 X153.939 Y66.111
G0 X153.989 Y66.111
G0 X155.424 Y66.111
G0 X158.094 Y66.111
G0 X159.529 Y66.111
G0 X159.939 Y66.111
G0 X160.009 Y66.181
;TYPE:WALL-INNER
G1 F600 E928.40019
G1 F3600 X159.509 Y66.181 E928.40803
G1 X159.509 Y22.681 E929.08991
G1 X160.009 Y22.681 E929.09775
G1 X160.009 Y66.181 E929.77963
G0 F10500 X160.509 Y66.681
;TYPE:WALL-OUTER
G1 F2700 X159.009 Y66.681 E929.80314
G1 X159.009 Y22.181 E930.5007
G1 X160.509 Y22.181 E930.52421
G1 X160.509 Y66.681 E931.22177
G0 F10500 X160.259 Y66.681
G1 F600 E930.22177
G0 F10500 X159.939 Y66.111
G0 X159.989 Y66.111
G0 X161.424 Y66.111
G0 X163.994 Y66.111
G0 X165.429 Y66.111
G0 X165.839 Y66.111
G0 X165.909 Y66.181
;TYPE:WALL-INNER
G1 F600 E931.22177
G1 F3600 X165.409 Y66.181 E931.22961
G1 X165.409 Y22.681 E931.91149
G1 X165.909 Y22.681 E931.91933
G1 X165.909 Y66.181 E932.60121
G0 F10500 X166.409 Y66.681
;TYPE:WALL-OUTER
G1 F2700 X164.909 Y66.681 E932.62473
G1 X164.909 Y22.181 E933.32228
G1 X166.409 Y22.181 E933.3458
G1 X166.409 Y66.681 E934.04336
G0 F10500 X166.159 Y66.681
G1 F600 E933.04336
G0 F10500 X165.839 Y66.111
G0 X165.889 Y66.111
G0 X167.324 Y66.111
G0 X169.994 Y66.111
G0 X171.429 Y66.111
G0 X171.839 Y66.111
G0 X171.909 Y66.181
;TYPE:WALL-INNER
G1 F600 E934.04336
G1 F3600 X171.409 Y66.181 E934.05119
G1 X171.409 Y22.681 E934.73308
G1 X171.909 Y22.681 E934.74091
G1 X171.909 Y66.181 E935.4228
G0 F10500 X172.409 Y66.681
;TYPE:WALL-OUTER
G1 F2700 X170.909 Y66.681 E935.44631
G1 X170.909 Y22.181 E936.14387
G1 X172.409 Y22.181 E936.16738
G1 X172.409 Y66.681 E936.86494
G0 F10500 X172.159 Y66.681
G1 F600 E935.86494
G0 F10500 X171.839 Y66.111
G0 X171.889 Y66.111
G0 X173.324 Y66.111
G0 X175.894 Y66.111
G0 X177.329 Y66.111
G0 X177.739 Y66.111
G0 X177.809 Y66.181
;TYPE:WALL-INNER
G1 F600 E936.86494
G1 F3600 X177.309 Y66.181 E936.87278
G1 X177.309 Y22.681 E937.55466
G1 X177.809 Y22.681 E937.5625
G1 X177.809 Y66.181 E938.24438
G0 F10500 X178.309 Y66.681
;TYPE:WALL-OUTER
G1 F2700 X176.809 Y66.681 E938.26789
G1 X176.809 Y22.181 E938.96545
G1 X178.309 Y22.181 E938.98896
G1 X178.309 Y66.681 E939.68652
G0 F10500 X178.059 Y66.681
G1 F600 E938.68652
G0 F10500 X177.739 Y66.111
G0 X177.789 Y66.111
G0 X179.224 Y66.111
G0 X181.894 Y66.111
G0 X183.329 Y66.111
G0 X183.739 Y66.111
G0 X183.809 Y66.181
;TYPE:WALL-INNER
G1 F600 E939.68652
G1 F3600 X183.309 Y66.181 E939.69436
G1 X183.309 Y22.681 E940.37624
G1 X183.809 Y22.681 E940.38408
G1 X183.809 Y66.181 E941.06596
G0 F10500 X184.309 Y66.681
;TYPE:WALL-OUTER
G1 F2700 X182.809 Y66.681 E941.08948
G1 X182.809 Y22.181 E941.78703
G1 X184.309 Y22.181 E941.81055
G1 X184.309 Y66.681 E942.50811
G0 F10500 X184.059 Y66.681
G1 F600 E941.50811
G0 F10500 X183.739 Y66.111
G0 X183.789 Y66.111
G0 X185.224 Y66.111
G0 X187.794 Y66.111
G0 X189.229 Y66.111
G0 X189.639 Y66.111
G0 X189.709 Y66.181
;TYPE:WALL-INNER
G1 F600 E942.50811
G1 F3600 X189.209 Y66.181 E942.51594
G1 X189.209 Y22.681 E943.19783
G1 X189.709 Y22.681 E943.20566
G1 X189.709 Y66.181 E943.88755
G0 F10500 X190.209 Y66.681
;TYPE:WALL-OUTER
G1 F2700 X188.709 Y66.681 E943.91106
G1 X188.709 Y22.181 E944.60862
G1 X190.209 Y22.181 E944.63213
G1 X190.209 Y66.681 E945.32969
G0 F10500 X189.959 Y66.681
;TIME_ELAPSED:4929.191512
G1 F600 E944.32969
M140 S0
M107
M400                         ; wait for moves to finish
M104 S0                      ; disable hotend
M140 S0                      ; disable bed heater
M107                         ; disable fans
G91                          ; relative positioning
G1 E-1 F300                  ; filament retraction to release pressure
G1 Z0.5 E-5 X-20 Y-20 F3000  ; lift up and retract even more filament
M77			     ; stop GLCD timer
G90                          ; absolute positioning
G1 X0 Y250                   ; move to cooling position
M84                          ; disable steppers
G90                          ; absolute positioning
M117 Print Complete.                      ; print complete message

M82 ;absolute extrusion mode
M104 S0
;End of Gcode
